location,datetime,pr,obs_CDF,past_CDF,future_CDF,past_pr,future_pr,delta,projected_pr
Milwaukee,2000-01-01 00:00:00,0.0,0.34619647541530363,0.3583954550705775,0.3666255582259426,-0.05749483022965941,-0.10499265938658223,1.0,0.0
Milwaukee,2000-01-01 01:00:00,0.0,0.34619647541530363,0.3583954550705775,0.3666255582259426,-0.05749483022965941,-0.10499265938658223,1.0,0.0
Milwaukee,2000-01-01 02:00:00,0.0,0.34619647541530363,0.3583954550705775,0.3666255582259426,-0.05749483022965941,-0.10499265938658223,1.0,0.0
Milwaukee,2000-01-01 03:00:00,0.0,0.34619647541530363,0.3583954550705775,0.3666255582259426,-0.05749483022965941,-0.10499265938658223,1.0,0.0
Milwaukee,2000-01-01 04:00:00,0.0,0.34619647541530363,0.3583954550705775,0.3666255582259426,-0.05749483022965941,-0.10499265938658223,1.0,0.0
Milwaukee,2000-01-01 05:00:00,0.0,0.34619647541530363,0.3583954550705775,0.3666255582259426,-0.05749483022965941,-0.10499265938658223,1.0,0.0
Milwaukee,2000-01-01 06:00:00,0.0,0.34619647541530363,0.3583954550705775,0.3666255582259426,-0.05749483022965941,-0.10499265938658223,1.0,0.0
Milwaukee,2000-01-01 07:00:00,0.0,0.34619647541530363,0.3583954550705775,0.3666255582259426,-0.05749483022965941,-0.10499265938658223,1.0,0.0
Milwaukee,2000-01-01 08:00:00,0.0,0.34619647541530363,0.3583954550705775,0.3666255582259426,-0.05749483022965941,-0.10499265938658223,1.0,0.0
Milwaukee,2000-01-01 09:00:00,0.0,0.34619647541530363,0.3583954550705775,0.3666255582259426,-0.05749483022965941,-0.10499265938658223,1.0,0.0
Milwaukee,2000-01-01 10:00:00,0.0,0.34619647541530363,0.3583954550705775,0.3666255582259426,-0.05749483022965941,-0.10499265938658223,1.0,0.0
Milwaukee,2000-01-01 11:00:00,0.0,0.34619647541530363,0.3583954550705775,0.3666255582259426,-0.05749483022965941,-0.10499265938658223,1.0,0.0
Milwaukee,2000-01-01 12:00:00,0.0,0.34619647541530363,0.3583954550705775,0.3666255582259426,-0.05749483022965941,-0.10499265938658223,1.0,0.0
Milwaukee,2000-01-01 13:00:00,0.0,0.34619647541530363,0.3583954550705775,0.3666255582259426,-0.05749483022965941,-0.10499265938658223,1.0,0.0
Milwaukee,2000-01-01 14:00:00,0.0,0.34619647541530363,0.3583954550705775,0.3666255582259426,-0.05749483022965941,-0.10499265938658223,1.0,0.0
Milwaukee,2000-01-01 15:00:00,0.0,0.34619647541530363,0.3583954550705775,0.3666255582259426,-0.05749483022965941,-0.10499265938658223,1.0,0.0
Milwaukee,2000-01-01 16:00:00,0.0,0.34619647541530363,0.3583954550705775,0.3666255582259426,-0.05749483022965941,-0.10499265938658223,1.0,0.0
Milwaukee,2000-01-01 17:00:00,0.0,0.34619647541530363,0.3583954550705775,0.3666255582259426,-0.05749483022965941,-0.10499265938658223,1.0,0.0
Milwaukee,2000-01-01 18:00:00,0.0,0.34619647541530363,0.3583954550705775,0.3666255582259426,-0.05749483022965941,-0.10499265938658223,1.0,0.0
Milwaukee,2000-01-01 19:00:00,0.0,0.34619647541530363,0.3583954550705775,0.3666255582259426,-0.05749483022965941,-0.10499265938658223,1.0,0.0
Milwaukee,2000-01-01 20:00:00,0.0,0.34619647541530363,0.3583954550705775,0.3666255582259426,-0.05749483022965941,-0.10499265938658223,1.0,0.0
Milwaukee,2000-01-01 21:00:00,0.0,0.34619647541530363,0.3583954550705775,0.3666255582259426,-0.05749483022965941,-0.10499265938658223,1.0,0.0
Milwaukee,2000-01-01 22:00:00,0.0,0.34619647541530363,0.3583954550705775,0.3666255582259426,-0.05749483022965941,-0.10499265938658223,1.0,0.0
Milwaukee,2000-01-01 23:00:00,0.0,0.34619647541530363,0.3583954550705775,0.3666255582259426,-0.05749483022965941,-0.10499265938658223,1.0,0.0
Milwaukee,2000-01-02 00:00:00,0.0,0.34619647541530363,0.3583954550705775,0.3666255582259426,-0.05749483022965941,-0.10499265938658223,1.0,0.0
Milwaukee,2000-01-02 01:00:00,0.0,0.34619647541530363,0.3583954550705775,0.3666255582259426,-0.05749483022965941,-0.10499265938658223,1.0,0.0
Milwaukee,2000-01-02 02:00:00,0.0,0.34619647541530363,0.3583954550705775,0.3666255582259426,-0.05749483022965941,-0.10499265938658223,1.0,0.0
Milwaukee,2000-01-02 03:00:00,0.0,0.34619647541530363,0.3583954550705775,0.3666255582259426,-0.05749483022965941,-0.10499265938658223,1.0,0.0
Milwaukee,2000-01-02 04:00:00,0.0,0.34619647541530363,0.3583954550705775,0.3666255582259426,-0.05749483022965941,-0.10499265938658223,1.0,0.0
Milwaukee,2000-01-02 05:00:00,0.0,0.34619647541530363,0.3583954550705775,0.3666255582259426,-0.05749483022965941,-0.10499265938658223,1.0,0.0
Milwaukee,2000-01-02 06:00:00,0.0,0.34619647541530363,0.3583954550705775,0.3666255582259426,-0.05749483022965941,-0.10499265938658223,1.0,0.0
Milwaukee,2000-01-02 07:00:00,0.0,0.34619647541530363,0.3583954550705775,0.3666255582259426,-0.05749483022965941,-0.10499265938658223,1.0,0.0
Milwaukee,2000-01-02 08:00:00,0.0,0.34619647541530363,0.3583954550705775,0.3666255582259426,-0.05749483022965941,-0.10499265938658223,1.0,0.0
Milwaukee,2000-01-02 09:00:00,0.7000000104308128,0.5412961978369442,0.5040882360000163,0.5001902799477915,0.8901489132745067,0.9287088084071575,1.0433184768948425,0.7303229447090495
Milwaukee,2000-01-02 10:00:00,1.5000000223517418,0.7200313458541969,0.6494463612445387,0.6353129630463814,1.9731703344221256,2.110081914457146,1.0693865996496026,1.604079923377057
Milwaukee,2000-01-02 11:00:00,0.0,0.34619647541530363,0.3583954550705775,0.3666255582259426,-0.05749483022965941,-0.10499265938658223,1.0,0.0
Milwaukee,2000-01-02 12:00:00,0.0,0.34619647541530363,0.3583954550705775,0.3666255582259426,-0.05749483022965941,-0.10499265938658223,1.0,0.0
Milwaukee,2000-01-02 13:00:00,0.0,0.34619647541530363,0.3583954550705775,0.3666255582259426,-0.05749483022965941,-0.10499265938658223,1.0,0.0
Milwaukee,2000-01-02 14:00:00,0.0,0.34619647541530363,0.3583954550705775,0.3666255582259426,-0.05749483022965941,-0.10499265938658223,1.0,0.0
Milwaukee,2000-01-02 15:00:00,0.0,0.34619647541530363,0.3583954550705775,0.3666255582259426,-0.05749483022965941,-0.10499265938658223,1.0,0.0
Milwaukee,2000-01-02 16:00:00,0.0,0.34619647541530363,0.3583954550705775,0.3666255582259426,-0.05749483022965941,-0.10499265938658223,1.0,0.0
Milwaukee,2000-01-02 17:00:00,0.0,0.34619647541530363,0.3583954550705775,0.3666255582259426,-0.05749483022965941,-0.10499265938658223,1.0,0.0
Milwaukee,2000-01-02 18:00:00,0.0,0.34619647541530363,0.3583954550705775,0.3666255582259426,-0.05749483022965941,-0.10499265938658223,1.0,0.0
Milwaukee,2000-01-02 19:00:00,0.0,0.34619647541530363,0.3583954550705775,0.3666255582259426,-0.05749483022965941,-0.10499265938658223,1.0,0.0
Milwaukee,2000-01-02 20:00:00,0.0,0.34619647541530363,0.3583954550705775,0.3666255582259426,-0.05749483022965941,-0.10499265938658223,1.0,0.0
Milwaukee,2000-01-02 21:00:00,0.0,0.34619647541530363,0.3583954550705775,0.3666255582259426,-0.05749483022965941,-0.10499265938658223,1.0,0.0
Milwaukee,2000-01-02 22:00:00,0.0,0.34619647541530363,0.3583954550705775,0.3666255582259426,-0.05749483022965941,-0.10499265938658223,1.0,0.0
Milwaukee,2000-01-02 23:00:00,0.0,0.34619647541530363,0.3583954550705775,0.3666255582259426,-0.05749483022965941,-0.10499265938658223,1.0,0.0
Milwaukee,2000-01-03 00:00:00,0.0,0.34619647541530363,0.3583954550705775,0.3666255582259426,-0.05749483022965941,-0.10499265938658223,1.0,0.0
Milwaukee,2000-01-03 01:00:00,0.0,0.34619647541530363,0.3583954550705775,0.3666255582259426,-0.05749483022965941,-0.10499265938658223,1.0,0.0
Milwaukee,2000-01-03 02:00:00,0.0,0.34619647541530363,0.3583954550705775,0.3666255582259426,-0.05749483022965941,-0.10499265938658223,1.0,0.0
Milwaukee,2000-01-03 03:00:00,0.0,0.34619647541530363,0.3583954550705775,0.3666255582259426,-0.05749483022965941,-0.10499265938658223,1.0,0.0
Milwaukee,2000-01-03 04:00:00,0.0,0.34619647541530363,0.3583954550705775,0.3666255582259426,-0.05749483022965941,-0.10499265938658223,1.0,0.0
Milwaukee,2000-01-03 05:00:00,0.0,0.34619647541530363,0.3583954550705775,0.3666255582259426,-0.05749483022965941,-0.10499265938658223,1.0,0.0
Milwaukee,2000-01-03 06:00:00,0.0,0.34619647541530363,0.3583954550705775,0.3666255582259426,-0.05749483022965941,-0.10499265938658223,1.0,0.0
Milwaukee,2000-01-03 07:00:00,0.0,0.34619647541530363,0.3583954550705775,0.3666255582259426,-0.05749483022965941,-0.10499265938658223,1.0,0.0
Milwaukee,2000-01-03 08:00:00,0.0,0.34619647541530363,0.3583954550705775,0.3666255582259426,-0.05749483022965941,-0.10499265938658223,1.0,0.0
Milwaukee,2000-01-03 09:00:00,0.0,0.34619647541530363,0.3583954550705775,0.3666255582259426,-0.05749483022965941,-0.10499265938658223,1.0,0.0
Milwaukee,2000-01-03 10:00:00,0.0,0.34619647541530363,0.3583954550705775,0.3666255582259426,-0.05749483022965941,-0.10499265938658223,1.0,0.0
Milwaukee,2000-01-03 11:00:00,0.0,0.34619647541530363,0.3583954550705775,0.3666255582259426,-0.05749483022965941,-0.10499265938658223,1.0,0.0
Milwaukee,2000-01-03 12:00:00,0.0,0.34619647541530363,0.3583954550705775,0.3666255582259426,-0.05749483022965941,-0.10499265938658223,1.0,0.0
Milwaukee,2000-01-03 13:00:00,0.0,0.34619647541530363,0.3583954550705775,0.3666255582259426,-0.05749483022965941,-0.10499265938658223,1.0,0.0
Milwaukee,2000-01-03 14:00:00,0.0,0.34619647541530363,0.3583954550705775,0.3666255582259426,-0.05749483022965941,-0.10499265938658223,1.0,0.0
Milwaukee,2000-01-03 15:00:00,0.0,0.34619647541530363,0.3583954550705775,0.3666255582259426,-0.05749483022965941,-0.10499265938658223,1.0,0.0
Milwaukee,2000-01-03 16:00:00,0.0,0.34619647541530363,0.3583954550705775,0.3666255582259426,-0.05749483022965941,-0.10499265938658223,1.0,0.0
Milwaukee,2000-01-03 17:00:00,0.0,0.34619647541530363,0.3583954550705775,0.3666255582259426,-0.05749483022965941,-0.10499265938658223,1.0,0.0
Milwaukee,2000-01-03 18:00:00,0.0,0.34619647541530363,0.3583954550705775,0.3666255582259426,-0.05749483022965941,-0.10499265938658223,1.0,0.0
Milwaukee,2000-01-03 19:00:00,0.0,0.34619647541530363,0.3583954550705775,0.3666255582259426,-0.05749483022965941,-0.10499265938658223,1.0,0.0
Milwaukee,2000-01-03 20:00:00,0.0,0.34619647541530363,0.3583954550705775,0.3666255582259426,-0.05749483022965941,-0.10499265938658223,1.0,0.0
Milwaukee,2000-01-03 21:00:00,0.10000000149011612,0.37493462778701603,0.37963028842970437,0.38608798432978486,0.077882847413793,0.04267897886966643,0.5479894519381427,0.05479894601038219
Milwaukee,2000-01-03 22:00:00,0.4000000059604645,0.4602572840073257,0.44284563734884813,0.44398150563378375,0.4840158803441499,0.4856938936384119,1.0034668558665243,0.40138674832773824
Milwaukee,2000-01-03 23:00:00,0.7000000104308128,0.5412961978369442,0.5040882360000163,0.5001902799477915,0.8901489132745067,0.9287088084071575,1.0433184768948425,0.7303229447090495
Milwaukee,2000-01-04 00:00:00,1.1000000163912773,0.6382630095217223,0.5805629597505817,0.5708701973896023,1.4316596238483161,1.5193953614321518,1.0612825395941536,1.1674108109493455
Milwaukee,2000-01-04 01:00:00,1.0000000149011612,0.6153868482101035,0.562101850089929,0.5537391217635472,1.296281946204864,1.3717237231759034,1.0581985864972592,1.0581986022656469
Milwaukee,2000-01-04 02:00:00,0.800000011920929,0.5668587624286637,0.5238351948323483,0.518375294178048,1.0255265909179592,1.0763804466634062,1.0495880420808272,0.8396704461767263
Milwaukee,2000-01-04 03:00:00,1.0000000149011612,0.6153868482101035,0.562101850089929,0.5537391217635472,1.296281946204864,1.3717237231759034,1.0581985864972592,1.0581986022656469
Milwaukee,2000-01-04 04:00:00,1.700000025331974,0.7550806239141946,0.6807449907781097,0.6649293185858394,2.2439256897090303,2.4054251909696434,1.0719718580705562,1.8223521858751088
Milwaukee,2000-01-04 05:00:00,0.4000000059604645,0.4602572840073257,0.44284563734884813,0.44398150563378375,0.4840158803441499,0.4856938936384119,1.0034668558665243,0.40138674832773824
Milwaukee,2000-01-04 06:00:00,0.6000000089406967,0.5149511800867037,0.4839791863801989,0.48170736485828647,0.7547712356310545,0.7810371701509091,1.0347998615738105,0.6208799261961181
Milwaukee,2000-01-04 07:00:00,0.4000000059604645,0.4602572840073257,0.44284563734884813,0.44398150563378375,0.4840158803441499,0.4856938936384119,1.0034668558665243,0.40138674832773824
Milwaukee,2000-01-04 08:00:00,0.20000000298023224,0.4036312859866724,0.40082695074191593,0.4055009521190948,0.2132605250572452,0.1903506171259148,0.8925731429893989,0.17851463125795505
Milwaukee,2000-01-04 09:00:00,0.4000000059604645,0.4602572840073257,0.44284563734884813,0.44398150563378375,0.4840158803441499,0.4856938936384119,1.0034668558665243,0.40138674832773824
Milwaukee,2000-01-04 10:00:00,0.10000000149011612,0.37493462778701603,0.37963028842970437,0.38608798432978486,0.077882847413793,0.04267897886966643,0.5479894519381427,0.05479894601038219
Milwaukee,2000-01-04 11:00:00,0.0,0.34619647541530363,0.3583954550705775,0.3666255582259426,-0.05749483022965941,-0.10499265938658223,1.0,0.0
Milwaukee,2000-01-04 12:00:00,0.0,0.34619647541530363,0.3583954550705775,0.3666255582259426,-0.05749483022965941,-0.10499265938658223,1.0,0.0
Milwaukee,2000-01-04 13:00:00,0.10000000149011612,0.37493462778701603,0.37963028842970437,0.38608798432978486,0.077882847413793,0.04267897886966643,0.5479894519381427,0.05479894601038219
Milwaukee,2000-01-04 14:00:00,0.10000000149011612,0.37493462778701603,0.37963028842970437,0.38608798432978486,0.077882847413793,0.04267897886966643,0.5479894519381427,0.05479894601038219
Milwaukee,2000-01-04 15:00:00,0.0,0.34619647541530363,0.3583954550705775,0.3666255582259426,-0.05749483022965941,-0.10499265938658223,1.0,0.0
Milwaukee,2000-01-04 16:00:00,0.0,0.34619647541530363,0.3583954550705775,0.3666255582259426,-0.05749483022965941,-0.10499265938658223,1.0,0.0
Milwaukee,2000-01-04 17:00:00,0.0,0.34619647541530363,0.3583954550705775,0.3666255582259426,-0.05749483022965941,-0.10499265938658223,1.0,0.0
Milwaukee,2000-01-04 18:00:00,0.0,0.34619647541530363,0.3583954550705775,0.3666255582259426,-0.05749483022965941,-0.10499265938658223,1.0,0.0
Milwaukee,2000-01-04 19:00:00,0.10000000149011612,0.37493462778701603,0.37963028842970437,0.38608798432978486,0.077882847413793,0.04267897886966643,0.5479894519381427,0.05479894601038219
Milwaukee,2000-01-04 20:00:00,0.10000000149011612,0.37493462778701603,0.37963028842970437,0.38608798432978486,0.077882847413793,0.04267897886966643,0.5479894519381427,0.05479894601038219
Milwaukee,2000-01-04 21:00:00,0.10000000149011612,0.37493462778701603,0.37963028842970437,0.38608798432978486,0.077882847413793,0.04267897886966643,0.5479894519381427,0.05479894601038219
Milwaukee,2000-01-04 22:00:00,0.0,0.34619647541530363,0.3583954550705775,0.3666255582259426,-0.05749483022965941,-0.10499265938658223,1.0,0.0
Milwaukee,2000-01-04 23:00:00,0.0,0.34619647541530363,0.3583954550705775,0.3666255582259426,-0.05749483022965941,-0.10499265938658223,1.0,0.0
Milwaukee,2000-01-05 00:00:00,0.0,0.34619647541530363,0.3583954550705775,0.3666255582259426,-0.05749483022965941,-0.10499265938658223,1.0,0.0
Milwaukee,2000-01-05 01:00:00,0.0,0.34619647541530363,0.3583954550705775,0.3666255582259426,-0.05749483022965941,-0.10499265938658223,1.0,0.0
Milwaukee,2000-01-05 02:00:00,0.0,0.34619647541530363,0.3583954550705775,0.3666255582259426,-0.05749483022965941,-0.10499265938658223,1.0,0.0
Milwaukee,2000-01-05 03:00:00,0.0,0.34619647541530363,0.3583954550705775,0.3666255582259426,-0.05749483022965941,-0.10499265938658223,1.0,0.0
Milwaukee,2000-01-05 04:00:00,0.0,0.34619647541530363,0.3583954550705775,0.3666255582259426,-0.05749483022965941,-0.10499265938658223,1.0,0.0
Milwaukee,2000-01-05 05:00:00,0.0,0.34619647541530363,0.3583954550705775,0.3666255582259426,-0.05749483022965941,-0.10499265938658223,1.0,0.0
Milwaukee,2000-01-05 06:00:00,0.0,0.34619647541530363,0.3583954550705775,0.3666255582259426,-0.05749483022965941,-0.10499265938658223,1.0,0.0
Milwaukee,2000-01-05 07:00:00,0.0,0.34619647541530363,0.3583954550705775,0.3666255582259426,-0.05749483022965941,-0.10499265938658223,1.0,0.0
Milwaukee,2000-01-05 08:00:00,0.0,0.34619647541530363,0.3583954550705775,0.3666255582259426,-0.05749483022965941,-0.10499265938658223,1.0,0.0
Milwaukee,2000-01-05 09:00:00,0.0,0.34619647541530363,0.3583954550705775,0.3666255582259426,-0.05749483022965941,-0.10499265938658223,1.0,0.0
Milwaukee,2000-01-05 10:00:00,0.0,0.34619647541530363,0.3583954550705775,0.3666255582259426,-0.05749483022965941,-0.10499265938658223,1.0,0.0
Milwaukee,2000-01-05 11:00:00,0.0,0.34619647541530363,0.3583954550705775,0.3666255582259426,-0.05749483022965941,-0.10499265938658223,1.0,0.0
Milwaukee,2000-01-05 12:00:00,0.0,0.34619647541530363,0.3583954550705775,0.3666255582259426,-0.05749483022965941,-0.10499265938658223,1.0,0.0
Milwaukee,2000-01-05 13:00:00,0.0,0.34619647541530363,0.3583954550705775,0.3666255582259426,-0.05749483022965941,-0.10499265938658223,1.0,0.0
Milwaukee,2000-01-05 14:00:00,0.0,0.34619647541530363,0.3583954550705775,0.3666255582259426,-0.05749483022965941,-0.10499265938658223,1.0,0.0
Milwaukee,2000-01-05 15:00:00,0.0,0.34619647541530363,0.3583954550705775,0.3666255582259426,-0.05749483022965941,-0.10499265938658223,1.0,0.0
Milwaukee,2000-01-05 16:00:00,0.0,0.34619647541530363,0.3583954550705775,0.3666255582259426,-0.05749483022965941,-0.10499265938658223,1.0,0.0
Milwaukee,2000-01-05 17:00:00,0.0,0.34619647541530363,0.3583954550705775,0.3666255582259426,-0.05749483022965941,-0.10499265938658223,1.0,0.0
Milwaukee,2000-01-05 18:00:00,0.0,0.34619647541530363,0.3583954550705775,0.3666255582259426,-0.05749483022965941,-0.10499265938658223,1.0,0.0
Milwaukee,2000-01-05 19:00:00,0.0,0.34619647541530363,0.3583954550705775,0.3666255582259426,-0.05749483022965941,-0.10499265938658223,1.0,0.0
Milwaukee,2000-01-05 20:00:00,0.0,0.34619647541530363,0.3583954550705775,0.3666255582259426,-0.05749483022965941,-0.10499265938658223,1.0,0.0
Milwaukee,2000-01-05 21:00:00,0.0,0.34619647541530363,0.3583954550705775,0.3666255582259426,-0.05749483022965941,-0.10499265938658223,1.0,0.0
Milwaukee,2000-01-05 22:00:00,0.0,0.34619647541530363,0.3583954550705775,0.3666255582259426,-0.05749483022965941,-0.10499265938658223,1.0,0.0
Milwaukee,2000-01-05 23:00:00,0.0,0.34619647541530363,0.3583954550705775,0.3666255582259426,-0.05749483022965941,-0.10499265938658223,1.0,0.0
Milwaukee,2000-01-06 00:00:00,0.0,0.34619647541530363,0.3583954550705775,0.3666255582259426,-0.05749483022965941,-0.10499265938658223,1.0,0.0
Milwaukee,2000-01-06 01:00:00,0.0,0.34619647541530363,0.3583954550705775,0.3666255582259426,-0.05749483022965941,-0.10499265938658223,1.0,0.0
Milwaukee,2000-01-06 02:00:00,0.0,0.34619647541530363,0.3583954550705775,0.3666255582259426,-0.05749483022965941,-0.10499265938658223,1.0,0.0
Milwaukee,2000-01-06 03:00:00,0.0,0.34619647541530363,0.3583954550705775,0.3666255582259426,-0.05749483022965941,-0.10499265938658223,1.0,0.0
Milwaukee,2000-01-06 04:00:00,0.0,0.34619647541530363,0.3583954550705775,0.3666255582259426,-0.05749483022965941,-0.10499265938658223,1.0,0.0
Milwaukee,2000-01-06 05:00:00,0.0,0.34619647541530363,0.3583954550705775,0.3666255582259426,-0.05749483022965941,-0.10499265938658223,1.0,0.0
Milwaukee,2000-01-06 06:00:00,0.0,0.34619647541530363,0.3583954550705775,0.3666255582259426,-0.05749483022965941,-0.10499265938658223,1.0,0.0
Milwaukee,2000-01-06 07:00:00,0.0,0.34619647541530363,0.3583954550705775,0.3666255582259426,-0.05749483022965941,-0.10499265938658223,1.0,0.0
Milwaukee,2000-01-06 08:00:00,0.0,0.34619647541530363,0.3583954550705775,0.3666255582259426,-0.05749483022965941,-0.10499265938658223,1.0,0.0
Milwaukee,2000-01-06 09:00:00,0.0,0.34619647541530363,0.3583954550705775,0.3666255582259426,-0.05749483022965941,-0.10499265938658223,1.0,0.0
Milwaukee,2000-01-06 10:00:00,0.0,0.34619647541530363,0.3583954550705775,0.3666255582259426,-0.05749483022965941,-0.10499265938658223,1.0,0.0
Milwaukee,2000-01-06 11:00:00,0.0,0.34619647541530363,0.3583954550705775,0.3666255582259426,-0.05749483022965941,-0.10499265938658223,1.0,0.0
Milwaukee,2000-01-06 12:00:00,0.0,0.34619647541530363,0.3583954550705775,0.3666255582259426,-0.05749483022965941,-0.10499265938658223,1.0,0.0
Milwaukee,2000-01-06 13:00:00,0.0,0.34619647541530363,0.3583954550705775,0.3666255582259426,-0.05749483022965941,-0.10499265938658223,1.0,0.0
Milwaukee,2000-01-06 14:00:00,0.0,0.34619647541530363,0.3583954550705775,0.3666255582259426,-0.05749483022965941,-0.10499265938658223,1.0,0.0
Milwaukee,2000-01-06 15:00:00,0.0,0.34619647541530363,0.3583954550705775,0.3666255582259426,-0.05749483022965941,-0.10499265938658223,1.0,0.0
Milwaukee,2000-01-06 16:00:00,0.0,0.34619647541530363,0.3583954550705775,0.3666255582259426,-0.05749483022965941,-0.10499265938658223,1.0,0.0
Milwaukee,2000-01-06 17:00:00,0.0,0.34619647541530363,0.3583954550705775,0.3666255582259426,-0.05749483022965941,-0.10499265938658223,1.0,0.0
Milwaukee,2000-01-06 18:00:00,0.0,0.34619647541530363,0.3583954550705775,0.3666255582259426,-0.05749483022965941,-0.10499265938658223,1.0,0.0
Milwaukee,2000-01-06 19:00:00,0.0,0.34619647541530363,0.3583954550705775,0.3666255582259426,-0.05749483022965941,-0.10499265938658223,1.0,0.0
Milwaukee,2000-01-06 20:00:00,0.0,0.34619647541530363,0.3583954550705775,0.3666255582259426,-0.05749483022965941,-0.10499265938658223,1.0,0.0
Milwaukee,2000-01-06 21:00:00,0.0,0.34619647541530363,0.3583954550705775,0.3666255582259426,-0.05749483022965941,-0.10499265938658223,1.0,0.0
Milwaukee,2000-01-06 22:00:00,0.0,0.34619647541530363,0.3583954550705775,0.3666255582259426,-0.05749483022965941,-0.10499265938658223,1.0,0.0
Milwaukee,2000-01-06 23:00:00,0.0,0.34619647541530363,0.3583954550705775,0.3666255582259426,-0.05749483022965941,-0.10499265938658223,1.0,0.0
Milwaukee,2000-01-07 00:00:00,0.0,0.34619647541530363,0.3583954550705775,0.3666255582259426,-0.05749483022965941,-0.10499265938658223,1.0,0.0
Milwaukee,2000-01-07 01:00:00,0.0,0.34619647541530363,0.3583954550705775,0.3666255582259426,-0.05749483022965941,-0.10499265938658223,1.0,0.0
Milwaukee,2000-01-07 02:00:00,0.0,0.34619647541530363,0.3583954550705775,0.3666255582259426,-0.05749483022965941,-0.10499265938658223,1.0,0.0
Milwaukee,2000-01-07 03:00:00,0.0,0.34619647541530363,0.3583954550705775,0.3666255582259426,-0.05749483022965941,-0.10499265938658223,1.0,0.0
Milwaukee,2000-01-07 04:00:00,0.0,0.34619647541530363,0.3583954550705775,0.3666255582259426,-0.05749483022965941,-0.10499265938658223,1.0,0.0
Milwaukee,2000-01-07 05:00:00,0.0,0.34619647541530363,0.3583954550705775,0.3666255582259426,-0.05749483022965941,-0.10499265938658223,1.0,0.0
Milwaukee,2000-01-07 06:00:00,0.0,0.34619647541530363,0.3583954550705775,0.3666255582259426,-0.05749483022965941,-0.10499265938658223,1.0,0.0
Milwaukee,2000-01-07 07:00:00,0.0,0.34619647541530363,0.3583954550705775,0.3666255582259426,-0.05749483022965941,-0.10499265938658223,1.0,0.0
Milwaukee,2000-01-07 08:00:00,0.0,0.34619647541530363,0.3583954550705775,0.3666255582259426,-0.05749483022965941,-0.10499265938658223,1.0,0.0
Milwaukee,2000-01-07 09:00:00,0.0,0.34619647541530363,0.3583954550705775,0.3666255582259426,-0.05749483022965941,-0.10499265938658223,1.0,0.0
Milwaukee,2000-01-07 10:00:00,0.0,0.34619647541530363,0.3583954550705775,0.3666255582259426,-0.05749483022965941,-0.10499265938658223,1.0,0.0
Milwaukee,2000-01-07 11:00:00,0.0,0.34619647541530363,0.3583954550705775,0.3666255582259426,-0.05749483022965941,-0.10499265938658223,1.0,0.0
Milwaukee,2000-01-07 12:00:00,0.0,0.34619647541530363,0.3583954550705775,0.3666255582259426,-0.05749483022965941,-0.10499265938658223,1.0,0.0
Milwaukee,2000-01-07 13:00:00,0.0,0.34619647541530363,0.3583954550705775,0.3666255582259426,-0.05749483022965941,-0.10499265938658223,1.0,0.0
Milwaukee,2000-01-07 14:00:00,0.0,0.34619647541530363,0.3583954550705775,0.3666255582259426,-0.05749483022965941,-0.10499265938658223,1.0,0.0
Milwaukee,2000-01-07 15:00:00,0.0,0.34619647541530363,0.3583954550705775,0.3666255582259426,-0.05749483022965941,-0.10499265938658223,1.0,0.0
Milwaukee,2000-01-07 16:00:00,0.0,0.34619647541530363,0.3583954550705775,0.3666255582259426,-0.05749483022965941,-0.10499265938658223,1.0,0.0
Milwaukee,2000-01-07 17:00:00,0.0,0.34619647541530363,0.3583954550705775,0.3666255582259426,-0.05749483022965941,-0.10499265938658223,1.0,0.0
Milwaukee,2000-01-07 18:00:00,0.0,0.34619647541530363,0.3583954550705775,0.3666255582259426,-0.05749483022965941,-0.10499265938658223,1.0,0.0
Milwaukee,2000-01-07 19:00:00,0.0,0.34619647541530363,0.3583954550705775,0.3666255582259426,-0.05749483022965941,-0.10499265938658223,1.0,0.0
Milwaukee,2000-01-07 20:00:00,0.0,0.34619647541530363,0.3583954550705775,0.3666255582259426,-0.05749483022965941,-0.10499265938658223,1.0,0.0
Milwaukee,2000-01-07 21:00:00,0.0,0.34619647541530363,0.3583954550705775,0.3666255582259426,-0.05749483022965941,-0.10499265938658223,1.0,0.0
Milwaukee,2000-01-07 22:00:00,0.0,0.34619647541530363,0.3583954550705775,0.3666255582259426,-0.05749483022965941,-0.10499265938658223,1.0,0.0
Milwaukee,2000-01-07 23:00:00,0.0,0.34619647541530363,0.3583954550705775,0.3666255582259426,-0.05749483022965941,-0.10499265938658223,1.0,0.0
Milwaukee,2000-01-08 00:00:00,0.0,0.34619647541530363,0.3583954550705775,0.3666255582259426,-0.05749483022965941,-0.10499265938658223,1.0,0.0
Milwaukee,2000-01-08 01:00:00,0.0,0.34619647541530363,0.3583954550705775,0.3666255582259426,-0.05749483022965941,-0.10499265938658223,1.0,0.0
Milwaukee,2000-01-08 02:00:00,0.0,0.34619647541530363,0.3583954550705775,0.3666255582259426,-0.05749483022965941,-0.10499265938658223,1.0,0.0
Milwaukee,2000-01-08 03:00:00,0.0,0.34619647541530363,0.3583954550705775,0.3666255582259426,-0.05749483022965941,-0.10499265938658223,1.0,0.0
Milwaukee,2000-01-08 04:00:00,0.0,0.34619647541530363,0.3583954550705775,0.3666255582259426,-0.05749483022965941,-0.10499265938658223,1.0,0.0
Milwaukee,2000-01-08 05:00:00,0.0,0.34619647541530363,0.3583954550705775,0.3666255582259426,-0.05749483022965941,-0.10499265938658223,1.0,0.0
Milwaukee,2000-01-08 06:00:00,0.0,0.34619647541530363,0.3583954550705775,0.3666255582259426,-0.05749483022965941,-0.10499265938658223,1.0,0.0
Milwaukee,2000-01-08 07:00:00,0.0,0.34619647541530363,0.3583954550705775,0.3666255582259426,-0.05749483022965941,-0.10499265938658223,1.0,0.0
Milwaukee,2000-01-08 08:00:00,0.0,0.34619647541530363,0.3583954550705775,0.3666255582259426,-0.05749483022965941,-0.10499265938658223,1.0,0.0
Milwaukee,2000-01-08 09:00:00,0.0,0.34619647541530363,0.3583954550705775,0.3666255582259426,-0.05749483022965941,-0.10499265938658223,1.0,0.0
Milwaukee,2000-01-08 10:00:00,0.0,0.34619647541530363,0.3583954550705775,0.3666255582259426,-0.05749483022965941,-0.10499265938658223,1.0,0.0
Milwaukee,2000-01-08 11:00:00,0.0,0.34619647541530363,0.3583954550705775,0.3666255582259426,-0.05749483022965941,-0.10499265938658223,1.0,0.0
Milwaukee,2000-01-08 12:00:00,0.0,0.34619647541530363,0.3583954550705775,0.3666255582259426,-0.05749483022965941,-0.10499265938658223,1.0,0.0
Milwaukee,2000-01-08 13:00:00,0.0,0.34619647541530363,0.3583954550705775,0.3666255582259426,-0.05749483022965941,-0.10499265938658223,1.0,0.0
Milwaukee,2000-01-08 14:00:00,0.0,0.34619647541530363,0.3583954550705775,0.3666255582259426,-0.05749483022965941,-0.10499265938658223,1.0,0.0
Milwaukee,2000-01-08 15:00:00,0.0,0.34619647541530363,0.3583954550705775,0.3666255582259426,-0.05749483022965941,-0.10499265938658223,1.0,0.0
Milwaukee,2000-01-08 16:00:00,0.0,0.34619647541530363,0.3583954550705775,0.3666255582259426,-0.05749483022965941,-0.10499265938658223,1.0,0.0
Milwaukee,2000-01-08 17:00:00,0.0,0.34619647541530363,0.3583954550705775,0.3666255582259426,-0.05749483022965941,-0.10499265938658223,1.0,0.0
Milwaukee,2000-01-08 18:00:00,0.0,0.34619647541530363,0.3583954550705775,0.3666255582259426,-0.05749483022965941,-0.10499265938658223,1.0,0.0
Milwaukee,2000-01-08 19:00:00,0.0,0.34619647541530363,0.3583954550705775,0.3666255582259426,-0.05749483022965941,-0.10499265938658223,1.0,0.0
Milwaukee,2000-01-08 20:00:00,0.0,0.34619647541530363,0.3583954550705775,0.3666255582259426,-0.05749483022965941,-0.10499265938658223,1.0,0.0
Milwaukee,2000-01-08 21:00:00,0.0,0.34619647541530363,0.3583954550705775,0.3666255582259426,-0.05749483022965941,-0.10499265938658223,1.0,0.0
Milwaukee,2000-01-08 22:00:00,0.0,0.34619647541530363,0.3583954550705775,0.3666255582259426,-0.05749483022965941,-0.10499265938658223,1.0,0.0
Milwaukee,2000-01-08 23:00:00,0.0,0.34619647541530363,0.3583954550705775,0.3666255582259426,-0.05749483022965941,-0.10499265938658223,1.0,0.0
Milwaukee,2000-01-09 00:00:00,0.0,0.34619647541530363,0.3583954550705775,0.3666255582259426,-0.05749483022965941,-0.10499265938658223,1.0,0.0
Milwaukee,2000-01-09 01:00:00,0.0,0.34619647541530363,0.3583954550705775,0.3666255582259426,-0.05749483022965941,-0.10499265938658223,1.0,0.0
Milwaukee,2000-01-09 02:00:00,0.0,0.34619647541530363,0.3583954550705775,0.3666255582259426,-0.05749483022965941,-0.10499265938658223,1.0,0.0
Milwaukee,2000-01-09 03:00:00,0.0,0.34619647541530363,0.3583954550705775,0.3666255582259426,-0.05749483022965941,-0.10499265938658223,1.0,0.0
Milwaukee,2000-01-09 04:00:00,0.0,0.34619647541530363,0.3583954550705775,0.3666255582259426,-0.05749483022965941,-0.10499265938658223,1.0,0.0
Milwaukee,2000-01-09 05:00:00,0.0,0.34619647541530363,0.3583954550705775,0.3666255582259426,-0.05749483022965941,-0.10499265938658223,1.0,0.0
Milwaukee,2000-01-09 06:00:00,0.0,0.34619647541530363,0.3583954550705775,0.3666255582259426,-0.05749483022965941,-0.10499265938658223,1.0,0.0
Milwaukee,2000-01-09 07:00:00,0.0,0.34619647541530363,0.3583954550705775,0.3666255582259426,-0.05749483022965941,-0.10499265938658223,1.0,0.0
Milwaukee,2000-01-09 08:00:00,0.0,0.34619647541530363,0.3583954550705775,0.3666255582259426,-0.05749483022965941,-0.10499265938658223,1.0,0.0
Milwaukee,2000-01-09 09:00:00,0.0,0.34619647541530363,0.3583954550705775,0.3666255582259426,-0.05749483022965941,-0.10499265938658223,1.0,0.0
Milwaukee,2000-01-09 10:00:00,0.0,0.34619647541530363,0.3583954550705775,0.3666255582259426,-0.05749483022965941,-0.10499265938658223,1.0,0.0
Milwaukee,2000-01-09 11:00:00,0.0,0.34619647541530363,0.3583954550705775,0.3666255582259426,-0.05749483022965941,-0.10499265938658223,1.0,0.0
Milwaukee,2000-01-09 12:00:00,0.0,0.34619647541530363,0.3583954550705775,0.3666255582259426,-0.05749483022965941,-0.10499265938658223,1.0,0.0
Milwaukee,2000-01-09 13:00:00,0.0,0.34619647541530363,0.3583954550705775,0.3666255582259426,-0.05749483022965941,-0.10499265938658223,1.0,0.0
Milwaukee,2000-01-09 14:00:00,0.0,0.34619647541530363,0.3583954550705775,0.3666255582259426,-0.05749483022965941,-0.10499265938658223,1.0,0.0
Milwaukee,2000-01-09 15:00:00,0.0,0.34619647541530363,0.3583954550705775,0.3666255582259426,-0.05749483022965941,-0.10499265938658223,1.0,0.0
Milwaukee,2000-01-09 16:00:00,0.0,0.34619647541530363,0.3583954550705775,0.3666255582259426,-0.05749483022965941,-0.10499265938658223,1.0,0.0
Milwaukee,2000-01-09 17:00:00,0.0,0.34619647541530363,0.3583954550705775,0.3666255582259426,-0.05749483022965941,-0.10499265938658223,1.0,0.0
Milwaukee,2000-01-09 18:00:00,0.0,0.34619647541530363,0.3583954550705775,0.3666255582259426,-0.05749483022965941,-0.10499265938658223,1.0,0.0
Milwaukee,2000-01-09 19:00:00,0.0,0.34619647541530363,0.3583954550705775,0.3666255582259426,-0.05749483022965941,-0.10499265938658223,1.0,0.0
Milwaukee,2000-01-09 20:00:00,0.0,0.34619647541530363,0.3583954550705775,0.3666255582259426,-0.05749483022965941,-0.10499265938658223,1.0,0.0
Milwaukee,2000-01-09 21:00:00,0.0,0.34619647541530363,0.3583954550705775,0.3666255582259426,-0.05749483022965941,-0.10499265938658223,1.0,0.0
Milwaukee,2000-01-09 22:00:00,0.10000000149011612,0.37493462778701603,0.37963028842970437,0.38608798432978486,0.077882847413793,0.04267897886966643,0.5479894519381427,0.05479894601038219
Milwaukee,2000-01-09 23:00:00,0.0,0.34619647541530363,0.3583954550705775,0.3666255582259426,-0.05749483022965941,-0.10499265938658223,1.0,0.0
Milwaukee,2000-01-10 00:00:00,0.0,0.34619647541530363,0.3583954550705775,0.3666255582259426,-0.05749483022965941,-0.10499265938658223,1.0,0.0
Milwaukee,2000-01-10 01:00:00,0.0,0.34619647541530363,0.3583954550705775,0.3666255582259426,-0.05749483022965941,-0.10499265938658223,1.0,0.0
Milwaukee,2000-01-10 02:00:00,0.10000000149011612,0.37493462778701603,0.37963028842970437,0.38608798432978486,0.077882847413793,0.04267897886966643,0.5479894519381427,0.05479894601038219
Milwaukee,2000-01-10 03:00:00,0.10000000149011612,0.37493462778701603,0.37963028842970437,0.38608798432978486,0.077882847413793,0.04267897886966643,0.5479894519381427,0.05479894601038219
Milwaukee,2000-01-10 04:00:00,0.30000000447034836,0.4321218104209064,0.4219192462835154,0.42481437583882836,0.3486382027006978,0.3380222553821637,0.9695502465412611,0.2908650782966057
Milwaukee,2000-01-10 05:00:00,0.20000000298023224,0.4036312859866724,0.40082695074191593,0.4055009521190948,0.2132605250572452,0.1903506171259148,0.8925731429893989,0.17851463125795505
Milwaukee,2000-01-10 06:00:00,0.10000000149011612,0.37493462778701603,0.37963028842970437,0.38608798432978486,0.077882847413793,0.04267897886966643,0.5479894519381427,0.05479894601038219
Milwaukee,2000-01-10 07:00:00,0.0,0.34619647541530363,0.3583954550705775,0.3666255582259426,-0.05749483022965941,-0.10499265938658223,1.0,0.0
Milwaukee,2000-01-10 08:00:00,0.0,0.34619647541530363,0.3583954550705775,0.3666255582259426,-0.05749483022965941,-0.10499265938658223,1.0,0.0
Milwaukee,2000-01-10 09:00:00,0.10000000149011612,0.37493462778701603,0.37963028842970437,0.38608798432978486,0.077882847413793,0.04267897886966643,0.5479894519381427,0.05479894601038219
Milwaukee,2000-01-10 10:00:00,0.20000000298023224,0.4036312859866724,0.40082695074191593,0.4055009521190948,0.2132605250572452,0.1903506171259148,0.8925731429893989,0.17851463125795505
Milwaukee,2000-01-10 11:00:00,0.30000000447034836,0.4321218104209064,0.4219192462835154,0.42481437583882836,0.3486382027006978,0.3380222553821637,0.9695502465412611,0.2908650782966057
Milwaukee,2000-01-10 12:00:00,0.30000000447034836,0.4321218104209064,0.4219192462835154,0.42481437583882836,0.3486382027006978,0.3380222553821637,0.9695502465412611,0.2908650782966057
Milwaukee,2000-01-10 13:00:00,0.10000000149011612,0.37493462778701603,0.37963028842970437,0.38608798432978486,0.077882847413793,0.04267897886966643,0.5479894519381427,0.05479894601038219
Milwaukee,2000-01-10 14:00:00,0.20000000298023224,0.4036312859866724,0.40082695074191593,0.4055009521190948,0.2132605250572452,0.1903506171259148,0.8925731429893989,0.17851463125795505
Milwaukee,2000-01-10 15:00:00,0.20000000298023224,0.4036312859866724,0.40082695074191593,0.4055009521190948,0.2132605250572452,0.1903506171259148,0.8925731429893989,0.17851463125795505
Milwaukee,2000-01-10 16:00:00,0.0,0.34619647541530363,0.3583954550705775,0.3666255582259426,-0.05749483022965941,-0.10499265938658223,1.0,0.0
Milwaukee,2000-01-10 17:00:00,0.0,0.34619647541530363,0.3583954550705775,0.3666255582259426,-0.05749483022965941,-0.10499265938658223,1.0,0.0
Milwaukee,2000-01-10 18:00:00,0.0,0.34619647541530363,0.3583954550705775,0.3666255582259426,-0.05749483022965941,-0.10499265938658223,1.0,0.0
Milwaukee,2000-01-10 19:00:00,0.0,0.34619647541530363,0.3583954550705775,0.3666255582259426,-0.05749483022965941,-0.10499265938658223,1.0,0.0
Milwaukee,2000-01-10 20:00:00,0.0,0.34619647541530363,0.3583954550705775,0.3666255582259426,-0.05749483022965941,-0.10499265938658223,1.0,0.0
Milwaukee,2000-01-10 21:00:00,0.0,0.34619647541530363,0.3583954550705775,0.3666255582259426,-0.05749483022965941,-0.10499265938658223,1.0,0.0
Milwaukee,2000-01-10 22:00:00,0.0,0.34619647541530363,0.3583954550705775,0.3666255582259426,-0.05749483022965941,-0.10499265938658223,1.0,0.0
Milwaukee,2000-01-10 23:00:00,0.0,0.34619647541530363,0.3583954550705775,0.3666255582259426,-0.05749483022965941,-0.10499265938658223,1.0,0.0
Milwaukee,2000-01-11 00:00:00,0.0,0.34619647541530363,0.3583954550705775,0.3666255582259426,-0.05749483022965941,-0.10499265938658223,1.0,0.0
Milwaukee,2000-01-11 01:00:00,0.0,0.34619647541530363,0.3583954550705775,0.3666255582259426,-0.05749483022965941,-0.10499265938658223,1.0,0.0
Milwaukee,2000-01-11 02:00:00,0.0,0.34619647541530363,0.3583954550705775,0.3666255582259426,-0.05749483022965941,-0.10499265938658223,1.0,0.0
Milwaukee,2000-01-11 03:00:00,0.0,0.34619647541530363,0.3583954550705775,0.3666255582259426,-0.05749483022965941,-0.10499265938658223,1.0,0.0
Milwaukee,2000-01-11 04:00:00,0.0,0.34619647541530363,0.3583954550705775,0.3666255582259426,-0.05749483022965941,-0.10499265938658223,1.0,0.0
Milwaukee,2000-01-11 05:00:00,0.0,0.34619647541530363,0.3583954550705775,0.3666255582259426,-0.05749483022965941,-0.10499265938658223,1.0,0.0
Milwaukee,2000-01-11 06:00:00,0.0,0.34619647541530363,0.3583954550705775,0.3666255582259426,-0.05749483022965941,-0.10499265938658223,1.0,0.0
Milwaukee,2000-01-11 07:00:00,0.0,0.34619647541530363,0.3583954550705775,0.3666255582259426,-0.05749483022965941,-0.10499265938658223,1.0,0.0
Milwaukee,2000-01-11 08:00:00,0.0,0.34619647541530363,0.3583954550705775,0.3666255582259426,-0.05749483022965941,-0.10499265938658223,1.0,0.0
Milwaukee,2000-01-11 09:00:00,0.0,0.34619647541530363,0.3583954550705775,0.3666255582259426,-0.05749483022965941,-0.10499265938658223,1.0,0.0
Milwaukee,2000-01-11 10:00:00,0.0,0.34619647541530363,0.3583954550705775,0.3666255582259426,-0.05749483022965941,-0.10499265938658223,1.0,0.0
Milwaukee,2000-01-11 11:00:00,0.0,0.34619647541530363,0.3583954550705775,0.3666255582259426,-0.05749483022965941,-0.10499265938658223,1.0,0.0
Milwaukee,2000-01-11 12:00:00,0.0,0.34619647541530363,0.3583954550705775,0.3666255582259426,-0.05749483022965941,-0.10499265938658223,1.0,0.0
Milwaukee,2000-01-11 13:00:00,0.0,0.34619647541530363,0.3583954550705775,0.3666255582259426,-0.05749483022965941,-0.10499265938658223,1.0,0.0
Milwaukee,2000-01-11 14:00:00,0.0,0.34619647541530363,0.3583954550705775,0.3666255582259426,-0.05749483022965941,-0.10499265938658223,1.0,0.0
Milwaukee,2000-01-11 15:00:00,0.0,0.34619647541530363,0.3583954550705775,0.3666255582259426,-0.05749483022965941,-0.10499265938658223,1.0,0.0
Milwaukee,2000-01-11 16:00:00,0.0,0.34619647541530363,0.3583954550705775,0.3666255582259426,-0.05749483022965941,-0.10499265938658223,1.0,0.0
Milwaukee,2000-01-11 17:00:00,0.0,0.34619647541530363,0.3583954550705775,0.3666255582259426,-0.05749483022965941,-0.10499265938658223,1.0,0.0
Milwaukee,2000-01-11 18:00:00,0.0,0.34619647541530363,0.3583954550705775,0.3666255582259426,-0.05749483022965941,-0.10499265938658223,1.0,0.0
Milwaukee,2000-01-11 19:00:00,0.0,0.34619647541530363,0.3583954550705775,0.3666255582259426,-0.05749483022965941,-0.10499265938658223,1.0,0.0
Milwaukee,2000-01-11 20:00:00,0.0,0.34619647541530363,0.3583954550705775,0.3666255582259426,-0.05749483022965941,-0.10499265938658223,1.0,0.0
Milwaukee,2000-01-11 21:00:00,0.0,0.34619647541530363,0.3583954550705775,0.3666255582259426,-0.05749483022965941,-0.10499265938658223,1.0,0.0
Milwaukee,2000-01-11 22:00:00,0.0,0.34619647541530363,0.3583954550705775,0.3666255582259426,-0.05749483022965941,-0.10499265938658223,1.0,0.0
Milwaukee,2000-01-11 23:00:00,0.0,0.34619647541530363,0.3583954550705775,0.3666255582259426,-0.05749483022965941,-0.10499265938658223,1.0,0.0
Milwaukee,2000-01-12 00:00:00,0.0,0.34619647541530363,0.3583954550705775,0.3666255582259426,-0.05749483022965941,-0.10499265938658223,1.0,0.0
Milwaukee,2000-01-12 01:00:00,0.0,0.34619647541530363,0.3583954550705775,0.3666255582259426,-0.05749483022965941,-0.10499265938658223,1.0,0.0
Milwaukee,2000-01-12 02:00:00,0.0,0.34619647541530363,0.3583954550705775,0.3666255582259426,-0.05749483022965941,-0.10499265938658223,1.0,0.0
Milwaukee,2000-01-12 03:00:00,0.0,0.34619647541530363,0.3583954550705775,0.3666255582259426,-0.05749483022965941,-0.10499265938658223,1.0,0.0
Milwaukee,2000-01-12 04:00:00,0.0,0.34619647541530363,0.3583954550705775,0.3666255582259426,-0.05749483022965941,-0.10499265938658223,1.0,0.0
Milwaukee,2000-01-12 05:00:00,0.0,0.34619647541530363,0.3583954550705775,0.3666255582259426,-0.05749483022965941,-0.10499265938658223,1.0,0.0
Milwaukee,2000-01-12 06:00:00,0.0,0.34619647541530363,0.3583954550705775,0.3666255582259426,-0.05749483022965941,-0.10499265938658223,1.0,0.0
Milwaukee,2000-01-12 07:00:00,0.0,0.34619647541530363,0.3583954550705775,0.3666255582259426,-0.05749483022965941,-0.10499265938658223,1.0,0.0
Milwaukee,2000-01-12 08:00:00,0.0,0.34619647541530363,0.3583954550705775,0.3666255582259426,-0.05749483022965941,-0.10499265938658223,1.0,0.0
Milwaukee,2000-01-12 09:00:00,0.0,0.34619647541530363,0.3583954550705775,0.3666255582259426,-0.05749483022965941,-0.10499265938658223,1.0,0.0
Milwaukee,2000-01-12 10:00:00,0.0,0.34619647541530363,0.3583954550705775,0.3666255582259426,-0.05749483022965941,-0.10499265938658223,1.0,0.0
Milwaukee,2000-01-12 11:00:00,0.0,0.34619647541530363,0.3583954550705775,0.3666255582259426,-0.05749483022965941,-0.10499265938658223,1.0,0.0
Milwaukee,2000-01-12 12:00:00,0.0,0.34619647541530363,0.3583954550705775,0.3666255582259426,-0.05749483022965941,-0.10499265938658223,1.0,0.0
Milwaukee,2000-01-12 13:00:00,0.0,0.34619647541530363,0.3583954550705775,0.3666255582259426,-0.05749483022965941,-0.10499265938658223,1.0,0.0
Milwaukee,2000-01-12 14:00:00,0.0,0.34619647541530363,0.3583954550705775,0.3666255582259426,-0.05749483022965941,-0.10499265938658223,1.0,0.0
Milwaukee,2000-01-12 15:00:00,0.20000000298023224,0.4036312859866724,0.40082695074191593,0.4055009521190948,0.2132605250572452,0.1903506171259148,0.8925731429893989,0.17851463125795505
Milwaukee,2000-01-12 16:00:00,0.0,0.34619647541530363,0.3583954550705775,0.3666255582259426,-0.05749483022965941,-0.10499265938658223,1.0,0.0
Milwaukee,2000-01-12 17:00:00,0.0,0.34619647541530363,0.3583954550705775,0.3666255582259426,-0.05749483022965941,-0.10499265938658223,1.0,0.0
Milwaukee,2000-01-12 18:00:00,0.0,0.34619647541530363,0.3583954550705775,0.3666255582259426,-0.05749483022965941,-0.10499265938658223,1.0,0.0
Milwaukee,2000-01-12 19:00:00,0.0,0.34619647541530363,0.3583954550705775,0.3666255582259426,-0.05749483022965941,-0.10499265938658223,1.0,0.0
Milwaukee,2000-01-12 20:00:00,0.10000000149011612,0.37493462778701603,0.37963028842970437,0.38608798432978486,0.077882847413793,0.04267897886966643,0.5479894519381427,0.05479894601038219
Milwaukee,2000-01-12 21:00:00,0.0,0.34619647541530363,0.3583954550705775,0.3666255582259426,-0.05749483022965941,-0.10499265938658223,1.0,0.0
Milwaukee,2000-01-12 22:00:00,0.10000000149011612,0.37493462778701603,0.37963028842970437,0.38608798432978486,0.077882847413793,0.04267897886966643,0.5479894519381427,0.05479894601038219
Milwaukee,2000-01-12 23:00:00,0.10000000149011612,0.37493462778701603,0.37963028842970437,0.38608798432978486,0.077882847413793,0.04267897886966643,0.5479894519381427,0.05479894601038219
Milwaukee,2000-01-13 00:00:00,0.10000000149011612,0.37493462778701603,0.37963028842970437,0.38608798432978486,0.077882847413793,0.04267897886966643,0.5479894519381427,0.05479894601038219
Milwaukee,2000-01-13 01:00:00,0.0,0.34619647541530363,0.3583954550705775,0.3666255582259426,-0.05749483022965941,-0.10499265938658223,1.0,0.0
Milwaukee,2000-01-13 02:00:00,0.10000000149011612,0.37493462778701603,0.37963028842970437,0.38608798432978486,0.077882847413793,0.04267897886966643,0.5479894519381427,0.05479894601038219
Milwaukee,2000-01-13 03:00:00,0.10000000149011612,0.37493462778701603,0.37963028842970437,0.38608798432978486,0.077882847413793,0.04267897886966643,0.5479894519381427,0.05479894601038219
Milwaukee,2000-01-13 04:00:00,0.10000000149011612,0.37493462778701603,0.37963028842970437,0.38608798432978486,0.077882847413793,0.04267897886966643,0.5479894519381427,0.05479894601038219
Milwaukee,2000-01-13 05:00:00,0.10000000149011612,0.37493462778701603,0.37963028842970437,0.38608798432978486,0.077882847413793,0.04267897886966643,0.5479894519381427,0.05479894601038219
Milwaukee,2000-01-13 06:00:00,0.30000000447034836,0.4321218104209064,0.4219192462835154,0.42481437583882836,0.3486382027006978,0.3380222553821637,0.9695502465412611,0.2908650782966057
Milwaukee,2000-01-13 07:00:00,0.4000000059604645,0.4602572840073257,0.44284563734884813,0.44398150563378375,0.4840158803441499,0.4856938936384119,1.0034668558665243,0.40138674832773824
Milwaukee,2000-01-13 08:00:00,0.5000000074505806,0.4879054674974853,0.4635494842166189,0.4629590707286823,0.6193935579876022,0.6333655318946606,1.0225575060103194,0.5112787606238068
Milwaukee,2000-01-13 09:00:00,0.20000000298023224,0.4036312859866724,0.40082695074191593,0.4055009521190948,0.2132605250572452,0.1903506171259148,0.8925731429893989,0.17851463125795505
Milwaukee,2000-01-13 10:00:00,0.10000000149011612,0.37493462778701603,0.37963028842970437,0.38608798432978486,0.077882847413793,0.04267897886966643,0.5479894519381427,0.05479894601038219
Milwaukee,2000-01-13 11:00:00,0.10000000149011612,0.37493462778701603,0.37963028842970437,0.38608798432978486,0.077882847413793,0.04267897886966643,0.5479894519381427,0.05479894601038219
Milwaukee,2000-01-13 12:00:00,0.10000000149011612,0.37493462778701603,0.37963028842970437,0.38608798432978486,0.077882847413793,0.04267897886966643,0.5479894519381427,0.05479894601038219
Milwaukee,2000-01-13 13:00:00,0.0,0.34619647541530363,0.3583954550705775,0.3666255582259426,-0.05749483022965941,-0.10499265938658223,1.0,0.0
Milwaukee,2000-01-13 14:00:00,0.0,0.34619647541530363,0.3583954550705775,0.3666255582259426,-0.05749483022965941,-0.10499265938658223,1.0,0.0
Milwaukee,2000-01-13 15:00:00,0.0,0.34619647541530363,0.3583954550705775,0.3666255582259426,-0.05749483022965941,-0.10499265938658223,1.0,0.0
Milwaukee,2000-01-13 16:00:00,0.0,0.34619647541530363,0.3583954550705775,0.3666255582259426,-0.05749483022965941,-0.10499265938658223,1.0,0.0
Milwaukee,2000-01-13 17:00:00,0.0,0.34619647541530363,0.3583954550705775,0.3666255582259426,-0.05749483022965941,-0.10499265938658223,1.0,0.0
Milwaukee,2000-01-13 18:00:00,0.0,0.34619647541530363,0.3583954550705775,0.3666255582259426,-0.05749483022965941,-0.10499265938658223,1.0,0.0
Milwaukee,2000-01-13 19:00:00,0.0,0.34619647541530363,0.3583954550705775,0.3666255582259426,-0.05749483022965941,-0.10499265938658223,1.0,0.0
Milwaukee,2000-01-13 20:00:00,0.0,0.34619647541530363,0.3583954550705775,0.3666255582259426,-0.05749483022965941,-0.10499265938658223,1.0,0.0
Milwaukee,2000-01-13 21:00:00,0.0,0.34619647541530363,0.3583954550705775,0.3666255582259426,-0.05749483022965941,-0.10499265938658223,1.0,0.0
Milwaukee,2000-01-13 22:00:00,0.0,0.34619647541530363,0.3583954550705775,0.3666255582259426,-0.05749483022965941,-0.10499265938658223,1.0,0.0
Milwaukee,2000-01-13 23:00:00,0.0,0.34619647541530363,0.3583954550705775,0.3666255582259426,-0.05749483022965941,-0.10499265938658223,1.0,0.0
Milwaukee,2000-01-14 00:00:00,0.0,0.34619647541530363,0.3583954550705775,0.3666255582259426,-0.05749483022965941,-0.10499265938658223,1.0,0.0
Milwaukee,2000-01-14 01:00:00,0.0,0.34619647541530363,0.3583954550705775,0.3666255582259426,-0.05749483022965941,-0.10499265938658223,1.0,0.0
Milwaukee,2000-01-14 02:00:00,0.0,0.34619647541530363,0.3583954550705775,0.3666255582259426,-0.05749483022965941,-0.10499265938658223,1.0,0.0
Milwaukee,2000-01-14 03:00:00,0.0,0.34619647541530363,0.3583954550705775,0.3666255582259426,-0.05749483022965941,-0.10499265938658223,1.0,0.0
Milwaukee,2000-01-14 04:00:00,0.0,0.34619647541530363,0.3583954550705775,0.3666255582259426,-0.05749483022965941,-0.10499265938658223,1.0,0.0
Milwaukee,2000-01-14 05:00:00,0.0,0.34619647541530363,0.3583954550705775,0.3666255582259426,-0.05749483022965941,-0.10499265938658223,1.0,0.0
Milwaukee,2000-01-14 06:00:00,0.0,0.34619647541530363,0.3583954550705775,0.3666255582259426,-0.05749483022965941,-0.10499265938658223,1.0,0.0
Milwaukee,2000-01-14 07:00:00,0.0,0.34619647541530363,0.3583954550705775,0.3666255582259426,-0.05749483022965941,-0.10499265938658223,1.0,0.0
Milwaukee,2000-01-14 08:00:00,0.0,0.34619647541530363,0.3583954550705775,0.3666255582259426,-0.05749483022965941,-0.10499265938658223,1.0,0.0
Milwaukee,2000-01-14 09:00:00,0.0,0.34619647541530363,0.3583954550705775,0.3666255582259426,-0.05749483022965941,-0.10499265938658223,1.0,0.0
Milwaukee,2000-01-14 10:00:00,0.0,0.34619647541530363,0.3583954550705775,0.3666255582259426,-0.05749483022965941,-0.10499265938658223,1.0,0.0
Milwaukee,2000-01-14 11:00:00,0.0,0.34619647541530363,0.3583954550705775,0.3666255582259426,-0.05749483022965941,-0.10499265938658223,1.0,0.0
Milwaukee,2000-01-14 12:00:00,0.0,0.34619647541530363,0.3583954550705775,0.3666255582259426,-0.05749483022965941,-0.10499265938658223,1.0,0.0
Milwaukee,2000-01-14 13:00:00,0.0,0.34619647541530363,0.3583954550705775,0.3666255582259426,-0.05749483022965941,-0.10499265938658223,1.0,0.0
Milwaukee,2000-01-14 14:00:00,0.0,0.34619647541530363,0.3583954550705775,0.3666255582259426,-0.05749483022965941,-0.10499265938658223,1.0,0.0
Milwaukee,2000-01-14 15:00:00,0.0,0.34619647541530363,0.3583954550705775,0.3666255582259426,-0.05749483022965941,-0.10499265938658223,1.0,0.0
Milwaukee,2000-01-14 16:00:00,0.0,0.34619647541530363,0.3583954550705775,0.3666255582259426,-0.05749483022965941,-0.10499265938658223,1.0,0.0
Milwaukee,2000-01-14 17:00:00,0.0,0.34619647541530363,0.3583954550705775,0.3666255582259426,-0.05749483022965941,-0.10499265938658223,1.0,0.0
Milwaukee,2000-01-14 18:00:00,0.0,0.34619647541530363,0.3583954550705775,0.3666255582259426,-0.05749483022965941,-0.10499265938658223,1.0,0.0
Milwaukee,2000-01-14 19:00:00,0.0,0.34619647541530363,0.3583954550705775,0.3666255582259426,-0.05749483022965941,-0.10499265938658223,1.0,0.0
Milwaukee,2000-01-14 20:00:00,0.0,0.34619647541530363,0.3583954550705775,0.3666255582259426,-0.05749483022965941,-0.10499265938658223,1.0,0.0
Milwaukee,2000-01-14 21:00:00,0.0,0.34619647541530363,0.3583954550705775,0.3666255582259426,-0.05749483022965941,-0.10499265938658223,1.0,0.0
Milwaukee,2000-01-14 22:00:00,0.0,0.34619647541530363,0.3583954550705775,0.3666255582259426,-0.05749483022965941,-0.10499265938658223,1.0,0.0
Milwaukee,2000-01-14 23:00:00,0.0,0.34619647541530363,0.3583954550705775,0.3666255582259426,-0.05749483022965941,-0.10499265938658223,1.0,0.0
Milwaukee,2000-01-15 00:00:00,0.0,0.34619647541530363,0.3583954550705775,0.3666255582259426,-0.05749483022965941,-0.10499265938658223,1.0,0.0
Milwaukee,2000-01-15 01:00:00,0.0,0.34619647541530363,0.3583954550705775,0.3666255582259426,-0.05749483022965941,-0.10499265938658223,1.0,0.0
Milwaukee,2000-01-15 02:00:00,0.0,0.34619647541530363,0.3583954550705775,0.3666255582259426,-0.05749483022965941,-0.10499265938658223,1.0,0.0
Milwaukee,2000-01-15 03:00:00,0.0,0.34619647541530363,0.3583954550705775,0.3666255582259426,-0.05749483022965941,-0.10499265938658223,1.0,0.0
Milwaukee,2000-01-15 04:00:00,0.0,0.34619647541530363,0.3583954550705775,0.3666255582259426,-0.05749483022965941,-0.10499265938658223,1.0,0.0
Milwaukee,2000-01-15 05:00:00,0.0,0.34619647541530363,0.3583954550705775,0.3666255582259426,-0.05749483022965941,-0.10499265938658223,1.0,0.0
Milwaukee,2000-01-15 06:00:00,0.0,0.34619647541530363,0.3583954550705775,0.3666255582259426,-0.05749483022965941,-0.10499265938658223,1.0,0.0
Milwaukee,2000-01-15 07:00:00,0.0,0.34619647541530363,0.3583954550705775,0.3666255582259426,-0.05749483022965941,-0.10499265938658223,1.0,0.0
Milwaukee,2000-01-15 08:00:00,0.0,0.34619647541530363,0.3583954550705775,0.3666255582259426,-0.05749483022965941,-0.10499265938658223,1.0,0.0
Milwaukee,2000-01-15 09:00:00,0.0,0.34619647541530363,0.3583954550705775,0.3666255582259426,-0.05749483022965941,-0.10499265938658223,1.0,0.0
Milwaukee,2000-01-15 10:00:00,0.0,0.34619647541530363,0.3583954550705775,0.3666255582259426,-0.05749483022965941,-0.10499265938658223,1.0,0.0
Milwaukee,2000-01-15 11:00:00,0.0,0.34619647541530363,0.3583954550705775,0.3666255582259426,-0.05749483022965941,-0.10499265938658223,1.0,0.0
Milwaukee,2000-01-15 12:00:00,0.0,0.34619647541530363,0.3583954550705775,0.3666255582259426,-0.05749483022965941,-0.10499265938658223,1.0,0.0
Milwaukee,2000-01-15 13:00:00,0.0,0.34619647541530363,0.3583954550705775,0.3666255582259426,-0.05749483022965941,-0.10499265938658223,1.0,0.0
Milwaukee,2000-01-15 14:00:00,0.0,0.34619647541530363,0.3583954550705775,0.3666255582259426,-0.05749483022965941,-0.10499265938658223,1.0,0.0
Milwaukee,2000-01-15 15:00:00,0.0,0.34619647541530363,0.3583954550705775,0.3666255582259426,-0.05749483022965941,-0.10499265938658223,1.0,0.0
Milwaukee,2000-01-15 16:00:00,0.0,0.34619647541530363,0.3583954550705775,0.3666255582259426,-0.05749483022965941,-0.10499265938658223,1.0,0.0
Milwaukee,2000-01-15 17:00:00,0.0,0.34619647541530363,0.3583954550705775,0.3666255582259426,-0.05749483022965941,-0.10499265938658223,1.0,0.0
Milwaukee,2000-01-15 18:00:00,0.0,0.34619647541530363,0.3583954550705775,0.3666255582259426,-0.05749483022965941,-0.10499265938658223,1.0,0.0
Milwaukee,2000-01-15 19:00:00,0.0,0.34619647541530363,0.3583954550705775,0.3666255582259426,-0.05749483022965941,-0.10499265938658223,1.0,0.0
Milwaukee,2000-01-15 20:00:00,0.0,0.34619647541530363,0.3583954550705775,0.3666255582259426,-0.05749483022965941,-0.10499265938658223,1.0,0.0
Milwaukee,2000-01-15 21:00:00,0.0,0.34619647541530363,0.3583954550705775,0.3666255582259426,-0.05749483022965941,-0.10499265938658223,1.0,0.0
Milwaukee,2000-01-15 22:00:00,0.0,0.34619647541530363,0.3583954550705775,0.3666255582259426,-0.05749483022965941,-0.10499265938658223,1.0,0.0
Milwaukee,2000-01-15 23:00:00,0.0,0.34619647541530363,0.3583954550705775,0.3666255582259426,-0.05749483022965941,-0.10499265938658223,1.0,0.0
Milwaukee,2000-01-16 00:00:00,0.0,0.34619647541530363,0.3583954550705775,0.3666255582259426,-0.05749483022965941,-0.10499265938658223,1.0,0.0
Milwaukee,2000-01-16 01:00:00,0.0,0.34619647541530363,0.3583954550705775,0.3666255582259426,-0.05749483022965941,-0.10499265938658223,1.0,0.0
Milwaukee,2000-01-16 02:00:00,0.0,0.34619647541530363,0.3583954550705775,0.3666255582259426,-0.05749483022965941,-0.10499265938658223,1.0,0.0
Milwaukee,2000-01-16 03:00:00,0.0,0.34619647541530363,0.3583954550705775,0.3666255582259426,-0.05749483022965941,-0.10499265938658223,1.0,0.0
Milwaukee,2000-01-16 04:00:00,0.0,0.34619647541530363,0.3583954550705775,0.3666255582259426,-0.05749483022965941,-0.10499265938658223,1.0,0.0
Milwaukee,2000-01-16 05:00:00,0.0,0.34619647541530363,0.3583954550705775,0.3666255582259426,-0.05749483022965941,-0.10499265938658223,1.0,0.0
Milwaukee,2000-01-16 06:00:00,0.0,0.34619647541530363,0.3583954550705775,0.3666255582259426,-0.05749483022965941,-0.10499265938658223,1.0,0.0
Milwaukee,2000-01-16 07:00:00,0.0,0.34619647541530363,0.3583954550705775,0.3666255582259426,-0.05749483022965941,-0.10499265938658223,1.0,0.0
Milwaukee,2000-01-16 08:00:00,0.0,0.34619647541530363,0.3583954550705775,0.3666255582259426,-0.05749483022965941,-0.10499265938658223,1.0,0.0
Milwaukee,2000-01-16 09:00:00,0.0,0.34619647541530363,0.3583954550705775,0.3666255582259426,-0.05749483022965941,-0.10499265938658223,1.0,0.0
Milwaukee,2000-01-16 10:00:00,0.0,0.34619647541530363,0.3583954550705775,0.3666255582259426,-0.05749483022965941,-0.10499265938658223,1.0,0.0
Milwaukee,2000-01-16 11:00:00,0.0,0.34619647541530363,0.3583954550705775,0.3666255582259426,-0.05749483022965941,-0.10499265938658223,1.0,0.0
Milwaukee,2000-01-16 12:00:00,0.0,0.34619647541530363,0.3583954550705775,0.3666255582259426,-0.05749483022965941,-0.10499265938658223,1.0,0.0
Milwaukee,2000-01-16 13:00:00,0.0,0.34619647541530363,0.3583954550705775,0.3666255582259426,-0.05749483022965941,-0.10499265938658223,1.0,0.0
Milwaukee,2000-01-16 14:00:00,0.0,0.34619647541530363,0.3583954550705775,0.3666255582259426,-0.05749483022965941,-0.10499265938658223,1.0,0.0
Milwaukee,2000-01-16 15:00:00,0.0,0.34619647541530363,0.3583954550705775,0.3666255582259426,-0.05749483022965941,-0.10499265938658223,1.0,0.0
Milwaukee,2000-01-16 16:00:00,0.0,0.34619647541530363,0.3583954550705775,0.3666255582259426,-0.05749483022965941,-0.10499265938658223,1.0,0.0
Milwaukee,2000-01-16 17:00:00,0.0,0.34619647541530363,0.3583954550705775,0.3666255582259426,-0.05749483022965941,-0.10499265938658223,1.0,0.0
Milwaukee,2000-01-16 18:00:00,0.0,0.34619647541530363,0.3583954550705775,0.3666255582259426,-0.05749483022965941,-0.10499265938658223,1.0,0.0
Milwaukee,2000-01-16 19:00:00,0.0,0.34619647541530363,0.3583954550705775,0.3666255582259426,-0.05749483022965941,-0.10499265938658223,1.0,0.0
Milwaukee,2000-01-16 20:00:00,0.0,0.34619647541530363,0.3583954550705775,0.3666255582259426,-0.05749483022965941,-0.10499265938658223,1.0,0.0
Milwaukee,2000-01-16 21:00:00,0.0,0.34619647541530363,0.3583954550705775,0.3666255582259426,-0.05749483022965941,-0.10499265938658223,1.0,0.0
Milwaukee,2000-01-16 22:00:00,0.0,0.34619647541530363,0.3583954550705775,0.3666255582259426,-0.05749483022965941,-0.10499265938658223,1.0,0.0
Milwaukee,2000-01-16 23:00:00,0.0,0.34619647541530363,0.3583954550705775,0.3666255582259426,-0.05749483022965941,-0.10499265938658223,1.0,0.0
Milwaukee,2000-01-17 00:00:00,0.0,0.34619647541530363,0.3583954550705775,0.3666255582259426,-0.05749483022965941,-0.10499265938658223,1.0,0.0
Milwaukee,2000-01-17 01:00:00,0.0,0.34619647541530363,0.3583954550705775,0.3666255582259426,-0.05749483022965941,-0.10499265938658223,1.0,0.0
Milwaukee,2000-01-17 02:00:00,0.0,0.34619647541530363,0.3583954550705775,0.3666255582259426,-0.05749483022965941,-0.10499265938658223,1.0,0.0
Milwaukee,2000-01-17 03:00:00,0.0,0.34619647541530363,0.3583954550705775,0.3666255582259426,-0.05749483022965941,-0.10499265938658223,1.0,0.0
Milwaukee,2000-01-17 04:00:00,0.0,0.34619647541530363,0.3583954550705775,0.3666255582259426,-0.05749483022965941,-0.10499265938658223,1.0,0.0
Milwaukee,2000-01-17 05:00:00,0.0,0.34619647541530363,0.3583954550705775,0.3666255582259426,-0.05749483022965941,-0.10499265938658223,1.0,0.0
Milwaukee,2000-01-17 06:00:00,0.0,0.34619647541530363,0.3583954550705775,0.3666255582259426,-0.05749483022965941,-0.10499265938658223,1.0,0.0
Milwaukee,2000-01-17 07:00:00,0.0,0.34619647541530363,0.3583954550705775,0.3666255582259426,-0.05749483022965941,-0.10499265938658223,1.0,0.0
Milwaukee,2000-01-17 08:00:00,0.0,0.34619647541530363,0.3583954550705775,0.3666255582259426,-0.05749483022965941,-0.10499265938658223,1.0,0.0
Milwaukee,2000-01-17 09:00:00,0.0,0.34619647541530363,0.3583954550705775,0.3666255582259426,-0.05749483022965941,-0.10499265938658223,1.0,0.0
Milwaukee,2000-01-17 10:00:00,0.0,0.34619647541530363,0.3583954550705775,0.3666255582259426,-0.05749483022965941,-0.10499265938658223,1.0,0.0
Milwaukee,2000-01-17 11:00:00,0.0,0.34619647541530363,0.3583954550705775,0.3666255582259426,-0.05749483022965941,-0.10499265938658223,1.0,0.0
Milwaukee,2000-01-17 12:00:00,0.0,0.34619647541530363,0.3583954550705775,0.3666255582259426,-0.05749483022965941,-0.10499265938658223,1.0,0.0
Milwaukee,2000-01-17 13:00:00,0.0,0.34619647541530363,0.3583954550705775,0.3666255582259426,-0.05749483022965941,-0.10499265938658223,1.0,0.0
Milwaukee,2000-01-17 14:00:00,0.0,0.34619647541530363,0.3583954550705775,0.3666255582259426,-0.05749483022965941,-0.10499265938658223,1.0,0.0
Milwaukee,2000-01-17 15:00:00,0.0,0.34619647541530363,0.3583954550705775,0.3666255582259426,-0.05749483022965941,-0.10499265938658223,1.0,0.0
Milwaukee,2000-01-17 16:00:00,0.0,0.34619647541530363,0.3583954550705775,0.3666255582259426,-0.05749483022965941,-0.10499265938658223,1.0,0.0
Milwaukee,2000-01-17 17:00:00,0.0,0.34619647541530363,0.3583954550705775,0.3666255582259426,-0.05749483022965941,-0.10499265938658223,1.0,0.0
Milwaukee,2000-01-17 18:00:00,0.0,0.34619647541530363,0.3583954550705775,0.3666255582259426,-0.05749483022965941,-0.10499265938658223,1.0,0.0
Milwaukee,2000-01-17 19:00:00,0.10000000149011612,0.37493462778701603,0.37963028842970437,0.38608798432978486,0.077882847413793,0.04267897886966643,0.5479894519381427,0.05479894601038219
Milwaukee,2000-01-17 20:00:00,0.30000000447034836,0.4321218104209064,0.4219192462835154,0.42481437583882836,0.3486382027006978,0.3380222553821637,0.9695502465412611,0.2908650782966057
Milwaukee,2000-01-17 21:00:00,0.4000000059604645,0.4602572840073257,0.44284563734884813,0.44398150563378375,0.4840158803441499,0.4856938936384119,1.0034668558665243,0.40138674832773824
Milwaukee,2000-01-17 22:00:00,0.20000000298023224,0.4036312859866724,0.40082695074191593,0.4055009521190948,0.2132605250572452,0.1903506171259148,0.8925731429893989,0.17851463125795505
Milwaukee,2000-01-17 23:00:00,0.0,0.34619647541530363,0.3583954550705775,0.3666255582259426,-0.05749483022965941,-0.10499265938658223,1.0,0.0
Milwaukee,2000-01-18 00:00:00,0.10000000149011612,0.37493462778701603,0.37963028842970437,0.38608798432978486,0.077882847413793,0.04267897886966643,0.5479894519381427,0.05479894601038219
Milwaukee,2000-01-18 01:00:00,0.0,0.34619647541530363,0.3583954550705775,0.3666255582259426,-0.05749483022965941,-0.10499265938658223,1.0,0.0
Milwaukee,2000-01-18 02:00:00,0.0,0.34619647541530363,0.3583954550705775,0.3666255582259426,-0.05749483022965941,-0.10499265938658223,1.0,0.0
Milwaukee,2000-01-18 03:00:00,0.10000000149011612,0.37493462778701603,0.37963028842970437,0.38608798432978486,0.077882847413793,0.04267897886966643,0.5479894519381427,0.05479894601038219
Milwaukee,2000-01-18 04:00:00,0.10000000149011612,0.37493462778701603,0.37963028842970437,0.38608798432978486,0.077882847413793,0.04267897886966643,0.5479894519381427,0.05479894601038219
Milwaukee,2000-01-18 05:00:00,0.0,0.34619647541530363,0.3583954550705775,0.3666255582259426,-0.05749483022965941,-0.10499265938658223,1.0,0.0
Milwaukee,2000-01-18 06:00:00,0.0,0.34619647541530363,0.3583954550705775,0.3666255582259426,-0.05749483022965941,-0.10499265938658223,1.0,0.0
Milwaukee,2000-01-18 07:00:00,0.0,0.34619647541530363,0.3583954550705775,0.3666255582259426,-0.05749483022965941,-0.10499265938658223,1.0,0.0
Milwaukee,2000-01-18 08:00:00,0.0,0.34619647541530363,0.3583954550705775,0.3666255582259426,-0.05749483022965941,-0.10499265938658223,1.0,0.0
Milwaukee,2000-01-18 09:00:00,0.0,0.34619647541530363,0.3583954550705775,0.3666255582259426,-0.05749483022965941,-0.10499265938658223,1.0,0.0
Milwaukee,2000-01-18 10:00:00,0.0,0.34619647541530363,0.3583954550705775,0.3666255582259426,-0.05749483022965941,-0.10499265938658223,1.0,0.0
Milwaukee,2000-01-18 11:00:00,0.0,0.34619647541530363,0.3583954550705775,0.3666255582259426,-0.05749483022965941,-0.10499265938658223,1.0,0.0
Milwaukee,2000-01-18 12:00:00,0.0,0.34619647541530363,0.3583954550705775,0.3666255582259426,-0.05749483022965941,-0.10499265938658223,1.0,0.0
Milwaukee,2000-01-18 13:00:00,0.0,0.34619647541530363,0.3583954550705775,0.3666255582259426,-0.05749483022965941,-0.10499265938658223,1.0,0.0
Milwaukee,2000-01-18 14:00:00,0.0,0.34619647541530363,0.3583954550705775,0.3666255582259426,-0.05749483022965941,-0.10499265938658223,1.0,0.0
Milwaukee,2000-01-18 15:00:00,0.0,0.34619647541530363,0.3583954550705775,0.3666255582259426,-0.05749483022965941,-0.10499265938658223,1.0,0.0
Milwaukee,2000-01-18 16:00:00,0.0,0.34619647541530363,0.3583954550705775,0.3666255582259426,-0.05749483022965941,-0.10499265938658223,1.0,0.0
Milwaukee,2000-01-18 17:00:00,0.0,0.34619647541530363,0.3583954550705775,0.3666255582259426,-0.05749483022965941,-0.10499265938658223,1.0,0.0
Milwaukee,2000-01-18 18:00:00,0.0,0.34619647541530363,0.3583954550705775,0.3666255582259426,-0.05749483022965941,-0.10499265938658223,1.0,0.0
Milwaukee,2000-01-18 19:00:00,0.0,0.34619647541530363,0.3583954550705775,0.3666255582259426,-0.05749483022965941,-0.10499265938658223,1.0,0.0
Milwaukee,2000-01-18 20:00:00,0.0,0.34619647541530363,0.3583954550705775,0.3666255582259426,-0.05749483022965941,-0.10499265938658223,1.0,0.0
Milwaukee,2000-01-18 21:00:00,0.0,0.34619647541530363,0.3583954550705775,0.3666255582259426,-0.05749483022965941,-0.10499265938658223,1.0,0.0
Milwaukee,2000-01-18 22:00:00,0.0,0.34619647541530363,0.3583954550705775,0.3666255582259426,-0.05749483022965941,-0.10499265938658223,1.0,0.0
Milwaukee,2000-01-18 23:00:00,0.0,0.34619647541530363,0.3583954550705775,0.3666255582259426,-0.05749483022965941,-0.10499265938658223,1.0,0.0
Milwaukee,2000-01-19 00:00:00,0.0,0.34619647541530363,0.3583954550705775,0.3666255582259426,-0.05749483022965941,-0.10499265938658223,1.0,0.0
Milwaukee,2000-01-19 01:00:00,0.0,0.34619647541530363,0.3583954550705775,0.3666255582259426,-0.05749483022965941,-0.10499265938658223,1.0,0.0
Milwaukee,2000-01-19 02:00:00,0.0,0.34619647541530363,0.3583954550705775,0.3666255582259426,-0.05749483022965941,-0.10499265938658223,1.0,0.0
Milwaukee,2000-01-19 03:00:00,0.0,0.34619647541530363,0.3583954550705775,0.3666255582259426,-0.05749483022965941,-0.10499265938658223,1.0,0.0
Milwaukee,2000-01-19 04:00:00,0.0,0.34619647541530363,0.3583954550705775,0.3666255582259426,-0.05749483022965941,-0.10499265938658223,1.0,0.0
Milwaukee,2000-01-19 05:00:00,0.0,0.34619647541530363,0.3583954550705775,0.3666255582259426,-0.05749483022965941,-0.10499265938658223,1.0,0.0
Milwaukee,2000-01-19 06:00:00,0.0,0.34619647541530363,0.3583954550705775,0.3666255582259426,-0.05749483022965941,-0.10499265938658223,1.0,0.0
Milwaukee,2000-01-19 07:00:00,0.0,0.34619647541530363,0.3583954550705775,0.3666255582259426,-0.05749483022965941,-0.10499265938658223,1.0,0.0
Milwaukee,2000-01-19 08:00:00,0.0,0.34619647541530363,0.3583954550705775,0.3666255582259426,-0.05749483022965941,-0.10499265938658223,1.0,0.0
Milwaukee,2000-01-19 09:00:00,0.0,0.34619647541530363,0.3583954550705775,0.3666255582259426,-0.05749483022965941,-0.10499265938658223,1.0,0.0
Milwaukee,2000-01-19 10:00:00,0.0,0.34619647541530363,0.3583954550705775,0.3666255582259426,-0.05749483022965941,-0.10499265938658223,1.0,0.0
Milwaukee,2000-01-19 11:00:00,0.0,0.34619647541530363,0.3583954550705775,0.3666255582259426,-0.05749483022965941,-0.10499265938658223,1.0,0.0
Milwaukee,2000-01-19 12:00:00,0.0,0.34619647541530363,0.3583954550705775,0.3666255582259426,-0.05749483022965941,-0.10499265938658223,1.0,0.0
Milwaukee,2000-01-19 13:00:00,0.0,0.34619647541530363,0.3583954550705775,0.3666255582259426,-0.05749483022965941,-0.10499265938658223,1.0,0.0
Milwaukee,2000-01-19 14:00:00,0.0,0.34619647541530363,0.3583954550705775,0.3666255582259426,-0.05749483022965941,-0.10499265938658223,1.0,0.0
Milwaukee,2000-01-19 15:00:00,0.0,0.34619647541530363,0.3583954550705775,0.3666255582259426,-0.05749483022965941,-0.10499265938658223,1.0,0.0
Milwaukee,2000-01-19 16:00:00,0.0,0.34619647541530363,0.3583954550705775,0.3666255582259426,-0.05749483022965941,-0.10499265938658223,1.0,0.0
Milwaukee,2000-01-19 17:00:00,0.0,0.34619647541530363,0.3583954550705775,0.3666255582259426,-0.05749483022965941,-0.10499265938658223,1.0,0.0
Milwaukee,2000-01-19 18:00:00,0.0,0.34619647541530363,0.3583954550705775,0.3666255582259426,-0.05749483022965941,-0.10499265938658223,1.0,0.0
Milwaukee,2000-01-19 19:00:00,0.10000000149011612,0.37493462778701603,0.37963028842970437,0.38608798432978486,0.077882847413793,0.04267897886966643,0.5479894519381427,0.05479894601038219
Milwaukee,2000-01-19 20:00:00,0.30000000447034836,0.4321218104209064,0.4219192462835154,0.42481437583882836,0.3486382027006978,0.3380222553821637,0.9695502465412611,0.2908650782966057
Milwaukee,2000-01-19 21:00:00,0.800000011920929,0.5668587624286637,0.5238351948323483,0.518375294178048,1.0255265909179592,1.0763804466634062,1.0495880420808272,0.8396704461767263
Milwaukee,2000-01-19 22:00:00,1.0000000149011612,0.6153868482101035,0.562101850089929,0.5537391217635472,1.296281946204864,1.3717237231759034,1.0581985864972592,1.0581986022656469
Milwaukee,2000-01-19 23:00:00,0.30000000447034836,0.4321218104209064,0.4219192462835154,0.42481437583882836,0.3486382027006978,0.3380222553821637,0.9695502465412611,0.2908650782966057
Milwaukee,2000-01-20 00:00:00,0.5000000074505806,0.4879054674974853,0.4635494842166189,0.4629590707286823,0.6193935579876022,0.6333655318946606,1.0225575060103194,0.5112787606238068
Milwaukee,2000-01-20 01:00:00,0.800000011920929,0.5668587624286637,0.5238351948323483,0.518375294178048,1.0255265909179592,1.0763804466634062,1.0495880420808272,0.8396704461767263
Milwaukee,2000-01-20 02:00:00,1.2000000178813934,0.6601755800539598,0.5985443956502143,0.5876076480726564,1.5670373014917685,1.6670669996884002,1.063833642059067,1.2766003894937084
Milwaukee,2000-01-20 03:00:00,0.7000000104308128,0.5412961978369442,0.5040882360000163,0.5001902799477915,0.8901489132745067,0.9287088084071575,1.0433184768948425,0.7303229447090495
Milwaukee,2000-01-20 04:00:00,0.30000000447034836,0.4321218104209064,0.4219192462835154,0.42481437583882836,0.3486382027006978,0.3380222553821637,0.9695502465412611,0.2908650782966057
Milwaukee,2000-01-20 05:00:00,0.20000000298023224,0.4036312859866724,0.40082695074191593,0.4055009521190948,0.2132605250572452,0.1903506171259148,0.8925731429893989,0.17851463125795505
Milwaukee,2000-01-20 06:00:00,0.10000000149011612,0.37493462778701603,0.37963028842970437,0.38608798432978486,0.077882847413793,0.04267897886966643,0.5479894519381427,0.05479894601038219
Milwaukee,2000-01-20 07:00:00,0.0,0.34619647541530363,0.3583954550705775,0.3666255582259426,-0.05749483022965941,-0.10499265938658223,1.0,0.0
Milwaukee,2000-01-20 08:00:00,0.0,0.34619647541530363,0.3583954550705775,0.3666255582259426,-0.05749483022965941,-0.10499265938658223,1.0,0.0
Milwaukee,2000-01-20 09:00:00,0.0,0.34619647541530363,0.3583954550705775,0.3666255582259426,-0.05749483022965941,-0.10499265938658223,1.0,0.0
Milwaukee,2000-01-20 10:00:00,0.0,0.34619647541530363,0.3583954550705775,0.3666255582259426,-0.05749483022965941,-0.10499265938658223,1.0,0.0
Milwaukee,2000-01-20 11:00:00,0.0,0.34619647541530363,0.3583954550705775,0.3666255582259426,-0.05749483022965941,-0.10499265938658223,1.0,0.0
Milwaukee,2000-01-20 12:00:00,0.0,0.34619647541530363,0.3583954550705775,0.3666255582259426,-0.05749483022965941,-0.10499265938658223,1.0,0.0
Milwaukee,2000-01-20 13:00:00,0.0,0.34619647541530363,0.3583954550705775,0.3666255582259426,-0.05749483022965941,-0.10499265938658223,1.0,0.0
Milwaukee,2000-01-20 14:00:00,0.0,0.34619647541530363,0.3583954550705775,0.3666255582259426,-0.05749483022965941,-0.10499265938658223,1.0,0.0
Milwaukee,2000-01-20 15:00:00,0.0,0.34619647541530363,0.3583954550705775,0.3666255582259426,-0.05749483022965941,-0.10499265938658223,1.0,0.0
Milwaukee,2000-01-20 16:00:00,0.0,0.34619647541530363,0.3583954550705775,0.3666255582259426,-0.05749483022965941,-0.10499265938658223,1.0,0.0
Milwaukee,2000-01-20 17:00:00,0.0,0.34619647541530363,0.3583954550705775,0.3666255582259426,-0.05749483022965941,-0.10499265938658223,1.0,0.0
Milwaukee,2000-01-20 18:00:00,0.0,0.34619647541530363,0.3583954550705775,0.3666255582259426,-0.05749483022965941,-0.10499265938658223,1.0,0.0
Milwaukee,2000-01-20 19:00:00,0.0,0.34619647541530363,0.3583954550705775,0.3666255582259426,-0.05749483022965941,-0.10499265938658223,1.0,0.0
Milwaukee,2000-01-20 20:00:00,0.0,0.34619647541530363,0.3583954550705775,0.3666255582259426,-0.05749483022965941,-0.10499265938658223,1.0,0.0
Milwaukee,2000-01-20 21:00:00,0.0,0.34619647541530363,0.3583954550705775,0.3666255582259426,-0.05749483022965941,-0.10499265938658223,1.0,0.0
Milwaukee,2000-01-20 22:00:00,0.0,0.34619647541530363,0.3583954550705775,0.3666255582259426,-0.05749483022965941,-0.10499265938658223,1.0,0.0
Milwaukee,2000-01-20 23:00:00,0.0,0.34619647541530363,0.3583954550705775,0.3666255582259426,-0.05749483022965941,-0.10499265938658223,1.0,0.0
Milwaukee,2000-01-21 00:00:00,0.0,0.34619647541530363,0.3583954550705775,0.3666255582259426,-0.05749483022965941,-0.10499265938658223,1.0,0.0
Milwaukee,2000-01-21 01:00:00,0.0,0.34619647541530363,0.3583954550705775,0.3666255582259426,-0.05749483022965941,-0.10499265938658223,1.0,0.0
Milwaukee,2000-01-21 02:00:00,0.0,0.34619647541530363,0.3583954550705775,0.3666255582259426,-0.05749483022965941,-0.10499265938658223,1.0,0.0
Milwaukee,2000-01-21 03:00:00,0.0,0.34619647541530363,0.3583954550705775,0.3666255582259426,-0.05749483022965941,-0.10499265938658223,1.0,0.0
Milwaukee,2000-01-21 04:00:00,0.0,0.34619647541530363,0.3583954550705775,0.3666255582259426,-0.05749483022965941,-0.10499265938658223,1.0,0.0
Milwaukee,2000-01-21 05:00:00,0.0,0.34619647541530363,0.3583954550705775,0.3666255582259426,-0.05749483022965941,-0.10499265938658223,1.0,0.0
Milwaukee,2000-01-21 06:00:00,0.0,0.34619647541530363,0.3583954550705775,0.3666255582259426,-0.05749483022965941,-0.10499265938658223,1.0,0.0
Milwaukee,2000-01-21 07:00:00,0.0,0.34619647541530363,0.3583954550705775,0.3666255582259426,-0.05749483022965941,-0.10499265938658223,1.0,0.0
Milwaukee,2000-01-21 08:00:00,0.0,0.34619647541530363,0.3583954550705775,0.3666255582259426,-0.05749483022965941,-0.10499265938658223,1.0,0.0
Milwaukee,2000-01-21 09:00:00,0.0,0.34619647541530363,0.3583954550705775,0.3666255582259426,-0.05749483022965941,-0.10499265938658223,1.0,0.0
Milwaukee,2000-01-21 10:00:00,0.0,0.34619647541530363,0.3583954550705775,0.3666255582259426,-0.05749483022965941,-0.10499265938658223,1.0,0.0
Milwaukee,2000-01-21 11:00:00,0.0,0.34619647541530363,0.3583954550705775,0.3666255582259426,-0.05749483022965941,-0.10499265938658223,1.0,0.0
Milwaukee,2000-01-21 12:00:00,0.0,0.34619647541530363,0.3583954550705775,0.3666255582259426,-0.05749483022965941,-0.10499265938658223,1.0,0.0
Milwaukee,2000-01-21 13:00:00,0.0,0.34619647541530363,0.3583954550705775,0.3666255582259426,-0.05749483022965941,-0.10499265938658223,1.0,0.0
Milwaukee,2000-01-21 14:00:00,0.0,0.34619647541530363,0.3583954550705775,0.3666255582259426,-0.05749483022965941,-0.10499265938658223,1.0,0.0
Milwaukee,2000-01-21 15:00:00,0.0,0.34619647541530363,0.3583954550705775,0.3666255582259426,-0.05749483022965941,-0.10499265938658223,1.0,0.0
Milwaukee,2000-01-21 16:00:00,0.0,0.34619647541530363,0.3583954550705775,0.3666255582259426,-0.05749483022965941,-0.10499265938658223,1.0,0.0
Milwaukee,2000-01-21 17:00:00,0.0,0.34619647541530363,0.3583954550705775,0.3666255582259426,-0.05749483022965941,-0.10499265938658223,1.0,0.0
Milwaukee,2000-01-21 18:00:00,0.0,0.34619647541530363,0.3583954550705775,0.3666255582259426,-0.05749483022965941,-0.10499265938658223,1.0,0.0
Milwaukee,2000-01-21 19:00:00,0.0,0.34619647541530363,0.3583954550705775,0.3666255582259426,-0.05749483022965941,-0.10499265938658223,1.0,0.0
Milwaukee,2000-01-21 20:00:00,0.0,0.34619647541530363,0.3583954550705775,0.3666255582259426,-0.05749483022965941,-0.10499265938658223,1.0,0.0
Milwaukee,2000-01-21 21:00:00,0.0,0.34619647541530363,0.3583954550705775,0.3666255582259426,-0.05749483022965941,-0.10499265938658223,1.0,0.0
Milwaukee,2000-01-21 22:00:00,0.0,0.34619647541530363,0.3583954550705775,0.3666255582259426,-0.05749483022965941,-0.10499265938658223,1.0,0.0
Milwaukee,2000-01-21 23:00:00,0.0,0.34619647541530363,0.3583954550705775,0.3666255582259426,-0.05749483022965941,-0.10499265938658223,1.0,0.0
Milwaukee,2000-01-22 00:00:00,0.0,0.34619647541530363,0.3583954550705775,0.3666255582259426,-0.05749483022965941,-0.10499265938658223,1.0,0.0
Milwaukee,2000-01-22 01:00:00,0.0,0.34619647541530363,0.3583954550705775,0.3666255582259426,-0.05749483022965941,-0.10499265938658223,1.0,0.0
Milwaukee,2000-01-22 02:00:00,0.0,0.34619647541530363,0.3583954550705775,0.3666255582259426,-0.05749483022965941,-0.10499265938658223,1.0,0.0
Milwaukee,2000-01-22 03:00:00,0.0,0.34619647541530363,0.3583954550705775,0.3666255582259426,-0.05749483022965941,-0.10499265938658223,1.0,0.0
Milwaukee,2000-01-22 04:00:00,0.0,0.34619647541530363,0.3583954550705775,0.3666255582259426,-0.05749483022965941,-0.10499265938658223,1.0,0.0
Milwaukee,2000-01-22 05:00:00,0.0,0.34619647541530363,0.3583954550705775,0.3666255582259426,-0.05749483022965941,-0.10499265938658223,1.0,0.0
Milwaukee,2000-01-22 06:00:00,0.0,0.34619647541530363,0.3583954550705775,0.3666255582259426,-0.05749483022965941,-0.10499265938658223,1.0,0.0
Milwaukee,2000-01-22 07:00:00,0.0,0.34619647541530363,0.3583954550705775,0.3666255582259426,-0.05749483022965941,-0.10499265938658223,1.0,0.0
Milwaukee,2000-01-22 08:00:00,0.0,0.34619647541530363,0.3583954550705775,0.3666255582259426,-0.05749483022965941,-0.10499265938658223,1.0,0.0
Milwaukee,2000-01-22 09:00:00,0.0,0.34619647541530363,0.3583954550705775,0.3666255582259426,-0.05749483022965941,-0.10499265938658223,1.0,0.0
Milwaukee,2000-01-22 10:00:00,0.10000000149011612,0.37493462778701603,0.37963028842970437,0.38608798432978486,0.077882847413793,0.04267897886966643,0.5479894519381427,0.05479894601038219
Milwaukee,2000-01-22 11:00:00,0.20000000298023224,0.4036312859866724,0.40082695074191593,0.4055009521190948,0.2132605250572452,0.1903506171259148,0.8925731429893989,0.17851463125795505
Milwaukee,2000-01-22 12:00:00,0.4000000059604645,0.4602572840073257,0.44284563734884813,0.44398150563378375,0.4840158803441499,0.4856938936384119,1.0034668558665243,0.40138674832773824
Milwaukee,2000-01-22 13:00:00,0.0,0.34619647541530363,0.3583954550705775,0.3666255582259426,-0.05749483022965941,-0.10499265938658223,1.0,0.0
Milwaukee,2000-01-22 14:00:00,0.10000000149011612,0.37493462778701603,0.37963028842970437,0.38608798432978486,0.077882847413793,0.04267897886966643,0.5479894519381427,0.05479894601038219
Milwaukee,2000-01-22 15:00:00,0.30000000447034836,0.4321218104209064,0.4219192462835154,0.42481437583882836,0.3486382027006978,0.3380222553821637,0.9695502465412611,0.2908650782966057
Milwaukee,2000-01-22 16:00:00,0.10000000149011612,0.37493462778701603,0.37963028842970437,0.38608798432978486,0.077882847413793,0.04267897886966643,0.5479894519381427,0.05479894601038219
Milwaukee,2000-01-22 17:00:00,0.0,0.34619647541530363,0.3583954550705775,0.3666255582259426,-0.05749483022965941,-0.10499265938658223,1.0,0.0
Milwaukee,2000-01-22 18:00:00,0.0,0.34619647541530363,0.3583954550705775,0.3666255582259426,-0.05749483022965941,-0.10499265938658223,1.0,0.0
Milwaukee,2000-01-22 19:00:00,0.0,0.34619647541530363,0.3583954550705775,0.3666255582259426,-0.05749483022965941,-0.10499265938658223,1.0,0.0
Milwaukee,2000-01-22 20:00:00,0.0,0.34619647541530363,0.3583954550705775,0.3666255582259426,-0.05749483022965941,-0.10499265938658223,1.0,0.0
Milwaukee,2000-01-22 21:00:00,0.10000000149011612,0.37493462778701603,0.37963028842970437,0.38608798432978486,0.077882847413793,0.04267897886966643,0.5479894519381427,0.05479894601038219
Milwaukee,2000-01-22 22:00:00,0.10000000149011612,0.37493462778701603,0.37963028842970437,0.38608798432978486,0.077882847413793,0.04267897886966643,0.5479894519381427,0.05479894601038219
Milwaukee,2000-01-22 23:00:00,0.0,0.34619647541530363,0.3583954550705775,0.3666255582259426,-0.05749483022965941,-0.10499265938658223,1.0,0.0
Milwaukee,2000-01-23 00:00:00,0.0,0.34619647541530363,0.3583954550705775,0.3666255582259426,-0.05749483022965941,-0.10499265938658223,1.0,0.0
Milwaukee,2000-01-23 01:00:00,0.0,0.34619647541530363,0.3583954550705775,0.3666255582259426,-0.05749483022965941,-0.10499265938658223,1.0,0.0
Milwaukee,2000-01-23 02:00:00,0.0,0.34619647541530363,0.3583954550705775,0.3666255582259426,-0.05749483022965941,-0.10499265938658223,1.0,0.0
Milwaukee,2000-01-23 03:00:00,0.0,0.34619647541530363,0.3583954550705775,0.3666255582259426,-0.05749483022965941,-0.10499265938658223,1.0,0.0
Milwaukee,2000-01-23 04:00:00,0.0,0.34619647541530363,0.3583954550705775,0.3666255582259426,-0.05749483022965941,-0.10499265938658223,1.0,0.0
Milwaukee,2000-01-23 05:00:00,0.0,0.34619647541530363,0.3583954550705775,0.3666255582259426,-0.05749483022965941,-0.10499265938658223,1.0,0.0
Milwaukee,2000-01-23 06:00:00,0.0,0.34619647541530363,0.3583954550705775,0.3666255582259426,-0.05749483022965941,-0.10499265938658223,1.0,0.0
Milwaukee,2000-01-23 07:00:00,0.0,0.34619647541530363,0.3583954550705775,0.3666255582259426,-0.05749483022965941,-0.10499265938658223,1.0,0.0
Milwaukee,2000-01-23 08:00:00,0.0,0.34619647541530363,0.3583954550705775,0.3666255582259426,-0.05749483022965941,-0.10499265938658223,1.0,0.0
Milwaukee,2000-01-23 09:00:00,0.0,0.34619647541530363,0.3583954550705775,0.3666255582259426,-0.05749483022965941,-0.10499265938658223,1.0,0.0
Milwaukee,2000-01-23 10:00:00,0.0,0.34619647541530363,0.3583954550705775,0.3666255582259426,-0.05749483022965941,-0.10499265938658223,1.0,0.0
Milwaukee,2000-01-23 11:00:00,0.0,0.34619647541530363,0.3583954550705775,0.3666255582259426,-0.05749483022965941,-0.10499265938658223,1.0,0.0
Milwaukee,2000-01-23 12:00:00,0.0,0.34619647541530363,0.3583954550705775,0.3666255582259426,-0.05749483022965941,-0.10499265938658223,1.0,0.0
Milwaukee,2000-01-23 13:00:00,0.0,0.34619647541530363,0.3583954550705775,0.3666255582259426,-0.05749483022965941,-0.10499265938658223,1.0,0.0
Milwaukee,2000-01-23 14:00:00,0.0,0.34619647541530363,0.3583954550705775,0.3666255582259426,-0.05749483022965941,-0.10499265938658223,1.0,0.0
Milwaukee,2000-01-23 15:00:00,0.0,0.34619647541530363,0.3583954550705775,0.3666255582259426,-0.05749483022965941,-0.10499265938658223,1.0,0.0
Milwaukee,2000-01-23 16:00:00,0.0,0.34619647541530363,0.3583954550705775,0.3666255582259426,-0.05749483022965941,-0.10499265938658223,1.0,0.0
Milwaukee,2000-01-23 17:00:00,0.0,0.34619647541530363,0.3583954550705775,0.3666255582259426,-0.05749483022965941,-0.10499265938658223,1.0,0.0
Milwaukee,2000-01-23 18:00:00,0.0,0.34619647541530363,0.3583954550705775,0.3666255582259426,-0.05749483022965941,-0.10499265938658223,1.0,0.0
Milwaukee,2000-01-23 19:00:00,0.0,0.34619647541530363,0.3583954550705775,0.3666255582259426,-0.05749483022965941,-0.10499265938658223,1.0,0.0
Milwaukee,2000-01-23 20:00:00,0.0,0.34619647541530363,0.3583954550705775,0.3666255582259426,-0.05749483022965941,-0.10499265938658223,1.0,0.0
Milwaukee,2000-01-23 21:00:00,0.0,0.34619647541530363,0.3583954550705775,0.3666255582259426,-0.05749483022965941,-0.10499265938658223,1.0,0.0
Milwaukee,2000-01-23 22:00:00,0.0,0.34619647541530363,0.3583954550705775,0.3666255582259426,-0.05749483022965941,-0.10499265938658223,1.0,0.0
Milwaukee,2000-01-23 23:00:00,0.0,0.34619647541530363,0.3583954550705775,0.3666255582259426,-0.05749483022965941,-0.10499265938658223,1.0,0.0
Milwaukee,2000-01-24 00:00:00,0.0,0.34619647541530363,0.3583954550705775,0.3666255582259426,-0.05749483022965941,-0.10499265938658223,1.0,0.0
Milwaukee,2000-01-24 01:00:00,0.0,0.34619647541530363,0.3583954550705775,0.3666255582259426,-0.05749483022965941,-0.10499265938658223,1.0,0.0
Milwaukee,2000-01-24 02:00:00,0.0,0.34619647541530363,0.3583954550705775,0.3666255582259426,-0.05749483022965941,-0.10499265938658223,1.0,0.0
Milwaukee,2000-01-24 03:00:00,0.0,0.34619647541530363,0.3583954550705775,0.3666255582259426,-0.05749483022965941,-0.10499265938658223,1.0,0.0
Milwaukee,2000-01-24 04:00:00,0.0,0.34619647541530363,0.3583954550705775,0.3666255582259426,-0.05749483022965941,-0.10499265938658223,1.0,0.0
Milwaukee,2000-01-24 05:00:00,0.0,0.34619647541530363,0.3583954550705775,0.3666255582259426,-0.05749483022965941,-0.10499265938658223,1.0,0.0
Milwaukee,2000-01-24 06:00:00,0.0,0.34619647541530363,0.3583954550705775,0.3666255582259426,-0.05749483022965941,-0.10499265938658223,1.0,0.0
Milwaukee,2000-01-24 07:00:00,0.0,0.34619647541530363,0.3583954550705775,0.3666255582259426,-0.05749483022965941,-0.10499265938658223,1.0,0.0
Milwaukee,2000-01-24 08:00:00,0.0,0.34619647541530363,0.3583954550705775,0.3666255582259426,-0.05749483022965941,-0.10499265938658223,1.0,0.0
Milwaukee,2000-01-24 09:00:00,0.0,0.34619647541530363,0.3583954550705775,0.3666255582259426,-0.05749483022965941,-0.10499265938658223,1.0,0.0
Milwaukee,2000-01-24 10:00:00,0.0,0.34619647541530363,0.3583954550705775,0.3666255582259426,-0.05749483022965941,-0.10499265938658223,1.0,0.0
Milwaukee,2000-01-24 11:00:00,0.0,0.34619647541530363,0.3583954550705775,0.3666255582259426,-0.05749483022965941,-0.10499265938658223,1.0,0.0
Milwaukee,2000-01-24 12:00:00,0.0,0.34619647541530363,0.3583954550705775,0.3666255582259426,-0.05749483022965941,-0.10499265938658223,1.0,0.0
Milwaukee,2000-01-24 13:00:00,0.0,0.34619647541530363,0.3583954550705775,0.3666255582259426,-0.05749483022965941,-0.10499265938658223,1.0,0.0
Milwaukee,2000-01-24 14:00:00,0.0,0.34619647541530363,0.3583954550705775,0.3666255582259426,-0.05749483022965941,-0.10499265938658223,1.0,0.0
Milwaukee,2000-01-24 15:00:00,0.0,0.34619647541530363,0.3583954550705775,0.3666255582259426,-0.05749483022965941,-0.10499265938658223,1.0,0.0
Milwaukee,2000-01-24 16:00:00,0.0,0.34619647541530363,0.3583954550705775,0.3666255582259426,-0.05749483022965941,-0.10499265938658223,1.0,0.0
Milwaukee,2000-01-24 17:00:00,0.0,0.34619647541530363,0.3583954550705775,0.3666255582259426,-0.05749483022965941,-0.10499265938658223,1.0,0.0
Milwaukee,2000-01-24 18:00:00,0.0,0.34619647541530363,0.3583954550705775,0.3666255582259426,-0.05749483022965941,-0.10499265938658223,1.0,0.0
Milwaukee,2000-01-24 19:00:00,0.0,0.34619647541530363,0.3583954550705775,0.3666255582259426,-0.05749483022965941,-0.10499265938658223,1.0,0.0
Milwaukee,2000-01-24 20:00:00,0.0,0.34619647541530363,0.3583954550705775,0.3666255582259426,-0.05749483022965941,-0.10499265938658223,1.0,0.0
Milwaukee,2000-01-24 21:00:00,0.0,0.34619647541530363,0.3583954550705775,0.3666255582259426,-0.05749483022965941,-0.10499265938658223,1.0,0.0
Milwaukee,2000-01-24 22:00:00,0.0,0.34619647541530363,0.3583954550705775,0.3666255582259426,-0.05749483022965941,-0.10499265938658223,1.0,0.0
Milwaukee,2000-01-24 23:00:00,0.0,0.34619647541530363,0.3583954550705775,0.3666255582259426,-0.05749483022965941,-0.10499265938658223,1.0,0.0
Milwaukee,2000-01-25 00:00:00,0.0,0.34619647541530363,0.3583954550705775,0.3666255582259426,-0.05749483022965941,-0.10499265938658223,1.0,0.0
Milwaukee,2000-01-25 01:00:00,0.0,0.34619647541530363,0.3583954550705775,0.3666255582259426,-0.05749483022965941,-0.10499265938658223,1.0,0.0
Milwaukee,2000-01-25 02:00:00,0.0,0.34619647541530363,0.3583954550705775,0.3666255582259426,-0.05749483022965941,-0.10499265938658223,1.0,0.0
Milwaukee,2000-01-25 03:00:00,0.0,0.34619647541530363,0.3583954550705775,0.3666255582259426,-0.05749483022965941,-0.10499265938658223,1.0,0.0
Milwaukee,2000-01-25 04:00:00,0.10000000149011612,0.37493462778701603,0.37963028842970437,0.38608798432978486,0.077882847413793,0.04267897886966643,0.5479894519381427,0.05479894601038219
Milwaukee,2000-01-25 05:00:00,0.10000000149011612,0.37493462778701603,0.37963028842970437,0.38608798432978486,0.077882847413793,0.04267897886966643,0.5479894519381427,0.05479894601038219
Milwaukee,2000-01-25 06:00:00,0.10000000149011612,0.37493462778701603,0.37963028842970437,0.38608798432978486,0.077882847413793,0.04267897886966643,0.5479894519381427,0.05479894601038219
Milwaukee,2000-01-25 07:00:00,0.0,0.34619647541530363,0.3583954550705775,0.3666255582259426,-0.05749483022965941,-0.10499265938658223,1.0,0.0
Milwaukee,2000-01-25 08:00:00,0.0,0.34619647541530363,0.3583954550705775,0.3666255582259426,-0.05749483022965941,-0.10499265938658223,1.0,0.0
Milwaukee,2000-01-25 09:00:00,0.0,0.34619647541530363,0.3583954550705775,0.3666255582259426,-0.05749483022965941,-0.10499265938658223,1.0,0.0
Milwaukee,2000-01-25 10:00:00,0.0,0.34619647541530363,0.3583954550705775,0.3666255582259426,-0.05749483022965941,-0.10499265938658223,1.0,0.0
Milwaukee,2000-01-25 11:00:00,0.0,0.34619647541530363,0.3583954550705775,0.3666255582259426,-0.05749483022965941,-0.10499265938658223,1.0,0.0
Milwaukee,2000-01-25 12:00:00,0.0,0.34619647541530363,0.3583954550705775,0.3666255582259426,-0.05749483022965941,-0.10499265938658223,1.0,0.0
Milwaukee,2000-01-25 13:00:00,0.0,0.34619647541530363,0.3583954550705775,0.3666255582259426,-0.05749483022965941,-0.10499265938658223,1.0,0.0
Milwaukee,2000-01-25 14:00:00,0.0,0.34619647541530363,0.3583954550705775,0.3666255582259426,-0.05749483022965941,-0.10499265938658223,1.0,0.0
Milwaukee,2000-01-25 15:00:00,0.0,0.34619647541530363,0.3583954550705775,0.3666255582259426,-0.05749483022965941,-0.10499265938658223,1.0,0.0
Milwaukee,2000-01-25 16:00:00,0.0,0.34619647541530363,0.3583954550705775,0.3666255582259426,-0.05749483022965941,-0.10499265938658223,1.0,0.0
Milwaukee,2000-01-25 17:00:00,0.0,0.34619647541530363,0.3583954550705775,0.3666255582259426,-0.05749483022965941,-0.10499265938658223,1.0,0.0
Milwaukee,2000-01-25 18:00:00,0.0,0.34619647541530363,0.3583954550705775,0.3666255582259426,-0.05749483022965941,-0.10499265938658223,1.0,0.0
Milwaukee,2000-01-25 19:00:00,0.0,0.34619647541530363,0.3583954550705775,0.3666255582259426,-0.05749483022965941,-0.10499265938658223,1.0,0.0
Milwaukee,2000-01-25 20:00:00,0.0,0.34619647541530363,0.3583954550705775,0.3666255582259426,-0.05749483022965941,-0.10499265938658223,1.0,0.0
Milwaukee,2000-01-25 21:00:00,0.0,0.34619647541530363,0.3583954550705775,0.3666255582259426,-0.05749483022965941,-0.10499265938658223,1.0,0.0
Milwaukee,2000-01-25 22:00:00,0.0,0.34619647541530363,0.3583954550705775,0.3666255582259426,-0.05749483022965941,-0.10499265938658223,1.0,0.0
Milwaukee,2000-01-25 23:00:00,0.0,0.34619647541530363,0.3583954550705775,0.3666255582259426,-0.05749483022965941,-0.10499265938658223,1.0,0.0
Milwaukee,2000-01-26 00:00:00,0.0,0.34619647541530363,0.3583954550705775,0.3666255582259426,-0.05749483022965941,-0.10499265938658223,1.0,0.0
Milwaukee,2000-01-26 01:00:00,0.0,0.34619647541530363,0.3583954550705775,0.3666255582259426,-0.05749483022965941,-0.10499265938658223,1.0,0.0
Milwaukee,2000-01-26 02:00:00,0.0,0.34619647541530363,0.3583954550705775,0.3666255582259426,-0.05749483022965941,-0.10499265938658223,1.0,0.0
Milwaukee,2000-01-26 03:00:00,0.0,0.34619647541530363,0.3583954550705775,0.3666255582259426,-0.05749483022965941,-0.10499265938658223,1.0,0.0
Milwaukee,2000-01-26 04:00:00,0.0,0.34619647541530363,0.3583954550705775,0.3666255582259426,-0.05749483022965941,-0.10499265938658223,1.0,0.0
Milwaukee,2000-01-26 05:00:00,0.0,0.34619647541530363,0.3583954550705775,0.3666255582259426,-0.05749483022965941,-0.10499265938658223,1.0,0.0
Milwaukee,2000-01-26 06:00:00,0.0,0.34619647541530363,0.3583954550705775,0.3666255582259426,-0.05749483022965941,-0.10499265938658223,1.0,0.0
Milwaukee,2000-01-26 07:00:00,0.0,0.34619647541530363,0.3583954550705775,0.3666255582259426,-0.05749483022965941,-0.10499265938658223,1.0,0.0
Milwaukee,2000-01-26 08:00:00,0.0,0.34619647541530363,0.3583954550705775,0.3666255582259426,-0.05749483022965941,-0.10499265938658223,1.0,0.0
Milwaukee,2000-01-26 09:00:00,0.0,0.34619647541530363,0.3583954550705775,0.3666255582259426,-0.05749483022965941,-0.10499265938658223,1.0,0.0
Milwaukee,2000-01-26 10:00:00,0.0,0.34619647541530363,0.3583954550705775,0.3666255582259426,-0.05749483022965941,-0.10499265938658223,1.0,0.0
Milwaukee,2000-01-26 11:00:00,0.0,0.34619647541530363,0.3583954550705775,0.3666255582259426,-0.05749483022965941,-0.10499265938658223,1.0,0.0
Milwaukee,2000-01-26 12:00:00,0.0,0.34619647541530363,0.3583954550705775,0.3666255582259426,-0.05749483022965941,-0.10499265938658223,1.0,0.0
Milwaukee,2000-01-26 13:00:00,0.0,0.34619647541530363,0.3583954550705775,0.3666255582259426,-0.05749483022965941,-0.10499265938658223,1.0,0.0
Milwaukee,2000-01-26 14:00:00,0.0,0.34619647541530363,0.3583954550705775,0.3666255582259426,-0.05749483022965941,-0.10499265938658223,1.0,0.0
Milwaukee,2000-01-26 15:00:00,0.0,0.34619647541530363,0.3583954550705775,0.3666255582259426,-0.05749483022965941,-0.10499265938658223,1.0,0.0
Milwaukee,2000-01-26 16:00:00,0.0,0.34619647541530363,0.3583954550705775,0.3666255582259426,-0.05749483022965941,-0.10499265938658223,1.0,0.0
Milwaukee,2000-01-26 17:00:00,0.0,0.34619647541530363,0.3583954550705775,0.3666255582259426,-0.05749483022965941,-0.10499265938658223,1.0,0.0
Milwaukee,2000-01-26 18:00:00,0.0,0.34619647541530363,0.3583954550705775,0.3666255582259426,-0.05749483022965941,-0.10499265938658223,1.0,0.0
Milwaukee,2000-01-26 19:00:00,0.0,0.34619647541530363,0.3583954550705775,0.3666255582259426,-0.05749483022965941,-0.10499265938658223,1.0,0.0
Milwaukee,2000-01-26 20:00:00,0.0,0.34619647541530363,0.3583954550705775,0.3666255582259426,-0.05749483022965941,-0.10499265938658223,1.0,0.0
Milwaukee,2000-01-26 21:00:00,0.0,0.34619647541530363,0.3583954550705775,0.3666255582259426,-0.05749483022965941,-0.10499265938658223,1.0,0.0
Milwaukee,2000-01-26 22:00:00,0.0,0.34619647541530363,0.3583954550705775,0.3666255582259426,-0.05749483022965941,-0.10499265938658223,1.0,0.0
Milwaukee,2000-01-26 23:00:00,0.0,0.34619647541530363,0.3583954550705775,0.3666255582259426,-0.05749483022965941,-0.10499265938658223,1.0,0.0
Milwaukee,2000-01-27 00:00:00,0.0,0.34619647541530363,0.3583954550705775,0.3666255582259426,-0.05749483022965941,-0.10499265938658223,1.0,0.0
Milwaukee,2000-01-27 01:00:00,0.0,0.34619647541530363,0.3583954550705775,0.3666255582259426,-0.05749483022965941,-0.10499265938658223,1.0,0.0
Milwaukee,2000-01-27 02:00:00,0.0,0.34619647541530363,0.3583954550705775,0.3666255582259426,-0.05749483022965941,-0.10499265938658223,1.0,0.0
Milwaukee,2000-01-27 03:00:00,0.0,0.34619647541530363,0.3583954550705775,0.3666255582259426,-0.05749483022965941,-0.10499265938658223,1.0,0.0
Milwaukee,2000-01-27 04:00:00,0.0,0.34619647541530363,0.3583954550705775,0.3666255582259426,-0.05749483022965941,-0.10499265938658223,1.0,0.0
Milwaukee,2000-01-27 05:00:00,0.0,0.34619647541530363,0.3583954550705775,0.3666255582259426,-0.05749483022965941,-0.10499265938658223,1.0,0.0
Milwaukee,2000-01-27 06:00:00,0.0,0.34619647541530363,0.3583954550705775,0.3666255582259426,-0.05749483022965941,-0.10499265938658223,1.0,0.0
Milwaukee,2000-01-27 07:00:00,0.0,0.34619647541530363,0.3583954550705775,0.3666255582259426,-0.05749483022965941,-0.10499265938658223,1.0,0.0
Milwaukee,2000-01-27 08:00:00,0.0,0.34619647541530363,0.3583954550705775,0.3666255582259426,-0.05749483022965941,-0.10499265938658223,1.0,0.0
Milwaukee,2000-01-27 09:00:00,0.0,0.34619647541530363,0.3583954550705775,0.3666255582259426,-0.05749483022965941,-0.10499265938658223,1.0,0.0
Milwaukee,2000-01-27 10:00:00,0.0,0.34619647541530363,0.3583954550705775,0.3666255582259426,-0.05749483022965941,-0.10499265938658223,1.0,0.0
Milwaukee,2000-01-27 11:00:00,0.0,0.34619647541530363,0.3583954550705775,0.3666255582259426,-0.05749483022965941,-0.10499265938658223,1.0,0.0
Milwaukee,2000-01-27 12:00:00,0.0,0.34619647541530363,0.3583954550705775,0.3666255582259426,-0.05749483022965941,-0.10499265938658223,1.0,0.0
Milwaukee,2000-01-27 13:00:00,0.0,0.34619647541530363,0.3583954550705775,0.3666255582259426,-0.05749483022965941,-0.10499265938658223,1.0,0.0
Milwaukee,2000-01-27 14:00:00,0.0,0.34619647541530363,0.3583954550705775,0.3666255582259426,-0.05749483022965941,-0.10499265938658223,1.0,0.0
Milwaukee,2000-01-27 15:00:00,0.0,0.34619647541530363,0.3583954550705775,0.3666255582259426,-0.05749483022965941,-0.10499265938658223,1.0,0.0
Milwaukee,2000-01-27 16:00:00,0.0,0.34619647541530363,0.3583954550705775,0.3666255582259426,-0.05749483022965941,-0.10499265938658223,1.0,0.0
Milwaukee,2000-01-27 17:00:00,0.0,0.34619647541530363,0.3583954550705775,0.3666255582259426,-0.05749483022965941,-0.10499265938658223,1.0,0.0
Milwaukee,2000-01-27 18:00:00,0.0,0.34619647541530363,0.3583954550705775,0.3666255582259426,-0.05749483022965941,-0.10499265938658223,1.0,0.0
Milwaukee,2000-01-27 19:00:00,0.0,0.34619647541530363,0.3583954550705775,0.3666255582259426,-0.05749483022965941,-0.10499265938658223,1.0,0.0
Milwaukee,2000-01-27 20:00:00,0.0,0.34619647541530363,0.3583954550705775,0.3666255582259426,-0.05749483022965941,-0.10499265938658223,1.0,0.0
Milwaukee,2000-01-27 21:00:00,0.0,0.34619647541530363,0.3583954550705775,0.3666255582259426,-0.05749483022965941,-0.10499265938658223,1.0,0.0
Milwaukee,2000-01-27 22:00:00,0.0,0.34619647541530363,0.3583954550705775,0.3666255582259426,-0.05749483022965941,-0.10499265938658223,1.0,0.0
Milwaukee,2000-01-27 23:00:00,0.0,0.34619647541530363,0.3583954550705775,0.3666255582259426,-0.05749483022965941,-0.10499265938658223,1.0,0.0
Milwaukee,2000-01-28 00:00:00,0.0,0.34619647541530363,0.3583954550705775,0.3666255582259426,-0.05749483022965941,-0.10499265938658223,1.0,0.0
Milwaukee,2000-01-28 01:00:00,0.0,0.34619647541530363,0.3583954550705775,0.3666255582259426,-0.05749483022965941,-0.10499265938658223,1.0,0.0
Milwaukee,2000-01-28 02:00:00,0.0,0.34619647541530363,0.3583954550705775,0.3666255582259426,-0.05749483022965941,-0.10499265938658223,1.0,0.0
Milwaukee,2000-01-28 03:00:00,0.0,0.34619647541530363,0.3583954550705775,0.3666255582259426,-0.05749483022965941,-0.10499265938658223,1.0,0.0
Milwaukee,2000-01-28 04:00:00,0.0,0.34619647541530363,0.3583954550705775,0.3666255582259426,-0.05749483022965941,-0.10499265938658223,1.0,0.0
Milwaukee,2000-01-28 05:00:00,0.0,0.34619647541530363,0.3583954550705775,0.3666255582259426,-0.05749483022965941,-0.10499265938658223,1.0,0.0
Milwaukee,2000-01-28 06:00:00,0.0,0.34619647541530363,0.3583954550705775,0.3666255582259426,-0.05749483022965941,-0.10499265938658223,1.0,0.0
Milwaukee,2000-01-28 07:00:00,0.0,0.34619647541530363,0.3583954550705775,0.3666255582259426,-0.05749483022965941,-0.10499265938658223,1.0,0.0
Milwaukee,2000-01-28 08:00:00,0.0,0.34619647541530363,0.3583954550705775,0.3666255582259426,-0.05749483022965941,-0.10499265938658223,1.0,0.0
Milwaukee,2000-01-28 09:00:00,0.0,0.34619647541530363,0.3583954550705775,0.3666255582259426,-0.05749483022965941,-0.10499265938658223,1.0,0.0
Milwaukee,2000-01-28 10:00:00,0.0,0.34619647541530363,0.3583954550705775,0.3666255582259426,-0.05749483022965941,-0.10499265938658223,1.0,0.0
Milwaukee,2000-01-28 11:00:00,0.0,0.34619647541530363,0.3583954550705775,0.3666255582259426,-0.05749483022965941,-0.10499265938658223,1.0,0.0
Milwaukee,2000-01-28 12:00:00,0.0,0.34619647541530363,0.3583954550705775,0.3666255582259426,-0.05749483022965941,-0.10499265938658223,1.0,0.0
Milwaukee,2000-01-28 13:00:00,0.0,0.34619647541530363,0.3583954550705775,0.3666255582259426,-0.05749483022965941,-0.10499265938658223,1.0,0.0
Milwaukee,2000-01-28 14:00:00,0.0,0.34619647541530363,0.3583954550705775,0.3666255582259426,-0.05749483022965941,-0.10499265938658223,1.0,0.0
Milwaukee,2000-01-28 15:00:00,0.0,0.34619647541530363,0.3583954550705775,0.3666255582259426,-0.05749483022965941,-0.10499265938658223,1.0,0.0
Milwaukee,2000-01-28 16:00:00,0.0,0.34619647541530363,0.3583954550705775,0.3666255582259426,-0.05749483022965941,-0.10499265938658223,1.0,0.0
Milwaukee,2000-01-28 17:00:00,0.0,0.34619647541530363,0.3583954550705775,0.3666255582259426,-0.05749483022965941,-0.10499265938658223,1.0,0.0
Milwaukee,2000-01-28 18:00:00,0.0,0.34619647541530363,0.3583954550705775,0.3666255582259426,-0.05749483022965941,-0.10499265938658223,1.0,0.0
Milwaukee,2000-01-28 19:00:00,0.0,0.34619647541530363,0.3583954550705775,0.3666255582259426,-0.05749483022965941,-0.10499265938658223,1.0,0.0
Milwaukee,2000-01-28 20:00:00,0.0,0.34619647541530363,0.3583954550705775,0.3666255582259426,-0.05749483022965941,-0.10499265938658223,1.0,0.0
Milwaukee,2000-01-28 21:00:00,0.0,0.34619647541530363,0.3583954550705775,0.3666255582259426,-0.05749483022965941,-0.10499265938658223,1.0,0.0
Milwaukee,2000-01-28 22:00:00,0.0,0.34619647541530363,0.3583954550705775,0.3666255582259426,-0.05749483022965941,-0.10499265938658223,1.0,0.0
Milwaukee,2000-01-28 23:00:00,0.0,0.34619647541530363,0.3583954550705775,0.3666255582259426,-0.05749483022965941,-0.10499265938658223,1.0,0.0
Milwaukee,2000-01-29 00:00:00,0.0,0.34619647541530363,0.3583954550705775,0.3666255582259426,-0.05749483022965941,-0.10499265938658223,1.0,0.0
Milwaukee,2000-01-29 01:00:00,0.0,0.34619647541530363,0.3583954550705775,0.3666255582259426,-0.05749483022965941,-0.10499265938658223,1.0,0.0
Milwaukee,2000-01-29 02:00:00,0.0,0.34619647541530363,0.3583954550705775,0.3666255582259426,-0.05749483022965941,-0.10499265938658223,1.0,0.0
Milwaukee,2000-01-29 03:00:00,0.0,0.34619647541530363,0.3583954550705775,0.3666255582259426,-0.05749483022965941,-0.10499265938658223,1.0,0.0
Milwaukee,2000-01-29 04:00:00,0.0,0.34619647541530363,0.3583954550705775,0.3666255582259426,-0.05749483022965941,-0.10499265938658223,1.0,0.0
Milwaukee,2000-01-29 05:00:00,0.0,0.34619647541530363,0.3583954550705775,0.3666255582259426,-0.05749483022965941,-0.10499265938658223,1.0,0.0
Milwaukee,2000-01-29 06:00:00,0.0,0.34619647541530363,0.3583954550705775,0.3666255582259426,-0.05749483022965941,-0.10499265938658223,1.0,0.0
Milwaukee,2000-01-29 07:00:00,0.0,0.34619647541530363,0.3583954550705775,0.3666255582259426,-0.05749483022965941,-0.10499265938658223,1.0,0.0
Milwaukee,2000-01-29 08:00:00,0.0,0.34619647541530363,0.3583954550705775,0.3666255582259426,-0.05749483022965941,-0.10499265938658223,1.0,0.0
Milwaukee,2000-01-29 09:00:00,0.0,0.34619647541530363,0.3583954550705775,0.3666255582259426,-0.05749483022965941,-0.10499265938658223,1.0,0.0
Milwaukee,2000-01-29 10:00:00,0.0,0.34619647541530363,0.3583954550705775,0.3666255582259426,-0.05749483022965941,-0.10499265938658223,1.0,0.0
Milwaukee,2000-01-29 11:00:00,0.0,0.34619647541530363,0.3583954550705775,0.3666255582259426,-0.05749483022965941,-0.10499265938658223,1.0,0.0
Milwaukee,2000-01-29 12:00:00,0.0,0.34619647541530363,0.3583954550705775,0.3666255582259426,-0.05749483022965941,-0.10499265938658223,1.0,0.0
Milwaukee,2000-01-29 13:00:00,0.0,0.34619647541530363,0.3583954550705775,0.3666255582259426,-0.05749483022965941,-0.10499265938658223,1.0,0.0
Milwaukee,2000-01-29 14:00:00,0.0,0.34619647541530363,0.3583954550705775,0.3666255582259426,-0.05749483022965941,-0.10499265938658223,1.0,0.0
Milwaukee,2000-01-29 15:00:00,0.0,0.34619647541530363,0.3583954550705775,0.3666255582259426,-0.05749483022965941,-0.10499265938658223,1.0,0.0
Milwaukee,2000-01-29 16:00:00,0.0,0.34619647541530363,0.3583954550705775,0.3666255582259426,-0.05749483022965941,-0.10499265938658223,1.0,0.0
Milwaukee,2000-01-29 17:00:00,0.0,0.34619647541530363,0.3583954550705775,0.3666255582259426,-0.05749483022965941,-0.10499265938658223,1.0,0.0
Milwaukee,2000-01-29 18:00:00,0.0,0.34619647541530363,0.3583954550705775,0.3666255582259426,-0.05749483022965941,-0.10499265938658223,1.0,0.0
Milwaukee,2000-01-29 19:00:00,0.0,0.34619647541530363,0.3583954550705775,0.3666255582259426,-0.05749483022965941,-0.10499265938658223,1.0,0.0
Milwaukee,2000-01-29 20:00:00,0.0,0.34619647541530363,0.3583954550705775,0.3666255582259426,-0.05749483022965941,-0.10499265938658223,1.0,0.0
Milwaukee,2000-01-29 21:00:00,0.0,0.34619647541530363,0.3583954550705775,0.3666255582259426,-0.05749483022965941,-0.10499265938658223,1.0,0.0
Milwaukee,2000-01-29 22:00:00,0.0,0.34619647541530363,0.3583954550705775,0.3666255582259426,-0.05749483022965941,-0.10499265938658223,1.0,0.0
Milwaukee,2000-01-29 23:00:00,0.0,0.34619647541530363,0.3583954550705775,0.3666255582259426,-0.05749483022965941,-0.10499265938658223,1.0,0.0
Milwaukee,2000-01-30 00:00:00,0.0,0.34619647541530363,0.3583954550705775,0.3666255582259426,-0.05749483022965941,-0.10499265938658223,1.0,0.0
Milwaukee,2000-01-30 01:00:00,0.10000000149011612,0.37493462778701603,0.37963028842970437,0.38608798432978486,0.077882847413793,0.04267897886966643,0.5479894519381427,0.05479894601038219
Milwaukee,2000-01-30 02:00:00,0.0,0.34619647541530363,0.3583954550705775,0.3666255582259426,-0.05749483022965941,-0.10499265938658223,1.0,0.0
Milwaukee,2000-01-30 03:00:00,0.0,0.34619647541530363,0.3583954550705775,0.3666255582259426,-0.05749483022965941,-0.10499265938658223,1.0,0.0
Milwaukee,2000-01-30 04:00:00,0.10000000149011612,0.37493462778701603,0.37963028842970437,0.38608798432978486,0.077882847413793,0.04267897886966643,0.5479894519381427,0.05479894601038219
Milwaukee,2000-01-30 05:00:00,0.5000000074505806,0.4879054674974853,0.4635494842166189,0.4629590707286823,0.6193935579876022,0.6333655318946606,1.0225575060103194,0.5112787606238068
Milwaukee,2000-01-30 06:00:00,0.5000000074505806,0.4879054674974853,0.4635494842166189,0.4629590707286823,0.6193935579876022,0.6333655318946606,1.0225575060103194,0.5112787606238068
Milwaukee,2000-01-30 07:00:00,0.800000011920929,0.5668587624286637,0.5238351948323483,0.518375294178048,1.0255265909179592,1.0763804466634062,1.0495880420808272,0.8396704461767263
Milwaukee,2000-01-30 08:00:00,0.800000011920929,0.5668587624286637,0.5238351948323483,0.518375294178048,1.0255265909179592,1.0763804466634062,1.0495880420808272,0.8396704461767263
Milwaukee,2000-01-30 09:00:00,0.5000000074505806,0.4879054674974853,0.4635494842166189,0.4629590707286823,0.6193935579876022,0.6333655318946606,1.0225575060103194,0.5112787606238068
Milwaukee,2000-01-30 10:00:00,0.4000000059604645,0.4602572840073257,0.44284563734884813,0.44398150563378375,0.4840158803441499,0.4856938936384119,1.0034668558665243,0.40138674832773824
Milwaukee,2000-01-30 11:00:00,0.7000000104308128,0.5412961978369442,0.5040882360000163,0.5001902799477915,0.8901489132745067,0.9287088084071575,1.0433184768948425,0.7303229447090495
Milwaukee,2000-01-30 12:00:00,0.30000000447034836,0.4321218104209064,0.4219192462835154,0.42481437583882836,0.3486382027006978,0.3380222553821637,0.9695502465412611,0.2908650782966057
Milwaukee,2000-01-30 13:00:00,0.0,0.34619647541530363,0.3583954550705775,0.3666255582259426,-0.05749483022965941,-0.10499265938658223,1.0,0.0
Milwaukee,2000-01-30 14:00:00,0.20000000298023224,0.4036312859866724,0.40082695074191593,0.4055009521190948,0.2132605250572452,0.1903506171259148,0.8925731429893989,0.17851463125795505
Milwaukee,2000-01-30 15:00:00,0.5000000074505806,0.4879054674974853,0.4635494842166189,0.4629590707286823,0.6193935579876022,0.6333655318946606,1.0225575060103194,0.5112787606238068
Milwaukee,2000-01-30 16:00:00,0.6000000089406967,0.5149511800867037,0.4839791863801989,0.48170736485828647,0.7547712356310545,0.7810371701509091,1.0347998615738105,0.6208799261961181
Milwaukee,2000-01-30 17:00:00,0.30000000447034836,0.4321218104209064,0.4219192462835154,0.42481437583882836,0.3486382027006978,0.3380222553821637,0.9695502465412611,0.2908650782966057
Milwaukee,2000-01-30 18:00:00,0.0,0.34619647541530363,0.3583954550705775,0.3666255582259426,-0.05749483022965941,-0.10499265938658223,1.0,0.0
Milwaukee,2000-01-30 19:00:00,0.0,0.34619647541530363,0.3583954550705775,0.3666255582259426,-0.05749483022965941,-0.10499265938658223,1.0,0.0
Milwaukee,2000-01-30 20:00:00,0.0,0.34619647541530363,0.3583954550705775,0.3666255582259426,-0.05749483022965941,-0.10499265938658223,1.0,0.0
Milwaukee,2000-01-30 21:00:00,0.0,0.34619647541530363,0.3583954550705775,0.3666255582259426,-0.05749483022965941,-0.10499265938658223,1.0,0.0
Milwaukee,2000-01-30 22:00:00,0.0,0.34619647541530363,0.3583954550705775,0.3666255582259426,-0.05749483022965941,-0.10499265938658223,1.0,0.0
Milwaukee,2000-01-30 23:00:00,0.0,0.34619647541530363,0.3583954550705775,0.3666255582259426,-0.05749483022965941,-0.10499265938658223,1.0,0.0
Milwaukee,2000-01-31 00:00:00,0.0,0.34619647541530363,0.3583954550705775,0.3666255582259426,-0.05749483022965941,-0.10499265938658223,1.0,0.0
Milwaukee,2000-01-31 01:00:00,0.0,0.34619647541530363,0.3583954550705775,0.3666255582259426,-0.05749483022965941,-0.10499265938658223,1.0,0.0
Milwaukee,2000-01-31 02:00:00,0.30000000447034836,0.4321218104209064,0.4219192462835154,0.42481437583882836,0.3486382027006978,0.3380222553821637,0.9695502465412611,0.2908650782966057
Milwaukee,2000-01-31 03:00:00,0.10000000149011612,0.37493462778701603,0.37963028842970437,0.38608798432978486,0.077882847413793,0.04267897886966643,0.5479894519381427,0.05479894601038219
Milwaukee,2000-01-31 04:00:00,0.0,0.34619647541530363,0.3583954550705775,0.3666255582259426,-0.05749483022965941,-0.10499265938658223,1.0,0.0
Milwaukee,2000-01-31 05:00:00,0.0,0.34619647541530363,0.3583954550705775,0.3666255582259426,-0.05749483022965941,-0.10499265938658223,1.0,0.0
Milwaukee,2000-01-31 06:00:00,0.0,0.34619647541530363,0.3583954550705775,0.3666255582259426,-0.05749483022965941,-0.10499265938658223,1.0,0.0
Milwaukee,2000-01-31 07:00:00,0.0,0.34619647541530363,0.3583954550705775,0.3666255582259426,-0.05749483022965941,-0.10499265938658223,1.0,0.0
Milwaukee,2000-01-31 08:00:00,0.0,0.34619647541530363,0.3583954550705775,0.3666255582259426,-0.05749483022965941,-0.10499265938658223,1.0,0.0
Milwaukee,2000-01-31 09:00:00,0.0,0.34619647541530363,0.3583954550705775,0.3666255582259426,-0.05749483022965941,-0.10499265938658223,1.0,0.0
Milwaukee,2000-01-31 10:00:00,0.0,0.34619647541530363,0.3583954550705775,0.3666255582259426,-0.05749483022965941,-0.10499265938658223,1.0,0.0
Milwaukee,2000-01-31 11:00:00,0.0,0.34619647541530363,0.3583954550705775,0.3666255582259426,-0.05749483022965941,-0.10499265938658223,1.0,0.0
Milwaukee,2000-01-31 12:00:00,0.0,0.34619647541530363,0.3583954550705775,0.3666255582259426,-0.05749483022965941,-0.10499265938658223,1.0,0.0
Milwaukee,2000-01-31 13:00:00,0.0,0.34619647541530363,0.3583954550705775,0.3666255582259426,-0.05749483022965941,-0.10499265938658223,1.0,0.0
Milwaukee,2000-01-31 14:00:00,0.0,0.34619647541530363,0.3583954550705775,0.3666255582259426,-0.05749483022965941,-0.10499265938658223,1.0,0.0
Milwaukee,2000-01-31 15:00:00,0.0,0.34619647541530363,0.3583954550705775,0.3666255582259426,-0.05749483022965941,-0.10499265938658223,1.0,0.0
Milwaukee,2000-01-31 16:00:00,0.0,0.34619647541530363,0.3583954550705775,0.3666255582259426,-0.05749483022965941,-0.10499265938658223,1.0,0.0
Milwaukee,2000-01-31 17:00:00,0.0,0.34619647541530363,0.3583954550705775,0.3666255582259426,-0.05749483022965941,-0.10499265938658223,1.0,0.0
Milwaukee,2000-01-31 18:00:00,0.0,0.34619647541530363,0.3583954550705775,0.3666255582259426,-0.05749483022965941,-0.10499265938658223,1.0,0.0
Milwaukee,2000-01-31 19:00:00,0.0,0.34619647541530363,0.3583954550705775,0.3666255582259426,-0.05749483022965941,-0.10499265938658223,1.0,0.0
Milwaukee,2000-01-31 20:00:00,0.0,0.34619647541530363,0.3583954550705775,0.3666255582259426,-0.05749483022965941,-0.10499265938658223,1.0,0.0
Milwaukee,2000-01-31 21:00:00,0.0,0.34619647541530363,0.3583954550705775,0.3666255582259426,-0.05749483022965941,-0.10499265938658223,1.0,0.0
Milwaukee,2000-01-31 22:00:00,0.0,0.34619647541530363,0.3583954550705775,0.3666255582259426,-0.05749483022965941,-0.10499265938658223,1.0,0.0
Milwaukee,2000-01-31 23:00:00,0.0,0.34619647541530363,0.3583954550705775,0.3666255582259426,-0.05749483022965941,-0.10499265938658223,1.0,0.0
Milwaukee,2000-02-01 00:00:00,0.0,0.34619647541530363,0.3583954550705775,0.3666255582259426,-0.05749483022965941,-0.10499265938658223,1.0,0.0
Milwaukee,2000-02-01 01:00:00,0.0,0.34619647541530363,0.3583954550705775,0.3666255582259426,-0.05749483022965941,-0.10499265938658223,1.0,0.0
Milwaukee,2000-02-01 02:00:00,0.0,0.34619647541530363,0.3583954550705775,0.3666255582259426,-0.05749483022965941,-0.10499265938658223,1.0,0.0
Milwaukee,2000-02-01 03:00:00,0.0,0.34619647541530363,0.3583954550705775,0.3666255582259426,-0.05749483022965941,-0.10499265938658223,1.0,0.0
Milwaukee,2000-02-01 04:00:00,0.0,0.34619647541530363,0.3583954550705775,0.3666255582259426,-0.05749483022965941,-0.10499265938658223,1.0,0.0
Milwaukee,2000-02-01 05:00:00,0.0,0.34619647541530363,0.3583954550705775,0.3666255582259426,-0.05749483022965941,-0.10499265938658223,1.0,0.0
Milwaukee,2000-02-01 06:00:00,0.0,0.34619647541530363,0.3583954550705775,0.3666255582259426,-0.05749483022965941,-0.10499265938658223,1.0,0.0
Milwaukee,2000-02-01 07:00:00,0.0,0.34619647541530363,0.3583954550705775,0.3666255582259426,-0.05749483022965941,-0.10499265938658223,1.0,0.0
Milwaukee,2000-02-01 08:00:00,0.0,0.34619647541530363,0.3583954550705775,0.3666255582259426,-0.05749483022965941,-0.10499265938658223,1.0,0.0
Milwaukee,2000-02-01 09:00:00,0.0,0.34619647541530363,0.3583954550705775,0.3666255582259426,-0.05749483022965941,-0.10499265938658223,1.0,0.0
Milwaukee,2000-02-01 10:00:00,0.0,0.34619647541530363,0.3583954550705775,0.3666255582259426,-0.05749483022965941,-0.10499265938658223,1.0,0.0
Milwaukee,2000-02-01 11:00:00,0.0,0.34619647541530363,0.3583954550705775,0.3666255582259426,-0.05749483022965941,-0.10499265938658223,1.0,0.0
Milwaukee,2000-02-01 12:00:00,0.0,0.34619647541530363,0.3583954550705775,0.3666255582259426,-0.05749483022965941,-0.10499265938658223,1.0,0.0
Milwaukee,2000-02-01 13:00:00,0.0,0.34619647541530363,0.3583954550705775,0.3666255582259426,-0.05749483022965941,-0.10499265938658223,1.0,0.0
Milwaukee,2000-02-01 14:00:00,0.0,0.34619647541530363,0.3583954550705775,0.3666255582259426,-0.05749483022965941,-0.10499265938658223,1.0,0.0
Milwaukee,2000-02-01 15:00:00,0.0,0.34619647541530363,0.3583954550705775,0.3666255582259426,-0.05749483022965941,-0.10499265938658223,1.0,0.0
Milwaukee,2000-02-01 16:00:00,0.0,0.34619647541530363,0.3583954550705775,0.3666255582259426,-0.05749483022965941,-0.10499265938658223,1.0,0.0
Milwaukee,2000-02-01 17:00:00,0.0,0.34619647541530363,0.3583954550705775,0.3666255582259426,-0.05749483022965941,-0.10499265938658223,1.0,0.0
Milwaukee,2000-02-01 18:00:00,0.0,0.34619647541530363,0.3583954550705775,0.3666255582259426,-0.05749483022965941,-0.10499265938658223,1.0,0.0
Milwaukee,2000-02-01 19:00:00,0.0,0.34619647541530363,0.3583954550705775,0.3666255582259426,-0.05749483022965941,-0.10499265938658223,1.0,0.0
Milwaukee,2000-02-01 20:00:00,0.0,0.34619647541530363,0.3583954550705775,0.3666255582259426,-0.05749483022965941,-0.10499265938658223,1.0,0.0
Milwaukee,2000-02-01 21:00:00,0.0,0.34619647541530363,0.3583954550705775,0.3666255582259426,-0.05749483022965941,-0.10499265938658223,1.0,0.0
Milwaukee,2000-02-01 22:00:00,0.0,0.34619647541530363,0.3583954550705775,0.3666255582259426,-0.05749483022965941,-0.10499265938658223,1.0,0.0
Milwaukee,2000-02-01 23:00:00,0.0,0.34619647541530363,0.3583954550705775,0.3666255582259426,-0.05749483022965941,-0.10499265938658223,1.0,0.0
Milwaukee,2000-02-02 00:00:00,0.0,0.34619647541530363,0.3583954550705775,0.3666255582259426,-0.05749483022965941,-0.10499265938658223,1.0,0.0
Milwaukee,2000-02-02 01:00:00,0.0,0.34619647541530363,0.3583954550705775,0.3666255582259426,-0.05749483022965941,-0.10499265938658223,1.0,0.0
Milwaukee,2000-02-02 02:00:00,0.0,0.34619647541530363,0.3583954550705775,0.3666255582259426,-0.05749483022965941,-0.10499265938658223,1.0,0.0
Milwaukee,2000-02-02 03:00:00,0.0,0.34619647541530363,0.3583954550705775,0.3666255582259426,-0.05749483022965941,-0.10499265938658223,1.0,0.0
Milwaukee,2000-02-02 04:00:00,0.0,0.34619647541530363,0.3583954550705775,0.3666255582259426,-0.05749483022965941,-0.10499265938658223,1.0,0.0
Milwaukee,2000-02-02 05:00:00,0.0,0.34619647541530363,0.3583954550705775,0.3666255582259426,-0.05749483022965941,-0.10499265938658223,1.0,0.0
Milwaukee,2000-02-02 06:00:00,0.0,0.34619647541530363,0.3583954550705775,0.3666255582259426,-0.05749483022965941,-0.10499265938658223,1.0,0.0
Milwaukee,2000-02-02 07:00:00,0.0,0.34619647541530363,0.3583954550705775,0.3666255582259426,-0.05749483022965941,-0.10499265938658223,1.0,0.0
Milwaukee,2000-02-02 08:00:00,0.0,0.34619647541530363,0.3583954550705775,0.3666255582259426,-0.05749483022965941,-0.10499265938658223,1.0,0.0
Milwaukee,2000-02-02 09:00:00,0.0,0.34619647541530363,0.3583954550705775,0.3666255582259426,-0.05749483022965941,-0.10499265938658223,1.0,0.0
Milwaukee,2000-02-02 10:00:00,0.0,0.34619647541530363,0.3583954550705775,0.3666255582259426,-0.05749483022965941,-0.10499265938658223,1.0,0.0
Milwaukee,2000-02-02 11:00:00,0.0,0.34619647541530363,0.3583954550705775,0.3666255582259426,-0.05749483022965941,-0.10499265938658223,1.0,0.0
Milwaukee,2000-02-02 12:00:00,0.0,0.34619647541530363,0.3583954550705775,0.3666255582259426,-0.05749483022965941,-0.10499265938658223,1.0,0.0
Milwaukee,2000-02-02 13:00:00,0.0,0.34619647541530363,0.3583954550705775,0.3666255582259426,-0.05749483022965941,-0.10499265938658223,1.0,0.0
Milwaukee,2000-02-02 14:00:00,0.0,0.34619647541530363,0.3583954550705775,0.3666255582259426,-0.05749483022965941,-0.10499265938658223,1.0,0.0
Milwaukee,2000-02-02 15:00:00,0.0,0.34619647541530363,0.3583954550705775,0.3666255582259426,-0.05749483022965941,-0.10499265938658223,1.0,0.0
Milwaukee,2000-02-02 16:00:00,0.0,0.34619647541530363,0.3583954550705775,0.3666255582259426,-0.05749483022965941,-0.10499265938658223,1.0,0.0
Milwaukee,2000-02-02 17:00:00,0.0,0.34619647541530363,0.3583954550705775,0.3666255582259426,-0.05749483022965941,-0.10499265938658223,1.0,0.0
Milwaukee,2000-02-02 18:00:00,0.0,0.34619647541530363,0.3583954550705775,0.3666255582259426,-0.05749483022965941,-0.10499265938658223,1.0,0.0
Milwaukee,2000-02-02 19:00:00,0.0,0.34619647541530363,0.3583954550705775,0.3666255582259426,-0.05749483022965941,-0.10499265938658223,1.0,0.0
Milwaukee,2000-02-02 20:00:00,0.0,0.34619647541530363,0.3583954550705775,0.3666255582259426,-0.05749483022965941,-0.10499265938658223,1.0,0.0
Milwaukee,2000-02-02 21:00:00,0.0,0.34619647541530363,0.3583954550705775,0.3666255582259426,-0.05749483022965941,-0.10499265938658223,1.0,0.0
Milwaukee,2000-02-02 22:00:00,0.0,0.34619647541530363,0.3583954550705775,0.3666255582259426,-0.05749483022965941,-0.10499265938658223,1.0,0.0
Milwaukee,2000-02-02 23:00:00,0.0,0.34619647541530363,0.3583954550705775,0.3666255582259426,-0.05749483022965941,-0.10499265938658223,1.0,0.0
Milwaukee,2000-02-03 00:00:00,0.0,0.34619647541530363,0.3583954550705775,0.3666255582259426,-0.05749483022965941,-0.10499265938658223,1.0,0.0
Milwaukee,2000-02-03 01:00:00,0.10000000149011612,0.37493462778701603,0.37963028842970437,0.38608798432978486,0.077882847413793,0.04267897886966643,0.5479894519381427,0.05479894601038219
Milwaukee,2000-02-03 02:00:00,0.0,0.34619647541530363,0.3583954550705775,0.3666255582259426,-0.05749483022965941,-0.10499265938658223,1.0,0.0
Milwaukee,2000-02-03 03:00:00,0.30000000447034836,0.4321218104209064,0.4219192462835154,0.42481437583882836,0.3486382027006978,0.3380222553821637,0.9695502465412611,0.2908650782966057
Milwaukee,2000-02-03 04:00:00,0.0,0.34619647541530363,0.3583954550705775,0.3666255582259426,-0.05749483022965941,-0.10499265938658223,1.0,0.0
Milwaukee,2000-02-03 05:00:00,0.0,0.34619647541530363,0.3583954550705775,0.3666255582259426,-0.05749483022965941,-0.10499265938658223,1.0,0.0
Milwaukee,2000-02-03 06:00:00,0.0,0.34619647541530363,0.3583954550705775,0.3666255582259426,-0.05749483022965941,-0.10499265938658223,1.0,0.0
Milwaukee,2000-02-03 07:00:00,0.0,0.34619647541530363,0.3583954550705775,0.3666255582259426,-0.05749483022965941,-0.10499265938658223,1.0,0.0
Milwaukee,2000-02-03 08:00:00,0.0,0.34619647541530363,0.3583954550705775,0.3666255582259426,-0.05749483022965941,-0.10499265938658223,1.0,0.0
Milwaukee,2000-02-03 09:00:00,0.0,0.34619647541530363,0.3583954550705775,0.3666255582259426,-0.05749483022965941,-0.10499265938658223,1.0,0.0
Milwaukee,2000-02-03 10:00:00,0.0,0.34619647541530363,0.3583954550705775,0.3666255582259426,-0.05749483022965941,-0.10499265938658223,1.0,0.0
Milwaukee,2000-02-03 11:00:00,0.0,0.34619647541530363,0.3583954550705775,0.3666255582259426,-0.05749483022965941,-0.10499265938658223,1.0,0.0
Milwaukee,2000-02-03 12:00:00,0.0,0.34619647541530363,0.3583954550705775,0.3666255582259426,-0.05749483022965941,-0.10499265938658223,1.0,0.0
Milwaukee,2000-02-03 13:00:00,0.0,0.34619647541530363,0.3583954550705775,0.3666255582259426,-0.05749483022965941,-0.10499265938658223,1.0,0.0
Milwaukee,2000-02-03 14:00:00,0.0,0.34619647541530363,0.3583954550705775,0.3666255582259426,-0.05749483022965941,-0.10499265938658223,1.0,0.0
Milwaukee,2000-02-03 15:00:00,0.0,0.34619647541530363,0.3583954550705775,0.3666255582259426,-0.05749483022965941,-0.10499265938658223,1.0,0.0
Milwaukee,2000-02-03 16:00:00,0.0,0.34619647541530363,0.3583954550705775,0.3666255582259426,-0.05749483022965941,-0.10499265938658223,1.0,0.0
Milwaukee,2000-02-03 17:00:00,0.0,0.34619647541530363,0.3583954550705775,0.3666255582259426,-0.05749483022965941,-0.10499265938658223,1.0,0.0
Milwaukee,2000-02-03 18:00:00,0.10000000149011612,0.37493462778701603,0.37963028842970437,0.38608798432978486,0.077882847413793,0.04267897886966643,0.5479894519381427,0.05479894601038219
Milwaukee,2000-02-03 19:00:00,0.0,0.34619647541530363,0.3583954550705775,0.3666255582259426,-0.05749483022965941,-0.10499265938658223,1.0,0.0
Milwaukee,2000-02-03 20:00:00,0.0,0.34619647541530363,0.3583954550705775,0.3666255582259426,-0.05749483022965941,-0.10499265938658223,1.0,0.0
Milwaukee,2000-02-03 21:00:00,0.4000000059604645,0.4602572840073257,0.44284563734884813,0.44398150563378375,0.4840158803441499,0.4856938936384119,1.0034668558665243,0.40138674832773824
Milwaukee,2000-02-03 22:00:00,0.10000000149011612,0.37493462778701603,0.37963028842970437,0.38608798432978486,0.077882847413793,0.04267897886966643,0.5479894519381427,0.05479894601038219
Milwaukee,2000-02-03 23:00:00,0.0,0.34619647541530363,0.3583954550705775,0.3666255582259426,-0.05749483022965941,-0.10499265938658223,1.0,0.0
Milwaukee,2000-02-04 00:00:00,0.0,0.34619647541530363,0.3583954550705775,0.3666255582259426,-0.05749483022965941,-0.10499265938658223,1.0,0.0
Milwaukee,2000-02-04 01:00:00,0.0,0.34619647541530363,0.3583954550705775,0.3666255582259426,-0.05749483022965941,-0.10499265938658223,1.0,0.0
Milwaukee,2000-02-04 02:00:00,0.20000000298023224,0.4036312859866724,0.40082695074191593,0.4055009521190948,0.2132605250572452,0.1903506171259148,0.8925731429893989,0.17851463125795505
Milwaukee,2000-02-04 03:00:00,0.10000000149011612,0.37493462778701603,0.37963028842970437,0.38608798432978486,0.077882847413793,0.04267897886966643,0.5479894519381427,0.05479894601038219
Milwaukee,2000-02-04 04:00:00,0.0,0.34619647541530363,0.3583954550705775,0.3666255582259426,-0.05749483022965941,-0.10499265938658223,1.0,0.0
Milwaukee,2000-02-04 05:00:00,0.0,0.34619647541530363,0.3583954550705775,0.3666255582259426,-0.05749483022965941,-0.10499265938658223,1.0,0.0
Milwaukee,2000-02-04 06:00:00,0.0,0.34619647541530363,0.3583954550705775,0.3666255582259426,-0.05749483022965941,-0.10499265938658223,1.0,0.0
Milwaukee,2000-02-04 07:00:00,0.0,0.34619647541530363,0.3583954550705775,0.3666255582259426,-0.05749483022965941,-0.10499265938658223,1.0,0.0
Milwaukee,2000-02-04 08:00:00,0.0,0.34619647541530363,0.3583954550705775,0.3666255582259426,-0.05749483022965941,-0.10499265938658223,1.0,0.0
Milwaukee,2000-02-04 09:00:00,0.0,0.34619647541530363,0.3583954550705775,0.3666255582259426,-0.05749483022965941,-0.10499265938658223,1.0,0.0
Milwaukee,2000-02-04 10:00:00,0.0,0.34619647541530363,0.3583954550705775,0.3666255582259426,-0.05749483022965941,-0.10499265938658223,1.0,0.0
Milwaukee,2000-02-04 11:00:00,0.0,0.34619647541530363,0.3583954550705775,0.3666255582259426,-0.05749483022965941,-0.10499265938658223,1.0,0.0
Milwaukee,2000-02-04 12:00:00,0.0,0.34619647541530363,0.3583954550705775,0.3666255582259426,-0.05749483022965941,-0.10499265938658223,1.0,0.0
Milwaukee,2000-02-04 13:00:00,0.0,0.34619647541530363,0.3583954550705775,0.3666255582259426,-0.05749483022965941,-0.10499265938658223,1.0,0.0
Milwaukee,2000-02-04 14:00:00,0.0,0.34619647541530363,0.3583954550705775,0.3666255582259426,-0.05749483022965941,-0.10499265938658223,1.0,0.0
Milwaukee,2000-02-04 15:00:00,0.0,0.34619647541530363,0.3583954550705775,0.3666255582259426,-0.05749483022965941,-0.10499265938658223,1.0,0.0
Milwaukee,2000-02-04 16:00:00,0.0,0.34619647541530363,0.3583954550705775,0.3666255582259426,-0.05749483022965941,-0.10499265938658223,1.0,0.0
Milwaukee,2000-02-04 17:00:00,0.0,0.34619647541530363,0.3583954550705775,0.3666255582259426,-0.05749483022965941,-0.10499265938658223,1.0,0.0
Milwaukee,2000-02-04 18:00:00,0.0,0.34619647541530363,0.3583954550705775,0.3666255582259426,-0.05749483022965941,-0.10499265938658223,1.0,0.0
Milwaukee,2000-02-04 19:00:00,0.0,0.34619647541530363,0.3583954550705775,0.3666255582259426,-0.05749483022965941,-0.10499265938658223,1.0,0.0
Milwaukee,2000-02-04 20:00:00,0.0,0.34619647541530363,0.3583954550705775,0.3666255582259426,-0.05749483022965941,-0.10499265938658223,1.0,0.0
Milwaukee,2000-02-04 21:00:00,0.0,0.34619647541530363,0.3583954550705775,0.3666255582259426,-0.05749483022965941,-0.10499265938658223,1.0,0.0
Milwaukee,2000-02-04 22:00:00,0.0,0.34619647541530363,0.3583954550705775,0.3666255582259426,-0.05749483022965941,-0.10499265938658223,1.0,0.0
Milwaukee,2000-02-04 23:00:00,0.0,0.34619647541530363,0.3583954550705775,0.3666255582259426,-0.05749483022965941,-0.10499265938658223,1.0,0.0
Milwaukee,2000-02-05 00:00:00,0.0,0.34619647541530363,0.3583954550705775,0.3666255582259426,-0.05749483022965941,-0.10499265938658223,1.0,0.0
Milwaukee,2000-02-05 01:00:00,0.0,0.34619647541530363,0.3583954550705775,0.3666255582259426,-0.05749483022965941,-0.10499265938658223,1.0,0.0
Milwaukee,2000-02-05 02:00:00,0.0,0.34619647541530363,0.3583954550705775,0.3666255582259426,-0.05749483022965941,-0.10499265938658223,1.0,0.0
Milwaukee,2000-02-05 03:00:00,0.0,0.34619647541530363,0.3583954550705775,0.3666255582259426,-0.05749483022965941,-0.10499265938658223,1.0,0.0
Milwaukee,2000-02-05 04:00:00,0.0,0.34619647541530363,0.3583954550705775,0.3666255582259426,-0.05749483022965941,-0.10499265938658223,1.0,0.0
Milwaukee,2000-02-05 05:00:00,0.0,0.34619647541530363,0.3583954550705775,0.3666255582259426,-0.05749483022965941,-0.10499265938658223,1.0,0.0
Milwaukee,2000-02-05 06:00:00,0.0,0.34619647541530363,0.3583954550705775,0.3666255582259426,-0.05749483022965941,-0.10499265938658223,1.0,0.0
Milwaukee,2000-02-05 07:00:00,0.0,0.34619647541530363,0.3583954550705775,0.3666255582259426,-0.05749483022965941,-0.10499265938658223,1.0,0.0
Milwaukee,2000-02-05 08:00:00,0.0,0.34619647541530363,0.3583954550705775,0.3666255582259426,-0.05749483022965941,-0.10499265938658223,1.0,0.0
Milwaukee,2000-02-05 09:00:00,0.0,0.34619647541530363,0.3583954550705775,0.3666255582259426,-0.05749483022965941,-0.10499265938658223,1.0,0.0
Milwaukee,2000-02-05 10:00:00,0.0,0.34619647541530363,0.3583954550705775,0.3666255582259426,-0.05749483022965941,-0.10499265938658223,1.0,0.0
Milwaukee,2000-02-05 11:00:00,0.0,0.34619647541530363,0.3583954550705775,0.3666255582259426,-0.05749483022965941,-0.10499265938658223,1.0,0.0
Milwaukee,2000-02-05 12:00:00,0.0,0.34619647541530363,0.3583954550705775,0.3666255582259426,-0.05749483022965941,-0.10499265938658223,1.0,0.0
Milwaukee,2000-02-05 13:00:00,0.0,0.34619647541530363,0.3583954550705775,0.3666255582259426,-0.05749483022965941,-0.10499265938658223,1.0,0.0
Milwaukee,2000-02-05 14:00:00,0.0,0.34619647541530363,0.3583954550705775,0.3666255582259426,-0.05749483022965941,-0.10499265938658223,1.0,0.0
Milwaukee,2000-02-05 15:00:00,0.0,0.34619647541530363,0.3583954550705775,0.3666255582259426,-0.05749483022965941,-0.10499265938658223,1.0,0.0
Milwaukee,2000-02-05 16:00:00,0.0,0.34619647541530363,0.3583954550705775,0.3666255582259426,-0.05749483022965941,-0.10499265938658223,1.0,0.0
Milwaukee,2000-02-05 17:00:00,0.0,0.34619647541530363,0.3583954550705775,0.3666255582259426,-0.05749483022965941,-0.10499265938658223,1.0,0.0
Milwaukee,2000-02-05 18:00:00,0.0,0.34619647541530363,0.3583954550705775,0.3666255582259426,-0.05749483022965941,-0.10499265938658223,1.0,0.0
Milwaukee,2000-02-05 19:00:00,0.0,0.34619647541530363,0.3583954550705775,0.3666255582259426,-0.05749483022965941,-0.10499265938658223,1.0,0.0
Milwaukee,2000-02-05 20:00:00,0.0,0.34619647541530363,0.3583954550705775,0.3666255582259426,-0.05749483022965941,-0.10499265938658223,1.0,0.0
Milwaukee,2000-02-05 21:00:00,0.0,0.34619647541530363,0.3583954550705775,0.3666255582259426,-0.05749483022965941,-0.10499265938658223,1.0,0.0
Milwaukee,2000-02-05 22:00:00,0.0,0.34619647541530363,0.3583954550705775,0.3666255582259426,-0.05749483022965941,-0.10499265938658223,1.0,0.0
Milwaukee,2000-02-05 23:00:00,0.0,0.34619647541530363,0.3583954550705775,0.3666255582259426,-0.05749483022965941,-0.10499265938658223,1.0,0.0
Milwaukee,2000-02-06 00:00:00,0.0,0.34619647541530363,0.3583954550705775,0.3666255582259426,-0.05749483022965941,-0.10499265938658223,1.0,0.0
Milwaukee,2000-02-06 01:00:00,0.0,0.34619647541530363,0.3583954550705775,0.3666255582259426,-0.05749483022965941,-0.10499265938658223,1.0,0.0
Milwaukee,2000-02-06 02:00:00,0.0,0.34619647541530363,0.3583954550705775,0.3666255582259426,-0.05749483022965941,-0.10499265938658223,1.0,0.0
Milwaukee,2000-02-06 03:00:00,0.0,0.34619647541530363,0.3583954550705775,0.3666255582259426,-0.05749483022965941,-0.10499265938658223,1.0,0.0
Milwaukee,2000-02-06 04:00:00,0.0,0.34619647541530363,0.3583954550705775,0.3666255582259426,-0.05749483022965941,-0.10499265938658223,1.0,0.0
Milwaukee,2000-02-06 05:00:00,0.0,0.34619647541530363,0.3583954550705775,0.3666255582259426,-0.05749483022965941,-0.10499265938658223,1.0,0.0
Milwaukee,2000-02-06 06:00:00,0.0,0.34619647541530363,0.3583954550705775,0.3666255582259426,-0.05749483022965941,-0.10499265938658223,1.0,0.0
Milwaukee,2000-02-06 07:00:00,0.0,0.34619647541530363,0.3583954550705775,0.3666255582259426,-0.05749483022965941,-0.10499265938658223,1.0,0.0
Milwaukee,2000-02-06 08:00:00,0.0,0.34619647541530363,0.3583954550705775,0.3666255582259426,-0.05749483022965941,-0.10499265938658223,1.0,0.0
Milwaukee,2000-02-06 09:00:00,0.0,0.34619647541530363,0.3583954550705775,0.3666255582259426,-0.05749483022965941,-0.10499265938658223,1.0,0.0
Milwaukee,2000-02-06 10:00:00,0.0,0.34619647541530363,0.3583954550705775,0.3666255582259426,-0.05749483022965941,-0.10499265938658223,1.0,0.0
Milwaukee,2000-02-06 11:00:00,0.0,0.34619647541530363,0.3583954550705775,0.3666255582259426,-0.05749483022965941,-0.10499265938658223,1.0,0.0
Milwaukee,2000-02-06 12:00:00,0.0,0.34619647541530363,0.3583954550705775,0.3666255582259426,-0.05749483022965941,-0.10499265938658223,1.0,0.0
Milwaukee,2000-02-06 13:00:00,0.0,0.34619647541530363,0.3583954550705775,0.3666255582259426,-0.05749483022965941,-0.10499265938658223,1.0,0.0
Milwaukee,2000-02-06 14:00:00,0.0,0.34619647541530363,0.3583954550705775,0.3666255582259426,-0.05749483022965941,-0.10499265938658223,1.0,0.0
Milwaukee,2000-02-06 15:00:00,0.0,0.34619647541530363,0.3583954550705775,0.3666255582259426,-0.05749483022965941,-0.10499265938658223,1.0,0.0
Milwaukee,2000-02-06 16:00:00,0.0,0.34619647541530363,0.3583954550705775,0.3666255582259426,-0.05749483022965941,-0.10499265938658223,1.0,0.0
Milwaukee,2000-02-06 17:00:00,0.0,0.34619647541530363,0.3583954550705775,0.3666255582259426,-0.05749483022965941,-0.10499265938658223,1.0,0.0
Milwaukee,2000-02-06 18:00:00,0.0,0.34619647541530363,0.3583954550705775,0.3666255582259426,-0.05749483022965941,-0.10499265938658223,1.0,0.0
Milwaukee,2000-02-06 19:00:00,0.0,0.34619647541530363,0.3583954550705775,0.3666255582259426,-0.05749483022965941,-0.10499265938658223,1.0,0.0
Milwaukee,2000-02-06 20:00:00,0.0,0.34619647541530363,0.3583954550705775,0.3666255582259426,-0.05749483022965941,-0.10499265938658223,1.0,0.0
Milwaukee,2000-02-06 21:00:00,0.0,0.34619647541530363,0.3583954550705775,0.3666255582259426,-0.05749483022965941,-0.10499265938658223,1.0,0.0
Milwaukee,2000-02-06 22:00:00,0.0,0.34619647541530363,0.3583954550705775,0.3666255582259426,-0.05749483022965941,-0.10499265938658223,1.0,0.0
Milwaukee,2000-02-06 23:00:00,0.0,0.34619647541530363,0.3583954550705775,0.3666255582259426,-0.05749483022965941,-0.10499265938658223,1.0,0.0
Milwaukee,2000-02-07 00:00:00,0.0,0.34619647541530363,0.3583954550705775,0.3666255582259426,-0.05749483022965941,-0.10499265938658223,1.0,0.0
Milwaukee,2000-02-07 01:00:00,0.0,0.34619647541530363,0.3583954550705775,0.3666255582259426,-0.05749483022965941,-0.10499265938658223,1.0,0.0
Milwaukee,2000-02-07 02:00:00,0.0,0.34619647541530363,0.3583954550705775,0.3666255582259426,-0.05749483022965941,-0.10499265938658223,1.0,0.0
Milwaukee,2000-02-07 03:00:00,0.0,0.34619647541530363,0.3583954550705775,0.3666255582259426,-0.05749483022965941,-0.10499265938658223,1.0,0.0
Milwaukee,2000-02-07 04:00:00,0.0,0.34619647541530363,0.3583954550705775,0.3666255582259426,-0.05749483022965941,-0.10499265938658223,1.0,0.0
Milwaukee,2000-02-07 05:00:00,0.0,0.34619647541530363,0.3583954550705775,0.3666255582259426,-0.05749483022965941,-0.10499265938658223,1.0,0.0
Milwaukee,2000-02-07 06:00:00,0.0,0.34619647541530363,0.3583954550705775,0.3666255582259426,-0.05749483022965941,-0.10499265938658223,1.0,0.0
Milwaukee,2000-02-07 07:00:00,0.0,0.34619647541530363,0.3583954550705775,0.3666255582259426,-0.05749483022965941,-0.10499265938658223,1.0,0.0
Milwaukee,2000-02-07 08:00:00,0.0,0.34619647541530363,0.3583954550705775,0.3666255582259426,-0.05749483022965941,-0.10499265938658223,1.0,0.0
Milwaukee,2000-02-07 09:00:00,0.0,0.34619647541530363,0.3583954550705775,0.3666255582259426,-0.05749483022965941,-0.10499265938658223,1.0,0.0
Milwaukee,2000-02-07 10:00:00,0.0,0.34619647541530363,0.3583954550705775,0.3666255582259426,-0.05749483022965941,-0.10499265938658223,1.0,0.0
Milwaukee,2000-02-07 11:00:00,0.0,0.34619647541530363,0.3583954550705775,0.3666255582259426,-0.05749483022965941,-0.10499265938658223,1.0,0.0
Milwaukee,2000-02-07 12:00:00,0.0,0.34619647541530363,0.3583954550705775,0.3666255582259426,-0.05749483022965941,-0.10499265938658223,1.0,0.0
Milwaukee,2000-02-07 13:00:00,0.0,0.34619647541530363,0.3583954550705775,0.3666255582259426,-0.05749483022965941,-0.10499265938658223,1.0,0.0
Milwaukee,2000-02-07 14:00:00,0.0,0.34619647541530363,0.3583954550705775,0.3666255582259426,-0.05749483022965941,-0.10499265938658223,1.0,0.0
Milwaukee,2000-02-07 15:00:00,0.0,0.34619647541530363,0.3583954550705775,0.3666255582259426,-0.05749483022965941,-0.10499265938658223,1.0,0.0
Milwaukee,2000-02-07 16:00:00,0.0,0.34619647541530363,0.3583954550705775,0.3666255582259426,-0.05749483022965941,-0.10499265938658223,1.0,0.0
Milwaukee,2000-02-07 17:00:00,0.0,0.34619647541530363,0.3583954550705775,0.3666255582259426,-0.05749483022965941,-0.10499265938658223,1.0,0.0
Milwaukee,2000-02-07 18:00:00,0.0,0.34619647541530363,0.3583954550705775,0.3666255582259426,-0.05749483022965941,-0.10499265938658223,1.0,0.0
Milwaukee,2000-02-07 19:00:00,0.0,0.34619647541530363,0.3583954550705775,0.3666255582259426,-0.05749483022965941,-0.10499265938658223,1.0,0.0
Milwaukee,2000-02-07 20:00:00,0.0,0.34619647541530363,0.3583954550705775,0.3666255582259426,-0.05749483022965941,-0.10499265938658223,1.0,0.0
Milwaukee,2000-02-07 21:00:00,0.0,0.34619647541530363,0.3583954550705775,0.3666255582259426,-0.05749483022965941,-0.10499265938658223,1.0,0.0
Milwaukee,2000-02-07 22:00:00,0.0,0.34619647541530363,0.3583954550705775,0.3666255582259426,-0.05749483022965941,-0.10499265938658223,1.0,0.0
Milwaukee,2000-02-07 23:00:00,0.0,0.34619647541530363,0.3583954550705775,0.3666255582259426,-0.05749483022965941,-0.10499265938658223,1.0,0.0
Milwaukee,2000-02-08 00:00:00,0.0,0.34619647541530363,0.3583954550705775,0.3666255582259426,-0.05749483022965941,-0.10499265938658223,1.0,0.0
Milwaukee,2000-02-08 01:00:00,0.0,0.34619647541530363,0.3583954550705775,0.3666255582259426,-0.05749483022965941,-0.10499265938658223,1.0,0.0
Milwaukee,2000-02-08 02:00:00,0.0,0.34619647541530363,0.3583954550705775,0.3666255582259426,-0.05749483022965941,-0.10499265938658223,1.0,0.0
Milwaukee,2000-02-08 03:00:00,0.0,0.34619647541530363,0.3583954550705775,0.3666255582259426,-0.05749483022965941,-0.10499265938658223,1.0,0.0
Milwaukee,2000-02-08 04:00:00,0.0,0.34619647541530363,0.3583954550705775,0.3666255582259426,-0.05749483022965941,-0.10499265938658223,1.0,0.0
Milwaukee,2000-02-08 05:00:00,0.0,0.34619647541530363,0.3583954550705775,0.3666255582259426,-0.05749483022965941,-0.10499265938658223,1.0,0.0
Milwaukee,2000-02-08 06:00:00,0.0,0.34619647541530363,0.3583954550705775,0.3666255582259426,-0.05749483022965941,-0.10499265938658223,1.0,0.0
Milwaukee,2000-02-08 07:00:00,0.0,0.34619647541530363,0.3583954550705775,0.3666255582259426,-0.05749483022965941,-0.10499265938658223,1.0,0.0
Milwaukee,2000-02-08 08:00:00,0.0,0.34619647541530363,0.3583954550705775,0.3666255582259426,-0.05749483022965941,-0.10499265938658223,1.0,0.0
Milwaukee,2000-02-08 09:00:00,0.0,0.34619647541530363,0.3583954550705775,0.3666255582259426,-0.05749483022965941,-0.10499265938658223,1.0,0.0
Milwaukee,2000-02-08 10:00:00,0.0,0.34619647541530363,0.3583954550705775,0.3666255582259426,-0.05749483022965941,-0.10499265938658223,1.0,0.0
Milwaukee,2000-02-08 11:00:00,0.0,0.34619647541530363,0.3583954550705775,0.3666255582259426,-0.05749483022965941,-0.10499265938658223,1.0,0.0
Milwaukee,2000-02-08 12:00:00,0.0,0.34619647541530363,0.3583954550705775,0.3666255582259426,-0.05749483022965941,-0.10499265938658223,1.0,0.0
Milwaukee,2000-02-08 13:00:00,0.0,0.34619647541530363,0.3583954550705775,0.3666255582259426,-0.05749483022965941,-0.10499265938658223,1.0,0.0
Milwaukee,2000-02-08 14:00:00,0.0,0.34619647541530363,0.3583954550705775,0.3666255582259426,-0.05749483022965941,-0.10499265938658223,1.0,0.0
Milwaukee,2000-02-08 15:00:00,0.0,0.34619647541530363,0.3583954550705775,0.3666255582259426,-0.05749483022965941,-0.10499265938658223,1.0,0.0
Milwaukee,2000-02-08 16:00:00,0.0,0.34619647541530363,0.3583954550705775,0.3666255582259426,-0.05749483022965941,-0.10499265938658223,1.0,0.0
Milwaukee,2000-02-08 17:00:00,0.0,0.34619647541530363,0.3583954550705775,0.3666255582259426,-0.05749483022965941,-0.10499265938658223,1.0,0.0
Milwaukee,2000-02-08 18:00:00,0.0,0.34619647541530363,0.3583954550705775,0.3666255582259426,-0.05749483022965941,-0.10499265938658223,1.0,0.0
Milwaukee,2000-02-08 19:00:00,0.0,0.34619647541530363,0.3583954550705775,0.3666255582259426,-0.05749483022965941,-0.10499265938658223,1.0,0.0
Milwaukee,2000-02-08 20:00:00,0.0,0.34619647541530363,0.3583954550705775,0.3666255582259426,-0.05749483022965941,-0.10499265938658223,1.0,0.0
Milwaukee,2000-02-08 21:00:00,0.0,0.34619647541530363,0.3583954550705775,0.3666255582259426,-0.05749483022965941,-0.10499265938658223,1.0,0.0
Milwaukee,2000-02-08 22:00:00,0.0,0.34619647541530363,0.3583954550705775,0.3666255582259426,-0.05749483022965941,-0.10499265938658223,1.0,0.0
Milwaukee,2000-02-08 23:00:00,0.0,0.34619647541530363,0.3583954550705775,0.3666255582259426,-0.05749483022965941,-0.10499265938658223,1.0,0.0
Milwaukee,2000-02-09 00:00:00,0.0,0.34619647541530363,0.3583954550705775,0.3666255582259426,-0.05749483022965941,-0.10499265938658223,1.0,0.0
Milwaukee,2000-02-09 01:00:00,0.0,0.34619647541530363,0.3583954550705775,0.3666255582259426,-0.05749483022965941,-0.10499265938658223,1.0,0.0
Milwaukee,2000-02-09 02:00:00,0.0,0.34619647541530363,0.3583954550705775,0.3666255582259426,-0.05749483022965941,-0.10499265938658223,1.0,0.0
Milwaukee,2000-02-09 03:00:00,0.0,0.34619647541530363,0.3583954550705775,0.3666255582259426,-0.05749483022965941,-0.10499265938658223,1.0,0.0
Milwaukee,2000-02-09 04:00:00,0.0,0.34619647541530363,0.3583954550705775,0.3666255582259426,-0.05749483022965941,-0.10499265938658223,1.0,0.0
Milwaukee,2000-02-09 05:00:00,0.0,0.34619647541530363,0.3583954550705775,0.3666255582259426,-0.05749483022965941,-0.10499265938658223,1.0,0.0
Milwaukee,2000-02-09 06:00:00,0.0,0.34619647541530363,0.3583954550705775,0.3666255582259426,-0.05749483022965941,-0.10499265938658223,1.0,0.0
Milwaukee,2000-02-09 07:00:00,0.0,0.34619647541530363,0.3583954550705775,0.3666255582259426,-0.05749483022965941,-0.10499265938658223,1.0,0.0
Milwaukee,2000-02-09 08:00:00,0.0,0.34619647541530363,0.3583954550705775,0.3666255582259426,-0.05749483022965941,-0.10499265938658223,1.0,0.0
Milwaukee,2000-02-09 09:00:00,0.0,0.34619647541530363,0.3583954550705775,0.3666255582259426,-0.05749483022965941,-0.10499265938658223,1.0,0.0
Milwaukee,2000-02-09 10:00:00,0.0,0.34619647541530363,0.3583954550705775,0.3666255582259426,-0.05749483022965941,-0.10499265938658223,1.0,0.0
Milwaukee,2000-02-09 11:00:00,0.0,0.34619647541530363,0.3583954550705775,0.3666255582259426,-0.05749483022965941,-0.10499265938658223,1.0,0.0
Milwaukee,2000-02-09 12:00:00,0.0,0.34619647541530363,0.3583954550705775,0.3666255582259426,-0.05749483022965941,-0.10499265938658223,1.0,0.0
Milwaukee,2000-02-09 13:00:00,0.0,0.34619647541530363,0.3583954550705775,0.3666255582259426,-0.05749483022965941,-0.10499265938658223,1.0,0.0
Milwaukee,2000-02-09 14:00:00,0.0,0.34619647541530363,0.3583954550705775,0.3666255582259426,-0.05749483022965941,-0.10499265938658223,1.0,0.0
Milwaukee,2000-02-09 15:00:00,0.0,0.34619647541530363,0.3583954550705775,0.3666255582259426,-0.05749483022965941,-0.10499265938658223,1.0,0.0
Milwaukee,2000-02-09 16:00:00,0.0,0.34619647541530363,0.3583954550705775,0.3666255582259426,-0.05749483022965941,-0.10499265938658223,1.0,0.0
Milwaukee,2000-02-09 17:00:00,0.0,0.34619647541530363,0.3583954550705775,0.3666255582259426,-0.05749483022965941,-0.10499265938658223,1.0,0.0
Milwaukee,2000-02-09 18:00:00,0.0,0.34619647541530363,0.3583954550705775,0.3666255582259426,-0.05749483022965941,-0.10499265938658223,1.0,0.0
Milwaukee,2000-02-09 19:00:00,0.0,0.34619647541530363,0.3583954550705775,0.3666255582259426,-0.05749483022965941,-0.10499265938658223,1.0,0.0
Milwaukee,2000-02-09 20:00:00,0.0,0.34619647541530363,0.3583954550705775,0.3666255582259426,-0.05749483022965941,-0.10499265938658223,1.0,0.0
Milwaukee,2000-02-09 21:00:00,0.0,0.34619647541530363,0.3583954550705775,0.3666255582259426,-0.05749483022965941,-0.10499265938658223,1.0,0.0
Milwaukee,2000-02-09 22:00:00,0.0,0.34619647541530363,0.3583954550705775,0.3666255582259426,-0.05749483022965941,-0.10499265938658223,1.0,0.0
Milwaukee,2000-02-09 23:00:00,0.0,0.34619647541530363,0.3583954550705775,0.3666255582259426,-0.05749483022965941,-0.10499265938658223,1.0,0.0
Milwaukee,2000-02-10 00:00:00,0.0,0.34619647541530363,0.3583954550705775,0.3666255582259426,-0.05749483022965941,-0.10499265938658223,1.0,0.0
Milwaukee,2000-02-10 01:00:00,0.0,0.34619647541530363,0.3583954550705775,0.3666255582259426,-0.05749483022965941,-0.10499265938658223,1.0,0.0
Milwaukee,2000-02-10 02:00:00,0.0,0.34619647541530363,0.3583954550705775,0.3666255582259426,-0.05749483022965941,-0.10499265938658223,1.0,0.0
Milwaukee,2000-02-10 03:00:00,0.0,0.34619647541530363,0.3583954550705775,0.3666255582259426,-0.05749483022965941,-0.10499265938658223,1.0,0.0
Milwaukee,2000-02-10 04:00:00,0.0,0.34619647541530363,0.3583954550705775,0.3666255582259426,-0.05749483022965941,-0.10499265938658223,1.0,0.0
Milwaukee,2000-02-10 05:00:00,0.0,0.34619647541530363,0.3583954550705775,0.3666255582259426,-0.05749483022965941,-0.10499265938658223,1.0,0.0
Milwaukee,2000-02-10 06:00:00,0.0,0.34619647541530363,0.3583954550705775,0.3666255582259426,-0.05749483022965941,-0.10499265938658223,1.0,0.0
Milwaukee,2000-02-10 07:00:00,0.0,0.34619647541530363,0.3583954550705775,0.3666255582259426,-0.05749483022965941,-0.10499265938658223,1.0,0.0
Milwaukee,2000-02-10 08:00:00,0.0,0.34619647541530363,0.3583954550705775,0.3666255582259426,-0.05749483022965941,-0.10499265938658223,1.0,0.0
Milwaukee,2000-02-10 09:00:00,0.0,0.34619647541530363,0.3583954550705775,0.3666255582259426,-0.05749483022965941,-0.10499265938658223,1.0,0.0
Milwaukee,2000-02-10 10:00:00,0.0,0.34619647541530363,0.3583954550705775,0.3666255582259426,-0.05749483022965941,-0.10499265938658223,1.0,0.0
Milwaukee,2000-02-10 11:00:00,0.0,0.34619647541530363,0.3583954550705775,0.3666255582259426,-0.05749483022965941,-0.10499265938658223,1.0,0.0
Milwaukee,2000-02-10 12:00:00,0.0,0.34619647541530363,0.3583954550705775,0.3666255582259426,-0.05749483022965941,-0.10499265938658223,1.0,0.0
Milwaukee,2000-02-10 13:00:00,0.0,0.34619647541530363,0.3583954550705775,0.3666255582259426,-0.05749483022965941,-0.10499265938658223,1.0,0.0
Milwaukee,2000-02-10 14:00:00,0.0,0.34619647541530363,0.3583954550705775,0.3666255582259426,-0.05749483022965941,-0.10499265938658223,1.0,0.0
Milwaukee,2000-02-10 15:00:00,0.0,0.34619647541530363,0.3583954550705775,0.3666255582259426,-0.05749483022965941,-0.10499265938658223,1.0,0.0
Milwaukee,2000-02-10 16:00:00,0.0,0.34619647541530363,0.3583954550705775,0.3666255582259426,-0.05749483022965941,-0.10499265938658223,1.0,0.0
Milwaukee,2000-02-10 17:00:00,0.0,0.34619647541530363,0.3583954550705775,0.3666255582259426,-0.05749483022965941,-0.10499265938658223,1.0,0.0
Milwaukee,2000-02-10 18:00:00,0.0,0.34619647541530363,0.3583954550705775,0.3666255582259426,-0.05749483022965941,-0.10499265938658223,1.0,0.0
Milwaukee,2000-02-10 19:00:00,0.0,0.34619647541530363,0.3583954550705775,0.3666255582259426,-0.05749483022965941,-0.10499265938658223,1.0,0.0
Milwaukee,2000-02-10 20:00:00,0.0,0.34619647541530363,0.3583954550705775,0.3666255582259426,-0.05749483022965941,-0.10499265938658223,1.0,0.0
Milwaukee,2000-02-10 21:00:00,0.0,0.34619647541530363,0.3583954550705775,0.3666255582259426,-0.05749483022965941,-0.10499265938658223,1.0,0.0
Milwaukee,2000-02-10 22:00:00,0.0,0.34619647541530363,0.3583954550705775,0.3666255582259426,-0.05749483022965941,-0.10499265938658223,1.0,0.0
Milwaukee,2000-02-10 23:00:00,0.0,0.34619647541530363,0.3583954550705775,0.3666255582259426,-0.05749483022965941,-0.10499265938658223,1.0,0.0
Milwaukee,2000-02-11 00:00:00,0.0,0.34619647541530363,0.3583954550705775,0.3666255582259426,-0.05749483022965941,-0.10499265938658223,1.0,0.0
Milwaukee,2000-02-11 01:00:00,0.0,0.34619647541530363,0.3583954550705775,0.3666255582259426,-0.05749483022965941,-0.10499265938658223,1.0,0.0
Milwaukee,2000-02-11 02:00:00,0.0,0.34619647541530363,0.3583954550705775,0.3666255582259426,-0.05749483022965941,-0.10499265938658223,1.0,0.0
Milwaukee,2000-02-11 03:00:00,0.0,0.34619647541530363,0.3583954550705775,0.3666255582259426,-0.05749483022965941,-0.10499265938658223,1.0,0.0
Milwaukee,2000-02-11 04:00:00,0.0,0.34619647541530363,0.3583954550705775,0.3666255582259426,-0.05749483022965941,-0.10499265938658223,1.0,0.0
Milwaukee,2000-02-11 05:00:00,0.0,0.34619647541530363,0.3583954550705775,0.3666255582259426,-0.05749483022965941,-0.10499265938658223,1.0,0.0
Milwaukee,2000-02-11 06:00:00,0.0,0.34619647541530363,0.3583954550705775,0.3666255582259426,-0.05749483022965941,-0.10499265938658223,1.0,0.0
Milwaukee,2000-02-11 07:00:00,0.0,0.34619647541530363,0.3583954550705775,0.3666255582259426,-0.05749483022965941,-0.10499265938658223,1.0,0.0
Milwaukee,2000-02-11 08:00:00,0.0,0.34619647541530363,0.3583954550705775,0.3666255582259426,-0.05749483022965941,-0.10499265938658223,1.0,0.0
Milwaukee,2000-02-11 09:00:00,0.0,0.34619647541530363,0.3583954550705775,0.3666255582259426,-0.05749483022965941,-0.10499265938658223,1.0,0.0
Milwaukee,2000-02-11 10:00:00,0.0,0.34619647541530363,0.3583954550705775,0.3666255582259426,-0.05749483022965941,-0.10499265938658223,1.0,0.0
Milwaukee,2000-02-11 11:00:00,0.0,0.34619647541530363,0.3583954550705775,0.3666255582259426,-0.05749483022965941,-0.10499265938658223,1.0,0.0
Milwaukee,2000-02-11 12:00:00,0.0,0.34619647541530363,0.3583954550705775,0.3666255582259426,-0.05749483022965941,-0.10499265938658223,1.0,0.0
Milwaukee,2000-02-11 13:00:00,0.0,0.34619647541530363,0.3583954550705775,0.3666255582259426,-0.05749483022965941,-0.10499265938658223,1.0,0.0
Milwaukee,2000-02-11 14:00:00,0.0,0.34619647541530363,0.3583954550705775,0.3666255582259426,-0.05749483022965941,-0.10499265938658223,1.0,0.0
Milwaukee,2000-02-11 15:00:00,0.0,0.34619647541530363,0.3583954550705775,0.3666255582259426,-0.05749483022965941,-0.10499265938658223,1.0,0.0
Milwaukee,2000-02-11 16:00:00,0.0,0.34619647541530363,0.3583954550705775,0.3666255582259426,-0.05749483022965941,-0.10499265938658223,1.0,0.0
Milwaukee,2000-02-11 17:00:00,0.0,0.34619647541530363,0.3583954550705775,0.3666255582259426,-0.05749483022965941,-0.10499265938658223,1.0,0.0
Milwaukee,2000-02-11 18:00:00,0.0,0.34619647541530363,0.3583954550705775,0.3666255582259426,-0.05749483022965941,-0.10499265938658223,1.0,0.0
Milwaukee,2000-02-11 19:00:00,0.0,0.34619647541530363,0.3583954550705775,0.3666255582259426,-0.05749483022965941,-0.10499265938658223,1.0,0.0
Milwaukee,2000-02-11 20:00:00,0.0,0.34619647541530363,0.3583954550705775,0.3666255582259426,-0.05749483022965941,-0.10499265938658223,1.0,0.0
Milwaukee,2000-02-11 21:00:00,0.0,0.34619647541530363,0.3583954550705775,0.3666255582259426,-0.05749483022965941,-0.10499265938658223,1.0,0.0
Milwaukee,2000-02-11 22:00:00,0.0,0.34619647541530363,0.3583954550705775,0.3666255582259426,-0.05749483022965941,-0.10499265938658223,1.0,0.0
Milwaukee,2000-02-11 23:00:00,0.0,0.34619647541530363,0.3583954550705775,0.3666255582259426,-0.05749483022965941,-0.10499265938658223,1.0,0.0
Milwaukee,2000-02-12 00:00:00,0.0,0.34619647541530363,0.3583954550705775,0.3666255582259426,-0.05749483022965941,-0.10499265938658223,1.0,0.0
Milwaukee,2000-02-12 01:00:00,0.0,0.34619647541530363,0.3583954550705775,0.3666255582259426,-0.05749483022965941,-0.10499265938658223,1.0,0.0
Milwaukee,2000-02-12 02:00:00,0.0,0.34619647541530363,0.3583954550705775,0.3666255582259426,-0.05749483022965941,-0.10499265938658223,1.0,0.0
Milwaukee,2000-02-12 03:00:00,0.0,0.34619647541530363,0.3583954550705775,0.3666255582259426,-0.05749483022965941,-0.10499265938658223,1.0,0.0
Milwaukee,2000-02-12 04:00:00,0.0,0.34619647541530363,0.3583954550705775,0.3666255582259426,-0.05749483022965941,-0.10499265938658223,1.0,0.0
Milwaukee,2000-02-12 05:00:00,0.0,0.34619647541530363,0.3583954550705775,0.3666255582259426,-0.05749483022965941,-0.10499265938658223,1.0,0.0
Milwaukee,2000-02-12 06:00:00,0.0,0.34619647541530363,0.3583954550705775,0.3666255582259426,-0.05749483022965941,-0.10499265938658223,1.0,0.0
Milwaukee,2000-02-12 07:00:00,0.0,0.34619647541530363,0.3583954550705775,0.3666255582259426,-0.05749483022965941,-0.10499265938658223,1.0,0.0
Milwaukee,2000-02-12 08:00:00,0.0,0.34619647541530363,0.3583954550705775,0.3666255582259426,-0.05749483022965941,-0.10499265938658223,1.0,0.0
Milwaukee,2000-02-12 09:00:00,0.0,0.34619647541530363,0.3583954550705775,0.3666255582259426,-0.05749483022965941,-0.10499265938658223,1.0,0.0
Milwaukee,2000-02-12 10:00:00,0.0,0.34619647541530363,0.3583954550705775,0.3666255582259426,-0.05749483022965941,-0.10499265938658223,1.0,0.0
Milwaukee,2000-02-12 11:00:00,0.0,0.34619647541530363,0.3583954550705775,0.3666255582259426,-0.05749483022965941,-0.10499265938658223,1.0,0.0
Milwaukee,2000-02-12 12:00:00,0.0,0.34619647541530363,0.3583954550705775,0.3666255582259426,-0.05749483022965941,-0.10499265938658223,1.0,0.0
Milwaukee,2000-02-12 13:00:00,0.0,0.34619647541530363,0.3583954550705775,0.3666255582259426,-0.05749483022965941,-0.10499265938658223,1.0,0.0
Milwaukee,2000-02-12 14:00:00,0.0,0.34619647541530363,0.3583954550705775,0.3666255582259426,-0.05749483022965941,-0.10499265938658223,1.0,0.0
Milwaukee,2000-02-12 15:00:00,0.0,0.34619647541530363,0.3583954550705775,0.3666255582259426,-0.05749483022965941,-0.10499265938658223,1.0,0.0
Milwaukee,2000-02-12 16:00:00,0.0,0.34619647541530363,0.3583954550705775,0.3666255582259426,-0.05749483022965941,-0.10499265938658223,1.0,0.0
Milwaukee,2000-02-12 17:00:00,0.0,0.34619647541530363,0.3583954550705775,0.3666255582259426,-0.05749483022965941,-0.10499265938658223,1.0,0.0
Milwaukee,2000-02-12 18:00:00,0.0,0.34619647541530363,0.3583954550705775,0.3666255582259426,-0.05749483022965941,-0.10499265938658223,1.0,0.0
Milwaukee,2000-02-12 19:00:00,0.0,0.34619647541530363,0.3583954550705775,0.3666255582259426,-0.05749483022965941,-0.10499265938658223,1.0,0.0
Milwaukee,2000-02-12 20:00:00,0.0,0.34619647541530363,0.3583954550705775,0.3666255582259426,-0.05749483022965941,-0.10499265938658223,1.0,0.0
Milwaukee,2000-02-12 21:00:00,0.0,0.34619647541530363,0.3583954550705775,0.3666255582259426,-0.05749483022965941,-0.10499265938658223,1.0,0.0
Milwaukee,2000-02-12 22:00:00,0.0,0.34619647541530363,0.3583954550705775,0.3666255582259426,-0.05749483022965941,-0.10499265938658223,1.0,0.0
Milwaukee,2000-02-12 23:00:00,0.0,0.34619647541530363,0.3583954550705775,0.3666255582259426,-0.05749483022965941,-0.10499265938658223,1.0,0.0
Milwaukee,2000-02-13 00:00:00,0.0,0.34619647541530363,0.3583954550705775,0.3666255582259426,-0.05749483022965941,-0.10499265938658223,1.0,0.0
Milwaukee,2000-02-13 01:00:00,0.0,0.34619647541530363,0.3583954550705775,0.3666255582259426,-0.05749483022965941,-0.10499265938658223,1.0,0.0
Milwaukee,2000-02-13 02:00:00,0.10000000149011612,0.37493462778701603,0.37963028842970437,0.38608798432978486,0.077882847413793,0.04267897886966643,0.5479894519381427,0.05479894601038219
Milwaukee,2000-02-13 03:00:00,0.10000000149011612,0.37493462778701603,0.37963028842970437,0.38608798432978486,0.077882847413793,0.04267897886966643,0.5479894519381427,0.05479894601038219
Milwaukee,2000-02-13 04:00:00,0.4000000059604645,0.4602572840073257,0.44284563734884813,0.44398150563378375,0.4840158803441499,0.4856938936384119,1.0034668558665243,0.40138674832773824
Milwaukee,2000-02-13 05:00:00,0.7000000104308128,0.5412961978369442,0.5040882360000163,0.5001902799477915,0.8901489132745067,0.9287088084071575,1.0433184768948425,0.7303229447090495
Milwaukee,2000-02-13 06:00:00,0.800000011920929,0.5668587624286637,0.5238351948323483,0.518375294178048,1.0255265909179592,1.0763804466634062,1.0495880420808272,0.8396704461767263
Milwaukee,2000-02-13 07:00:00,0.800000011920929,0.5668587624286637,0.5238351948323483,0.518375294178048,1.0255265909179592,1.0763804466634062,1.0495880420808272,0.8396704461767263
Milwaukee,2000-02-13 08:00:00,0.7000000104308128,0.5412961978369442,0.5040882360000163,0.5001902799477915,0.8901489132745067,0.9287088084071575,1.0433184768948425,0.7303229447090495
Milwaukee,2000-02-13 09:00:00,0.5000000074505806,0.4879054674974853,0.4635494842166189,0.4629590707286823,0.6193935579876022,0.6333655318946606,1.0225575060103194,0.5112787606238068
Milwaukee,2000-02-13 10:00:00,0.5000000074505806,0.4879054674974853,0.4635494842166189,0.4629590707286823,0.6193935579876022,0.6333655318946606,1.0225575060103194,0.5112787606238068
Milwaukee,2000-02-13 11:00:00,0.6000000089406967,0.5149511800867037,0.4839791863801989,0.48170736485828647,0.7547712356310545,0.7810371701509091,1.0347998615738105,0.6208799261961181
Milwaukee,2000-02-13 12:00:00,0.800000011920929,0.5668587624286637,0.5238351948323483,0.518375294178048,1.0255265909179592,1.0763804466634062,1.0495880420808272,0.8396704461767263
Milwaukee,2000-02-13 13:00:00,0.30000000447034836,0.4321218104209064,0.4219192462835154,0.42481437583882836,0.3486382027006978,0.3380222553821637,0.9695502465412611,0.2908650782966057
Milwaukee,2000-02-13 14:00:00,0.9000000134110451,0.5915727882419518,0.543183605811401,0.5362334205342039,1.1609042685614115,1.2240520849196546,1.05439536925512,0.9489558464701519
Milwaukee,2000-02-13 15:00:00,0.800000011920929,0.5668587624286637,0.5238351948323483,0.518375294178048,1.0255265909179592,1.0763804466634062,1.0495880420808272,0.8396704461767263
Milwaukee,2000-02-13 16:00:00,0.5000000074505806,0.4879054674974853,0.4635494842166189,0.4629590707286823,0.6193935579876022,0.6333655318946606,1.0225575060103194,0.5112787606238068
Milwaukee,2000-02-13 17:00:00,0.4000000059604645,0.4602572840073257,0.44284563734884813,0.44398150563378375,0.4840158803441499,0.4856938936384119,1.0034668558665243,0.40138674832773824
Milwaukee,2000-02-13 18:00:00,0.6000000089406967,0.5149511800867037,0.4839791863801989,0.48170736485828647,0.7547712356310545,0.7810371701509091,1.0347998615738105,0.6208799261961181
Milwaukee,2000-02-13 19:00:00,0.0,0.34619647541530363,0.3583954550705775,0.3666255582259426,-0.05749483022965941,-0.10499265938658223,1.0,0.0
Milwaukee,2000-02-13 20:00:00,0.10000000149011612,0.37493462778701603,0.37963028842970437,0.38608798432978486,0.077882847413793,0.04267897886966643,0.5479894519381427,0.05479894601038219
Milwaukee,2000-02-13 21:00:00,0.0,0.34619647541530363,0.3583954550705775,0.3666255582259426,-0.05749483022965941,-0.10499265938658223,1.0,0.0
Milwaukee,2000-02-13 22:00:00,0.0,0.34619647541530363,0.3583954550705775,0.3666255582259426,-0.05749483022965941,-0.10499265938658223,1.0,0.0
Milwaukee,2000-02-13 23:00:00,0.20000000298023224,0.4036312859866724,0.40082695074191593,0.4055009521190948,0.2132605250572452,0.1903506171259148,0.8925731429893989,0.17851463125795505
Milwaukee,2000-02-14 00:00:00,0.0,0.34619647541530363,0.3583954550705775,0.3666255582259426,-0.05749483022965941,-0.10499265938658223,1.0,0.0
Milwaukee,2000-02-14 01:00:00,0.0,0.34619647541530363,0.3583954550705775,0.3666255582259426,-0.05749483022965941,-0.10499265938658223,1.0,0.0
Milwaukee,2000-02-14 02:00:00,0.0,0.34619647541530363,0.3583954550705775,0.3666255582259426,-0.05749483022965941,-0.10499265938658223,1.0,0.0
Milwaukee,2000-02-14 03:00:00,0.0,0.34619647541530363,0.3583954550705775,0.3666255582259426,-0.05749483022965941,-0.10499265938658223,1.0,0.0
Milwaukee,2000-02-14 04:00:00,0.0,0.34619647541530363,0.3583954550705775,0.3666255582259426,-0.05749483022965941,-0.10499265938658223,1.0,0.0
Milwaukee,2000-02-14 05:00:00,0.0,0.34619647541530363,0.3583954550705775,0.3666255582259426,-0.05749483022965941,-0.10499265938658223,1.0,0.0
Milwaukee,2000-02-14 06:00:00,0.0,0.34619647541530363,0.3583954550705775,0.3666255582259426,-0.05749483022965941,-0.10499265938658223,1.0,0.0
Milwaukee,2000-02-14 07:00:00,0.0,0.34619647541530363,0.3583954550705775,0.3666255582259426,-0.05749483022965941,-0.10499265938658223,1.0,0.0
Milwaukee,2000-02-14 08:00:00,0.0,0.34619647541530363,0.3583954550705775,0.3666255582259426,-0.05749483022965941,-0.10499265938658223,1.0,0.0
Milwaukee,2000-02-14 09:00:00,0.0,0.34619647541530363,0.3583954550705775,0.3666255582259426,-0.05749483022965941,-0.10499265938658223,1.0,0.0
Milwaukee,2000-02-14 10:00:00,0.0,0.34619647541530363,0.3583954550705775,0.3666255582259426,-0.05749483022965941,-0.10499265938658223,1.0,0.0
Milwaukee,2000-02-14 11:00:00,0.0,0.34619647541530363,0.3583954550705775,0.3666255582259426,-0.05749483022965941,-0.10499265938658223,1.0,0.0
Milwaukee,2000-02-14 12:00:00,0.0,0.34619647541530363,0.3583954550705775,0.3666255582259426,-0.05749483022965941,-0.10499265938658223,1.0,0.0
Milwaukee,2000-02-14 13:00:00,0.0,0.34619647541530363,0.3583954550705775,0.3666255582259426,-0.05749483022965941,-0.10499265938658223,1.0,0.0
Milwaukee,2000-02-14 14:00:00,0.0,0.34619647541530363,0.3583954550705775,0.3666255582259426,-0.05749483022965941,-0.10499265938658223,1.0,0.0
Milwaukee,2000-02-14 15:00:00,0.0,0.34619647541530363,0.3583954550705775,0.3666255582259426,-0.05749483022965941,-0.10499265938658223,1.0,0.0
Milwaukee,2000-02-14 16:00:00,0.0,0.34619647541530363,0.3583954550705775,0.3666255582259426,-0.05749483022965941,-0.10499265938658223,1.0,0.0
Milwaukee,2000-02-14 17:00:00,0.0,0.34619647541530363,0.3583954550705775,0.3666255582259426,-0.05749483022965941,-0.10499265938658223,1.0,0.0
Milwaukee,2000-02-14 18:00:00,0.0,0.34619647541530363,0.3583954550705775,0.3666255582259426,-0.05749483022965941,-0.10499265938658223,1.0,0.0
Milwaukee,2000-02-14 19:00:00,0.0,0.34619647541530363,0.3583954550705775,0.3666255582259426,-0.05749483022965941,-0.10499265938658223,1.0,0.0
Milwaukee,2000-02-14 20:00:00,0.0,0.34619647541530363,0.3583954550705775,0.3666255582259426,-0.05749483022965941,-0.10499265938658223,1.0,0.0
Milwaukee,2000-02-14 21:00:00,0.0,0.34619647541530363,0.3583954550705775,0.3666255582259426,-0.05749483022965941,-0.10499265938658223,1.0,0.0
Milwaukee,2000-02-14 22:00:00,0.0,0.34619647541530363,0.3583954550705775,0.3666255582259426,-0.05749483022965941,-0.10499265938658223,1.0,0.0
Milwaukee,2000-02-14 23:00:00,0.0,0.34619647541530363,0.3583954550705775,0.3666255582259426,-0.05749483022965941,-0.10499265938658223,1.0,0.0
Milwaukee,2000-02-15 00:00:00,0.0,0.34619647541530363,0.3583954550705775,0.3666255582259426,-0.05749483022965941,-0.10499265938658223,1.0,0.0
Milwaukee,2000-02-15 01:00:00,0.0,0.34619647541530363,0.3583954550705775,0.3666255582259426,-0.05749483022965941,-0.10499265938658223,1.0,0.0
Milwaukee,2000-02-15 02:00:00,0.0,0.34619647541530363,0.3583954550705775,0.3666255582259426,-0.05749483022965941,-0.10499265938658223,1.0,0.0
Milwaukee,2000-02-15 03:00:00,0.0,0.34619647541530363,0.3583954550705775,0.3666255582259426,-0.05749483022965941,-0.10499265938658223,1.0,0.0
Milwaukee,2000-02-15 04:00:00,0.0,0.34619647541530363,0.3583954550705775,0.3666255582259426,-0.05749483022965941,-0.10499265938658223,1.0,0.0
Milwaukee,2000-02-15 05:00:00,0.0,0.34619647541530363,0.3583954550705775,0.3666255582259426,-0.05749483022965941,-0.10499265938658223,1.0,0.0
Milwaukee,2000-02-15 06:00:00,0.0,0.34619647541530363,0.3583954550705775,0.3666255582259426,-0.05749483022965941,-0.10499265938658223,1.0,0.0
Milwaukee,2000-02-15 07:00:00,0.0,0.34619647541530363,0.3583954550705775,0.3666255582259426,-0.05749483022965941,-0.10499265938658223,1.0,0.0
Milwaukee,2000-02-15 08:00:00,0.0,0.34619647541530363,0.3583954550705775,0.3666255582259426,-0.05749483022965941,-0.10499265938658223,1.0,0.0
Milwaukee,2000-02-15 09:00:00,0.0,0.34619647541530363,0.3583954550705775,0.3666255582259426,-0.05749483022965941,-0.10499265938658223,1.0,0.0
Milwaukee,2000-02-15 10:00:00,0.0,0.34619647541530363,0.3583954550705775,0.3666255582259426,-0.05749483022965941,-0.10499265938658223,1.0,0.0
Milwaukee,2000-02-15 11:00:00,0.0,0.34619647541530363,0.3583954550705775,0.3666255582259426,-0.05749483022965941,-0.10499265938658223,1.0,0.0
Milwaukee,2000-02-15 12:00:00,0.0,0.34619647541530363,0.3583954550705775,0.3666255582259426,-0.05749483022965941,-0.10499265938658223,1.0,0.0
Milwaukee,2000-02-15 13:00:00,0.0,0.34619647541530363,0.3583954550705775,0.3666255582259426,-0.05749483022965941,-0.10499265938658223,1.0,0.0
Milwaukee,2000-02-15 14:00:00,0.0,0.34619647541530363,0.3583954550705775,0.3666255582259426,-0.05749483022965941,-0.10499265938658223,1.0,0.0
Milwaukee,2000-02-15 15:00:00,0.0,0.34619647541530363,0.3583954550705775,0.3666255582259426,-0.05749483022965941,-0.10499265938658223,1.0,0.0
Milwaukee,2000-02-15 16:00:00,0.0,0.34619647541530363,0.3583954550705775,0.3666255582259426,-0.05749483022965941,-0.10499265938658223,1.0,0.0
Milwaukee,2000-02-15 17:00:00,0.0,0.34619647541530363,0.3583954550705775,0.3666255582259426,-0.05749483022965941,-0.10499265938658223,1.0,0.0
Milwaukee,2000-02-15 18:00:00,0.0,0.34619647541530363,0.3583954550705775,0.3666255582259426,-0.05749483022965941,-0.10499265938658223,1.0,0.0
Milwaukee,2000-02-15 19:00:00,0.0,0.34619647541530363,0.3583954550705775,0.3666255582259426,-0.05749483022965941,-0.10499265938658223,1.0,0.0
Milwaukee,2000-02-15 20:00:00,0.0,0.34619647541530363,0.3583954550705775,0.3666255582259426,-0.05749483022965941,-0.10499265938658223,1.0,0.0
Milwaukee,2000-02-15 21:00:00,0.0,0.34619647541530363,0.3583954550705775,0.3666255582259426,-0.05749483022965941,-0.10499265938658223,1.0,0.0
Milwaukee,2000-02-15 22:00:00,0.0,0.34619647541530363,0.3583954550705775,0.3666255582259426,-0.05749483022965941,-0.10499265938658223,1.0,0.0
Milwaukee,2000-02-15 23:00:00,0.0,0.34619647541530363,0.3583954550705775,0.3666255582259426,-0.05749483022965941,-0.10499265938658223,1.0,0.0
Milwaukee,2000-02-16 00:00:00,0.0,0.34619647541530363,0.3583954550705775,0.3666255582259426,-0.05749483022965941,-0.10499265938658223,1.0,0.0
Milwaukee,2000-02-16 01:00:00,0.0,0.34619647541530363,0.3583954550705775,0.3666255582259426,-0.05749483022965941,-0.10499265938658223,1.0,0.0
Milwaukee,2000-02-16 02:00:00,0.0,0.34619647541530363,0.3583954550705775,0.3666255582259426,-0.05749483022965941,-0.10499265938658223,1.0,0.0
Milwaukee,2000-02-16 03:00:00,0.0,0.34619647541530363,0.3583954550705775,0.3666255582259426,-0.05749483022965941,-0.10499265938658223,1.0,0.0
Milwaukee,2000-02-16 04:00:00,0.0,0.34619647541530363,0.3583954550705775,0.3666255582259426,-0.05749483022965941,-0.10499265938658223,1.0,0.0
Milwaukee,2000-02-16 05:00:00,0.0,0.34619647541530363,0.3583954550705775,0.3666255582259426,-0.05749483022965941,-0.10499265938658223,1.0,0.0
Milwaukee,2000-02-16 06:00:00,0.0,0.34619647541530363,0.3583954550705775,0.3666255582259426,-0.05749483022965941,-0.10499265938658223,1.0,0.0
Milwaukee,2000-02-16 07:00:00,0.0,0.34619647541530363,0.3583954550705775,0.3666255582259426,-0.05749483022965941,-0.10499265938658223,1.0,0.0
Milwaukee,2000-02-16 08:00:00,0.0,0.34619647541530363,0.3583954550705775,0.3666255582259426,-0.05749483022965941,-0.10499265938658223,1.0,0.0
Milwaukee,2000-02-16 09:00:00,0.0,0.34619647541530363,0.3583954550705775,0.3666255582259426,-0.05749483022965941,-0.10499265938658223,1.0,0.0
Milwaukee,2000-02-16 10:00:00,0.0,0.34619647541530363,0.3583954550705775,0.3666255582259426,-0.05749483022965941,-0.10499265938658223,1.0,0.0
Milwaukee,2000-02-16 11:00:00,0.0,0.34619647541530363,0.3583954550705775,0.3666255582259426,-0.05749483022965941,-0.10499265938658223,1.0,0.0
Milwaukee,2000-02-16 12:00:00,0.0,0.34619647541530363,0.3583954550705775,0.3666255582259426,-0.05749483022965941,-0.10499265938658223,1.0,0.0
Milwaukee,2000-02-16 13:00:00,0.0,0.34619647541530363,0.3583954550705775,0.3666255582259426,-0.05749483022965941,-0.10499265938658223,1.0,0.0
Milwaukee,2000-02-16 14:00:00,0.0,0.34619647541530363,0.3583954550705775,0.3666255582259426,-0.05749483022965941,-0.10499265938658223,1.0,0.0
Milwaukee,2000-02-16 15:00:00,0.0,0.34619647541530363,0.3583954550705775,0.3666255582259426,-0.05749483022965941,-0.10499265938658223,1.0,0.0
Milwaukee,2000-02-16 16:00:00,0.0,0.34619647541530363,0.3583954550705775,0.3666255582259426,-0.05749483022965941,-0.10499265938658223,1.0,0.0
Milwaukee,2000-02-16 17:00:00,0.0,0.34619647541530363,0.3583954550705775,0.3666255582259426,-0.05749483022965941,-0.10499265938658223,1.0,0.0
Milwaukee,2000-02-16 18:00:00,0.0,0.34619647541530363,0.3583954550705775,0.3666255582259426,-0.05749483022965941,-0.10499265938658223,1.0,0.0
Milwaukee,2000-02-16 19:00:00,0.0,0.34619647541530363,0.3583954550705775,0.3666255582259426,-0.05749483022965941,-0.10499265938658223,1.0,0.0
Milwaukee,2000-02-16 20:00:00,0.0,0.34619647541530363,0.3583954550705775,0.3666255582259426,-0.05749483022965941,-0.10499265938658223,1.0,0.0
Milwaukee,2000-02-16 21:00:00,0.0,0.34619647541530363,0.3583954550705775,0.3666255582259426,-0.05749483022965941,-0.10499265938658223,1.0,0.0
Milwaukee,2000-02-16 22:00:00,0.0,0.34619647541530363,0.3583954550705775,0.3666255582259426,-0.05749483022965941,-0.10499265938658223,1.0,0.0
Milwaukee,2000-02-16 23:00:00,0.0,0.34619647541530363,0.3583954550705775,0.3666255582259426,-0.05749483022965941,-0.10499265938658223,1.0,0.0
Milwaukee,2000-02-17 00:00:00,0.0,0.34619647541530363,0.3583954550705775,0.3666255582259426,-0.05749483022965941,-0.10499265938658223,1.0,0.0
Milwaukee,2000-02-17 01:00:00,0.0,0.34619647541530363,0.3583954550705775,0.3666255582259426,-0.05749483022965941,-0.10499265938658223,1.0,0.0
Milwaukee,2000-02-17 02:00:00,0.0,0.34619647541530363,0.3583954550705775,0.3666255582259426,-0.05749483022965941,-0.10499265938658223,1.0,0.0
Milwaukee,2000-02-17 03:00:00,0.0,0.34619647541530363,0.3583954550705775,0.3666255582259426,-0.05749483022965941,-0.10499265938658223,1.0,0.0
Milwaukee,2000-02-17 04:00:00,0.0,0.34619647541530363,0.3583954550705775,0.3666255582259426,-0.05749483022965941,-0.10499265938658223,1.0,0.0
Milwaukee,2000-02-17 05:00:00,0.0,0.34619647541530363,0.3583954550705775,0.3666255582259426,-0.05749483022965941,-0.10499265938658223,1.0,0.0
Milwaukee,2000-02-17 06:00:00,0.0,0.34619647541530363,0.3583954550705775,0.3666255582259426,-0.05749483022965941,-0.10499265938658223,1.0,0.0
Milwaukee,2000-02-17 07:00:00,0.0,0.34619647541530363,0.3583954550705775,0.3666255582259426,-0.05749483022965941,-0.10499265938658223,1.0,0.0
Milwaukee,2000-02-17 08:00:00,0.0,0.34619647541530363,0.3583954550705775,0.3666255582259426,-0.05749483022965941,-0.10499265938658223,1.0,0.0
Milwaukee,2000-02-17 09:00:00,0.0,0.34619647541530363,0.3583954550705775,0.3666255582259426,-0.05749483022965941,-0.10499265938658223,1.0,0.0
Milwaukee,2000-02-17 10:00:00,0.0,0.34619647541530363,0.3583954550705775,0.3666255582259426,-0.05749483022965941,-0.10499265938658223,1.0,0.0
Milwaukee,2000-02-17 11:00:00,0.0,0.34619647541530363,0.3583954550705775,0.3666255582259426,-0.05749483022965941,-0.10499265938658223,1.0,0.0
Milwaukee,2000-02-17 12:00:00,0.0,0.34619647541530363,0.3583954550705775,0.3666255582259426,-0.05749483022965941,-0.10499265938658223,1.0,0.0
Milwaukee,2000-02-17 13:00:00,0.0,0.34619647541530363,0.3583954550705775,0.3666255582259426,-0.05749483022965941,-0.10499265938658223,1.0,0.0
Milwaukee,2000-02-17 14:00:00,0.0,0.34619647541530363,0.3583954550705775,0.3666255582259426,-0.05749483022965941,-0.10499265938658223,1.0,0.0
Milwaukee,2000-02-17 15:00:00,0.0,0.34619647541530363,0.3583954550705775,0.3666255582259426,-0.05749483022965941,-0.10499265938658223,1.0,0.0
Milwaukee,2000-02-17 16:00:00,0.0,0.34619647541530363,0.3583954550705775,0.3666255582259426,-0.05749483022965941,-0.10499265938658223,1.0,0.0
Milwaukee,2000-02-17 17:00:00,0.0,0.34619647541530363,0.3583954550705775,0.3666255582259426,-0.05749483022965941,-0.10499265938658223,1.0,0.0
Milwaukee,2000-02-17 18:00:00,0.0,0.34619647541530363,0.3583954550705775,0.3666255582259426,-0.05749483022965941,-0.10499265938658223,1.0,0.0
Milwaukee,2000-02-17 19:00:00,0.0,0.34619647541530363,0.3583954550705775,0.3666255582259426,-0.05749483022965941,-0.10499265938658223,1.0,0.0
Milwaukee,2000-02-17 20:00:00,0.0,0.34619647541530363,0.3583954550705775,0.3666255582259426,-0.05749483022965941,-0.10499265938658223,1.0,0.0
Milwaukee,2000-02-17 21:00:00,0.0,0.34619647541530363,0.3583954550705775,0.3666255582259426,-0.05749483022965941,-0.10499265938658223,1.0,0.0
Milwaukee,2000-02-17 22:00:00,0.0,0.34619647541530363,0.3583954550705775,0.3666255582259426,-0.05749483022965941,-0.10499265938658223,1.0,0.0
Milwaukee,2000-02-17 23:00:00,0.10000000149011612,0.37493462778701603,0.37963028842970437,0.38608798432978486,0.077882847413793,0.04267897886966643,0.5479894519381427,0.05479894601038219
Milwaukee,2000-02-18 00:00:00,0.10000000149011612,0.37493462778701603,0.37963028842970437,0.38608798432978486,0.077882847413793,0.04267897886966643,0.5479894519381427,0.05479894601038219
Milwaukee,2000-02-18 01:00:00,0.10000000149011612,0.37493462778701603,0.37963028842970437,0.38608798432978486,0.077882847413793,0.04267897886966643,0.5479894519381427,0.05479894601038219
Milwaukee,2000-02-18 02:00:00,0.10000000149011612,0.37493462778701603,0.37963028842970437,0.38608798432978486,0.077882847413793,0.04267897886966643,0.5479894519381427,0.05479894601038219
Milwaukee,2000-02-18 03:00:00,0.0,0.34619647541530363,0.3583954550705775,0.3666255582259426,-0.05749483022965941,-0.10499265938658223,1.0,0.0
Milwaukee,2000-02-18 04:00:00,0.0,0.34619647541530363,0.3583954550705775,0.3666255582259426,-0.05749483022965941,-0.10499265938658223,1.0,0.0
Milwaukee,2000-02-18 05:00:00,0.0,0.34619647541530363,0.3583954550705775,0.3666255582259426,-0.05749483022965941,-0.10499265938658223,1.0,0.0
Milwaukee,2000-02-18 06:00:00,0.0,0.34619647541530363,0.3583954550705775,0.3666255582259426,-0.05749483022965941,-0.10499265938658223,1.0,0.0
Milwaukee,2000-02-18 07:00:00,0.10000000149011612,0.37493462778701603,0.37963028842970437,0.38608798432978486,0.077882847413793,0.04267897886966643,0.5479894519381427,0.05479894601038219
Milwaukee,2000-02-18 08:00:00,0.5000000074505806,0.4879054674974853,0.4635494842166189,0.4629590707286823,0.6193935579876022,0.6333655318946606,1.0225575060103194,0.5112787606238068
Milwaukee,2000-02-18 09:00:00,0.6000000089406967,0.5149511800867037,0.4839791863801989,0.48170736485828647,0.7547712356310545,0.7810371701509091,1.0347998615738105,0.6208799261961181
Milwaukee,2000-02-18 10:00:00,0.30000000447034836,0.4321218104209064,0.4219192462835154,0.42481437583882836,0.3486382027006978,0.3380222553821637,0.9695502465412611,0.2908650782966057
Milwaukee,2000-02-18 11:00:00,0.7000000104308128,0.5412961978369442,0.5040882360000163,0.5001902799477915,0.8901489132745067,0.9287088084071575,1.0433184768948425,0.7303229447090495
Milwaukee,2000-02-18 12:00:00,0.6000000089406967,0.5149511800867037,0.4839791863801989,0.48170736485828647,0.7547712356310545,0.7810371701509091,1.0347998615738105,0.6208799261961181
Milwaukee,2000-02-18 13:00:00,0.6000000089406967,0.5149511800867037,0.4839791863801989,0.48170736485828647,0.7547712356310545,0.7810371701509091,1.0347998615738105,0.6208799261961181
Milwaukee,2000-02-18 14:00:00,0.7000000104308128,0.5412961978369442,0.5040882360000163,0.5001902799477915,0.8901489132745067,0.9287088084071575,1.0433184768948425,0.7303229447090495
Milwaukee,2000-02-18 15:00:00,0.5000000074505806,0.4879054674974853,0.4635494842166189,0.4629590707286823,0.6193935579876022,0.6333655318946606,1.0225575060103194,0.5112787606238068
Milwaukee,2000-02-18 16:00:00,0.6000000089406967,0.5149511800867037,0.4839791863801989,0.48170736485828647,0.7547712356310545,0.7810371701509091,1.0347998615738105,0.6208799261961181
Milwaukee,2000-02-18 17:00:00,1.0000000149011612,0.6153868482101035,0.562101850089929,0.5537391217635472,1.296281946204864,1.3717237231759034,1.0581985864972592,1.0581986022656469
Milwaukee,2000-02-18 18:00:00,1.2000000178813934,0.6601755800539598,0.5985443956502143,0.5876076480726564,1.5670373014917685,1.6670669996884002,1.063833642059067,1.2766003894937084
Milwaukee,2000-02-18 19:00:00,1.1000000163912773,0.6382630095217223,0.5805629597505817,0.5708701973896023,1.4316596238483161,1.5193953614321518,1.0612825395941536,1.1674108109493455
Milwaukee,2000-02-18 20:00:00,0.7000000104308128,0.5412961978369442,0.5040882360000163,0.5001902799477915,0.8901489132745067,0.9287088084071575,1.0433184768948425,0.7303229447090495
Milwaukee,2000-02-18 21:00:00,0.7000000104308128,0.5412961978369442,0.5040882360000163,0.5001902799477915,0.8901489132745067,0.9287088084071575,1.0433184768948425,0.7303229447090495
Milwaukee,2000-02-18 22:00:00,0.30000000447034836,0.4321218104209064,0.4219192462835154,0.42481437583882836,0.3486382027006978,0.3380222553821637,0.9695502465412611,0.2908650782966057
Milwaukee,2000-02-18 23:00:00,0.6000000089406967,0.5149511800867037,0.4839791863801989,0.48170736485828647,0.7547712356310545,0.7810371701509091,1.0347998615738105,0.6208799261961181
Milwaukee,2000-02-19 00:00:00,0.30000000447034836,0.4321218104209064,0.4219192462835154,0.42481437583882836,0.3486382027006978,0.3380222553821637,0.9695502465412611,0.2908650782966057
Milwaukee,2000-02-19 01:00:00,0.10000000149011612,0.37493462778701603,0.37963028842970437,0.38608798432978486,0.077882847413793,0.04267897886966643,0.5479894519381427,0.05479894601038219
Milwaukee,2000-02-19 02:00:00,0.0,0.34619647541530363,0.3583954550705775,0.3666255582259426,-0.05749483022965941,-0.10499265938658223,1.0,0.0
Milwaukee,2000-02-19 03:00:00,0.0,0.34619647541530363,0.3583954550705775,0.3666255582259426,-0.05749483022965941,-0.10499265938658223,1.0,0.0
Milwaukee,2000-02-19 04:00:00,0.0,0.34619647541530363,0.3583954550705775,0.3666255582259426,-0.05749483022965941,-0.10499265938658223,1.0,0.0
Milwaukee,2000-02-19 05:00:00,0.0,0.34619647541530363,0.3583954550705775,0.3666255582259426,-0.05749483022965941,-0.10499265938658223,1.0,0.0
Milwaukee,2000-02-19 06:00:00,0.0,0.34619647541530363,0.3583954550705775,0.3666255582259426,-0.05749483022965941,-0.10499265938658223,1.0,0.0
Milwaukee,2000-02-19 07:00:00,0.0,0.34619647541530363,0.3583954550705775,0.3666255582259426,-0.05749483022965941,-0.10499265938658223,1.0,0.0
Milwaukee,2000-02-19 08:00:00,0.0,0.34619647541530363,0.3583954550705775,0.3666255582259426,-0.05749483022965941,-0.10499265938658223,1.0,0.0
Milwaukee,2000-02-19 09:00:00,0.0,0.34619647541530363,0.3583954550705775,0.3666255582259426,-0.05749483022965941,-0.10499265938658223,1.0,0.0
Milwaukee,2000-02-19 10:00:00,0.0,0.34619647541530363,0.3583954550705775,0.3666255582259426,-0.05749483022965941,-0.10499265938658223,1.0,0.0
Milwaukee,2000-02-19 11:00:00,0.0,0.34619647541530363,0.3583954550705775,0.3666255582259426,-0.05749483022965941,-0.10499265938658223,1.0,0.0
Milwaukee,2000-02-19 12:00:00,0.0,0.34619647541530363,0.3583954550705775,0.3666255582259426,-0.05749483022965941,-0.10499265938658223,1.0,0.0
Milwaukee,2000-02-19 13:00:00,0.0,0.34619647541530363,0.3583954550705775,0.3666255582259426,-0.05749483022965941,-0.10499265938658223,1.0,0.0
Milwaukee,2000-02-19 14:00:00,0.0,0.34619647541530363,0.3583954550705775,0.3666255582259426,-0.05749483022965941,-0.10499265938658223,1.0,0.0
Milwaukee,2000-02-19 15:00:00,0.0,0.34619647541530363,0.3583954550705775,0.3666255582259426,-0.05749483022965941,-0.10499265938658223,1.0,0.0
Milwaukee,2000-02-19 16:00:00,0.0,0.34619647541530363,0.3583954550705775,0.3666255582259426,-0.05749483022965941,-0.10499265938658223,1.0,0.0
Milwaukee,2000-02-19 17:00:00,0.0,0.34619647541530363,0.3583954550705775,0.3666255582259426,-0.05749483022965941,-0.10499265938658223,1.0,0.0
Milwaukee,2000-02-19 18:00:00,0.0,0.34619647541530363,0.3583954550705775,0.3666255582259426,-0.05749483022965941,-0.10499265938658223,1.0,0.0
Milwaukee,2000-02-19 19:00:00,0.0,0.34619647541530363,0.3583954550705775,0.3666255582259426,-0.05749483022965941,-0.10499265938658223,1.0,0.0
Milwaukee,2000-02-19 20:00:00,0.0,0.34619647541530363,0.3583954550705775,0.3666255582259426,-0.05749483022965941,-0.10499265938658223,1.0,0.0
Milwaukee,2000-02-19 21:00:00,0.0,0.34619647541530363,0.3583954550705775,0.3666255582259426,-0.05749483022965941,-0.10499265938658223,1.0,0.0
Milwaukee,2000-02-19 22:00:00,0.0,0.34619647541530363,0.3583954550705775,0.3666255582259426,-0.05749483022965941,-0.10499265938658223,1.0,0.0
Milwaukee,2000-02-19 23:00:00,0.0,0.34619647541530363,0.3583954550705775,0.3666255582259426,-0.05749483022965941,-0.10499265938658223,1.0,0.0
Milwaukee,2000-02-20 00:00:00,0.0,0.34619647541530363,0.3583954550705775,0.3666255582259426,-0.05749483022965941,-0.10499265938658223,1.0,0.0
Milwaukee,2000-02-20 01:00:00,0.0,0.34619647541530363,0.3583954550705775,0.3666255582259426,-0.05749483022965941,-0.10499265938658223,1.0,0.0
Milwaukee,2000-02-20 02:00:00,0.0,0.34619647541530363,0.3583954550705775,0.3666255582259426,-0.05749483022965941,-0.10499265938658223,1.0,0.0
Milwaukee,2000-02-20 03:00:00,0.0,0.34619647541530363,0.3583954550705775,0.3666255582259426,-0.05749483022965941,-0.10499265938658223,1.0,0.0
Milwaukee,2000-02-20 04:00:00,0.0,0.34619647541530363,0.3583954550705775,0.3666255582259426,-0.05749483022965941,-0.10499265938658223,1.0,0.0
Milwaukee,2000-02-20 05:00:00,0.0,0.34619647541530363,0.3583954550705775,0.3666255582259426,-0.05749483022965941,-0.10499265938658223,1.0,0.0
Milwaukee,2000-02-20 06:00:00,0.0,0.34619647541530363,0.3583954550705775,0.3666255582259426,-0.05749483022965941,-0.10499265938658223,1.0,0.0
Milwaukee,2000-02-20 07:00:00,0.0,0.34619647541530363,0.3583954550705775,0.3666255582259426,-0.05749483022965941,-0.10499265938658223,1.0,0.0
Milwaukee,2000-02-20 08:00:00,0.0,0.34619647541530363,0.3583954550705775,0.3666255582259426,-0.05749483022965941,-0.10499265938658223,1.0,0.0
Milwaukee,2000-02-20 09:00:00,0.0,0.34619647541530363,0.3583954550705775,0.3666255582259426,-0.05749483022965941,-0.10499265938658223,1.0,0.0
Milwaukee,2000-02-20 10:00:00,0.0,0.34619647541530363,0.3583954550705775,0.3666255582259426,-0.05749483022965941,-0.10499265938658223,1.0,0.0
Milwaukee,2000-02-20 11:00:00,0.0,0.34619647541530363,0.3583954550705775,0.3666255582259426,-0.05749483022965941,-0.10499265938658223,1.0,0.0
Milwaukee,2000-02-20 12:00:00,0.0,0.34619647541530363,0.3583954550705775,0.3666255582259426,-0.05749483022965941,-0.10499265938658223,1.0,0.0
Milwaukee,2000-02-20 13:00:00,0.0,0.34619647541530363,0.3583954550705775,0.3666255582259426,-0.05749483022965941,-0.10499265938658223,1.0,0.0
Milwaukee,2000-02-20 14:00:00,0.0,0.34619647541530363,0.3583954550705775,0.3666255582259426,-0.05749483022965941,-0.10499265938658223,1.0,0.0
Milwaukee,2000-02-20 15:00:00,0.0,0.34619647541530363,0.3583954550705775,0.3666255582259426,-0.05749483022965941,-0.10499265938658223,1.0,0.0
Milwaukee,2000-02-20 16:00:00,0.0,0.34619647541530363,0.3583954550705775,0.3666255582259426,-0.05749483022965941,-0.10499265938658223,1.0,0.0
Milwaukee,2000-02-20 17:00:00,0.0,0.34619647541530363,0.3583954550705775,0.3666255582259426,-0.05749483022965941,-0.10499265938658223,1.0,0.0
Milwaukee,2000-02-20 18:00:00,0.0,0.34619647541530363,0.3583954550705775,0.3666255582259426,-0.05749483022965941,-0.10499265938658223,1.0,0.0
Milwaukee,2000-02-20 19:00:00,0.0,0.34619647541530363,0.3583954550705775,0.3666255582259426,-0.05749483022965941,-0.10499265938658223,1.0,0.0
Milwaukee,2000-02-20 20:00:00,0.0,0.34619647541530363,0.3583954550705775,0.3666255582259426,-0.05749483022965941,-0.10499265938658223,1.0,0.0
Milwaukee,2000-02-20 21:00:00,0.0,0.34619647541530363,0.3583954550705775,0.3666255582259426,-0.05749483022965941,-0.10499265938658223,1.0,0.0
Milwaukee,2000-02-20 22:00:00,0.0,0.34619647541530363,0.3583954550705775,0.3666255582259426,-0.05749483022965941,-0.10499265938658223,1.0,0.0
Milwaukee,2000-02-20 23:00:00,0.0,0.34619647541530363,0.3583954550705775,0.3666255582259426,-0.05749483022965941,-0.10499265938658223,1.0,0.0
Milwaukee,2000-02-21 00:00:00,0.0,0.34619647541530363,0.3583954550705775,0.3666255582259426,-0.05749483022965941,-0.10499265938658223,1.0,0.0
Milwaukee,2000-02-21 01:00:00,0.0,0.34619647541530363,0.3583954550705775,0.3666255582259426,-0.05749483022965941,-0.10499265938658223,1.0,0.0
Milwaukee,2000-02-21 02:00:00,0.0,0.34619647541530363,0.3583954550705775,0.3666255582259426,-0.05749483022965941,-0.10499265938658223,1.0,0.0
Milwaukee,2000-02-21 03:00:00,0.0,0.34619647541530363,0.3583954550705775,0.3666255582259426,-0.05749483022965941,-0.10499265938658223,1.0,0.0
Milwaukee,2000-02-21 04:00:00,0.0,0.34619647541530363,0.3583954550705775,0.3666255582259426,-0.05749483022965941,-0.10499265938658223,1.0,0.0
Milwaukee,2000-02-21 05:00:00,0.0,0.34619647541530363,0.3583954550705775,0.3666255582259426,-0.05749483022965941,-0.10499265938658223,1.0,0.0
Milwaukee,2000-02-21 06:00:00,0.0,0.34619647541530363,0.3583954550705775,0.3666255582259426,-0.05749483022965941,-0.10499265938658223,1.0,0.0
Milwaukee,2000-02-21 07:00:00,0.0,0.34619647541530363,0.3583954550705775,0.3666255582259426,-0.05749483022965941,-0.10499265938658223,1.0,0.0
Milwaukee,2000-02-21 08:00:00,0.0,0.34619647541530363,0.3583954550705775,0.3666255582259426,-0.05749483022965941,-0.10499265938658223,1.0,0.0
Milwaukee,2000-02-21 09:00:00,0.0,0.34619647541530363,0.3583954550705775,0.3666255582259426,-0.05749483022965941,-0.10499265938658223,1.0,0.0
Milwaukee,2000-02-21 10:00:00,0.0,0.34619647541530363,0.3583954550705775,0.3666255582259426,-0.05749483022965941,-0.10499265938658223,1.0,0.0
Milwaukee,2000-02-21 11:00:00,0.0,0.34619647541530363,0.3583954550705775,0.3666255582259426,-0.05749483022965941,-0.10499265938658223,1.0,0.0
Milwaukee,2000-02-21 12:00:00,0.0,0.34619647541530363,0.3583954550705775,0.3666255582259426,-0.05749483022965941,-0.10499265938658223,1.0,0.0
Milwaukee,2000-02-21 13:00:00,0.0,0.34619647541530363,0.3583954550705775,0.3666255582259426,-0.05749483022965941,-0.10499265938658223,1.0,0.0
Milwaukee,2000-02-21 14:00:00,0.0,0.34619647541530363,0.3583954550705775,0.3666255582259426,-0.05749483022965941,-0.10499265938658223,1.0,0.0
Milwaukee,2000-02-21 15:00:00,0.0,0.34619647541530363,0.3583954550705775,0.3666255582259426,-0.05749483022965941,-0.10499265938658223,1.0,0.0
Milwaukee,2000-02-21 16:00:00,0.0,0.34619647541530363,0.3583954550705775,0.3666255582259426,-0.05749483022965941,-0.10499265938658223,1.0,0.0
Milwaukee,2000-02-21 17:00:00,0.0,0.34619647541530363,0.3583954550705775,0.3666255582259426,-0.05749483022965941,-0.10499265938658223,1.0,0.0
Milwaukee,2000-02-21 18:00:00,0.0,0.34619647541530363,0.3583954550705775,0.3666255582259426,-0.05749483022965941,-0.10499265938658223,1.0,0.0
Milwaukee,2000-02-21 19:00:00,0.0,0.34619647541530363,0.3583954550705775,0.3666255582259426,-0.05749483022965941,-0.10499265938658223,1.0,0.0
Milwaukee,2000-02-21 20:00:00,0.0,0.34619647541530363,0.3583954550705775,0.3666255582259426,-0.05749483022965941,-0.10499265938658223,1.0,0.0
Milwaukee,2000-02-21 21:00:00,0.0,0.34619647541530363,0.3583954550705775,0.3666255582259426,-0.05749483022965941,-0.10499265938658223,1.0,0.0
Milwaukee,2000-02-21 22:00:00,0.0,0.34619647541530363,0.3583954550705775,0.3666255582259426,-0.05749483022965941,-0.10499265938658223,1.0,0.0
Milwaukee,2000-02-21 23:00:00,0.0,0.34619647541530363,0.3583954550705775,0.3666255582259426,-0.05749483022965941,-0.10499265938658223,1.0,0.0
Milwaukee,2000-02-22 00:00:00,0.0,0.34619647541530363,0.3583954550705775,0.3666255582259426,-0.05749483022965941,-0.10499265938658223,1.0,0.0
Milwaukee,2000-02-22 01:00:00,0.0,0.34619647541530363,0.3583954550705775,0.3666255582259426,-0.05749483022965941,-0.10499265938658223,1.0,0.0
Milwaukee,2000-02-22 02:00:00,0.0,0.34619647541530363,0.3583954550705775,0.3666255582259426,-0.05749483022965941,-0.10499265938658223,1.0,0.0
Milwaukee,2000-02-22 03:00:00,0.0,0.34619647541530363,0.3583954550705775,0.3666255582259426,-0.05749483022965941,-0.10499265938658223,1.0,0.0
Milwaukee,2000-02-22 04:00:00,0.0,0.34619647541530363,0.3583954550705775,0.3666255582259426,-0.05749483022965941,-0.10499265938658223,1.0,0.0
Milwaukee,2000-02-22 05:00:00,0.0,0.34619647541530363,0.3583954550705775,0.3666255582259426,-0.05749483022965941,-0.10499265938658223,1.0,0.0
Milwaukee,2000-02-22 06:00:00,0.0,0.34619647541530363,0.3583954550705775,0.3666255582259426,-0.05749483022965941,-0.10499265938658223,1.0,0.0
Milwaukee,2000-02-22 07:00:00,0.0,0.34619647541530363,0.3583954550705775,0.3666255582259426,-0.05749483022965941,-0.10499265938658223,1.0,0.0
Milwaukee,2000-02-22 08:00:00,0.0,0.34619647541530363,0.3583954550705775,0.3666255582259426,-0.05749483022965941,-0.10499265938658223,1.0,0.0
Milwaukee,2000-02-22 09:00:00,0.0,0.34619647541530363,0.3583954550705775,0.3666255582259426,-0.05749483022965941,-0.10499265938658223,1.0,0.0
Milwaukee,2000-02-22 10:00:00,0.0,0.34619647541530363,0.3583954550705775,0.3666255582259426,-0.05749483022965941,-0.10499265938658223,1.0,0.0
Milwaukee,2000-02-22 11:00:00,0.0,0.34619647541530363,0.3583954550705775,0.3666255582259426,-0.05749483022965941,-0.10499265938658223,1.0,0.0
Milwaukee,2000-02-22 12:00:00,0.0,0.34619647541530363,0.3583954550705775,0.3666255582259426,-0.05749483022965941,-0.10499265938658223,1.0,0.0
Milwaukee,2000-02-22 13:00:00,0.0,0.34619647541530363,0.3583954550705775,0.3666255582259426,-0.05749483022965941,-0.10499265938658223,1.0,0.0
Milwaukee,2000-02-22 14:00:00,0.0,0.34619647541530363,0.3583954550705775,0.3666255582259426,-0.05749483022965941,-0.10499265938658223,1.0,0.0
Milwaukee,2000-02-22 15:00:00,0.0,0.34619647541530363,0.3583954550705775,0.3666255582259426,-0.05749483022965941,-0.10499265938658223,1.0,0.0
Milwaukee,2000-02-22 16:00:00,0.0,0.34619647541530363,0.3583954550705775,0.3666255582259426,-0.05749483022965941,-0.10499265938658223,1.0,0.0
Milwaukee,2000-02-22 17:00:00,0.0,0.34619647541530363,0.3583954550705775,0.3666255582259426,-0.05749483022965941,-0.10499265938658223,1.0,0.0
Milwaukee,2000-02-22 18:00:00,0.0,0.34619647541530363,0.3583954550705775,0.3666255582259426,-0.05749483022965941,-0.10499265938658223,1.0,0.0
Milwaukee,2000-02-22 19:00:00,0.0,0.34619647541530363,0.3583954550705775,0.3666255582259426,-0.05749483022965941,-0.10499265938658223,1.0,0.0
Milwaukee,2000-02-22 20:00:00,0.0,0.34619647541530363,0.3583954550705775,0.3666255582259426,-0.05749483022965941,-0.10499265938658223,1.0,0.0
Milwaukee,2000-02-22 21:00:00,0.0,0.34619647541530363,0.3583954550705775,0.3666255582259426,-0.05749483022965941,-0.10499265938658223,1.0,0.0
Milwaukee,2000-02-22 22:00:00,0.0,0.34619647541530363,0.3583954550705775,0.3666255582259426,-0.05749483022965941,-0.10499265938658223,1.0,0.0
Milwaukee,2000-02-22 23:00:00,0.0,0.34619647541530363,0.3583954550705775,0.3666255582259426,-0.05749483022965941,-0.10499265938658223,1.0,0.0
Milwaukee,2000-02-23 00:00:00,0.0,0.34619647541530363,0.3583954550705775,0.3666255582259426,-0.05749483022965941,-0.10499265938658223,1.0,0.0
Milwaukee,2000-02-23 01:00:00,0.0,0.34619647541530363,0.3583954550705775,0.3666255582259426,-0.05749483022965941,-0.10499265938658223,1.0,0.0
Milwaukee,2000-02-23 02:00:00,0.0,0.34619647541530363,0.3583954550705775,0.3666255582259426,-0.05749483022965941,-0.10499265938658223,1.0,0.0
Milwaukee,2000-02-23 03:00:00,0.0,0.34619647541530363,0.3583954550705775,0.3666255582259426,-0.05749483022965941,-0.10499265938658223,1.0,0.0
Milwaukee,2000-02-23 04:00:00,0.0,0.34619647541530363,0.3583954550705775,0.3666255582259426,-0.05749483022965941,-0.10499265938658223,1.0,0.0
Milwaukee,2000-02-23 05:00:00,0.0,0.34619647541530363,0.3583954550705775,0.3666255582259426,-0.05749483022965941,-0.10499265938658223,1.0,0.0
Milwaukee,2000-02-23 06:00:00,0.0,0.34619647541530363,0.3583954550705775,0.3666255582259426,-0.05749483022965941,-0.10499265938658223,1.0,0.0
Milwaukee,2000-02-23 07:00:00,0.0,0.34619647541530363,0.3583954550705775,0.3666255582259426,-0.05749483022965941,-0.10499265938658223,1.0,0.0
Milwaukee,2000-02-23 08:00:00,0.0,0.34619647541530363,0.3583954550705775,0.3666255582259426,-0.05749483022965941,-0.10499265938658223,1.0,0.0
Milwaukee,2000-02-23 09:00:00,0.0,0.34619647541530363,0.3583954550705775,0.3666255582259426,-0.05749483022965941,-0.10499265938658223,1.0,0.0
Milwaukee,2000-02-23 10:00:00,0.0,0.34619647541530363,0.3583954550705775,0.3666255582259426,-0.05749483022965941,-0.10499265938658223,1.0,0.0
Milwaukee,2000-02-23 11:00:00,0.0,0.34619647541530363,0.3583954550705775,0.3666255582259426,-0.05749483022965941,-0.10499265938658223,1.0,0.0
Milwaukee,2000-02-23 12:00:00,0.0,0.34619647541530363,0.3583954550705775,0.3666255582259426,-0.05749483022965941,-0.10499265938658223,1.0,0.0
Milwaukee,2000-02-23 13:00:00,0.0,0.34619647541530363,0.3583954550705775,0.3666255582259426,-0.05749483022965941,-0.10499265938658223,1.0,0.0
Milwaukee,2000-02-23 14:00:00,0.0,0.34619647541530363,0.3583954550705775,0.3666255582259426,-0.05749483022965941,-0.10499265938658223,1.0,0.0
Milwaukee,2000-02-23 15:00:00,0.0,0.34619647541530363,0.3583954550705775,0.3666255582259426,-0.05749483022965941,-0.10499265938658223,1.0,0.0
Milwaukee,2000-02-23 16:00:00,0.0,0.34619647541530363,0.3583954550705775,0.3666255582259426,-0.05749483022965941,-0.10499265938658223,1.0,0.0
Milwaukee,2000-02-23 17:00:00,0.0,0.34619647541530363,0.3583954550705775,0.3666255582259426,-0.05749483022965941,-0.10499265938658223,1.0,0.0
Milwaukee,2000-02-23 18:00:00,0.0,0.34619647541530363,0.3583954550705775,0.3666255582259426,-0.05749483022965941,-0.10499265938658223,1.0,0.0
Milwaukee,2000-02-23 19:00:00,0.0,0.34619647541530363,0.3583954550705775,0.3666255582259426,-0.05749483022965941,-0.10499265938658223,1.0,0.0
Milwaukee,2000-02-23 20:00:00,0.0,0.34619647541530363,0.3583954550705775,0.3666255582259426,-0.05749483022965941,-0.10499265938658223,1.0,0.0
Milwaukee,2000-02-23 21:00:00,0.0,0.34619647541530363,0.3583954550705775,0.3666255582259426,-0.05749483022965941,-0.10499265938658223,1.0,0.0
Milwaukee,2000-02-23 22:00:00,0.0,0.34619647541530363,0.3583954550705775,0.3666255582259426,-0.05749483022965941,-0.10499265938658223,1.0,0.0
Milwaukee,2000-02-23 23:00:00,0.0,0.34619647541530363,0.3583954550705775,0.3666255582259426,-0.05749483022965941,-0.10499265938658223,1.0,0.0
Milwaukee,2000-02-24 00:00:00,0.0,0.34619647541530363,0.3583954550705775,0.3666255582259426,-0.05749483022965941,-0.10499265938658223,1.0,0.0
Milwaukee,2000-02-24 01:00:00,0.0,0.34619647541530363,0.3583954550705775,0.3666255582259426,-0.05749483022965941,-0.10499265938658223,1.0,0.0
Milwaukee,2000-02-24 02:00:00,0.4000000059604645,0.4602572840073257,0.44284563734884813,0.44398150563378375,0.4840158803441499,0.4856938936384119,1.0034668558665243,0.40138674832773824
Milwaukee,2000-02-24 03:00:00,0.0,0.34619647541530363,0.3583954550705775,0.3666255582259426,-0.05749483022965941,-0.10499265938658223,1.0,0.0
Milwaukee,2000-02-24 04:00:00,0.0,0.34619647541530363,0.3583954550705775,0.3666255582259426,-0.05749483022965941,-0.10499265938658223,1.0,0.0
Milwaukee,2000-02-24 05:00:00,0.0,0.34619647541530363,0.3583954550705775,0.3666255582259426,-0.05749483022965941,-0.10499265938658223,1.0,0.0
Milwaukee,2000-02-24 06:00:00,0.0,0.34619647541530363,0.3583954550705775,0.3666255582259426,-0.05749483022965941,-0.10499265938658223,1.0,0.0
Milwaukee,2000-02-24 07:00:00,0.0,0.34619647541530363,0.3583954550705775,0.3666255582259426,-0.05749483022965941,-0.10499265938658223,1.0,0.0
Milwaukee,2000-02-24 08:00:00,0.0,0.34619647541530363,0.3583954550705775,0.3666255582259426,-0.05749483022965941,-0.10499265938658223,1.0,0.0
Milwaukee,2000-02-24 09:00:00,0.0,0.34619647541530363,0.3583954550705775,0.3666255582259426,-0.05749483022965941,-0.10499265938658223,1.0,0.0
Milwaukee,2000-02-24 10:00:00,0.5000000074505806,0.4879054674974853,0.4635494842166189,0.4629590707286823,0.6193935579876022,0.6333655318946606,1.0225575060103194,0.5112787606238068
Milwaukee,2000-02-24 11:00:00,0.9000000134110451,0.5915727882419518,0.543183605811401,0.5362334205342039,1.1609042685614115,1.2240520849196546,1.05439536925512,0.9489558464701519
Milwaukee,2000-02-24 12:00:00,0.30000000447034836,0.4321218104209064,0.4219192462835154,0.42481437583882836,0.3486382027006978,0.3380222553821637,0.9695502465412611,0.2908650782966057
Milwaukee,2000-02-24 13:00:00,1.2000000178813934,0.6601755800539598,0.5985443956502143,0.5876076480726564,1.5670373014917685,1.6670669996884002,1.063833642059067,1.2766003894937084
Milwaukee,2000-02-24 14:00:00,1.4000000208616257,0.7010606324789257,0.6329987244436568,0.619840749115852,1.8377926567786733,1.9624102762008975,1.067808312848881,1.4949316602646505
Milwaukee,2000-02-24 15:00:00,2.8000000417232513,0.8878829995145079,0.8156347179768194,0.7961358015182327,3.7330801437870056,4.029813211788377,1.079487462516771,3.0225649400866854
Milwaukee,2000-02-24 16:00:00,2.3000000342726707,0.8388099444280502,0.7618679141689338,0.7430061347251687,3.056191755569744,3.2914550205071347,1.0769792224289054,2.477052248497437
Milwaukee,2000-02-24 17:00:00,0.20000000298023224,0.4036312859866724,0.40082695074191593,0.4055009521190948,0.2132605250572452,0.1903506171259148,0.8925731429893989,0.17851463125795505
Milwaukee,2000-02-24 18:00:00,0.10000000149011612,0.37493462778701603,0.37963028842970437,0.38608798432978486,0.077882847413793,0.04267897886966643,0.5479894519381427,0.05479894601038219
Milwaukee,2000-02-24 19:00:00,0.0,0.34619647541530363,0.3583954550705775,0.3666255582259426,-0.05749483022965941,-0.10499265938658223,1.0,0.0
Milwaukee,2000-02-24 20:00:00,0.0,0.34619647541530363,0.3583954550705775,0.3666255582259426,-0.05749483022965941,-0.10499265938658223,1.0,0.0
Milwaukee,2000-02-24 21:00:00,0.0,0.34619647541530363,0.3583954550705775,0.3666255582259426,-0.05749483022965941,-0.10499265938658223,1.0,0.0
Milwaukee,2000-02-24 22:00:00,0.0,0.34619647541530363,0.3583954550705775,0.3666255582259426,-0.05749483022965941,-0.10499265938658223,1.0,0.0
Milwaukee,2000-02-24 23:00:00,0.0,0.34619647541530363,0.3583954550705775,0.3666255582259426,-0.05749483022965941,-0.10499265938658223,1.0,0.0
Milwaukee,2000-02-25 00:00:00,0.0,0.34619647541530363,0.3583954550705775,0.3666255582259426,-0.05749483022965941,-0.10499265938658223,1.0,0.0
Milwaukee,2000-02-25 01:00:00,0.0,0.34619647541530363,0.3583954550705775,0.3666255582259426,-0.05749483022965941,-0.10499265938658223,1.0,0.0
Milwaukee,2000-02-25 02:00:00,0.0,0.34619647541530363,0.3583954550705775,0.3666255582259426,-0.05749483022965941,-0.10499265938658223,1.0,0.0
Milwaukee,2000-02-25 03:00:00,0.0,0.34619647541530363,0.3583954550705775,0.3666255582259426,-0.05749483022965941,-0.10499265938658223,1.0,0.0
Milwaukee,2000-02-25 04:00:00,0.0,0.34619647541530363,0.3583954550705775,0.3666255582259426,-0.05749483022965941,-0.10499265938658223,1.0,0.0
Milwaukee,2000-02-25 05:00:00,0.0,0.34619647541530363,0.3583954550705775,0.3666255582259426,-0.05749483022965941,-0.10499265938658223,1.0,0.0
Milwaukee,2000-02-25 06:00:00,0.0,0.34619647541530363,0.3583954550705775,0.3666255582259426,-0.05749483022965941,-0.10499265938658223,1.0,0.0
Milwaukee,2000-02-25 07:00:00,0.0,0.34619647541530363,0.3583954550705775,0.3666255582259426,-0.05749483022965941,-0.10499265938658223,1.0,0.0
Milwaukee,2000-02-25 08:00:00,0.0,0.34619647541530363,0.3583954550705775,0.3666255582259426,-0.05749483022965941,-0.10499265938658223,1.0,0.0
Milwaukee,2000-02-25 09:00:00,0.0,0.34619647541530363,0.3583954550705775,0.3666255582259426,-0.05749483022965941,-0.10499265938658223,1.0,0.0
Milwaukee,2000-02-25 10:00:00,0.0,0.34619647541530363,0.3583954550705775,0.3666255582259426,-0.05749483022965941,-0.10499265938658223,1.0,0.0
Milwaukee,2000-02-25 11:00:00,0.0,0.34619647541530363,0.3583954550705775,0.3666255582259426,-0.05749483022965941,-0.10499265938658223,1.0,0.0
Milwaukee,2000-02-25 12:00:00,0.0,0.34619647541530363,0.3583954550705775,0.3666255582259426,-0.05749483022965941,-0.10499265938658223,1.0,0.0
Milwaukee,2000-02-25 13:00:00,0.0,0.34619647541530363,0.3583954550705775,0.3666255582259426,-0.05749483022965941,-0.10499265938658223,1.0,0.0
Milwaukee,2000-02-25 14:00:00,0.0,0.34619647541530363,0.3583954550705775,0.3666255582259426,-0.05749483022965941,-0.10499265938658223,1.0,0.0
Milwaukee,2000-02-25 15:00:00,0.0,0.34619647541530363,0.3583954550705775,0.3666255582259426,-0.05749483022965941,-0.10499265938658223,1.0,0.0
Milwaukee,2000-02-25 16:00:00,0.0,0.34619647541530363,0.3583954550705775,0.3666255582259426,-0.05749483022965941,-0.10499265938658223,1.0,0.0
Milwaukee,2000-02-25 17:00:00,0.0,0.34619647541530363,0.3583954550705775,0.3666255582259426,-0.05749483022965941,-0.10499265938658223,1.0,0.0
Milwaukee,2000-02-25 18:00:00,0.10000000149011612,0.37493462778701603,0.37963028842970437,0.38608798432978486,0.077882847413793,0.04267897886966643,0.5479894519381427,0.05479894601038219
Milwaukee,2000-02-25 19:00:00,0.0,0.34619647541530363,0.3583954550705775,0.3666255582259426,-0.05749483022965941,-0.10499265938658223,1.0,0.0
Milwaukee,2000-02-25 20:00:00,0.0,0.34619647541530363,0.3583954550705775,0.3666255582259426,-0.05749483022965941,-0.10499265938658223,1.0,0.0
Milwaukee,2000-02-25 21:00:00,0.0,0.34619647541530363,0.3583954550705775,0.3666255582259426,-0.05749483022965941,-0.10499265938658223,1.0,0.0
Milwaukee,2000-02-25 22:00:00,0.0,0.34619647541530363,0.3583954550705775,0.3666255582259426,-0.05749483022965941,-0.10499265938658223,1.0,0.0
Milwaukee,2000-02-25 23:00:00,0.0,0.34619647541530363,0.3583954550705775,0.3666255582259426,-0.05749483022965941,-0.10499265938658223,1.0,0.0
Milwaukee,2000-02-26 00:00:00,0.0,0.34619647541530363,0.3583954550705775,0.3666255582259426,-0.05749483022965941,-0.10499265938658223,1.0,0.0
Milwaukee,2000-02-26 01:00:00,0.0,0.34619647541530363,0.3583954550705775,0.3666255582259426,-0.05749483022965941,-0.10499265938658223,1.0,0.0
Milwaukee,2000-02-26 02:00:00,0.0,0.34619647541530363,0.3583954550705775,0.3666255582259426,-0.05749483022965941,-0.10499265938658223,1.0,0.0
Milwaukee,2000-02-26 03:00:00,0.0,0.34619647541530363,0.3583954550705775,0.3666255582259426,-0.05749483022965941,-0.10499265938658223,1.0,0.0
Milwaukee,2000-02-26 04:00:00,0.10000000149011612,0.37493462778701603,0.37963028842970437,0.38608798432978486,0.077882847413793,0.04267897886966643,0.5479894519381427,0.05479894601038219
Milwaukee,2000-02-26 05:00:00,0.0,0.34619647541530363,0.3583954550705775,0.3666255582259426,-0.05749483022965941,-0.10499265938658223,1.0,0.0
Milwaukee,2000-02-26 06:00:00,0.0,0.34619647541530363,0.3583954550705775,0.3666255582259426,-0.05749483022965941,-0.10499265938658223,1.0,0.0
Milwaukee,2000-02-26 07:00:00,0.0,0.34619647541530363,0.3583954550705775,0.3666255582259426,-0.05749483022965941,-0.10499265938658223,1.0,0.0
Milwaukee,2000-02-26 08:00:00,0.0,0.34619647541530363,0.3583954550705775,0.3666255582259426,-0.05749483022965941,-0.10499265938658223,1.0,0.0
Milwaukee,2000-02-26 09:00:00,0.0,0.34619647541530363,0.3583954550705775,0.3666255582259426,-0.05749483022965941,-0.10499265938658223,1.0,0.0
Milwaukee,2000-02-26 10:00:00,0.20000000298023224,0.4036312859866724,0.40082695074191593,0.4055009521190948,0.2132605250572452,0.1903506171259148,0.8925731429893989,0.17851463125795505
Milwaukee,2000-02-26 11:00:00,0.0,0.34619647541530363,0.3583954550705775,0.3666255582259426,-0.05749483022965941,-0.10499265938658223,1.0,0.0
Milwaukee,2000-02-26 12:00:00,0.0,0.34619647541530363,0.3583954550705775,0.3666255582259426,-0.05749483022965941,-0.10499265938658223,1.0,0.0
Milwaukee,2000-02-26 13:00:00,0.0,0.34619647541530363,0.3583954550705775,0.3666255582259426,-0.05749483022965941,-0.10499265938658223,1.0,0.0
Milwaukee,2000-02-26 14:00:00,0.0,0.34619647541530363,0.3583954550705775,0.3666255582259426,-0.05749483022965941,-0.10499265938658223,1.0,0.0
Milwaukee,2000-02-26 15:00:00,0.0,0.34619647541530363,0.3583954550705775,0.3666255582259426,-0.05749483022965941,-0.10499265938658223,1.0,0.0
Milwaukee,2000-02-26 16:00:00,0.0,0.34619647541530363,0.3583954550705775,0.3666255582259426,-0.05749483022965941,-0.10499265938658223,1.0,0.0
Milwaukee,2000-02-26 17:00:00,0.0,0.34619647541530363,0.3583954550705775,0.3666255582259426,-0.05749483022965941,-0.10499265938658223,1.0,0.0
Milwaukee,2000-02-26 18:00:00,0.0,0.34619647541530363,0.3583954550705775,0.3666255582259426,-0.05749483022965941,-0.10499265938658223,1.0,0.0
Milwaukee,2000-02-26 19:00:00,0.10000000149011612,0.37493462778701603,0.37963028842970437,0.38608798432978486,0.077882847413793,0.04267897886966643,0.5479894519381427,0.05479894601038219
Milwaukee,2000-02-26 20:00:00,0.10000000149011612,0.37493462778701603,0.37963028842970437,0.38608798432978486,0.077882847413793,0.04267897886966643,0.5479894519381427,0.05479894601038219
Milwaukee,2000-02-26 21:00:00,0.20000000298023224,0.4036312859866724,0.40082695074191593,0.4055009521190948,0.2132605250572452,0.1903506171259148,0.8925731429893989,0.17851463125795505
Milwaukee,2000-02-26 22:00:00,0.20000000298023224,0.4036312859866724,0.40082695074191593,0.4055009521190948,0.2132605250572452,0.1903506171259148,0.8925731429893989,0.17851463125795505
Milwaukee,2000-02-26 23:00:00,0.10000000149011612,0.37493462778701603,0.37963028842970437,0.38608798432978486,0.077882847413793,0.04267897886966643,0.5479894519381427,0.05479894601038219
Milwaukee,2000-02-27 00:00:00,0.0,0.34619647541530363,0.3583954550705775,0.3666255582259426,-0.05749483022965941,-0.10499265938658223,1.0,0.0
Milwaukee,2000-02-27 01:00:00,0.20000000298023224,0.4036312859866724,0.40082695074191593,0.4055009521190948,0.2132605250572452,0.1903506171259148,0.8925731429893989,0.17851463125795505
Milwaukee,2000-02-27 02:00:00,0.10000000149011612,0.37493462778701603,0.37963028842970437,0.38608798432978486,0.077882847413793,0.04267897886966643,0.5479894519381427,0.05479894601038219
Milwaukee,2000-02-27 03:00:00,0.0,0.34619647541530363,0.3583954550705775,0.3666255582259426,-0.05749483022965941,-0.10499265938658223,1.0,0.0
Milwaukee,2000-02-27 04:00:00,0.0,0.34619647541530363,0.3583954550705775,0.3666255582259426,-0.05749483022965941,-0.10499265938658223,1.0,0.0
Milwaukee,2000-02-27 05:00:00,0.0,0.34619647541530363,0.3583954550705775,0.3666255582259426,-0.05749483022965941,-0.10499265938658223,1.0,0.0
Milwaukee,2000-02-27 06:00:00,0.0,0.34619647541530363,0.3583954550705775,0.3666255582259426,-0.05749483022965941,-0.10499265938658223,1.0,0.0
Milwaukee,2000-02-27 07:00:00,0.0,0.34619647541530363,0.3583954550705775,0.3666255582259426,-0.05749483022965941,-0.10499265938658223,1.0,0.0
Milwaukee,2000-02-27 08:00:00,0.0,0.34619647541530363,0.3583954550705775,0.3666255582259426,-0.05749483022965941,-0.10499265938658223,1.0,0.0
Milwaukee,2000-02-27 09:00:00,0.0,0.34619647541530363,0.3583954550705775,0.3666255582259426,-0.05749483022965941,-0.10499265938658223,1.0,0.0
Milwaukee,2000-02-27 10:00:00,0.0,0.34619647541530363,0.3583954550705775,0.3666255582259426,-0.05749483022965941,-0.10499265938658223,1.0,0.0
Milwaukee,2000-02-27 11:00:00,0.0,0.34619647541530363,0.3583954550705775,0.3666255582259426,-0.05749483022965941,-0.10499265938658223,1.0,0.0
Milwaukee,2000-02-27 12:00:00,0.0,0.34619647541530363,0.3583954550705775,0.3666255582259426,-0.05749483022965941,-0.10499265938658223,1.0,0.0
Milwaukee,2000-02-27 13:00:00,0.0,0.34619647541530363,0.3583954550705775,0.3666255582259426,-0.05749483022965941,-0.10499265938658223,1.0,0.0
Milwaukee,2000-02-27 14:00:00,0.0,0.34619647541530363,0.3583954550705775,0.3666255582259426,-0.05749483022965941,-0.10499265938658223,1.0,0.0
Milwaukee,2000-02-27 15:00:00,0.0,0.34619647541530363,0.3583954550705775,0.3666255582259426,-0.05749483022965941,-0.10499265938658223,1.0,0.0
Milwaukee,2000-02-27 16:00:00,0.0,0.34619647541530363,0.3583954550705775,0.3666255582259426,-0.05749483022965941,-0.10499265938658223,1.0,0.0
Milwaukee,2000-02-27 17:00:00,0.0,0.34619647541530363,0.3583954550705775,0.3666255582259426,-0.05749483022965941,-0.10499265938658223,1.0,0.0
Milwaukee,2000-02-27 18:00:00,0.0,0.34619647541530363,0.3583954550705775,0.3666255582259426,-0.05749483022965941,-0.10499265938658223,1.0,0.0
Milwaukee,2000-02-27 19:00:00,0.0,0.34619647541530363,0.3583954550705775,0.3666255582259426,-0.05749483022965941,-0.10499265938658223,1.0,0.0
Milwaukee,2000-02-27 20:00:00,0.0,0.34619647541530363,0.3583954550705775,0.3666255582259426,-0.05749483022965941,-0.10499265938658223,1.0,0.0
Milwaukee,2000-02-27 21:00:00,0.0,0.34619647541530363,0.3583954550705775,0.3666255582259426,-0.05749483022965941,-0.10499265938658223,1.0,0.0
Milwaukee,2000-02-27 22:00:00,0.0,0.34619647541530363,0.3583954550705775,0.3666255582259426,-0.05749483022965941,-0.10499265938658223,1.0,0.0
Milwaukee,2000-02-27 23:00:00,0.0,0.34619647541530363,0.3583954550705775,0.3666255582259426,-0.05749483022965941,-0.10499265938658223,1.0,0.0
Milwaukee,2000-02-28 00:00:00,0.0,0.34619647541530363,0.3583954550705775,0.3666255582259426,-0.05749483022965941,-0.10499265938658223,1.0,0.0
Milwaukee,2000-02-28 01:00:00,0.0,0.34619647541530363,0.3583954550705775,0.3666255582259426,-0.05749483022965941,-0.10499265938658223,1.0,0.0
Milwaukee,2000-02-28 02:00:00,0.0,0.34619647541530363,0.3583954550705775,0.3666255582259426,-0.05749483022965941,-0.10499265938658223,1.0,0.0
Milwaukee,2000-02-28 03:00:00,0.0,0.34619647541530363,0.3583954550705775,0.3666255582259426,-0.05749483022965941,-0.10499265938658223,1.0,0.0
Milwaukee,2000-02-28 04:00:00,0.0,0.34619647541530363,0.3583954550705775,0.3666255582259426,-0.05749483022965941,-0.10499265938658223,1.0,0.0
Milwaukee,2000-02-28 05:00:00,0.0,0.34619647541530363,0.3583954550705775,0.3666255582259426,-0.05749483022965941,-0.10499265938658223,1.0,0.0
Milwaukee,2000-02-28 06:00:00,0.0,0.34619647541530363,0.3583954550705775,0.3666255582259426,-0.05749483022965941,-0.10499265938658223,1.0,0.0
Milwaukee,2000-02-28 07:00:00,0.0,0.34619647541530363,0.3583954550705775,0.3666255582259426,-0.05749483022965941,-0.10499265938658223,1.0,0.0
Milwaukee,2000-02-28 08:00:00,0.0,0.34619647541530363,0.3583954550705775,0.3666255582259426,-0.05749483022965941,-0.10499265938658223,1.0,0.0
Milwaukee,2000-02-28 09:00:00,0.0,0.34619647541530363,0.3583954550705775,0.3666255582259426,-0.05749483022965941,-0.10499265938658223,1.0,0.0
Milwaukee,2000-02-28 10:00:00,0.0,0.34619647541530363,0.3583954550705775,0.3666255582259426,-0.05749483022965941,-0.10499265938658223,1.0,0.0
Milwaukee,2000-02-28 11:00:00,0.0,0.34619647541530363,0.3583954550705775,0.3666255582259426,-0.05749483022965941,-0.10499265938658223,1.0,0.0
Milwaukee,2000-02-28 12:00:00,0.0,0.34619647541530363,0.3583954550705775,0.3666255582259426,-0.05749483022965941,-0.10499265938658223,1.0,0.0
Milwaukee,2000-02-28 13:00:00,0.0,0.34619647541530363,0.3583954550705775,0.3666255582259426,-0.05749483022965941,-0.10499265938658223,1.0,0.0
Milwaukee,2000-02-28 14:00:00,0.0,0.34619647541530363,0.3583954550705775,0.3666255582259426,-0.05749483022965941,-0.10499265938658223,1.0,0.0
Milwaukee,2000-02-28 15:00:00,0.0,0.34619647541530363,0.3583954550705775,0.3666255582259426,-0.05749483022965941,-0.10499265938658223,1.0,0.0
Milwaukee,2000-02-28 16:00:00,0.0,0.34619647541530363,0.3583954550705775,0.3666255582259426,-0.05749483022965941,-0.10499265938658223,1.0,0.0
Milwaukee,2000-02-28 17:00:00,0.0,0.34619647541530363,0.3583954550705775,0.3666255582259426,-0.05749483022965941,-0.10499265938658223,1.0,0.0
Milwaukee,2000-02-28 18:00:00,0.0,0.34619647541530363,0.3583954550705775,0.3666255582259426,-0.05749483022965941,-0.10499265938658223,1.0,0.0
Milwaukee,2000-02-28 19:00:00,0.0,0.34619647541530363,0.3583954550705775,0.3666255582259426,-0.05749483022965941,-0.10499265938658223,1.0,0.0
Milwaukee,2000-02-28 20:00:00,0.0,0.34619647541530363,0.3583954550705775,0.3666255582259426,-0.05749483022965941,-0.10499265938658223,1.0,0.0
Milwaukee,2000-02-28 21:00:00,0.0,0.34619647541530363,0.3583954550705775,0.3666255582259426,-0.05749483022965941,-0.10499265938658223,1.0,0.0
Milwaukee,2000-02-28 22:00:00,0.0,0.34619647541530363,0.3583954550705775,0.3666255582259426,-0.05749483022965941,-0.10499265938658223,1.0,0.0
Milwaukee,2000-02-28 23:00:00,0.0,0.34619647541530363,0.3583954550705775,0.3666255582259426,-0.05749483022965941,-0.10499265938658223,1.0,0.0
Milwaukee,2000-02-29 00:00:00,0.0,0.34619647541530363,0.3583954550705775,0.3666255582259426,-0.05749483022965941,-0.10499265938658223,1.0,0.0
Milwaukee,2000-02-29 01:00:00,0.0,0.34619647541530363,0.3583954550705775,0.3666255582259426,-0.05749483022965941,-0.10499265938658223,1.0,0.0
Milwaukee,2000-02-29 02:00:00,0.0,0.34619647541530363,0.3583954550705775,0.3666255582259426,-0.05749483022965941,-0.10499265938658223,1.0,0.0
Milwaukee,2000-02-29 03:00:00,0.0,0.34619647541530363,0.3583954550705775,0.3666255582259426,-0.05749483022965941,-0.10499265938658223,1.0,0.0
Milwaukee,2000-02-29 04:00:00,0.0,0.34619647541530363,0.3583954550705775,0.3666255582259426,-0.05749483022965941,-0.10499265938658223,1.0,0.0
Milwaukee,2000-02-29 05:00:00,0.0,0.34619647541530363,0.3583954550705775,0.3666255582259426,-0.05749483022965941,-0.10499265938658223,1.0,0.0
Milwaukee,2000-02-29 06:00:00,0.0,0.34619647541530363,0.3583954550705775,0.3666255582259426,-0.05749483022965941,-0.10499265938658223,1.0,0.0
Milwaukee,2000-02-29 07:00:00,0.0,0.34619647541530363,0.3583954550705775,0.3666255582259426,-0.05749483022965941,-0.10499265938658223,1.0,0.0
Milwaukee,2000-02-29 08:00:00,0.0,0.34619647541530363,0.3583954550705775,0.3666255582259426,-0.05749483022965941,-0.10499265938658223,1.0,0.0
Milwaukee,2000-02-29 09:00:00,0.0,0.34619647541530363,0.3583954550705775,0.3666255582259426,-0.05749483022965941,-0.10499265938658223,1.0,0.0
Milwaukee,2000-02-29 10:00:00,0.0,0.34619647541530363,0.3583954550705775,0.3666255582259426,-0.05749483022965941,-0.10499265938658223,1.0,0.0
Milwaukee,2000-02-29 11:00:00,0.0,0.34619647541530363,0.3583954550705775,0.3666255582259426,-0.05749483022965941,-0.10499265938658223,1.0,0.0
Milwaukee,2000-02-29 12:00:00,0.0,0.34619647541530363,0.3583954550705775,0.3666255582259426,-0.05749483022965941,-0.10499265938658223,1.0,0.0
Milwaukee,2000-02-29 13:00:00,0.0,0.34619647541530363,0.3583954550705775,0.3666255582259426,-0.05749483022965941,-0.10499265938658223,1.0,0.0
Milwaukee,2000-02-29 14:00:00,0.0,0.34619647541530363,0.3583954550705775,0.3666255582259426,-0.05749483022965941,-0.10499265938658223,1.0,0.0
Milwaukee,2000-02-29 15:00:00,0.0,0.34619647541530363,0.3583954550705775,0.3666255582259426,-0.05749483022965941,-0.10499265938658223,1.0,0.0
Milwaukee,2000-02-29 16:00:00,0.0,0.34619647541530363,0.3583954550705775,0.3666255582259426,-0.05749483022965941,-0.10499265938658223,1.0,0.0
Milwaukee,2000-02-29 17:00:00,0.0,0.34619647541530363,0.3583954550705775,0.3666255582259426,-0.05749483022965941,-0.10499265938658223,1.0,0.0
Milwaukee,2000-02-29 18:00:00,0.0,0.34619647541530363,0.3583954550705775,0.3666255582259426,-0.05749483022965941,-0.10499265938658223,1.0,0.0
Milwaukee,2000-02-29 19:00:00,0.0,0.34619647541530363,0.3583954550705775,0.3666255582259426,-0.05749483022965941,-0.10499265938658223,1.0,0.0
Milwaukee,2000-02-29 20:00:00,0.0,0.34619647541530363,0.3583954550705775,0.3666255582259426,-0.05749483022965941,-0.10499265938658223,1.0,0.0
Milwaukee,2000-02-29 21:00:00,0.0,0.34619647541530363,0.3583954550705775,0.3666255582259426,-0.05749483022965941,-0.10499265938658223,1.0,0.0
Milwaukee,2000-02-29 22:00:00,0.0,0.34619647541530363,0.3583954550705775,0.3666255582259426,-0.05749483022965941,-0.10499265938658223,1.0,0.0
Milwaukee,2000-02-29 23:00:00,0.0,0.34619647541530363,0.3583954550705775,0.3666255582259426,-0.05749483022965941,-0.10499265938658223,1.0,0.0
Milwaukee,2000-03-01 00:00:00,0.0,0.34619647541530363,0.3583954550705775,0.3666255582259426,-0.05749483022965941,-0.10499265938658223,1.0,0.0
Milwaukee,2000-03-01 01:00:00,0.0,0.34619647541530363,0.3583954550705775,0.3666255582259426,-0.05749483022965941,-0.10499265938658223,1.0,0.0
Milwaukee,2000-03-01 02:00:00,0.10000000149011612,0.37493462778701603,0.37963028842970437,0.38608798432978486,0.077882847413793,0.04267897886966643,0.5479894519381427,0.05479894601038219
Milwaukee,2000-03-01 03:00:00,0.4000000059604645,0.4602572840073257,0.44284563734884813,0.44398150563378375,0.4840158803441499,0.4856938936384119,1.0034668558665243,0.40138674832773824
Milwaukee,2000-03-01 04:00:00,0.800000011920929,0.5668587624286637,0.5238351948323483,0.518375294178048,1.0255265909179592,1.0763804466634062,1.0495880420808272,0.8396704461767263
Milwaukee,2000-03-01 05:00:00,0.0,0.34619647541530363,0.3583954550705775,0.3666255582259426,-0.05749483022965941,-0.10499265938658223,1.0,0.0
Milwaukee,2000-03-01 06:00:00,0.10000000149011612,0.37493462778701603,0.37963028842970437,0.38608798432978486,0.077882847413793,0.04267897886966643,0.5479894519381427,0.05479894601038219
Milwaukee,2000-03-01 07:00:00,0.10000000149011612,0.37493462778701603,0.37963028842970437,0.38608798432978486,0.077882847413793,0.04267897886966643,0.5479894519381427,0.05479894601038219
Milwaukee,2000-03-01 08:00:00,0.0,0.34619647541530363,0.3583954550705775,0.3666255582259426,-0.05749483022965941,-0.10499265938658223,1.0,0.0
Milwaukee,2000-03-01 09:00:00,0.0,0.34619647541530363,0.3583954550705775,0.3666255582259426,-0.05749483022965941,-0.10499265938658223,1.0,0.0
Milwaukee,2000-03-01 10:00:00,0.0,0.34619647541530363,0.3583954550705775,0.3666255582259426,-0.05749483022965941,-0.10499265938658223,1.0,0.0
Milwaukee,2000-03-01 11:00:00,0.0,0.34619647541530363,0.3583954550705775,0.3666255582259426,-0.05749483022965941,-0.10499265938658223,1.0,0.0
Milwaukee,2000-03-01 12:00:00,0.0,0.34619647541530363,0.3583954550705775,0.3666255582259426,-0.05749483022965941,-0.10499265938658223,1.0,0.0
Milwaukee,2000-03-01 13:00:00,0.0,0.34619647541530363,0.3583954550705775,0.3666255582259426,-0.05749483022965941,-0.10499265938658223,1.0,0.0
Milwaukee,2000-03-01 14:00:00,0.0,0.34619647541530363,0.3583954550705775,0.3666255582259426,-0.05749483022965941,-0.10499265938658223,1.0,0.0
Milwaukee,2000-03-01 15:00:00,0.0,0.34619647541530363,0.3583954550705775,0.3666255582259426,-0.05749483022965941,-0.10499265938658223,1.0,0.0
Milwaukee,2000-03-01 16:00:00,0.0,0.34619647541530363,0.3583954550705775,0.3666255582259426,-0.05749483022965941,-0.10499265938658223,1.0,0.0
Milwaukee,2000-03-01 17:00:00,0.0,0.34619647541530363,0.3583954550705775,0.3666255582259426,-0.05749483022965941,-0.10499265938658223,1.0,0.0
Milwaukee,2000-03-01 18:00:00,0.0,0.34619647541530363,0.3583954550705775,0.3666255582259426,-0.05749483022965941,-0.10499265938658223,1.0,0.0
Milwaukee,2000-03-01 19:00:00,0.0,0.34619647541530363,0.3583954550705775,0.3666255582259426,-0.05749483022965941,-0.10499265938658223,1.0,0.0
Milwaukee,2000-03-01 20:00:00,0.0,0.34619647541530363,0.3583954550705775,0.3666255582259426,-0.05749483022965941,-0.10499265938658223,1.0,0.0
Milwaukee,2000-03-01 21:00:00,0.0,0.34619647541530363,0.3583954550705775,0.3666255582259426,-0.05749483022965941,-0.10499265938658223,1.0,0.0
Milwaukee,2000-03-01 22:00:00,0.0,0.34619647541530363,0.3583954550705775,0.3666255582259426,-0.05749483022965941,-0.10499265938658223,1.0,0.0
Milwaukee,2000-03-01 23:00:00,0.0,0.34619647541530363,0.3583954550705775,0.3666255582259426,-0.05749483022965941,-0.10499265938658223,1.0,0.0
Milwaukee,2000-03-02 00:00:00,0.0,0.34619647541530363,0.3583954550705775,0.3666255582259426,-0.05749483022965941,-0.10499265938658223,1.0,0.0
Milwaukee,2000-03-02 01:00:00,0.0,0.34619647541530363,0.3583954550705775,0.3666255582259426,-0.05749483022965941,-0.10499265938658223,1.0,0.0
Milwaukee,2000-03-02 02:00:00,0.0,0.34619647541530363,0.3583954550705775,0.3666255582259426,-0.05749483022965941,-0.10499265938658223,1.0,0.0
Milwaukee,2000-03-02 03:00:00,0.0,0.34619647541530363,0.3583954550705775,0.3666255582259426,-0.05749483022965941,-0.10499265938658223,1.0,0.0
Milwaukee,2000-03-02 04:00:00,0.0,0.34619647541530363,0.3583954550705775,0.3666255582259426,-0.05749483022965941,-0.10499265938658223,1.0,0.0
Milwaukee,2000-03-02 05:00:00,0.0,0.34619647541530363,0.3583954550705775,0.3666255582259426,-0.05749483022965941,-0.10499265938658223,1.0,0.0
Milwaukee,2000-03-02 06:00:00,0.0,0.34619647541530363,0.3583954550705775,0.3666255582259426,-0.05749483022965941,-0.10499265938658223,1.0,0.0
Milwaukee,2000-03-02 07:00:00,0.0,0.34619647541530363,0.3583954550705775,0.3666255582259426,-0.05749483022965941,-0.10499265938658223,1.0,0.0
Milwaukee,2000-03-02 08:00:00,0.0,0.34619647541530363,0.3583954550705775,0.3666255582259426,-0.05749483022965941,-0.10499265938658223,1.0,0.0
Milwaukee,2000-03-02 09:00:00,0.0,0.34619647541530363,0.3583954550705775,0.3666255582259426,-0.05749483022965941,-0.10499265938658223,1.0,0.0
Milwaukee,2000-03-02 10:00:00,0.0,0.34619647541530363,0.3583954550705775,0.3666255582259426,-0.05749483022965941,-0.10499265938658223,1.0,0.0
Milwaukee,2000-03-02 11:00:00,0.0,0.34619647541530363,0.3583954550705775,0.3666255582259426,-0.05749483022965941,-0.10499265938658223,1.0,0.0
Milwaukee,2000-03-02 12:00:00,0.0,0.34619647541530363,0.3583954550705775,0.3666255582259426,-0.05749483022965941,-0.10499265938658223,1.0,0.0
Milwaukee,2000-03-02 13:00:00,0.0,0.34619647541530363,0.3583954550705775,0.3666255582259426,-0.05749483022965941,-0.10499265938658223,1.0,0.0
Milwaukee,2000-03-02 14:00:00,0.0,0.34619647541530363,0.3583954550705775,0.3666255582259426,-0.05749483022965941,-0.10499265938658223,1.0,0.0
Milwaukee,2000-03-02 15:00:00,0.0,0.34619647541530363,0.3583954550705775,0.3666255582259426,-0.05749483022965941,-0.10499265938658223,1.0,0.0
Milwaukee,2000-03-02 16:00:00,0.0,0.34619647541530363,0.3583954550705775,0.3666255582259426,-0.05749483022965941,-0.10499265938658223,1.0,0.0
Milwaukee,2000-03-02 17:00:00,0.0,0.34619647541530363,0.3583954550705775,0.3666255582259426,-0.05749483022965941,-0.10499265938658223,1.0,0.0
Milwaukee,2000-03-02 18:00:00,0.0,0.34619647541530363,0.3583954550705775,0.3666255582259426,-0.05749483022965941,-0.10499265938658223,1.0,0.0
Milwaukee,2000-03-02 19:00:00,0.0,0.34619647541530363,0.3583954550705775,0.3666255582259426,-0.05749483022965941,-0.10499265938658223,1.0,0.0
Milwaukee,2000-03-02 20:00:00,0.0,0.34619647541530363,0.3583954550705775,0.3666255582259426,-0.05749483022965941,-0.10499265938658223,1.0,0.0
Milwaukee,2000-03-02 21:00:00,0.0,0.34619647541530363,0.3583954550705775,0.3666255582259426,-0.05749483022965941,-0.10499265938658223,1.0,0.0
Milwaukee,2000-03-02 22:00:00,0.0,0.34619647541530363,0.3583954550705775,0.3666255582259426,-0.05749483022965941,-0.10499265938658223,1.0,0.0
Milwaukee,2000-03-02 23:00:00,0.0,0.34619647541530363,0.3583954550705775,0.3666255582259426,-0.05749483022965941,-0.10499265938658223,1.0,0.0
Milwaukee,2000-03-03 00:00:00,0.0,0.34619647541530363,0.3583954550705775,0.3666255582259426,-0.05749483022965941,-0.10499265938658223,1.0,0.0
Milwaukee,2000-03-03 01:00:00,0.0,0.34619647541530363,0.3583954550705775,0.3666255582259426,-0.05749483022965941,-0.10499265938658223,1.0,0.0
Milwaukee,2000-03-03 02:00:00,0.0,0.34619647541530363,0.3583954550705775,0.3666255582259426,-0.05749483022965941,-0.10499265938658223,1.0,0.0
Milwaukee,2000-03-03 03:00:00,0.0,0.34619647541530363,0.3583954550705775,0.3666255582259426,-0.05749483022965941,-0.10499265938658223,1.0,0.0
Milwaukee,2000-03-03 04:00:00,0.0,0.34619647541530363,0.3583954550705775,0.3666255582259426,-0.05749483022965941,-0.10499265938658223,1.0,0.0
Milwaukee,2000-03-03 05:00:00,0.0,0.34619647541530363,0.3583954550705775,0.3666255582259426,-0.05749483022965941,-0.10499265938658223,1.0,0.0
Milwaukee,2000-03-03 06:00:00,0.0,0.34619647541530363,0.3583954550705775,0.3666255582259426,-0.05749483022965941,-0.10499265938658223,1.0,0.0
Milwaukee,2000-03-03 07:00:00,0.0,0.34619647541530363,0.3583954550705775,0.3666255582259426,-0.05749483022965941,-0.10499265938658223,1.0,0.0
Milwaukee,2000-03-03 08:00:00,0.0,0.34619647541530363,0.3583954550705775,0.3666255582259426,-0.05749483022965941,-0.10499265938658223,1.0,0.0
Milwaukee,2000-03-03 09:00:00,0.0,0.34619647541530363,0.3583954550705775,0.3666255582259426,-0.05749483022965941,-0.10499265938658223,1.0,0.0
Milwaukee,2000-03-03 10:00:00,0.0,0.34619647541530363,0.3583954550705775,0.3666255582259426,-0.05749483022965941,-0.10499265938658223,1.0,0.0
Milwaukee,2000-03-03 11:00:00,0.0,0.34619647541530363,0.3583954550705775,0.3666255582259426,-0.05749483022965941,-0.10499265938658223,1.0,0.0
Milwaukee,2000-03-03 12:00:00,0.0,0.34619647541530363,0.3583954550705775,0.3666255582259426,-0.05749483022965941,-0.10499265938658223,1.0,0.0
Milwaukee,2000-03-03 13:00:00,0.0,0.34619647541530363,0.3583954550705775,0.3666255582259426,-0.05749483022965941,-0.10499265938658223,1.0,0.0
Milwaukee,2000-03-03 14:00:00,0.0,0.34619647541530363,0.3583954550705775,0.3666255582259426,-0.05749483022965941,-0.10499265938658223,1.0,0.0
Milwaukee,2000-03-03 15:00:00,0.0,0.34619647541530363,0.3583954550705775,0.3666255582259426,-0.05749483022965941,-0.10499265938658223,1.0,0.0
Milwaukee,2000-03-03 16:00:00,0.0,0.34619647541530363,0.3583954550705775,0.3666255582259426,-0.05749483022965941,-0.10499265938658223,1.0,0.0
Milwaukee,2000-03-03 17:00:00,0.0,0.34619647541530363,0.3583954550705775,0.3666255582259426,-0.05749483022965941,-0.10499265938658223,1.0,0.0
Milwaukee,2000-03-03 18:00:00,0.0,0.34619647541530363,0.3583954550705775,0.3666255582259426,-0.05749483022965941,-0.10499265938658223,1.0,0.0
Milwaukee,2000-03-03 19:00:00,0.0,0.34619647541530363,0.3583954550705775,0.3666255582259426,-0.05749483022965941,-0.10499265938658223,1.0,0.0
Milwaukee,2000-03-03 20:00:00,0.0,0.34619647541530363,0.3583954550705775,0.3666255582259426,-0.05749483022965941,-0.10499265938658223,1.0,0.0
Milwaukee,2000-03-03 21:00:00,0.0,0.34619647541530363,0.3583954550705775,0.3666255582259426,-0.05749483022965941,-0.10499265938658223,1.0,0.0
Milwaukee,2000-03-03 22:00:00,0.0,0.34619647541530363,0.3583954550705775,0.3666255582259426,-0.05749483022965941,-0.10499265938658223,1.0,0.0
Milwaukee,2000-03-03 23:00:00,0.0,0.34619647541530363,0.3583954550705775,0.3666255582259426,-0.05749483022965941,-0.10499265938658223,1.0,0.0
Milwaukee,2000-03-04 00:00:00,0.0,0.34619647541530363,0.3583954550705775,0.3666255582259426,-0.05749483022965941,-0.10499265938658223,1.0,0.0
Milwaukee,2000-03-04 01:00:00,0.0,0.34619647541530363,0.3583954550705775,0.3666255582259426,-0.05749483022965941,-0.10499265938658223,1.0,0.0
Milwaukee,2000-03-04 02:00:00,0.0,0.34619647541530363,0.3583954550705775,0.3666255582259426,-0.05749483022965941,-0.10499265938658223,1.0,0.0
Milwaukee,2000-03-04 03:00:00,0.0,0.34619647541530363,0.3583954550705775,0.3666255582259426,-0.05749483022965941,-0.10499265938658223,1.0,0.0
Milwaukee,2000-03-04 04:00:00,0.0,0.34619647541530363,0.3583954550705775,0.3666255582259426,-0.05749483022965941,-0.10499265938658223,1.0,0.0
Milwaukee,2000-03-04 05:00:00,0.0,0.34619647541530363,0.3583954550705775,0.3666255582259426,-0.05749483022965941,-0.10499265938658223,1.0,0.0
Milwaukee,2000-03-04 06:00:00,0.0,0.34619647541530363,0.3583954550705775,0.3666255582259426,-0.05749483022965941,-0.10499265938658223,1.0,0.0
Milwaukee,2000-03-04 07:00:00,0.0,0.34619647541530363,0.3583954550705775,0.3666255582259426,-0.05749483022965941,-0.10499265938658223,1.0,0.0
Milwaukee,2000-03-04 08:00:00,0.0,0.34619647541530363,0.3583954550705775,0.3666255582259426,-0.05749483022965941,-0.10499265938658223,1.0,0.0
Milwaukee,2000-03-04 09:00:00,0.0,0.34619647541530363,0.3583954550705775,0.3666255582259426,-0.05749483022965941,-0.10499265938658223,1.0,0.0
Milwaukee,2000-03-04 10:00:00,0.0,0.34619647541530363,0.3583954550705775,0.3666255582259426,-0.05749483022965941,-0.10499265938658223,1.0,0.0
Milwaukee,2000-03-04 11:00:00,0.0,0.34619647541530363,0.3583954550705775,0.3666255582259426,-0.05749483022965941,-0.10499265938658223,1.0,0.0
Milwaukee,2000-03-04 12:00:00,0.0,0.34619647541530363,0.3583954550705775,0.3666255582259426,-0.05749483022965941,-0.10499265938658223,1.0,0.0
Milwaukee,2000-03-04 13:00:00,0.0,0.34619647541530363,0.3583954550705775,0.3666255582259426,-0.05749483022965941,-0.10499265938658223,1.0,0.0
Milwaukee,2000-03-04 14:00:00,0.0,0.34619647541530363,0.3583954550705775,0.3666255582259426,-0.05749483022965941,-0.10499265938658223,1.0,0.0
Milwaukee,2000-03-04 15:00:00,0.0,0.34619647541530363,0.3583954550705775,0.3666255582259426,-0.05749483022965941,-0.10499265938658223,1.0,0.0
Milwaukee,2000-03-04 16:00:00,0.0,0.34619647541530363,0.3583954550705775,0.3666255582259426,-0.05749483022965941,-0.10499265938658223,1.0,0.0
Milwaukee,2000-03-04 17:00:00,0.0,0.34619647541530363,0.3583954550705775,0.3666255582259426,-0.05749483022965941,-0.10499265938658223,1.0,0.0
Milwaukee,2000-03-04 18:00:00,0.0,0.34619647541530363,0.3583954550705775,0.3666255582259426,-0.05749483022965941,-0.10499265938658223,1.0,0.0
Milwaukee,2000-03-04 19:00:00,0.0,0.34619647541530363,0.3583954550705775,0.3666255582259426,-0.05749483022965941,-0.10499265938658223,1.0,0.0
Milwaukee,2000-03-04 20:00:00,0.0,0.34619647541530363,0.3583954550705775,0.3666255582259426,-0.05749483022965941,-0.10499265938658223,1.0,0.0
Milwaukee,2000-03-04 21:00:00,0.0,0.34619647541530363,0.3583954550705775,0.3666255582259426,-0.05749483022965941,-0.10499265938658223,1.0,0.0
Milwaukee,2000-03-04 22:00:00,0.0,0.34619647541530363,0.3583954550705775,0.3666255582259426,-0.05749483022965941,-0.10499265938658223,1.0,0.0
Milwaukee,2000-03-04 23:00:00,0.0,0.34619647541530363,0.3583954550705775,0.3666255582259426,-0.05749483022965941,-0.10499265938658223,1.0,0.0
Milwaukee,2000-03-05 00:00:00,0.0,0.34619647541530363,0.3583954550705775,0.3666255582259426,-0.05749483022965941,-0.10499265938658223,1.0,0.0
Milwaukee,2000-03-05 01:00:00,0.0,0.34619647541530363,0.3583954550705775,0.3666255582259426,-0.05749483022965941,-0.10499265938658223,1.0,0.0
Milwaukee,2000-03-05 02:00:00,0.0,0.34619647541530363,0.3583954550705775,0.3666255582259426,-0.05749483022965941,-0.10499265938658223,1.0,0.0
Milwaukee,2000-03-05 03:00:00,0.0,0.34619647541530363,0.3583954550705775,0.3666255582259426,-0.05749483022965941,-0.10499265938658223,1.0,0.0
Milwaukee,2000-03-05 04:00:00,0.0,0.34619647541530363,0.3583954550705775,0.3666255582259426,-0.05749483022965941,-0.10499265938658223,1.0,0.0
Milwaukee,2000-03-05 05:00:00,0.0,0.34619647541530363,0.3583954550705775,0.3666255582259426,-0.05749483022965941,-0.10499265938658223,1.0,0.0
Milwaukee,2000-03-05 06:00:00,0.0,0.34619647541530363,0.3583954550705775,0.3666255582259426,-0.05749483022965941,-0.10499265938658223,1.0,0.0
Milwaukee,2000-03-05 07:00:00,0.0,0.34619647541530363,0.3583954550705775,0.3666255582259426,-0.05749483022965941,-0.10499265938658223,1.0,0.0
Milwaukee,2000-03-05 08:00:00,0.0,0.34619647541530363,0.3583954550705775,0.3666255582259426,-0.05749483022965941,-0.10499265938658223,1.0,0.0
Milwaukee,2000-03-05 09:00:00,0.0,0.34619647541530363,0.3583954550705775,0.3666255582259426,-0.05749483022965941,-0.10499265938658223,1.0,0.0
Milwaukee,2000-03-05 10:00:00,0.0,0.34619647541530363,0.3583954550705775,0.3666255582259426,-0.05749483022965941,-0.10499265938658223,1.0,0.0
Milwaukee,2000-03-05 11:00:00,0.0,0.34619647541530363,0.3583954550705775,0.3666255582259426,-0.05749483022965941,-0.10499265938658223,1.0,0.0
Milwaukee,2000-03-05 12:00:00,0.0,0.34619647541530363,0.3583954550705775,0.3666255582259426,-0.05749483022965941,-0.10499265938658223,1.0,0.0
Milwaukee,2000-03-05 13:00:00,0.0,0.34619647541530363,0.3583954550705775,0.3666255582259426,-0.05749483022965941,-0.10499265938658223,1.0,0.0
Milwaukee,2000-03-05 14:00:00,0.0,0.34619647541530363,0.3583954550705775,0.3666255582259426,-0.05749483022965941,-0.10499265938658223,1.0,0.0
Milwaukee,2000-03-05 15:00:00,0.0,0.34619647541530363,0.3583954550705775,0.3666255582259426,-0.05749483022965941,-0.10499265938658223,1.0,0.0
Milwaukee,2000-03-05 16:00:00,0.0,0.34619647541530363,0.3583954550705775,0.3666255582259426,-0.05749483022965941,-0.10499265938658223,1.0,0.0
Milwaukee,2000-03-05 17:00:00,0.0,0.34619647541530363,0.3583954550705775,0.3666255582259426,-0.05749483022965941,-0.10499265938658223,1.0,0.0
Milwaukee,2000-03-05 18:00:00,0.0,0.34619647541530363,0.3583954550705775,0.3666255582259426,-0.05749483022965941,-0.10499265938658223,1.0,0.0
Milwaukee,2000-03-05 19:00:00,0.0,0.34619647541530363,0.3583954550705775,0.3666255582259426,-0.05749483022965941,-0.10499265938658223,1.0,0.0
Milwaukee,2000-03-05 20:00:00,0.0,0.34619647541530363,0.3583954550705775,0.3666255582259426,-0.05749483022965941,-0.10499265938658223,1.0,0.0
Milwaukee,2000-03-05 21:00:00,0.0,0.34619647541530363,0.3583954550705775,0.3666255582259426,-0.05749483022965941,-0.10499265938658223,1.0,0.0
Milwaukee,2000-03-05 22:00:00,0.0,0.34619647541530363,0.3583954550705775,0.3666255582259426,-0.05749483022965941,-0.10499265938658223,1.0,0.0
Milwaukee,2000-03-05 23:00:00,0.0,0.34619647541530363,0.3583954550705775,0.3666255582259426,-0.05749483022965941,-0.10499265938658223,1.0,0.0
Milwaukee,2000-03-06 00:00:00,0.0,0.34619647541530363,0.3583954550705775,0.3666255582259426,-0.05749483022965941,-0.10499265938658223,1.0,0.0
Milwaukee,2000-03-06 01:00:00,0.0,0.34619647541530363,0.3583954550705775,0.3666255582259426,-0.05749483022965941,-0.10499265938658223,1.0,0.0
Milwaukee,2000-03-06 02:00:00,0.0,0.34619647541530363,0.3583954550705775,0.3666255582259426,-0.05749483022965941,-0.10499265938658223,1.0,0.0
Milwaukee,2000-03-06 03:00:00,0.0,0.34619647541530363,0.3583954550705775,0.3666255582259426,-0.05749483022965941,-0.10499265938658223,1.0,0.0
Milwaukee,2000-03-06 04:00:00,0.0,0.34619647541530363,0.3583954550705775,0.3666255582259426,-0.05749483022965941,-0.10499265938658223,1.0,0.0
Milwaukee,2000-03-06 05:00:00,0.0,0.34619647541530363,0.3583954550705775,0.3666255582259426,-0.05749483022965941,-0.10499265938658223,1.0,0.0
Milwaukee,2000-03-06 06:00:00,0.0,0.34619647541530363,0.3583954550705775,0.3666255582259426,-0.05749483022965941,-0.10499265938658223,1.0,0.0
Milwaukee,2000-03-06 07:00:00,0.0,0.34619647541530363,0.3583954550705775,0.3666255582259426,-0.05749483022965941,-0.10499265938658223,1.0,0.0
Milwaukee,2000-03-06 08:00:00,0.0,0.34619647541530363,0.3583954550705775,0.3666255582259426,-0.05749483022965941,-0.10499265938658223,1.0,0.0
Milwaukee,2000-03-06 09:00:00,0.0,0.34619647541530363,0.3583954550705775,0.3666255582259426,-0.05749483022965941,-0.10499265938658223,1.0,0.0
Milwaukee,2000-03-06 10:00:00,0.0,0.34619647541530363,0.3583954550705775,0.3666255582259426,-0.05749483022965941,-0.10499265938658223,1.0,0.0
Milwaukee,2000-03-06 11:00:00,0.0,0.34619647541530363,0.3583954550705775,0.3666255582259426,-0.05749483022965941,-0.10499265938658223,1.0,0.0
Milwaukee,2000-03-06 12:00:00,0.0,0.34619647541530363,0.3583954550705775,0.3666255582259426,-0.05749483022965941,-0.10499265938658223,1.0,0.0
Milwaukee,2000-03-06 13:00:00,0.0,0.34619647541530363,0.3583954550705775,0.3666255582259426,-0.05749483022965941,-0.10499265938658223,1.0,0.0
Milwaukee,2000-03-06 14:00:00,0.0,0.34619647541530363,0.3583954550705775,0.3666255582259426,-0.05749483022965941,-0.10499265938658223,1.0,0.0
Milwaukee,2000-03-06 15:00:00,0.0,0.34619647541530363,0.3583954550705775,0.3666255582259426,-0.05749483022965941,-0.10499265938658223,1.0,0.0
Milwaukee,2000-03-06 16:00:00,0.0,0.34619647541530363,0.3583954550705775,0.3666255582259426,-0.05749483022965941,-0.10499265938658223,1.0,0.0
Milwaukee,2000-03-06 17:00:00,0.0,0.34619647541530363,0.3583954550705775,0.3666255582259426,-0.05749483022965941,-0.10499265938658223,1.0,0.0
Milwaukee,2000-03-06 18:00:00,0.0,0.34619647541530363,0.3583954550705775,0.3666255582259426,-0.05749483022965941,-0.10499265938658223,1.0,0.0
Milwaukee,2000-03-06 19:00:00,0.0,0.34619647541530363,0.3583954550705775,0.3666255582259426,-0.05749483022965941,-0.10499265938658223,1.0,0.0
Milwaukee,2000-03-06 20:00:00,0.0,0.34619647541530363,0.3583954550705775,0.3666255582259426,-0.05749483022965941,-0.10499265938658223,1.0,0.0
Milwaukee,2000-03-06 21:00:00,0.0,0.34619647541530363,0.3583954550705775,0.3666255582259426,-0.05749483022965941,-0.10499265938658223,1.0,0.0
Milwaukee,2000-03-06 22:00:00,0.0,0.34619647541530363,0.3583954550705775,0.3666255582259426,-0.05749483022965941,-0.10499265938658223,1.0,0.0
Milwaukee,2000-03-06 23:00:00,0.0,0.34619647541530363,0.3583954550705775,0.3666255582259426,-0.05749483022965941,-0.10499265938658223,1.0,0.0
Milwaukee,2000-03-07 00:00:00,0.0,0.34619647541530363,0.3583954550705775,0.3666255582259426,-0.05749483022965941,-0.10499265938658223,1.0,0.0
Milwaukee,2000-03-07 01:00:00,0.0,0.34619647541530363,0.3583954550705775,0.3666255582259426,-0.05749483022965941,-0.10499265938658223,1.0,0.0
Milwaukee,2000-03-07 02:00:00,0.0,0.34619647541530363,0.3583954550705775,0.3666255582259426,-0.05749483022965941,-0.10499265938658223,1.0,0.0
Milwaukee,2000-03-07 03:00:00,0.0,0.34619647541530363,0.3583954550705775,0.3666255582259426,-0.05749483022965941,-0.10499265938658223,1.0,0.0
Milwaukee,2000-03-07 04:00:00,0.0,0.34619647541530363,0.3583954550705775,0.3666255582259426,-0.05749483022965941,-0.10499265938658223,1.0,0.0
Milwaukee,2000-03-07 05:00:00,0.0,0.34619647541530363,0.3583954550705775,0.3666255582259426,-0.05749483022965941,-0.10499265938658223,1.0,0.0
Milwaukee,2000-03-07 06:00:00,0.0,0.34619647541530363,0.3583954550705775,0.3666255582259426,-0.05749483022965941,-0.10499265938658223,1.0,0.0
Milwaukee,2000-03-07 07:00:00,0.0,0.34619647541530363,0.3583954550705775,0.3666255582259426,-0.05749483022965941,-0.10499265938658223,1.0,0.0
Milwaukee,2000-03-07 08:00:00,0.0,0.34619647541530363,0.3583954550705775,0.3666255582259426,-0.05749483022965941,-0.10499265938658223,1.0,0.0
Milwaukee,2000-03-07 09:00:00,0.0,0.34619647541530363,0.3583954550705775,0.3666255582259426,-0.05749483022965941,-0.10499265938658223,1.0,0.0
Milwaukee,2000-03-07 10:00:00,0.0,0.34619647541530363,0.3583954550705775,0.3666255582259426,-0.05749483022965941,-0.10499265938658223,1.0,0.0
Milwaukee,2000-03-07 11:00:00,0.0,0.34619647541530363,0.3583954550705775,0.3666255582259426,-0.05749483022965941,-0.10499265938658223,1.0,0.0
Milwaukee,2000-03-07 12:00:00,0.0,0.34619647541530363,0.3583954550705775,0.3666255582259426,-0.05749483022965941,-0.10499265938658223,1.0,0.0
Milwaukee,2000-03-07 13:00:00,0.0,0.34619647541530363,0.3583954550705775,0.3666255582259426,-0.05749483022965941,-0.10499265938658223,1.0,0.0
Milwaukee,2000-03-07 14:00:00,0.0,0.34619647541530363,0.3583954550705775,0.3666255582259426,-0.05749483022965941,-0.10499265938658223,1.0,0.0
Milwaukee,2000-03-07 15:00:00,0.0,0.34619647541530363,0.3583954550705775,0.3666255582259426,-0.05749483022965941,-0.10499265938658223,1.0,0.0
Milwaukee,2000-03-07 16:00:00,0.0,0.34619647541530363,0.3583954550705775,0.3666255582259426,-0.05749483022965941,-0.10499265938658223,1.0,0.0
Milwaukee,2000-03-07 17:00:00,0.0,0.34619647541530363,0.3583954550705775,0.3666255582259426,-0.05749483022965941,-0.10499265938658223,1.0,0.0
Milwaukee,2000-03-07 18:00:00,0.0,0.34619647541530363,0.3583954550705775,0.3666255582259426,-0.05749483022965941,-0.10499265938658223,1.0,0.0
Milwaukee,2000-03-07 19:00:00,0.0,0.34619647541530363,0.3583954550705775,0.3666255582259426,-0.05749483022965941,-0.10499265938658223,1.0,0.0
Milwaukee,2000-03-07 20:00:00,0.0,0.34619647541530363,0.3583954550705775,0.3666255582259426,-0.05749483022965941,-0.10499265938658223,1.0,0.0
Milwaukee,2000-03-07 21:00:00,0.0,0.34619647541530363,0.3583954550705775,0.3666255582259426,-0.05749483022965941,-0.10499265938658223,1.0,0.0
Milwaukee,2000-03-07 22:00:00,0.0,0.34619647541530363,0.3583954550705775,0.3666255582259426,-0.05749483022965941,-0.10499265938658223,1.0,0.0
Milwaukee,2000-03-07 23:00:00,0.0,0.34619647541530363,0.3583954550705775,0.3666255582259426,-0.05749483022965941,-0.10499265938658223,1.0,0.0
Milwaukee,2000-03-08 00:00:00,0.0,0.34619647541530363,0.3583954550705775,0.3666255582259426,-0.05749483022965941,-0.10499265938658223,1.0,0.0
Milwaukee,2000-03-08 01:00:00,0.0,0.34619647541530363,0.3583954550705775,0.3666255582259426,-0.05749483022965941,-0.10499265938658223,1.0,0.0
Milwaukee,2000-03-08 02:00:00,0.0,0.34619647541530363,0.3583954550705775,0.3666255582259426,-0.05749483022965941,-0.10499265938658223,1.0,0.0
Milwaukee,2000-03-08 03:00:00,0.0,0.34619647541530363,0.3583954550705775,0.3666255582259426,-0.05749483022965941,-0.10499265938658223,1.0,0.0
Milwaukee,2000-03-08 04:00:00,0.0,0.34619647541530363,0.3583954550705775,0.3666255582259426,-0.05749483022965941,-0.10499265938658223,1.0,0.0
Milwaukee,2000-03-08 05:00:00,0.0,0.34619647541530363,0.3583954550705775,0.3666255582259426,-0.05749483022965941,-0.10499265938658223,1.0,0.0
Milwaukee,2000-03-08 06:00:00,0.0,0.34619647541530363,0.3583954550705775,0.3666255582259426,-0.05749483022965941,-0.10499265938658223,1.0,0.0
Milwaukee,2000-03-08 07:00:00,0.0,0.34619647541530363,0.3583954550705775,0.3666255582259426,-0.05749483022965941,-0.10499265938658223,1.0,0.0
Milwaukee,2000-03-08 08:00:00,0.0,0.34619647541530363,0.3583954550705775,0.3666255582259426,-0.05749483022965941,-0.10499265938658223,1.0,0.0
Milwaukee,2000-03-08 09:00:00,0.0,0.34619647541530363,0.3583954550705775,0.3666255582259426,-0.05749483022965941,-0.10499265938658223,1.0,0.0
Milwaukee,2000-03-08 10:00:00,0.0,0.34619647541530363,0.3583954550705775,0.3666255582259426,-0.05749483022965941,-0.10499265938658223,1.0,0.0
Milwaukee,2000-03-08 11:00:00,0.0,0.34619647541530363,0.3583954550705775,0.3666255582259426,-0.05749483022965941,-0.10499265938658223,1.0,0.0
Milwaukee,2000-03-08 12:00:00,0.0,0.34619647541530363,0.3583954550705775,0.3666255582259426,-0.05749483022965941,-0.10499265938658223,1.0,0.0
Milwaukee,2000-03-08 13:00:00,0.0,0.34619647541530363,0.3583954550705775,0.3666255582259426,-0.05749483022965941,-0.10499265938658223,1.0,0.0
Milwaukee,2000-03-08 14:00:00,0.0,0.34619647541530363,0.3583954550705775,0.3666255582259426,-0.05749483022965941,-0.10499265938658223,1.0,0.0
Milwaukee,2000-03-08 15:00:00,0.0,0.34619647541530363,0.3583954550705775,0.3666255582259426,-0.05749483022965941,-0.10499265938658223,1.0,0.0
Milwaukee,2000-03-08 16:00:00,0.0,0.34619647541530363,0.3583954550705775,0.3666255582259426,-0.05749483022965941,-0.10499265938658223,1.0,0.0
Milwaukee,2000-03-08 17:00:00,0.0,0.34619647541530363,0.3583954550705775,0.3666255582259426,-0.05749483022965941,-0.10499265938658223,1.0,0.0
Milwaukee,2000-03-08 18:00:00,0.0,0.34619647541530363,0.3583954550705775,0.3666255582259426,-0.05749483022965941,-0.10499265938658223,1.0,0.0
Milwaukee,2000-03-08 19:00:00,0.0,0.34619647541530363,0.3583954550705775,0.3666255582259426,-0.05749483022965941,-0.10499265938658223,1.0,0.0
Milwaukee,2000-03-08 20:00:00,0.0,0.34619647541530363,0.3583954550705775,0.3666255582259426,-0.05749483022965941,-0.10499265938658223,1.0,0.0
Milwaukee,2000-03-08 21:00:00,0.0,0.34619647541530363,0.3583954550705775,0.3666255582259426,-0.05749483022965941,-0.10499265938658223,1.0,0.0
Milwaukee,2000-03-08 22:00:00,2.0000000298023224,0.8007431727222116,0.723675472848268,0.7059823071359217,2.650058722639387,2.8484401057383884,1.0748592404403094,2.1497185129139207
Milwaukee,2000-03-08 23:00:00,0.20000000298023224,0.4036312859866724,0.40082695074191593,0.4055009521190948,0.2132605250572452,0.1903506171259148,0.8925731429893989,0.17851463125795505
Milwaukee,2000-03-09 00:00:00,0.9000000134110451,0.5915727882419518,0.543183605811401,0.5362334205342039,1.1609042685614115,1.2240520849196546,1.05439536925512,0.9489558464701519
Milwaukee,2000-03-09 01:00:00,1.600000023841858,0.7380324765223832,0.6653632487403472,0.6503443211064838,2.108548012065578,2.2577535527133947,1.0707622211085683,1.71321957930267
Milwaukee,2000-03-09 02:00:00,1.600000023841858,0.7380324765223832,0.6653632487403472,0.6503443211064838,2.108548012065578,2.2577535527133947,1.0707622211085683,1.71321957930267
Milwaukee,2000-03-09 03:00:00,0.10000000149011612,0.37493462778701603,0.37963028842970437,0.38608798432978486,0.077882847413793,0.04267897886966643,0.5479894519381427,0.05479894601038219
Milwaukee,2000-03-09 04:00:00,0.0,0.34619647541530363,0.3583954550705775,0.3666255582259426,-0.05749483022965941,-0.10499265938658223,1.0,0.0
Milwaukee,2000-03-09 05:00:00,0.0,0.34619647541530363,0.3583954550705775,0.3666255582259426,-0.05749483022965941,-0.10499265938658223,1.0,0.0
Milwaukee,2000-03-09 06:00:00,0.0,0.34619647541530363,0.3583954550705775,0.3666255582259426,-0.05749483022965941,-0.10499265938658223,1.0,0.0
Milwaukee,2000-03-09 07:00:00,0.0,0.34619647541530363,0.3583954550705775,0.3666255582259426,-0.05749483022965941,-0.10499265938658223,1.0,0.0
Milwaukee,2000-03-09 08:00:00,0.0,0.34619647541530363,0.3583954550705775,0.3666255582259426,-0.05749483022965941,-0.10499265938658223,1.0,0.0
Milwaukee,2000-03-09 09:00:00,0.0,0.34619647541530363,0.3583954550705775,0.3666255582259426,-0.05749483022965941,-0.10499265938658223,1.0,0.0
Milwaukee,2000-03-09 10:00:00,0.10000000149011612,0.37493462778701603,0.37963028842970437,0.38608798432978486,0.077882847413793,0.04267897886966643,0.5479894519381427,0.05479894601038219
Milwaukee,2000-03-09 11:00:00,0.20000000298023224,0.4036312859866724,0.40082695074191593,0.4055009521190948,0.2132605250572452,0.1903506171259148,0.8925731429893989,0.17851463125795505
Milwaukee,2000-03-09 12:00:00,0.20000000298023224,0.4036312859866724,0.40082695074191593,0.4055009521190948,0.2132605250572452,0.1903506171259148,0.8925731429893989,0.17851463125795505
Milwaukee,2000-03-09 13:00:00,0.800000011920929,0.5668587624286637,0.5238351948323483,0.518375294178048,1.0255265909179592,1.0763804466634062,1.0495880420808272,0.8396704461767263
Milwaukee,2000-03-09 14:00:00,0.30000000447034836,0.4321218104209064,0.4219192462835154,0.42481437583882836,0.3486382027006978,0.3380222553821637,0.9695502465412611,0.2908650782966057
Milwaukee,2000-03-09 15:00:00,0.20000000298023224,0.4036312859866724,0.40082695074191593,0.4055009521190948,0.2132605250572452,0.1903506171259148,0.8925731429893989,0.17851463125795505
Milwaukee,2000-03-09 16:00:00,0.10000000149011612,0.37493462778701603,0.37963028842970437,0.38608798432978486,0.077882847413793,0.04267897886966643,0.5479894519381427,0.05479894601038219
Milwaukee,2000-03-09 17:00:00,0.10000000149011612,0.37493462778701603,0.37963028842970437,0.38608798432978486,0.077882847413793,0.04267897886966643,0.5479894519381427,0.05479894601038219
Milwaukee,2000-03-09 18:00:00,0.0,0.34619647541530363,0.3583954550705775,0.3666255582259426,-0.05749483022965941,-0.10499265938658223,1.0,0.0
Milwaukee,2000-03-09 19:00:00,0.0,0.34619647541530363,0.3583954550705775,0.3666255582259426,-0.05749483022965941,-0.10499265938658223,1.0,0.0
Milwaukee,2000-03-09 20:00:00,0.0,0.34619647541530363,0.3583954550705775,0.3666255582259426,-0.05749483022965941,-0.10499265938658223,1.0,0.0
Milwaukee,2000-03-09 21:00:00,0.0,0.34619647541530363,0.3583954550705775,0.3666255582259426,-0.05749483022965941,-0.10499265938658223,1.0,0.0
Milwaukee,2000-03-09 22:00:00,0.10000000149011612,0.37493462778701603,0.37963028842970437,0.38608798432978486,0.077882847413793,0.04267897886966643,0.5479894519381427,0.05479894601038219
Milwaukee,2000-03-09 23:00:00,0.0,0.34619647541530363,0.3583954550705775,0.3666255582259426,-0.05749483022965941,-0.10499265938658223,1.0,0.0
Milwaukee,2000-03-10 00:00:00,0.0,0.34619647541530363,0.3583954550705775,0.3666255582259426,-0.05749483022965941,-0.10499265938658223,1.0,0.0
Milwaukee,2000-03-10 01:00:00,0.0,0.34619647541530363,0.3583954550705775,0.3666255582259426,-0.05749483022965941,-0.10499265938658223,1.0,0.0
Milwaukee,2000-03-10 02:00:00,0.0,0.34619647541530363,0.3583954550705775,0.3666255582259426,-0.05749483022965941,-0.10499265938658223,1.0,0.0
Milwaukee,2000-03-10 03:00:00,0.0,0.34619647541530363,0.3583954550705775,0.3666255582259426,-0.05749483022965941,-0.10499265938658223,1.0,0.0
Milwaukee,2000-03-10 04:00:00,0.0,0.34619647541530363,0.3583954550705775,0.3666255582259426,-0.05749483022965941,-0.10499265938658223,1.0,0.0
Milwaukee,2000-03-10 05:00:00,0.0,0.34619647541530363,0.3583954550705775,0.3666255582259426,-0.05749483022965941,-0.10499265938658223,1.0,0.0
Milwaukee,2000-03-10 06:00:00,0.0,0.34619647541530363,0.3583954550705775,0.3666255582259426,-0.05749483022965941,-0.10499265938658223,1.0,0.0
Milwaukee,2000-03-10 07:00:00,0.0,0.34619647541530363,0.3583954550705775,0.3666255582259426,-0.05749483022965941,-0.10499265938658223,1.0,0.0
Milwaukee,2000-03-10 08:00:00,0.0,0.34619647541530363,0.3583954550705775,0.3666255582259426,-0.05749483022965941,-0.10499265938658223,1.0,0.0
Milwaukee,2000-03-10 09:00:00,0.0,0.34619647541530363,0.3583954550705775,0.3666255582259426,-0.05749483022965941,-0.10499265938658223,1.0,0.0
Milwaukee,2000-03-10 10:00:00,0.0,0.34619647541530363,0.3583954550705775,0.3666255582259426,-0.05749483022965941,-0.10499265938658223,1.0,0.0
Milwaukee,2000-03-10 11:00:00,0.10000000149011612,0.37493462778701603,0.37963028842970437,0.38608798432978486,0.077882847413793,0.04267897886966643,0.5479894519381427,0.05479894601038219
Milwaukee,2000-03-10 12:00:00,0.0,0.34619647541530363,0.3583954550705775,0.3666255582259426,-0.05749483022965941,-0.10499265938658223,1.0,0.0
Milwaukee,2000-03-10 13:00:00,0.0,0.34619647541530363,0.3583954550705775,0.3666255582259426,-0.05749483022965941,-0.10499265938658223,1.0,0.0
Milwaukee,2000-03-10 14:00:00,0.0,0.34619647541530363,0.3583954550705775,0.3666255582259426,-0.05749483022965941,-0.10499265938658223,1.0,0.0
Milwaukee,2000-03-10 15:00:00,0.0,0.34619647541530363,0.3583954550705775,0.3666255582259426,-0.05749483022965941,-0.10499265938658223,1.0,0.0
Milwaukee,2000-03-10 16:00:00,0.0,0.34619647541530363,0.3583954550705775,0.3666255582259426,-0.05749483022965941,-0.10499265938658223,1.0,0.0
Milwaukee,2000-03-10 17:00:00,0.0,0.34619647541530363,0.3583954550705775,0.3666255582259426,-0.05749483022965941,-0.10499265938658223,1.0,0.0
Milwaukee,2000-03-10 18:00:00,0.0,0.34619647541530363,0.3583954550705775,0.3666255582259426,-0.05749483022965941,-0.10499265938658223,1.0,0.0
Milwaukee,2000-03-10 19:00:00,0.0,0.34619647541530363,0.3583954550705775,0.3666255582259426,-0.05749483022965941,-0.10499265938658223,1.0,0.0
Milwaukee,2000-03-10 20:00:00,0.0,0.34619647541530363,0.3583954550705775,0.3666255582259426,-0.05749483022965941,-0.10499265938658223,1.0,0.0
Milwaukee,2000-03-10 21:00:00,0.0,0.34619647541530363,0.3583954550705775,0.3666255582259426,-0.05749483022965941,-0.10499265938658223,1.0,0.0
Milwaukee,2000-03-10 22:00:00,0.0,0.34619647541530363,0.3583954550705775,0.3666255582259426,-0.05749483022965941,-0.10499265938658223,1.0,0.0
Milwaukee,2000-03-10 23:00:00,0.0,0.34619647541530363,0.3583954550705775,0.3666255582259426,-0.05749483022965941,-0.10499265938658223,1.0,0.0
Milwaukee,2000-03-11 00:00:00,0.0,0.34619647541530363,0.3583954550705775,0.3666255582259426,-0.05749483022965941,-0.10499265938658223,1.0,0.0
Milwaukee,2000-03-11 01:00:00,0.0,0.34619647541530363,0.3583954550705775,0.3666255582259426,-0.05749483022965941,-0.10499265938658223,1.0,0.0
Milwaukee,2000-03-11 02:00:00,0.0,0.34619647541530363,0.3583954550705775,0.3666255582259426,-0.05749483022965941,-0.10499265938658223,1.0,0.0
Milwaukee,2000-03-11 03:00:00,0.0,0.34619647541530363,0.3583954550705775,0.3666255582259426,-0.05749483022965941,-0.10499265938658223,1.0,0.0
Milwaukee,2000-03-11 04:00:00,0.0,0.34619647541530363,0.3583954550705775,0.3666255582259426,-0.05749483022965941,-0.10499265938658223,1.0,0.0
Milwaukee,2000-03-11 05:00:00,0.0,0.34619647541530363,0.3583954550705775,0.3666255582259426,-0.05749483022965941,-0.10499265938658223,1.0,0.0
Milwaukee,2000-03-11 06:00:00,0.0,0.34619647541530363,0.3583954550705775,0.3666255582259426,-0.05749483022965941,-0.10499265938658223,1.0,0.0
Milwaukee,2000-03-11 07:00:00,0.0,0.34619647541530363,0.3583954550705775,0.3666255582259426,-0.05749483022965941,-0.10499265938658223,1.0,0.0
Milwaukee,2000-03-11 08:00:00,0.0,0.34619647541530363,0.3583954550705775,0.3666255582259426,-0.05749483022965941,-0.10499265938658223,1.0,0.0
Milwaukee,2000-03-11 09:00:00,0.0,0.34619647541530363,0.3583954550705775,0.3666255582259426,-0.05749483022965941,-0.10499265938658223,1.0,0.0
Milwaukee,2000-03-11 10:00:00,0.0,0.34619647541530363,0.3583954550705775,0.3666255582259426,-0.05749483022965941,-0.10499265938658223,1.0,0.0
Milwaukee,2000-03-11 11:00:00,0.0,0.34619647541530363,0.3583954550705775,0.3666255582259426,-0.05749483022965941,-0.10499265938658223,1.0,0.0
Milwaukee,2000-03-11 12:00:00,0.0,0.34619647541530363,0.3583954550705775,0.3666255582259426,-0.05749483022965941,-0.10499265938658223,1.0,0.0
Milwaukee,2000-03-11 13:00:00,0.0,0.34619647541530363,0.3583954550705775,0.3666255582259426,-0.05749483022965941,-0.10499265938658223,1.0,0.0
Milwaukee,2000-03-11 14:00:00,0.0,0.34619647541530363,0.3583954550705775,0.3666255582259426,-0.05749483022965941,-0.10499265938658223,1.0,0.0
Milwaukee,2000-03-11 15:00:00,0.0,0.34619647541530363,0.3583954550705775,0.3666255582259426,-0.05749483022965941,-0.10499265938658223,1.0,0.0
Milwaukee,2000-03-11 16:00:00,0.0,0.34619647541530363,0.3583954550705775,0.3666255582259426,-0.05749483022965941,-0.10499265938658223,1.0,0.0
Milwaukee,2000-03-11 17:00:00,0.0,0.34619647541530363,0.3583954550705775,0.3666255582259426,-0.05749483022965941,-0.10499265938658223,1.0,0.0
Milwaukee,2000-03-11 18:00:00,0.0,0.34619647541530363,0.3583954550705775,0.3666255582259426,-0.05749483022965941,-0.10499265938658223,1.0,0.0
Milwaukee,2000-03-11 19:00:00,0.0,0.34619647541530363,0.3583954550705775,0.3666255582259426,-0.05749483022965941,-0.10499265938658223,1.0,0.0
Milwaukee,2000-03-11 20:00:00,0.0,0.34619647541530363,0.3583954550705775,0.3666255582259426,-0.05749483022965941,-0.10499265938658223,1.0,0.0
Milwaukee,2000-03-11 21:00:00,0.0,0.34619647541530363,0.3583954550705775,0.3666255582259426,-0.05749483022965941,-0.10499265938658223,1.0,0.0
Milwaukee,2000-03-11 22:00:00,0.0,0.34619647541530363,0.3583954550705775,0.3666255582259426,-0.05749483022965941,-0.10499265938658223,1.0,0.0
Milwaukee,2000-03-11 23:00:00,0.0,0.34619647541530363,0.3583954550705775,0.3666255582259426,-0.05749483022965941,-0.10499265938658223,1.0,0.0
Milwaukee,2000-03-12 00:00:00,0.0,0.34619647541530363,0.3583954550705775,0.3666255582259426,-0.05749483022965941,-0.10499265938658223,1.0,0.0
Milwaukee,2000-03-12 01:00:00,0.0,0.34619647541530363,0.3583954550705775,0.3666255582259426,-0.05749483022965941,-0.10499265938658223,1.0,0.0
Milwaukee,2000-03-12 02:00:00,0.0,0.34619647541530363,0.3583954550705775,0.3666255582259426,-0.05749483022965941,-0.10499265938658223,1.0,0.0
Milwaukee,2000-03-12 03:00:00,0.0,0.34619647541530363,0.3583954550705775,0.3666255582259426,-0.05749483022965941,-0.10499265938658223,1.0,0.0
Milwaukee,2000-03-12 04:00:00,0.0,0.34619647541530363,0.3583954550705775,0.3666255582259426,-0.05749483022965941,-0.10499265938658223,1.0,0.0
Milwaukee,2000-03-12 05:00:00,0.0,0.34619647541530363,0.3583954550705775,0.3666255582259426,-0.05749483022965941,-0.10499265938658223,1.0,0.0
Milwaukee,2000-03-12 06:00:00,0.0,0.34619647541530363,0.3583954550705775,0.3666255582259426,-0.05749483022965941,-0.10499265938658223,1.0,0.0
Milwaukee,2000-03-12 07:00:00,0.0,0.34619647541530363,0.3583954550705775,0.3666255582259426,-0.05749483022965941,-0.10499265938658223,1.0,0.0
Milwaukee,2000-03-12 08:00:00,0.0,0.34619647541530363,0.3583954550705775,0.3666255582259426,-0.05749483022965941,-0.10499265938658223,1.0,0.0
Milwaukee,2000-03-12 09:00:00,0.0,0.34619647541530363,0.3583954550705775,0.3666255582259426,-0.05749483022965941,-0.10499265938658223,1.0,0.0
Milwaukee,2000-03-12 10:00:00,0.0,0.34619647541530363,0.3583954550705775,0.3666255582259426,-0.05749483022965941,-0.10499265938658223,1.0,0.0
Milwaukee,2000-03-12 11:00:00,0.0,0.34619647541530363,0.3583954550705775,0.3666255582259426,-0.05749483022965941,-0.10499265938658223,1.0,0.0
Milwaukee,2000-03-12 12:00:00,0.0,0.34619647541530363,0.3583954550705775,0.3666255582259426,-0.05749483022965941,-0.10499265938658223,1.0,0.0
Milwaukee,2000-03-12 13:00:00,0.0,0.34619647541530363,0.3583954550705775,0.3666255582259426,-0.05749483022965941,-0.10499265938658223,1.0,0.0
Milwaukee,2000-03-12 14:00:00,0.0,0.34619647541530363,0.3583954550705775,0.3666255582259426,-0.05749483022965941,-0.10499265938658223,1.0,0.0
Milwaukee,2000-03-12 15:00:00,0.0,0.34619647541530363,0.3583954550705775,0.3666255582259426,-0.05749483022965941,-0.10499265938658223,1.0,0.0
Milwaukee,2000-03-12 16:00:00,0.0,0.34619647541530363,0.3583954550705775,0.3666255582259426,-0.05749483022965941,-0.10499265938658223,1.0,0.0
Milwaukee,2000-03-12 17:00:00,0.0,0.34619647541530363,0.3583954550705775,0.3666255582259426,-0.05749483022965941,-0.10499265938658223,1.0,0.0
Milwaukee,2000-03-12 18:00:00,0.0,0.34619647541530363,0.3583954550705775,0.3666255582259426,-0.05749483022965941,-0.10499265938658223,1.0,0.0
Milwaukee,2000-03-12 19:00:00,0.0,0.34619647541530363,0.3583954550705775,0.3666255582259426,-0.05749483022965941,-0.10499265938658223,1.0,0.0
Milwaukee,2000-03-12 20:00:00,0.0,0.34619647541530363,0.3583954550705775,0.3666255582259426,-0.05749483022965941,-0.10499265938658223,1.0,0.0
Milwaukee,2000-03-12 21:00:00,0.0,0.34619647541530363,0.3583954550705775,0.3666255582259426,-0.05749483022965941,-0.10499265938658223,1.0,0.0
Milwaukee,2000-03-12 22:00:00,0.0,0.34619647541530363,0.3583954550705775,0.3666255582259426,-0.05749483022965941,-0.10499265938658223,1.0,0.0
Milwaukee,2000-03-12 23:00:00,0.0,0.34619647541530363,0.3583954550705775,0.3666255582259426,-0.05749483022965941,-0.10499265938658223,1.0,0.0
Milwaukee,2000-03-13 00:00:00,0.0,0.34619647541530363,0.3583954550705775,0.3666255582259426,-0.05749483022965941,-0.10499265938658223,1.0,0.0
Milwaukee,2000-03-13 01:00:00,0.0,0.34619647541530363,0.3583954550705775,0.3666255582259426,-0.05749483022965941,-0.10499265938658223,1.0,0.0
Milwaukee,2000-03-13 02:00:00,0.0,0.34619647541530363,0.3583954550705775,0.3666255582259426,-0.05749483022965941,-0.10499265938658223,1.0,0.0
Milwaukee,2000-03-13 03:00:00,0.0,0.34619647541530363,0.3583954550705775,0.3666255582259426,-0.05749483022965941,-0.10499265938658223,1.0,0.0
Milwaukee,2000-03-13 04:00:00,0.0,0.34619647541530363,0.3583954550705775,0.3666255582259426,-0.05749483022965941,-0.10499265938658223,1.0,0.0
Milwaukee,2000-03-13 05:00:00,0.0,0.34619647541530363,0.3583954550705775,0.3666255582259426,-0.05749483022965941,-0.10499265938658223,1.0,0.0
Milwaukee,2000-03-13 06:00:00,0.0,0.34619647541530363,0.3583954550705775,0.3666255582259426,-0.05749483022965941,-0.10499265938658223,1.0,0.0
Milwaukee,2000-03-13 07:00:00,0.0,0.34619647541530363,0.3583954550705775,0.3666255582259426,-0.05749483022965941,-0.10499265938658223,1.0,0.0
Milwaukee,2000-03-13 08:00:00,0.0,0.34619647541530363,0.3583954550705775,0.3666255582259426,-0.05749483022965941,-0.10499265938658223,1.0,0.0
Milwaukee,2000-03-13 09:00:00,0.0,0.34619647541530363,0.3583954550705775,0.3666255582259426,-0.05749483022965941,-0.10499265938658223,1.0,0.0
Milwaukee,2000-03-13 10:00:00,0.0,0.34619647541530363,0.3583954550705775,0.3666255582259426,-0.05749483022965941,-0.10499265938658223,1.0,0.0
Milwaukee,2000-03-13 11:00:00,0.0,0.34619647541530363,0.3583954550705775,0.3666255582259426,-0.05749483022965941,-0.10499265938658223,1.0,0.0
Milwaukee,2000-03-13 12:00:00,0.0,0.34619647541530363,0.3583954550705775,0.3666255582259426,-0.05749483022965941,-0.10499265938658223,1.0,0.0
Milwaukee,2000-03-13 13:00:00,0.0,0.34619647541530363,0.3583954550705775,0.3666255582259426,-0.05749483022965941,-0.10499265938658223,1.0,0.0
Milwaukee,2000-03-13 14:00:00,0.0,0.34619647541530363,0.3583954550705775,0.3666255582259426,-0.05749483022965941,-0.10499265938658223,1.0,0.0
Milwaukee,2000-03-13 15:00:00,0.0,0.34619647541530363,0.3583954550705775,0.3666255582259426,-0.05749483022965941,-0.10499265938658223,1.0,0.0
Milwaukee,2000-03-13 16:00:00,0.0,0.34619647541530363,0.3583954550705775,0.3666255582259426,-0.05749483022965941,-0.10499265938658223,1.0,0.0
Milwaukee,2000-03-13 17:00:00,0.0,0.34619647541530363,0.3583954550705775,0.3666255582259426,-0.05749483022965941,-0.10499265938658223,1.0,0.0
Milwaukee,2000-03-13 18:00:00,0.0,0.34619647541530363,0.3583954550705775,0.3666255582259426,-0.05749483022965941,-0.10499265938658223,1.0,0.0
Milwaukee,2000-03-13 19:00:00,0.0,0.34619647541530363,0.3583954550705775,0.3666255582259426,-0.05749483022965941,-0.10499265938658223,1.0,0.0
Milwaukee,2000-03-13 20:00:00,0.0,0.34619647541530363,0.3583954550705775,0.3666255582259426,-0.05749483022965941,-0.10499265938658223,1.0,0.0
Milwaukee,2000-03-13 21:00:00,0.0,0.34619647541530363,0.3583954550705775,0.3666255582259426,-0.05749483022965941,-0.10499265938658223,1.0,0.0
Milwaukee,2000-03-13 22:00:00,0.0,0.34619647541530363,0.3583954550705775,0.3666255582259426,-0.05749483022965941,-0.10499265938658223,1.0,0.0
Milwaukee,2000-03-13 23:00:00,0.0,0.34619647541530363,0.3583954550705775,0.3666255582259426,-0.05749483022965941,-0.10499265938658223,1.0,0.0
Milwaukee,2000-03-14 00:00:00,0.0,0.34619647541530363,0.3583954550705775,0.3666255582259426,-0.05749483022965941,-0.10499265938658223,1.0,0.0
Milwaukee,2000-03-14 01:00:00,0.0,0.34619647541530363,0.3583954550705775,0.3666255582259426,-0.05749483022965941,-0.10499265938658223,1.0,0.0
Milwaukee,2000-03-14 02:00:00,0.0,0.34619647541530363,0.3583954550705775,0.3666255582259426,-0.05749483022965941,-0.10499265938658223,1.0,0.0
Milwaukee,2000-03-14 03:00:00,0.0,0.34619647541530363,0.3583954550705775,0.3666255582259426,-0.05749483022965941,-0.10499265938658223,1.0,0.0
Milwaukee,2000-03-14 04:00:00,0.0,0.34619647541530363,0.3583954550705775,0.3666255582259426,-0.05749483022965941,-0.10499265938658223,1.0,0.0
Milwaukee,2000-03-14 05:00:00,0.0,0.34619647541530363,0.3583954550705775,0.3666255582259426,-0.05749483022965941,-0.10499265938658223,1.0,0.0
Milwaukee,2000-03-14 06:00:00,0.0,0.34619647541530363,0.3583954550705775,0.3666255582259426,-0.05749483022965941,-0.10499265938658223,1.0,0.0
Milwaukee,2000-03-14 07:00:00,0.0,0.34619647541530363,0.3583954550705775,0.3666255582259426,-0.05749483022965941,-0.10499265938658223,1.0,0.0
Milwaukee,2000-03-14 08:00:00,0.0,0.34619647541530363,0.3583954550705775,0.3666255582259426,-0.05749483022965941,-0.10499265938658223,1.0,0.0
Milwaukee,2000-03-14 09:00:00,0.0,0.34619647541530363,0.3583954550705775,0.3666255582259426,-0.05749483022965941,-0.10499265938658223,1.0,0.0
Milwaukee,2000-03-14 10:00:00,0.0,0.34619647541530363,0.3583954550705775,0.3666255582259426,-0.05749483022965941,-0.10499265938658223,1.0,0.0
Milwaukee,2000-03-14 11:00:00,0.0,0.34619647541530363,0.3583954550705775,0.3666255582259426,-0.05749483022965941,-0.10499265938658223,1.0,0.0
Milwaukee,2000-03-14 12:00:00,0.0,0.34619647541530363,0.3583954550705775,0.3666255582259426,-0.05749483022965941,-0.10499265938658223,1.0,0.0
Milwaukee,2000-03-14 13:00:00,0.0,0.34619647541530363,0.3583954550705775,0.3666255582259426,-0.05749483022965941,-0.10499265938658223,1.0,0.0
Milwaukee,2000-03-14 14:00:00,0.0,0.34619647541530363,0.3583954550705775,0.3666255582259426,-0.05749483022965941,-0.10499265938658223,1.0,0.0
Milwaukee,2000-03-14 15:00:00,0.0,0.34619647541530363,0.3583954550705775,0.3666255582259426,-0.05749483022965941,-0.10499265938658223,1.0,0.0
Milwaukee,2000-03-14 16:00:00,0.0,0.34619647541530363,0.3583954550705775,0.3666255582259426,-0.05749483022965941,-0.10499265938658223,1.0,0.0
Milwaukee,2000-03-14 17:00:00,0.0,0.34619647541530363,0.3583954550705775,0.3666255582259426,-0.05749483022965941,-0.10499265938658223,1.0,0.0
Milwaukee,2000-03-14 18:00:00,0.0,0.34619647541530363,0.3583954550705775,0.3666255582259426,-0.05749483022965941,-0.10499265938658223,1.0,0.0
Milwaukee,2000-03-14 19:00:00,0.0,0.34619647541530363,0.3583954550705775,0.3666255582259426,-0.05749483022965941,-0.10499265938658223,1.0,0.0
Milwaukee,2000-03-14 20:00:00,0.0,0.34619647541530363,0.3583954550705775,0.3666255582259426,-0.05749483022965941,-0.10499265938658223,1.0,0.0
Milwaukee,2000-03-14 21:00:00,0.0,0.34619647541530363,0.3583954550705775,0.3666255582259426,-0.05749483022965941,-0.10499265938658223,1.0,0.0
Milwaukee,2000-03-14 22:00:00,0.0,0.34619647541530363,0.3583954550705775,0.3666255582259426,-0.05749483022965941,-0.10499265938658223,1.0,0.0
Milwaukee,2000-03-14 23:00:00,0.0,0.34619647541530363,0.3583954550705775,0.3666255582259426,-0.05749483022965941,-0.10499265938658223,1.0,0.0
Milwaukee,2000-03-15 00:00:00,0.0,0.34619647541530363,0.3583954550705775,0.3666255582259426,-0.05749483022965941,-0.10499265938658223,1.0,0.0
Milwaukee,2000-03-15 01:00:00,0.0,0.34619647541530363,0.3583954550705775,0.3666255582259426,-0.05749483022965941,-0.10499265938658223,1.0,0.0
Milwaukee,2000-03-15 02:00:00,0.0,0.34619647541530363,0.3583954550705775,0.3666255582259426,-0.05749483022965941,-0.10499265938658223,1.0,0.0
Milwaukee,2000-03-15 03:00:00,0.0,0.34619647541530363,0.3583954550705775,0.3666255582259426,-0.05749483022965941,-0.10499265938658223,1.0,0.0
Milwaukee,2000-03-15 04:00:00,0.0,0.34619647541530363,0.3583954550705775,0.3666255582259426,-0.05749483022965941,-0.10499265938658223,1.0,0.0
Milwaukee,2000-03-15 05:00:00,0.0,0.34619647541530363,0.3583954550705775,0.3666255582259426,-0.05749483022965941,-0.10499265938658223,1.0,0.0
Milwaukee,2000-03-15 06:00:00,0.0,0.34619647541530363,0.3583954550705775,0.3666255582259426,-0.05749483022965941,-0.10499265938658223,1.0,0.0
Milwaukee,2000-03-15 07:00:00,0.0,0.34619647541530363,0.3583954550705775,0.3666255582259426,-0.05749483022965941,-0.10499265938658223,1.0,0.0
Milwaukee,2000-03-15 08:00:00,0.0,0.34619647541530363,0.3583954550705775,0.3666255582259426,-0.05749483022965941,-0.10499265938658223,1.0,0.0
Milwaukee,2000-03-15 09:00:00,0.0,0.34619647541530363,0.3583954550705775,0.3666255582259426,-0.05749483022965941,-0.10499265938658223,1.0,0.0
Milwaukee,2000-03-15 10:00:00,0.0,0.34619647541530363,0.3583954550705775,0.3666255582259426,-0.05749483022965941,-0.10499265938658223,1.0,0.0
Milwaukee,2000-03-15 11:00:00,0.0,0.34619647541530363,0.3583954550705775,0.3666255582259426,-0.05749483022965941,-0.10499265938658223,1.0,0.0
Milwaukee,2000-03-15 12:00:00,0.0,0.34619647541530363,0.3583954550705775,0.3666255582259426,-0.05749483022965941,-0.10499265938658223,1.0,0.0
Milwaukee,2000-03-15 13:00:00,0.0,0.34619647541530363,0.3583954550705775,0.3666255582259426,-0.05749483022965941,-0.10499265938658223,1.0,0.0
Milwaukee,2000-03-15 14:00:00,0.0,0.34619647541530363,0.3583954550705775,0.3666255582259426,-0.05749483022965941,-0.10499265938658223,1.0,0.0
Milwaukee,2000-03-15 15:00:00,0.0,0.34619647541530363,0.3583954550705775,0.3666255582259426,-0.05749483022965941,-0.10499265938658223,1.0,0.0
Milwaukee,2000-03-15 16:00:00,0.0,0.34619647541530363,0.3583954550705775,0.3666255582259426,-0.05749483022965941,-0.10499265938658223,1.0,0.0
Milwaukee,2000-03-15 17:00:00,0.0,0.34619647541530363,0.3583954550705775,0.3666255582259426,-0.05749483022965941,-0.10499265938658223,1.0,0.0
Milwaukee,2000-03-15 18:00:00,0.0,0.34619647541530363,0.3583954550705775,0.3666255582259426,-0.05749483022965941,-0.10499265938658223,1.0,0.0
Milwaukee,2000-03-15 19:00:00,0.0,0.34619647541530363,0.3583954550705775,0.3666255582259426,-0.05749483022965941,-0.10499265938658223,1.0,0.0
Milwaukee,2000-03-15 20:00:00,0.0,0.34619647541530363,0.3583954550705775,0.3666255582259426,-0.05749483022965941,-0.10499265938658223,1.0,0.0
Milwaukee,2000-03-15 21:00:00,0.10000000149011612,0.37493462778701603,0.37963028842970437,0.38608798432978486,0.077882847413793,0.04267897886966643,0.5479894519381427,0.05479894601038219
Milwaukee,2000-03-15 22:00:00,0.20000000298023224,0.4036312859866724,0.40082695074191593,0.4055009521190948,0.2132605250572452,0.1903506171259148,0.8925731429893989,0.17851463125795505
Milwaukee,2000-03-15 23:00:00,0.20000000298023224,0.4036312859866724,0.40082695074191593,0.4055009521190948,0.2132605250572452,0.1903506171259148,0.8925731429893989,0.17851463125795505
Milwaukee,2000-03-16 00:00:00,0.10000000149011612,0.37493462778701603,0.37963028842970437,0.38608798432978486,0.077882847413793,0.04267897886966643,0.5479894519381427,0.05479894601038219
Milwaukee,2000-03-16 01:00:00,0.0,0.34619647541530363,0.3583954550705775,0.3666255582259426,-0.05749483022965941,-0.10499265938658223,1.0,0.0
Milwaukee,2000-03-16 02:00:00,0.0,0.34619647541530363,0.3583954550705775,0.3666255582259426,-0.05749483022965941,-0.10499265938658223,1.0,0.0
Milwaukee,2000-03-16 03:00:00,0.0,0.34619647541530363,0.3583954550705775,0.3666255582259426,-0.05749483022965941,-0.10499265938658223,1.0,0.0
Milwaukee,2000-03-16 04:00:00,0.0,0.34619647541530363,0.3583954550705775,0.3666255582259426,-0.05749483022965941,-0.10499265938658223,1.0,0.0
Milwaukee,2000-03-16 05:00:00,0.0,0.34619647541530363,0.3583954550705775,0.3666255582259426,-0.05749483022965941,-0.10499265938658223,1.0,0.0
Milwaukee,2000-03-16 06:00:00,0.0,0.34619647541530363,0.3583954550705775,0.3666255582259426,-0.05749483022965941,-0.10499265938658223,1.0,0.0
Milwaukee,2000-03-16 07:00:00,0.0,0.34619647541530363,0.3583954550705775,0.3666255582259426,-0.05749483022965941,-0.10499265938658223,1.0,0.0
Milwaukee,2000-03-16 08:00:00,0.0,0.34619647541530363,0.3583954550705775,0.3666255582259426,-0.05749483022965941,-0.10499265938658223,1.0,0.0
Milwaukee,2000-03-16 09:00:00,0.0,0.34619647541530363,0.3583954550705775,0.3666255582259426,-0.05749483022965941,-0.10499265938658223,1.0,0.0
Milwaukee,2000-03-16 10:00:00,0.0,0.34619647541530363,0.3583954550705775,0.3666255582259426,-0.05749483022965941,-0.10499265938658223,1.0,0.0
Milwaukee,2000-03-16 11:00:00,0.0,0.34619647541530363,0.3583954550705775,0.3666255582259426,-0.05749483022965941,-0.10499265938658223,1.0,0.0
Milwaukee,2000-03-16 12:00:00,0.0,0.34619647541530363,0.3583954550705775,0.3666255582259426,-0.05749483022965941,-0.10499265938658223,1.0,0.0
Milwaukee,2000-03-16 13:00:00,0.0,0.34619647541530363,0.3583954550705775,0.3666255582259426,-0.05749483022965941,-0.10499265938658223,1.0,0.0
Milwaukee,2000-03-16 14:00:00,0.0,0.34619647541530363,0.3583954550705775,0.3666255582259426,-0.05749483022965941,-0.10499265938658223,1.0,0.0
Milwaukee,2000-03-16 15:00:00,0.0,0.34619647541530363,0.3583954550705775,0.3666255582259426,-0.05749483022965941,-0.10499265938658223,1.0,0.0
Milwaukee,2000-03-16 16:00:00,0.0,0.34619647541530363,0.3583954550705775,0.3666255582259426,-0.05749483022965941,-0.10499265938658223,1.0,0.0
Milwaukee,2000-03-16 17:00:00,0.0,0.34619647541530363,0.3583954550705775,0.3666255582259426,-0.05749483022965941,-0.10499265938658223,1.0,0.0
Milwaukee,2000-03-16 18:00:00,0.0,0.34619647541530363,0.3583954550705775,0.3666255582259426,-0.05749483022965941,-0.10499265938658223,1.0,0.0
Milwaukee,2000-03-16 19:00:00,0.0,0.34619647541530363,0.3583954550705775,0.3666255582259426,-0.05749483022965941,-0.10499265938658223,1.0,0.0
Milwaukee,2000-03-16 20:00:00,0.0,0.34619647541530363,0.3583954550705775,0.3666255582259426,-0.05749483022965941,-0.10499265938658223,1.0,0.0
Milwaukee,2000-03-16 21:00:00,0.0,0.34619647541530363,0.3583954550705775,0.3666255582259426,-0.05749483022965941,-0.10499265938658223,1.0,0.0
Milwaukee,2000-03-16 22:00:00,0.0,0.34619647541530363,0.3583954550705775,0.3666255582259426,-0.05749483022965941,-0.10499265938658223,1.0,0.0
Milwaukee,2000-03-16 23:00:00,0.0,0.34619647541530363,0.3583954550705775,0.3666255582259426,-0.05749483022965941,-0.10499265938658223,1.0,0.0
Milwaukee,2000-03-17 00:00:00,0.0,0.34619647541530363,0.3583954550705775,0.3666255582259426,-0.05749483022965941,-0.10499265938658223,1.0,0.0
Milwaukee,2000-03-17 01:00:00,0.0,0.34619647541530363,0.3583954550705775,0.3666255582259426,-0.05749483022965941,-0.10499265938658223,1.0,0.0
Milwaukee,2000-03-17 02:00:00,0.0,0.34619647541530363,0.3583954550705775,0.3666255582259426,-0.05749483022965941,-0.10499265938658223,1.0,0.0
Milwaukee,2000-03-17 03:00:00,0.0,0.34619647541530363,0.3583954550705775,0.3666255582259426,-0.05749483022965941,-0.10499265938658223,1.0,0.0
Milwaukee,2000-03-17 04:00:00,0.0,0.34619647541530363,0.3583954550705775,0.3666255582259426,-0.05749483022965941,-0.10499265938658223,1.0,0.0
Milwaukee,2000-03-17 05:00:00,0.0,0.34619647541530363,0.3583954550705775,0.3666255582259426,-0.05749483022965941,-0.10499265938658223,1.0,0.0
Milwaukee,2000-03-17 06:00:00,0.0,0.34619647541530363,0.3583954550705775,0.3666255582259426,-0.05749483022965941,-0.10499265938658223,1.0,0.0
Milwaukee,2000-03-17 07:00:00,0.0,0.34619647541530363,0.3583954550705775,0.3666255582259426,-0.05749483022965941,-0.10499265938658223,1.0,0.0
Milwaukee,2000-03-17 08:00:00,0.0,0.34619647541530363,0.3583954550705775,0.3666255582259426,-0.05749483022965941,-0.10499265938658223,1.0,0.0
Milwaukee,2000-03-17 09:00:00,0.6000000089406967,0.5149511800867037,0.4839791863801989,0.48170736485828647,0.7547712356310545,0.7810371701509091,1.0347998615738105,0.6208799261961181
Milwaukee,2000-03-17 10:00:00,0.0,0.34619647541530363,0.3583954550705775,0.3666255582259426,-0.05749483022965941,-0.10499265938658223,1.0,0.0
Milwaukee,2000-03-17 11:00:00,0.0,0.34619647541530363,0.3583954550705775,0.3666255582259426,-0.05749483022965941,-0.10499265938658223,1.0,0.0
Milwaukee,2000-03-17 12:00:00,0.0,0.34619647541530363,0.3583954550705775,0.3666255582259426,-0.05749483022965941,-0.10499265938658223,1.0,0.0
Milwaukee,2000-03-17 13:00:00,0.0,0.34619647541530363,0.3583954550705775,0.3666255582259426,-0.05749483022965941,-0.10499265938658223,1.0,0.0
Milwaukee,2000-03-17 14:00:00,0.0,0.34619647541530363,0.3583954550705775,0.3666255582259426,-0.05749483022965941,-0.10499265938658223,1.0,0.0
Milwaukee,2000-03-17 15:00:00,0.0,0.34619647541530363,0.3583954550705775,0.3666255582259426,-0.05749483022965941,-0.10499265938658223,1.0,0.0
Milwaukee,2000-03-17 16:00:00,0.0,0.34619647541530363,0.3583954550705775,0.3666255582259426,-0.05749483022965941,-0.10499265938658223,1.0,0.0
Milwaukee,2000-03-17 17:00:00,0.0,0.34619647541530363,0.3583954550705775,0.3666255582259426,-0.05749483022965941,-0.10499265938658223,1.0,0.0
Milwaukee,2000-03-17 18:00:00,0.0,0.34619647541530363,0.3583954550705775,0.3666255582259426,-0.05749483022965941,-0.10499265938658223,1.0,0.0
Milwaukee,2000-03-17 19:00:00,0.0,0.34619647541530363,0.3583954550705775,0.3666255582259426,-0.05749483022965941,-0.10499265938658223,1.0,0.0
Milwaukee,2000-03-17 20:00:00,0.0,0.34619647541530363,0.3583954550705775,0.3666255582259426,-0.05749483022965941,-0.10499265938658223,1.0,0.0
Milwaukee,2000-03-17 21:00:00,0.0,0.34619647541530363,0.3583954550705775,0.3666255582259426,-0.05749483022965941,-0.10499265938658223,1.0,0.0
Milwaukee,2000-03-17 22:00:00,0.0,0.34619647541530363,0.3583954550705775,0.3666255582259426,-0.05749483022965941,-0.10499265938658223,1.0,0.0
Milwaukee,2000-03-17 23:00:00,0.0,0.34619647541530363,0.3583954550705775,0.3666255582259426,-0.05749483022965941,-0.10499265938658223,1.0,0.0
Milwaukee,2000-03-18 00:00:00,0.0,0.34619647541530363,0.3583954550705775,0.3666255582259426,-0.05749483022965941,-0.10499265938658223,1.0,0.0
Milwaukee,2000-03-18 01:00:00,0.0,0.34619647541530363,0.3583954550705775,0.3666255582259426,-0.05749483022965941,-0.10499265938658223,1.0,0.0
Milwaukee,2000-03-18 02:00:00,0.0,0.34619647541530363,0.3583954550705775,0.3666255582259426,-0.05749483022965941,-0.10499265938658223,1.0,0.0
Milwaukee,2000-03-18 03:00:00,0.0,0.34619647541530363,0.3583954550705775,0.3666255582259426,-0.05749483022965941,-0.10499265938658223,1.0,0.0
Milwaukee,2000-03-18 04:00:00,0.0,0.34619647541530363,0.3583954550705775,0.3666255582259426,-0.05749483022965941,-0.10499265938658223,1.0,0.0
Milwaukee,2000-03-18 05:00:00,0.0,0.34619647541530363,0.3583954550705775,0.3666255582259426,-0.05749483022965941,-0.10499265938658223,1.0,0.0
Milwaukee,2000-03-18 06:00:00,0.0,0.34619647541530363,0.3583954550705775,0.3666255582259426,-0.05749483022965941,-0.10499265938658223,1.0,0.0
Milwaukee,2000-03-18 07:00:00,0.0,0.34619647541530363,0.3583954550705775,0.3666255582259426,-0.05749483022965941,-0.10499265938658223,1.0,0.0
Milwaukee,2000-03-18 08:00:00,0.0,0.34619647541530363,0.3583954550705775,0.3666255582259426,-0.05749483022965941,-0.10499265938658223,1.0,0.0
Milwaukee,2000-03-18 09:00:00,0.0,0.34619647541530363,0.3583954550705775,0.3666255582259426,-0.05749483022965941,-0.10499265938658223,1.0,0.0
Milwaukee,2000-03-18 10:00:00,0.0,0.34619647541530363,0.3583954550705775,0.3666255582259426,-0.05749483022965941,-0.10499265938658223,1.0,0.0
Milwaukee,2000-03-18 11:00:00,0.0,0.34619647541530363,0.3583954550705775,0.3666255582259426,-0.05749483022965941,-0.10499265938658223,1.0,0.0
Milwaukee,2000-03-18 12:00:00,0.0,0.34619647541530363,0.3583954550705775,0.3666255582259426,-0.05749483022965941,-0.10499265938658223,1.0,0.0
Milwaukee,2000-03-18 13:00:00,0.0,0.34619647541530363,0.3583954550705775,0.3666255582259426,-0.05749483022965941,-0.10499265938658223,1.0,0.0
Milwaukee,2000-03-18 14:00:00,0.0,0.34619647541530363,0.3583954550705775,0.3666255582259426,-0.05749483022965941,-0.10499265938658223,1.0,0.0
Milwaukee,2000-03-18 15:00:00,0.0,0.34619647541530363,0.3583954550705775,0.3666255582259426,-0.05749483022965941,-0.10499265938658223,1.0,0.0
Milwaukee,2000-03-18 16:00:00,0.0,0.34619647541530363,0.3583954550705775,0.3666255582259426,-0.05749483022965941,-0.10499265938658223,1.0,0.0
Milwaukee,2000-03-18 17:00:00,0.0,0.34619647541530363,0.3583954550705775,0.3666255582259426,-0.05749483022965941,-0.10499265938658223,1.0,0.0
Milwaukee,2000-03-18 18:00:00,0.0,0.34619647541530363,0.3583954550705775,0.3666255582259426,-0.05749483022965941,-0.10499265938658223,1.0,0.0
Milwaukee,2000-03-18 19:00:00,0.0,0.34619647541530363,0.3583954550705775,0.3666255582259426,-0.05749483022965941,-0.10499265938658223,1.0,0.0
Milwaukee,2000-03-18 20:00:00,0.0,0.34619647541530363,0.3583954550705775,0.3666255582259426,-0.05749483022965941,-0.10499265938658223,1.0,0.0
Milwaukee,2000-03-18 21:00:00,0.0,0.34619647541530363,0.3583954550705775,0.3666255582259426,-0.05749483022965941,-0.10499265938658223,1.0,0.0
Milwaukee,2000-03-18 22:00:00,0.0,0.34619647541530363,0.3583954550705775,0.3666255582259426,-0.05749483022965941,-0.10499265938658223,1.0,0.0
Milwaukee,2000-03-18 23:00:00,0.0,0.34619647541530363,0.3583954550705775,0.3666255582259426,-0.05749483022965941,-0.10499265938658223,1.0,0.0
Milwaukee,2000-03-19 00:00:00,0.0,0.34619647541530363,0.3583954550705775,0.3666255582259426,-0.05749483022965941,-0.10499265938658223,1.0,0.0
Milwaukee,2000-03-19 01:00:00,0.0,0.34619647541530363,0.3583954550705775,0.3666255582259426,-0.05749483022965941,-0.10499265938658223,1.0,0.0
Milwaukee,2000-03-19 02:00:00,0.0,0.34619647541530363,0.3583954550705775,0.3666255582259426,-0.05749483022965941,-0.10499265938658223,1.0,0.0
Milwaukee,2000-03-19 03:00:00,0.0,0.34619647541530363,0.3583954550705775,0.3666255582259426,-0.05749483022965941,-0.10499265938658223,1.0,0.0
Milwaukee,2000-03-19 04:00:00,0.0,0.34619647541530363,0.3583954550705775,0.3666255582259426,-0.05749483022965941,-0.10499265938658223,1.0,0.0
Milwaukee,2000-03-19 05:00:00,0.0,0.34619647541530363,0.3583954550705775,0.3666255582259426,-0.05749483022965941,-0.10499265938658223,1.0,0.0
Milwaukee,2000-03-19 06:00:00,0.0,0.34619647541530363,0.3583954550705775,0.3666255582259426,-0.05749483022965941,-0.10499265938658223,1.0,0.0
Milwaukee,2000-03-19 07:00:00,0.0,0.34619647541530363,0.3583954550705775,0.3666255582259426,-0.05749483022965941,-0.10499265938658223,1.0,0.0
Milwaukee,2000-03-19 08:00:00,0.0,0.34619647541530363,0.3583954550705775,0.3666255582259426,-0.05749483022965941,-0.10499265938658223,1.0,0.0
Milwaukee,2000-03-19 09:00:00,0.0,0.34619647541530363,0.3583954550705775,0.3666255582259426,-0.05749483022965941,-0.10499265938658223,1.0,0.0
Milwaukee,2000-03-19 10:00:00,0.0,0.34619647541530363,0.3583954550705775,0.3666255582259426,-0.05749483022965941,-0.10499265938658223,1.0,0.0
Milwaukee,2000-03-19 11:00:00,0.0,0.34619647541530363,0.3583954550705775,0.3666255582259426,-0.05749483022965941,-0.10499265938658223,1.0,0.0
Milwaukee,2000-03-19 12:00:00,0.0,0.34619647541530363,0.3583954550705775,0.3666255582259426,-0.05749483022965941,-0.10499265938658223,1.0,0.0
Milwaukee,2000-03-19 13:00:00,0.30000000447034836,0.4321218104209064,0.4219192462835154,0.42481437583882836,0.3486382027006978,0.3380222553821637,0.9695502465412611,0.2908650782966057
Milwaukee,2000-03-19 14:00:00,0.5000000074505806,0.4879054674974853,0.4635494842166189,0.4629590707286823,0.6193935579876022,0.6333655318946606,1.0225575060103194,0.5112787606238068
Milwaukee,2000-03-19 15:00:00,0.6000000089406967,0.5149511800867037,0.4839791863801989,0.48170736485828647,0.7547712356310545,0.7810371701509091,1.0347998615738105,0.6208799261961181
Milwaukee,2000-03-19 16:00:00,0.9000000134110451,0.5915727882419518,0.543183605811401,0.5362334205342039,1.1609042685614115,1.2240520849196546,1.05439536925512,0.9489558464701519
Milwaukee,2000-03-19 17:00:00,0.800000011920929,0.5668587624286637,0.5238351948323483,0.518375294178048,1.0255265909179592,1.0763804466634062,1.0495880420808272,0.8396704461767263
Milwaukee,2000-03-19 18:00:00,1.1000000163912773,0.6382630095217223,0.5805629597505817,0.5708701973896023,1.4316596238483161,1.5193953614321518,1.0612825395941536,1.1674108109493455
Milwaukee,2000-03-19 19:00:00,0.800000011920929,0.5668587624286637,0.5238351948323483,0.518375294178048,1.0255265909179592,1.0763804466634062,1.0495880420808272,0.8396704461767263
Milwaukee,2000-03-19 20:00:00,0.5000000074505806,0.4879054674974853,0.4635494842166189,0.4629590707286823,0.6193935579876022,0.6333655318946606,1.0225575060103194,0.5112787606238068
Milwaukee,2000-03-19 21:00:00,0.10000000149011612,0.37493462778701603,0.37963028842970437,0.38608798432978486,0.077882847413793,0.04267897886966643,0.5479894519381427,0.05479894601038219
Milwaukee,2000-03-19 22:00:00,0.10000000149011612,0.37493462778701603,0.37963028842970437,0.38608798432978486,0.077882847413793,0.04267897886966643,0.5479894519381427,0.05479894601038219
Milwaukee,2000-03-19 23:00:00,0.0,0.34619647541530363,0.3583954550705775,0.3666255582259426,-0.05749483022965941,-0.10499265938658223,1.0,0.0
Milwaukee,2000-03-20 00:00:00,0.6000000089406967,0.5149511800867037,0.4839791863801989,0.48170736485828647,0.7547712356310545,0.7810371701509091,1.0347998615738105,0.6208799261961181
Milwaukee,2000-03-20 01:00:00,0.20000000298023224,0.4036312859866724,0.40082695074191593,0.4055009521190948,0.2132605250572452,0.1903506171259148,0.8925731429893989,0.17851463125795505
Milwaukee,2000-03-20 02:00:00,0.0,0.34619647541530363,0.3583954550705775,0.3666255582259426,-0.05749483022965941,-0.10499265938658223,1.0,0.0
Milwaukee,2000-03-20 03:00:00,0.10000000149011612,0.37493462778701603,0.37963028842970437,0.38608798432978486,0.077882847413793,0.04267897886966643,0.5479894519381427,0.05479894601038219
Milwaukee,2000-03-20 04:00:00,0.20000000298023224,0.4036312859866724,0.40082695074191593,0.4055009521190948,0.2132605250572452,0.1903506171259148,0.8925731429893989,0.17851463125795505
Milwaukee,2000-03-20 05:00:00,0.10000000149011612,0.37493462778701603,0.37963028842970437,0.38608798432978486,0.077882847413793,0.04267897886966643,0.5479894519381427,0.05479894601038219
Milwaukee,2000-03-20 06:00:00,0.10000000149011612,0.37493462778701603,0.37963028842970437,0.38608798432978486,0.077882847413793,0.04267897886966643,0.5479894519381427,0.05479894601038219
Milwaukee,2000-03-20 07:00:00,0.4000000059604645,0.4602572840073257,0.44284563734884813,0.44398150563378375,0.4840158803441499,0.4856938936384119,1.0034668558665243,0.40138674832773824
Milwaukee,2000-03-20 08:00:00,0.7000000104308128,0.5412961978369442,0.5040882360000163,0.5001902799477915,0.8901489132745067,0.9287088084071575,1.0433184768948425,0.7303229447090495
Milwaukee,2000-03-20 09:00:00,1.0000000149011612,0.6153868482101035,0.562101850089929,0.5537391217635472,1.296281946204864,1.3717237231759034,1.0581985864972592,1.0581986022656469
Milwaukee,2000-03-20 10:00:00,0.5000000074505806,0.4879054674974853,0.4635494842166189,0.4629590707286823,0.6193935579876022,0.6333655318946606,1.0225575060103194,0.5112787606238068
Milwaukee,2000-03-20 11:00:00,0.30000000447034836,0.4321218104209064,0.4219192462835154,0.42481437583882836,0.3486382027006978,0.3380222553821637,0.9695502465412611,0.2908650782966057
Milwaukee,2000-03-20 12:00:00,0.5000000074505806,0.4879054674974853,0.4635494842166189,0.4629590707286823,0.6193935579876022,0.6333655318946606,1.0225575060103194,0.5112787606238068
Milwaukee,2000-03-20 13:00:00,1.4000000208616257,0.7010606324789257,0.6329987244436568,0.619840749115852,1.8377926567786733,1.9624102762008975,1.067808312848881,1.4949316602646505
Milwaukee,2000-03-20 14:00:00,0.6000000089406967,0.5149511800867037,0.4839791863801989,0.48170736485828647,0.7547712356310545,0.7810371701509091,1.0347998615738105,0.6208799261961181
Milwaukee,2000-03-20 15:00:00,0.10000000149011612,0.37493462778701603,0.37963028842970437,0.38608798432978486,0.077882847413793,0.04267897886966643,0.5479894519381427,0.05479894601038219
Milwaukee,2000-03-20 16:00:00,0.20000000298023224,0.4036312859866724,0.40082695074191593,0.4055009521190948,0.2132605250572452,0.1903506171259148,0.8925731429893989,0.17851463125795505
Milwaukee,2000-03-20 17:00:00,0.10000000149011612,0.37493462778701603,0.37963028842970437,0.38608798432978486,0.077882847413793,0.04267897886966643,0.5479894519381427,0.05479894601038219
Milwaukee,2000-03-20 18:00:00,0.20000000298023224,0.4036312859866724,0.40082695074191593,0.4055009521190948,0.2132605250572452,0.1903506171259148,0.8925731429893989,0.17851463125795505
Milwaukee,2000-03-20 19:00:00,0.10000000149011612,0.37493462778701603,0.37963028842970437,0.38608798432978486,0.077882847413793,0.04267897886966643,0.5479894519381427,0.05479894601038219
Milwaukee,2000-03-20 20:00:00,0.10000000149011612,0.37493462778701603,0.37963028842970437,0.38608798432978486,0.077882847413793,0.04267897886966643,0.5479894519381427,0.05479894601038219
Milwaukee,2000-03-20 21:00:00,0.10000000149011612,0.37493462778701603,0.37963028842970437,0.38608798432978486,0.077882847413793,0.04267897886966643,0.5479894519381427,0.05479894601038219
Milwaukee,2000-03-20 22:00:00,0.10000000149011612,0.37493462778701603,0.37963028842970437,0.38608798432978486,0.077882847413793,0.04267897886966643,0.5479894519381427,0.05479894601038219
Milwaukee,2000-03-20 23:00:00,0.10000000149011612,0.37493462778701603,0.37963028842970437,0.38608798432978486,0.077882847413793,0.04267897886966643,0.5479894519381427,0.05479894601038219
Milwaukee,2000-03-21 00:00:00,0.10000000149011612,0.37493462778701603,0.37963028842970437,0.38608798432978486,0.077882847413793,0.04267897886966643,0.5479894519381427,0.05479894601038219
Milwaukee,2000-03-21 01:00:00,0.0,0.34619647541530363,0.3583954550705775,0.3666255582259426,-0.05749483022965941,-0.10499265938658223,1.0,0.0
Milwaukee,2000-03-21 02:00:00,0.10000000149011612,0.37493462778701603,0.37963028842970437,0.38608798432978486,0.077882847413793,0.04267897886966643,0.5479894519381427,0.05479894601038219
Milwaukee,2000-03-21 03:00:00,0.0,0.34619647541530363,0.3583954550705775,0.3666255582259426,-0.05749483022965941,-0.10499265938658223,1.0,0.0
Milwaukee,2000-03-21 04:00:00,0.0,0.34619647541530363,0.3583954550705775,0.3666255582259426,-0.05749483022965941,-0.10499265938658223,1.0,0.0
Milwaukee,2000-03-21 05:00:00,0.0,0.34619647541530363,0.3583954550705775,0.3666255582259426,-0.05749483022965941,-0.10499265938658223,1.0,0.0
Milwaukee,2000-03-21 06:00:00,0.0,0.34619647541530363,0.3583954550705775,0.3666255582259426,-0.05749483022965941,-0.10499265938658223,1.0,0.0
Milwaukee,2000-03-21 07:00:00,0.0,0.34619647541530363,0.3583954550705775,0.3666255582259426,-0.05749483022965941,-0.10499265938658223,1.0,0.0
Milwaukee,2000-03-21 08:00:00,0.0,0.34619647541530363,0.3583954550705775,0.3666255582259426,-0.05749483022965941,-0.10499265938658223,1.0,0.0
Milwaukee,2000-03-21 09:00:00,0.0,0.34619647541530363,0.3583954550705775,0.3666255582259426,-0.05749483022965941,-0.10499265938658223,1.0,0.0
Milwaukee,2000-03-21 10:00:00,0.0,0.34619647541530363,0.3583954550705775,0.3666255582259426,-0.05749483022965941,-0.10499265938658223,1.0,0.0
Milwaukee,2000-03-21 11:00:00,0.0,0.34619647541530363,0.3583954550705775,0.3666255582259426,-0.05749483022965941,-0.10499265938658223,1.0,0.0
Milwaukee,2000-03-21 12:00:00,0.0,0.34619647541530363,0.3583954550705775,0.3666255582259426,-0.05749483022965941,-0.10499265938658223,1.0,0.0
Milwaukee,2000-03-21 13:00:00,0.0,0.34619647541530363,0.3583954550705775,0.3666255582259426,-0.05749483022965941,-0.10499265938658223,1.0,0.0
Milwaukee,2000-03-21 14:00:00,0.0,0.34619647541530363,0.3583954550705775,0.3666255582259426,-0.05749483022965941,-0.10499265938658223,1.0,0.0
Milwaukee,2000-03-21 15:00:00,0.0,0.34619647541530363,0.3583954550705775,0.3666255582259426,-0.05749483022965941,-0.10499265938658223,1.0,0.0
Milwaukee,2000-03-21 16:00:00,0.0,0.34619647541530363,0.3583954550705775,0.3666255582259426,-0.05749483022965941,-0.10499265938658223,1.0,0.0
Milwaukee,2000-03-21 17:00:00,0.0,0.34619647541530363,0.3583954550705775,0.3666255582259426,-0.05749483022965941,-0.10499265938658223,1.0,0.0
Milwaukee,2000-03-21 18:00:00,0.0,0.34619647541530363,0.3583954550705775,0.3666255582259426,-0.05749483022965941,-0.10499265938658223,1.0,0.0
Milwaukee,2000-03-21 19:00:00,0.0,0.34619647541530363,0.3583954550705775,0.3666255582259426,-0.05749483022965941,-0.10499265938658223,1.0,0.0
Milwaukee,2000-03-21 20:00:00,0.0,0.34619647541530363,0.3583954550705775,0.3666255582259426,-0.05749483022965941,-0.10499265938658223,1.0,0.0
Milwaukee,2000-03-21 21:00:00,0.0,0.34619647541530363,0.3583954550705775,0.3666255582259426,-0.05749483022965941,-0.10499265938658223,1.0,0.0
Milwaukee,2000-03-21 22:00:00,0.0,0.34619647541530363,0.3583954550705775,0.3666255582259426,-0.05749483022965941,-0.10499265938658223,1.0,0.0
Milwaukee,2000-03-21 23:00:00,0.0,0.34619647541530363,0.3583954550705775,0.3666255582259426,-0.05749483022965941,-0.10499265938658223,1.0,0.0
Milwaukee,2000-03-22 00:00:00,0.0,0.34619647541530363,0.3583954550705775,0.3666255582259426,-0.05749483022965941,-0.10499265938658223,1.0,0.0
Milwaukee,2000-03-22 01:00:00,0.0,0.34619647541530363,0.3583954550705775,0.3666255582259426,-0.05749483022965941,-0.10499265938658223,1.0,0.0
Milwaukee,2000-03-22 02:00:00,0.0,0.34619647541530363,0.3583954550705775,0.3666255582259426,-0.05749483022965941,-0.10499265938658223,1.0,0.0
Milwaukee,2000-03-22 03:00:00,0.0,0.34619647541530363,0.3583954550705775,0.3666255582259426,-0.05749483022965941,-0.10499265938658223,1.0,0.0
Milwaukee,2000-03-22 04:00:00,0.0,0.34619647541530363,0.3583954550705775,0.3666255582259426,-0.05749483022965941,-0.10499265938658223,1.0,0.0
Milwaukee,2000-03-22 05:00:00,0.0,0.34619647541530363,0.3583954550705775,0.3666255582259426,-0.05749483022965941,-0.10499265938658223,1.0,0.0
Milwaukee,2000-03-22 06:00:00,0.0,0.34619647541530363,0.3583954550705775,0.3666255582259426,-0.05749483022965941,-0.10499265938658223,1.0,0.0
Milwaukee,2000-03-22 07:00:00,0.0,0.34619647541530363,0.3583954550705775,0.3666255582259426,-0.05749483022965941,-0.10499265938658223,1.0,0.0
Milwaukee,2000-03-22 08:00:00,0.0,0.34619647541530363,0.3583954550705775,0.3666255582259426,-0.05749483022965941,-0.10499265938658223,1.0,0.0
Milwaukee,2000-03-22 09:00:00,0.0,0.34619647541530363,0.3583954550705775,0.3666255582259426,-0.05749483022965941,-0.10499265938658223,1.0,0.0
Milwaukee,2000-03-22 10:00:00,0.0,0.34619647541530363,0.3583954550705775,0.3666255582259426,-0.05749483022965941,-0.10499265938658223,1.0,0.0
Milwaukee,2000-03-22 11:00:00,0.0,0.34619647541530363,0.3583954550705775,0.3666255582259426,-0.05749483022965941,-0.10499265938658223,1.0,0.0
Milwaukee,2000-03-22 12:00:00,0.0,0.34619647541530363,0.3583954550705775,0.3666255582259426,-0.05749483022965941,-0.10499265938658223,1.0,0.0
Milwaukee,2000-03-22 13:00:00,0.0,0.34619647541530363,0.3583954550705775,0.3666255582259426,-0.05749483022965941,-0.10499265938658223,1.0,0.0
Milwaukee,2000-03-22 14:00:00,0.0,0.34619647541530363,0.3583954550705775,0.3666255582259426,-0.05749483022965941,-0.10499265938658223,1.0,0.0
Milwaukee,2000-03-22 15:00:00,0.0,0.34619647541530363,0.3583954550705775,0.3666255582259426,-0.05749483022965941,-0.10499265938658223,1.0,0.0
Milwaukee,2000-03-22 16:00:00,0.0,0.34619647541530363,0.3583954550705775,0.3666255582259426,-0.05749483022965941,-0.10499265938658223,1.0,0.0
Milwaukee,2000-03-22 17:00:00,0.0,0.34619647541530363,0.3583954550705775,0.3666255582259426,-0.05749483022965941,-0.10499265938658223,1.0,0.0
Milwaukee,2000-03-22 18:00:00,0.0,0.34619647541530363,0.3583954550705775,0.3666255582259426,-0.05749483022965941,-0.10499265938658223,1.0,0.0
Milwaukee,2000-03-22 19:00:00,0.0,0.34619647541530363,0.3583954550705775,0.3666255582259426,-0.05749483022965941,-0.10499265938658223,1.0,0.0
Milwaukee,2000-03-22 20:00:00,0.0,0.34619647541530363,0.3583954550705775,0.3666255582259426,-0.05749483022965941,-0.10499265938658223,1.0,0.0
Milwaukee,2000-03-22 21:00:00,0.0,0.34619647541530363,0.3583954550705775,0.3666255582259426,-0.05749483022965941,-0.10499265938658223,1.0,0.0
Milwaukee,2000-03-22 22:00:00,0.0,0.34619647541530363,0.3583954550705775,0.3666255582259426,-0.05749483022965941,-0.10499265938658223,1.0,0.0
Milwaukee,2000-03-22 23:00:00,0.0,0.34619647541530363,0.3583954550705775,0.3666255582259426,-0.05749483022965941,-0.10499265938658223,1.0,0.0
Milwaukee,2000-03-23 00:00:00,0.0,0.34619647541530363,0.3583954550705775,0.3666255582259426,-0.05749483022965941,-0.10499265938658223,1.0,0.0
Milwaukee,2000-03-23 01:00:00,0.0,0.34619647541530363,0.3583954550705775,0.3666255582259426,-0.05749483022965941,-0.10499265938658223,1.0,0.0
Milwaukee,2000-03-23 02:00:00,0.0,0.34619647541530363,0.3583954550705775,0.3666255582259426,-0.05749483022965941,-0.10499265938658223,1.0,0.0
Milwaukee,2000-03-23 03:00:00,0.0,0.34619647541530363,0.3583954550705775,0.3666255582259426,-0.05749483022965941,-0.10499265938658223,1.0,0.0
Milwaukee,2000-03-23 04:00:00,0.0,0.34619647541530363,0.3583954550705775,0.3666255582259426,-0.05749483022965941,-0.10499265938658223,1.0,0.0
Milwaukee,2000-03-23 05:00:00,0.0,0.34619647541530363,0.3583954550705775,0.3666255582259426,-0.05749483022965941,-0.10499265938658223,1.0,0.0
Milwaukee,2000-03-23 06:00:00,0.0,0.34619647541530363,0.3583954550705775,0.3666255582259426,-0.05749483022965941,-0.10499265938658223,1.0,0.0
Milwaukee,2000-03-23 07:00:00,0.0,0.34619647541530363,0.3583954550705775,0.3666255582259426,-0.05749483022965941,-0.10499265938658223,1.0,0.0
Milwaukee,2000-03-23 08:00:00,0.0,0.34619647541530363,0.3583954550705775,0.3666255582259426,-0.05749483022965941,-0.10499265938658223,1.0,0.0
Milwaukee,2000-03-23 09:00:00,0.0,0.34619647541530363,0.3583954550705775,0.3666255582259426,-0.05749483022965941,-0.10499265938658223,1.0,0.0
Milwaukee,2000-03-23 10:00:00,0.0,0.34619647541530363,0.3583954550705775,0.3666255582259426,-0.05749483022965941,-0.10499265938658223,1.0,0.0
Milwaukee,2000-03-23 11:00:00,0.0,0.34619647541530363,0.3583954550705775,0.3666255582259426,-0.05749483022965941,-0.10499265938658223,1.0,0.0
Milwaukee,2000-03-23 12:00:00,0.0,0.34619647541530363,0.3583954550705775,0.3666255582259426,-0.05749483022965941,-0.10499265938658223,1.0,0.0
Milwaukee,2000-03-23 13:00:00,0.0,0.34619647541530363,0.3583954550705775,0.3666255582259426,-0.05749483022965941,-0.10499265938658223,1.0,0.0
Milwaukee,2000-03-23 14:00:00,0.0,0.34619647541530363,0.3583954550705775,0.3666255582259426,-0.05749483022965941,-0.10499265938658223,1.0,0.0
Milwaukee,2000-03-23 15:00:00,0.0,0.34619647541530363,0.3583954550705775,0.3666255582259426,-0.05749483022965941,-0.10499265938658223,1.0,0.0
Milwaukee,2000-03-23 16:00:00,0.0,0.34619647541530363,0.3583954550705775,0.3666255582259426,-0.05749483022965941,-0.10499265938658223,1.0,0.0
Milwaukee,2000-03-23 17:00:00,0.0,0.34619647541530363,0.3583954550705775,0.3666255582259426,-0.05749483022965941,-0.10499265938658223,1.0,0.0
Milwaukee,2000-03-23 18:00:00,0.0,0.34619647541530363,0.3583954550705775,0.3666255582259426,-0.05749483022965941,-0.10499265938658223,1.0,0.0
Milwaukee,2000-03-23 19:00:00,0.0,0.34619647541530363,0.3583954550705775,0.3666255582259426,-0.05749483022965941,-0.10499265938658223,1.0,0.0
Milwaukee,2000-03-23 20:00:00,0.0,0.34619647541530363,0.3583954550705775,0.3666255582259426,-0.05749483022965941,-0.10499265938658223,1.0,0.0
Milwaukee,2000-03-23 21:00:00,0.0,0.34619647541530363,0.3583954550705775,0.3666255582259426,-0.05749483022965941,-0.10499265938658223,1.0,0.0
Milwaukee,2000-03-23 22:00:00,0.0,0.34619647541530363,0.3583954550705775,0.3666255582259426,-0.05749483022965941,-0.10499265938658223,1.0,0.0
Milwaukee,2000-03-23 23:00:00,0.0,0.34619647541530363,0.3583954550705775,0.3666255582259426,-0.05749483022965941,-0.10499265938658223,1.0,0.0
Milwaukee,2000-03-24 00:00:00,0.0,0.34619647541530363,0.3583954550705775,0.3666255582259426,-0.05749483022965941,-0.10499265938658223,1.0,0.0
Milwaukee,2000-03-24 01:00:00,0.0,0.34619647541530363,0.3583954550705775,0.3666255582259426,-0.05749483022965941,-0.10499265938658223,1.0,0.0
Milwaukee,2000-03-24 02:00:00,0.0,0.34619647541530363,0.3583954550705775,0.3666255582259426,-0.05749483022965941,-0.10499265938658223,1.0,0.0
Milwaukee,2000-03-24 03:00:00,0.0,0.34619647541530363,0.3583954550705775,0.3666255582259426,-0.05749483022965941,-0.10499265938658223,1.0,0.0
Milwaukee,2000-03-24 04:00:00,0.0,0.34619647541530363,0.3583954550705775,0.3666255582259426,-0.05749483022965941,-0.10499265938658223,1.0,0.0
Milwaukee,2000-03-24 05:00:00,0.0,0.34619647541530363,0.3583954550705775,0.3666255582259426,-0.05749483022965941,-0.10499265938658223,1.0,0.0
Milwaukee,2000-03-24 06:00:00,0.0,0.34619647541530363,0.3583954550705775,0.3666255582259426,-0.05749483022965941,-0.10499265938658223,1.0,0.0
Milwaukee,2000-03-24 07:00:00,0.0,0.34619647541530363,0.3583954550705775,0.3666255582259426,-0.05749483022965941,-0.10499265938658223,1.0,0.0
Milwaukee,2000-03-24 08:00:00,0.0,0.34619647541530363,0.3583954550705775,0.3666255582259426,-0.05749483022965941,-0.10499265938658223,1.0,0.0
Milwaukee,2000-03-24 09:00:00,0.0,0.34619647541530363,0.3583954550705775,0.3666255582259426,-0.05749483022965941,-0.10499265938658223,1.0,0.0
Milwaukee,2000-03-24 10:00:00,0.0,0.34619647541530363,0.3583954550705775,0.3666255582259426,-0.05749483022965941,-0.10499265938658223,1.0,0.0
Milwaukee,2000-03-24 11:00:00,0.0,0.34619647541530363,0.3583954550705775,0.3666255582259426,-0.05749483022965941,-0.10499265938658223,1.0,0.0
Milwaukee,2000-03-24 12:00:00,0.0,0.34619647541530363,0.3583954550705775,0.3666255582259426,-0.05749483022965941,-0.10499265938658223,1.0,0.0
Milwaukee,2000-03-24 13:00:00,0.0,0.34619647541530363,0.3583954550705775,0.3666255582259426,-0.05749483022965941,-0.10499265938658223,1.0,0.0
Milwaukee,2000-03-24 14:00:00,0.30000000447034836,0.4321218104209064,0.4219192462835154,0.42481437583882836,0.3486382027006978,0.3380222553821637,0.9695502465412611,0.2908650782966057
Milwaukee,2000-03-24 15:00:00,0.0,0.34619647541530363,0.3583954550705775,0.3666255582259426,-0.05749483022965941,-0.10499265938658223,1.0,0.0
Milwaukee,2000-03-24 16:00:00,0.10000000149011612,0.37493462778701603,0.37963028842970437,0.38608798432978486,0.077882847413793,0.04267897886966643,0.5479894519381427,0.05479894601038219
Milwaukee,2000-03-24 17:00:00,0.10000000149011612,0.37493462778701603,0.37963028842970437,0.38608798432978486,0.077882847413793,0.04267897886966643,0.5479894519381427,0.05479894601038219
Milwaukee,2000-03-24 18:00:00,1.2000000178813934,0.6601755800539598,0.5985443956502143,0.5876076480726564,1.5670373014917685,1.6670669996884002,1.063833642059067,1.2766003894937084
Milwaukee,2000-03-24 19:00:00,0.10000000149011612,0.37493462778701603,0.37963028842970437,0.38608798432978486,0.077882847413793,0.04267897886966643,0.5479894519381427,0.05479894601038219
Milwaukee,2000-03-24 20:00:00,2.3000000342726707,0.8388099444280502,0.7618679141689338,0.7430061347251687,3.056191755569744,3.2914550205071347,1.0769792224289054,2.477052248497437
Milwaukee,2000-03-24 21:00:00,0.0,0.34619647541530363,0.3583954550705775,0.3666255582259426,-0.05749483022965941,-0.10499265938658223,1.0,0.0
Milwaukee,2000-03-24 22:00:00,0.0,0.34619647541530363,0.3583954550705775,0.3666255582259426,-0.05749483022965941,-0.10499265938658223,1.0,0.0
Milwaukee,2000-03-24 23:00:00,0.0,0.34619647541530363,0.3583954550705775,0.3666255582259426,-0.05749483022965941,-0.10499265938658223,1.0,0.0
Milwaukee,2000-03-25 00:00:00,0.0,0.34619647541530363,0.3583954550705775,0.3666255582259426,-0.05749483022965941,-0.10499265938658223,1.0,0.0
Milwaukee,2000-03-25 01:00:00,0.0,0.34619647541530363,0.3583954550705775,0.3666255582259426,-0.05749483022965941,-0.10499265938658223,1.0,0.0
Milwaukee,2000-03-25 02:00:00,0.0,0.34619647541530363,0.3583954550705775,0.3666255582259426,-0.05749483022965941,-0.10499265938658223,1.0,0.0
Milwaukee,2000-03-25 03:00:00,0.0,0.34619647541530363,0.3583954550705775,0.3666255582259426,-0.05749483022965941,-0.10499265938658223,1.0,0.0
Milwaukee,2000-03-25 04:00:00,0.0,0.34619647541530363,0.3583954550705775,0.3666255582259426,-0.05749483022965941,-0.10499265938658223,1.0,0.0
Milwaukee,2000-03-25 05:00:00,0.0,0.34619647541530363,0.3583954550705775,0.3666255582259426,-0.05749483022965941,-0.10499265938658223,1.0,0.0
Milwaukee,2000-03-25 06:00:00,0.0,0.34619647541530363,0.3583954550705775,0.3666255582259426,-0.05749483022965941,-0.10499265938658223,1.0,0.0
Milwaukee,2000-03-25 07:00:00,0.0,0.34619647541530363,0.3583954550705775,0.3666255582259426,-0.05749483022965941,-0.10499265938658223,1.0,0.0
Milwaukee,2000-03-25 08:00:00,0.0,0.34619647541530363,0.3583954550705775,0.3666255582259426,-0.05749483022965941,-0.10499265938658223,1.0,0.0
Milwaukee,2000-03-25 09:00:00,0.0,0.34619647541530363,0.3583954550705775,0.3666255582259426,-0.05749483022965941,-0.10499265938658223,1.0,0.0
Milwaukee,2000-03-25 10:00:00,0.0,0.34619647541530363,0.3583954550705775,0.3666255582259426,-0.05749483022965941,-0.10499265938658223,1.0,0.0
Milwaukee,2000-03-25 11:00:00,0.0,0.34619647541530363,0.3583954550705775,0.3666255582259426,-0.05749483022965941,-0.10499265938658223,1.0,0.0
Milwaukee,2000-03-25 12:00:00,0.0,0.34619647541530363,0.3583954550705775,0.3666255582259426,-0.05749483022965941,-0.10499265938658223,1.0,0.0
Milwaukee,2000-03-25 13:00:00,0.0,0.34619647541530363,0.3583954550705775,0.3666255582259426,-0.05749483022965941,-0.10499265938658223,1.0,0.0
Milwaukee,2000-03-25 14:00:00,0.0,0.34619647541530363,0.3583954550705775,0.3666255582259426,-0.05749483022965941,-0.10499265938658223,1.0,0.0
Milwaukee,2000-03-25 15:00:00,0.0,0.34619647541530363,0.3583954550705775,0.3666255582259426,-0.05749483022965941,-0.10499265938658223,1.0,0.0
Milwaukee,2000-03-25 16:00:00,0.0,0.34619647541530363,0.3583954550705775,0.3666255582259426,-0.05749483022965941,-0.10499265938658223,1.0,0.0
Milwaukee,2000-03-25 17:00:00,0.0,0.34619647541530363,0.3583954550705775,0.3666255582259426,-0.05749483022965941,-0.10499265938658223,1.0,0.0
Milwaukee,2000-03-25 18:00:00,0.0,0.34619647541530363,0.3583954550705775,0.3666255582259426,-0.05749483022965941,-0.10499265938658223,1.0,0.0
Milwaukee,2000-03-25 19:00:00,0.0,0.34619647541530363,0.3583954550705775,0.3666255582259426,-0.05749483022965941,-0.10499265938658223,1.0,0.0
Milwaukee,2000-03-25 20:00:00,0.0,0.34619647541530363,0.3583954550705775,0.3666255582259426,-0.05749483022965941,-0.10499265938658223,1.0,0.0
Milwaukee,2000-03-25 21:00:00,0.0,0.34619647541530363,0.3583954550705775,0.3666255582259426,-0.05749483022965941,-0.10499265938658223,1.0,0.0
Milwaukee,2000-03-25 22:00:00,0.0,0.34619647541530363,0.3583954550705775,0.3666255582259426,-0.05749483022965941,-0.10499265938658223,1.0,0.0
Milwaukee,2000-03-25 23:00:00,0.0,0.34619647541530363,0.3583954550705775,0.3666255582259426,-0.05749483022965941,-0.10499265938658223,1.0,0.0
Milwaukee,2000-03-26 00:00:00,0.0,0.34619647541530363,0.3583954550705775,0.3666255582259426,-0.05749483022965941,-0.10499265938658223,1.0,0.0
Milwaukee,2000-03-26 01:00:00,0.0,0.34619647541530363,0.3583954550705775,0.3666255582259426,-0.05749483022965941,-0.10499265938658223,1.0,0.0
Milwaukee,2000-03-26 02:00:00,0.0,0.34619647541530363,0.3583954550705775,0.3666255582259426,-0.05749483022965941,-0.10499265938658223,1.0,0.0
Milwaukee,2000-03-26 03:00:00,0.0,0.34619647541530363,0.3583954550705775,0.3666255582259426,-0.05749483022965941,-0.10499265938658223,1.0,0.0
Milwaukee,2000-03-26 04:00:00,0.0,0.34619647541530363,0.3583954550705775,0.3666255582259426,-0.05749483022965941,-0.10499265938658223,1.0,0.0
Milwaukee,2000-03-26 05:00:00,0.0,0.34619647541530363,0.3583954550705775,0.3666255582259426,-0.05749483022965941,-0.10499265938658223,1.0,0.0
Milwaukee,2000-03-26 06:00:00,0.0,0.34619647541530363,0.3583954550705775,0.3666255582259426,-0.05749483022965941,-0.10499265938658223,1.0,0.0
Milwaukee,2000-03-26 07:00:00,0.0,0.34619647541530363,0.3583954550705775,0.3666255582259426,-0.05749483022965941,-0.10499265938658223,1.0,0.0
Milwaukee,2000-03-26 08:00:00,0.0,0.34619647541530363,0.3583954550705775,0.3666255582259426,-0.05749483022965941,-0.10499265938658223,1.0,0.0
Milwaukee,2000-03-26 09:00:00,0.0,0.34619647541530363,0.3583954550705775,0.3666255582259426,-0.05749483022965941,-0.10499265938658223,1.0,0.0
Milwaukee,2000-03-26 10:00:00,0.0,0.34619647541530363,0.3583954550705775,0.3666255582259426,-0.05749483022965941,-0.10499265938658223,1.0,0.0
Milwaukee,2000-03-26 11:00:00,0.0,0.34619647541530363,0.3583954550705775,0.3666255582259426,-0.05749483022965941,-0.10499265938658223,1.0,0.0
Milwaukee,2000-03-26 12:00:00,0.0,0.34619647541530363,0.3583954550705775,0.3666255582259426,-0.05749483022965941,-0.10499265938658223,1.0,0.0
Milwaukee,2000-03-26 13:00:00,0.0,0.34619647541530363,0.3583954550705775,0.3666255582259426,-0.05749483022965941,-0.10499265938658223,1.0,0.0
Milwaukee,2000-03-26 14:00:00,0.0,0.34619647541530363,0.3583954550705775,0.3666255582259426,-0.05749483022965941,-0.10499265938658223,1.0,0.0
Milwaukee,2000-03-26 15:00:00,0.0,0.34619647541530363,0.3583954550705775,0.3666255582259426,-0.05749483022965941,-0.10499265938658223,1.0,0.0
Milwaukee,2000-03-26 16:00:00,0.0,0.34619647541530363,0.3583954550705775,0.3666255582259426,-0.05749483022965941,-0.10499265938658223,1.0,0.0
Milwaukee,2000-03-26 17:00:00,0.0,0.34619647541530363,0.3583954550705775,0.3666255582259426,-0.05749483022965941,-0.10499265938658223,1.0,0.0
Milwaukee,2000-03-26 18:00:00,0.0,0.34619647541530363,0.3583954550705775,0.3666255582259426,-0.05749483022965941,-0.10499265938658223,1.0,0.0
Milwaukee,2000-03-26 19:00:00,0.0,0.34619647541530363,0.3583954550705775,0.3666255582259426,-0.05749483022965941,-0.10499265938658223,1.0,0.0
Milwaukee,2000-03-26 20:00:00,0.10000000149011612,0.37493462778701603,0.37963028842970437,0.38608798432978486,0.077882847413793,0.04267897886966643,0.5479894519381427,0.05479894601038219
Milwaukee,2000-03-26 21:00:00,0.0,0.34619647541530363,0.3583954550705775,0.3666255582259426,-0.05749483022965941,-0.10499265938658223,1.0,0.0
Milwaukee,2000-03-26 22:00:00,0.0,0.34619647541530363,0.3583954550705775,0.3666255582259426,-0.05749483022965941,-0.10499265938658223,1.0,0.0
Milwaukee,2000-03-26 23:00:00,0.10000000149011612,0.37493462778701603,0.37963028842970437,0.38608798432978486,0.077882847413793,0.04267897886966643,0.5479894519381427,0.05479894601038219
Milwaukee,2000-03-27 00:00:00,0.10000000149011612,0.37493462778701603,0.37963028842970437,0.38608798432978486,0.077882847413793,0.04267897886966643,0.5479894519381427,0.05479894601038219
Milwaukee,2000-03-27 01:00:00,0.20000000298023224,0.4036312859866724,0.40082695074191593,0.4055009521190948,0.2132605250572452,0.1903506171259148,0.8925731429893989,0.17851463125795505
Milwaukee,2000-03-27 02:00:00,0.5000000074505806,0.4879054674974853,0.4635494842166189,0.4629590707286823,0.6193935579876022,0.6333655318946606,1.0225575060103194,0.5112787606238068
Milwaukee,2000-03-27 03:00:00,0.20000000298023224,0.4036312859866724,0.40082695074191593,0.4055009521190948,0.2132605250572452,0.1903506171259148,0.8925731429893989,0.17851463125795505
Milwaukee,2000-03-27 04:00:00,0.10000000149011612,0.37493462778701603,0.37963028842970437,0.38608798432978486,0.077882847413793,0.04267897886966643,0.5479894519381427,0.05479894601038219
Milwaukee,2000-03-27 05:00:00,0.0,0.34619647541530363,0.3583954550705775,0.3666255582259426,-0.05749483022965941,-0.10499265938658223,1.0,0.0
Milwaukee,2000-03-27 06:00:00,0.0,0.34619647541530363,0.3583954550705775,0.3666255582259426,-0.05749483022965941,-0.10499265938658223,1.0,0.0
Milwaukee,2000-03-27 07:00:00,0.0,0.34619647541530363,0.3583954550705775,0.3666255582259426,-0.05749483022965941,-0.10499265938658223,1.0,0.0
Milwaukee,2000-03-27 08:00:00,0.0,0.34619647541530363,0.3583954550705775,0.3666255582259426,-0.05749483022965941,-0.10499265938658223,1.0,0.0
Milwaukee,2000-03-27 09:00:00,0.0,0.34619647541530363,0.3583954550705775,0.3666255582259426,-0.05749483022965941,-0.10499265938658223,1.0,0.0
Milwaukee,2000-03-27 10:00:00,0.0,0.34619647541530363,0.3583954550705775,0.3666255582259426,-0.05749483022965941,-0.10499265938658223,1.0,0.0
Milwaukee,2000-03-27 11:00:00,0.0,0.34619647541530363,0.3583954550705775,0.3666255582259426,-0.05749483022965941,-0.10499265938658223,1.0,0.0
Milwaukee,2000-03-27 12:00:00,0.0,0.34619647541530363,0.3583954550705775,0.3666255582259426,-0.05749483022965941,-0.10499265938658223,1.0,0.0
Milwaukee,2000-03-27 13:00:00,0.0,0.34619647541530363,0.3583954550705775,0.3666255582259426,-0.05749483022965941,-0.10499265938658223,1.0,0.0
Milwaukee,2000-03-27 14:00:00,0.0,0.34619647541530363,0.3583954550705775,0.3666255582259426,-0.05749483022965941,-0.10499265938658223,1.0,0.0
Milwaukee,2000-03-27 15:00:00,0.0,0.34619647541530363,0.3583954550705775,0.3666255582259426,-0.05749483022965941,-0.10499265938658223,1.0,0.0
Milwaukee,2000-03-27 16:00:00,0.0,0.34619647541530363,0.3583954550705775,0.3666255582259426,-0.05749483022965941,-0.10499265938658223,1.0,0.0
Milwaukee,2000-03-27 17:00:00,0.0,0.34619647541530363,0.3583954550705775,0.3666255582259426,-0.05749483022965941,-0.10499265938658223,1.0,0.0
Milwaukee,2000-03-27 18:00:00,0.0,0.34619647541530363,0.3583954550705775,0.3666255582259426,-0.05749483022965941,-0.10499265938658223,1.0,0.0
Milwaukee,2000-03-27 19:00:00,0.0,0.34619647541530363,0.3583954550705775,0.3666255582259426,-0.05749483022965941,-0.10499265938658223,1.0,0.0
Milwaukee,2000-03-27 20:00:00,0.0,0.34619647541530363,0.3583954550705775,0.3666255582259426,-0.05749483022965941,-0.10499265938658223,1.0,0.0
Milwaukee,2000-03-27 21:00:00,0.10000000149011612,0.37493462778701603,0.37963028842970437,0.38608798432978486,0.077882847413793,0.04267897886966643,0.5479894519381427,0.05479894601038219
Milwaukee,2000-03-27 22:00:00,0.0,0.34619647541530363,0.3583954550705775,0.3666255582259426,-0.05749483022965941,-0.10499265938658223,1.0,0.0
Milwaukee,2000-03-27 23:00:00,0.0,0.34619647541530363,0.3583954550705775,0.3666255582259426,-0.05749483022965941,-0.10499265938658223,1.0,0.0
Milwaukee,2000-03-28 00:00:00,0.0,0.34619647541530363,0.3583954550705775,0.3666255582259426,-0.05749483022965941,-0.10499265938658223,1.0,0.0
Milwaukee,2000-03-28 01:00:00,0.0,0.34619647541530363,0.3583954550705775,0.3666255582259426,-0.05749483022965941,-0.10499265938658223,1.0,0.0
Milwaukee,2000-03-28 02:00:00,0.0,0.34619647541530363,0.3583954550705775,0.3666255582259426,-0.05749483022965941,-0.10499265938658223,1.0,0.0
Milwaukee,2000-03-28 03:00:00,0.0,0.34619647541530363,0.3583954550705775,0.3666255582259426,-0.05749483022965941,-0.10499265938658223,1.0,0.0
Milwaukee,2000-03-28 04:00:00,0.0,0.34619647541530363,0.3583954550705775,0.3666255582259426,-0.05749483022965941,-0.10499265938658223,1.0,0.0
Milwaukee,2000-03-28 05:00:00,0.0,0.34619647541530363,0.3583954550705775,0.3666255582259426,-0.05749483022965941,-0.10499265938658223,1.0,0.0
Milwaukee,2000-03-28 06:00:00,0.0,0.34619647541530363,0.3583954550705775,0.3666255582259426,-0.05749483022965941,-0.10499265938658223,1.0,0.0
Milwaukee,2000-03-28 07:00:00,0.0,0.34619647541530363,0.3583954550705775,0.3666255582259426,-0.05749483022965941,-0.10499265938658223,1.0,0.0
Milwaukee,2000-03-28 08:00:00,0.0,0.34619647541530363,0.3583954550705775,0.3666255582259426,-0.05749483022965941,-0.10499265938658223,1.0,0.0
Milwaukee,2000-03-28 09:00:00,0.0,0.34619647541530363,0.3583954550705775,0.3666255582259426,-0.05749483022965941,-0.10499265938658223,1.0,0.0
Milwaukee,2000-03-28 10:00:00,0.0,0.34619647541530363,0.3583954550705775,0.3666255582259426,-0.05749483022965941,-0.10499265938658223,1.0,0.0
Milwaukee,2000-03-28 11:00:00,0.0,0.34619647541530363,0.3583954550705775,0.3666255582259426,-0.05749483022965941,-0.10499265938658223,1.0,0.0
Milwaukee,2000-03-28 12:00:00,0.0,0.34619647541530363,0.3583954550705775,0.3666255582259426,-0.05749483022965941,-0.10499265938658223,1.0,0.0
Milwaukee,2000-03-28 13:00:00,0.0,0.34619647541530363,0.3583954550705775,0.3666255582259426,-0.05749483022965941,-0.10499265938658223,1.0,0.0
Milwaukee,2000-03-28 14:00:00,0.0,0.34619647541530363,0.3583954550705775,0.3666255582259426,-0.05749483022965941,-0.10499265938658223,1.0,0.0
Milwaukee,2000-03-28 15:00:00,0.0,0.34619647541530363,0.3583954550705775,0.3666255582259426,-0.05749483022965941,-0.10499265938658223,1.0,0.0
Milwaukee,2000-03-28 16:00:00,0.0,0.34619647541530363,0.3583954550705775,0.3666255582259426,-0.05749483022965941,-0.10499265938658223,1.0,0.0
Milwaukee,2000-03-28 17:00:00,0.0,0.34619647541530363,0.3583954550705775,0.3666255582259426,-0.05749483022965941,-0.10499265938658223,1.0,0.0
Milwaukee,2000-03-28 18:00:00,0.0,0.34619647541530363,0.3583954550705775,0.3666255582259426,-0.05749483022965941,-0.10499265938658223,1.0,0.0
Milwaukee,2000-03-28 19:00:00,0.0,0.34619647541530363,0.3583954550705775,0.3666255582259426,-0.05749483022965941,-0.10499265938658223,1.0,0.0
Milwaukee,2000-03-28 20:00:00,0.0,0.34619647541530363,0.3583954550705775,0.3666255582259426,-0.05749483022965941,-0.10499265938658223,1.0,0.0
Milwaukee,2000-03-28 21:00:00,0.20000000298023224,0.4036312859866724,0.40082695074191593,0.4055009521190948,0.2132605250572452,0.1903506171259148,0.8925731429893989,0.17851463125795505
Milwaukee,2000-03-28 22:00:00,0.6000000089406967,0.5149511800867037,0.4839791863801989,0.48170736485828647,0.7547712356310545,0.7810371701509091,1.0347998615738105,0.6208799261961181
Milwaukee,2000-03-28 23:00:00,0.9000000134110451,0.5915727882419518,0.543183605811401,0.5362334205342039,1.1609042685614115,1.2240520849196546,1.05439536925512,0.9489558464701519
Milwaukee,2000-03-29 00:00:00,0.0,0.34619647541530363,0.3583954550705775,0.3666255582259426,-0.05749483022965941,-0.10499265938658223,1.0,0.0
Milwaukee,2000-03-29 01:00:00,0.0,0.34619647541530363,0.3583954550705775,0.3666255582259426,-0.05749483022965941,-0.10499265938658223,1.0,0.0
Milwaukee,2000-03-29 02:00:00,0.0,0.34619647541530363,0.3583954550705775,0.3666255582259426,-0.05749483022965941,-0.10499265938658223,1.0,0.0
Milwaukee,2000-03-29 03:00:00,0.0,0.34619647541530363,0.3583954550705775,0.3666255582259426,-0.05749483022965941,-0.10499265938658223,1.0,0.0
Milwaukee,2000-03-29 04:00:00,0.0,0.34619647541530363,0.3583954550705775,0.3666255582259426,-0.05749483022965941,-0.10499265938658223,1.0,0.0
Milwaukee,2000-03-29 05:00:00,0.0,0.34619647541530363,0.3583954550705775,0.3666255582259426,-0.05749483022965941,-0.10499265938658223,1.0,0.0
Milwaukee,2000-03-29 06:00:00,0.0,0.34619647541530363,0.3583954550705775,0.3666255582259426,-0.05749483022965941,-0.10499265938658223,1.0,0.0
Milwaukee,2000-03-29 07:00:00,0.0,0.34619647541530363,0.3583954550705775,0.3666255582259426,-0.05749483022965941,-0.10499265938658223,1.0,0.0
Milwaukee,2000-03-29 08:00:00,0.0,0.34619647541530363,0.3583954550705775,0.3666255582259426,-0.05749483022965941,-0.10499265938658223,1.0,0.0
Milwaukee,2000-03-29 09:00:00,0.0,0.34619647541530363,0.3583954550705775,0.3666255582259426,-0.05749483022965941,-0.10499265938658223,1.0,0.0
Milwaukee,2000-03-29 10:00:00,0.0,0.34619647541530363,0.3583954550705775,0.3666255582259426,-0.05749483022965941,-0.10499265938658223,1.0,0.0
Milwaukee,2000-03-29 11:00:00,0.0,0.34619647541530363,0.3583954550705775,0.3666255582259426,-0.05749483022965941,-0.10499265938658223,1.0,0.0
Milwaukee,2000-03-29 12:00:00,0.0,0.34619647541530363,0.3583954550705775,0.3666255582259426,-0.05749483022965941,-0.10499265938658223,1.0,0.0
Milwaukee,2000-03-29 13:00:00,0.0,0.34619647541530363,0.3583954550705775,0.3666255582259426,-0.05749483022965941,-0.10499265938658223,1.0,0.0
Milwaukee,2000-03-29 14:00:00,0.0,0.34619647541530363,0.3583954550705775,0.3666255582259426,-0.05749483022965941,-0.10499265938658223,1.0,0.0
Milwaukee,2000-03-29 15:00:00,0.0,0.34619647541530363,0.3583954550705775,0.3666255582259426,-0.05749483022965941,-0.10499265938658223,1.0,0.0
Milwaukee,2000-03-29 16:00:00,0.0,0.34619647541530363,0.3583954550705775,0.3666255582259426,-0.05749483022965941,-0.10499265938658223,1.0,0.0
Milwaukee,2000-03-29 17:00:00,0.0,0.34619647541530363,0.3583954550705775,0.3666255582259426,-0.05749483022965941,-0.10499265938658223,1.0,0.0
Milwaukee,2000-03-29 18:00:00,0.0,0.34619647541530363,0.3583954550705775,0.3666255582259426,-0.05749483022965941,-0.10499265938658223,1.0,0.0
Milwaukee,2000-03-29 19:00:00,0.0,0.34619647541530363,0.3583954550705775,0.3666255582259426,-0.05749483022965941,-0.10499265938658223,1.0,0.0
Milwaukee,2000-03-29 20:00:00,0.0,0.34619647541530363,0.3583954550705775,0.3666255582259426,-0.05749483022965941,-0.10499265938658223,1.0,0.0
Milwaukee,2000-03-29 21:00:00,0.0,0.34619647541530363,0.3583954550705775,0.3666255582259426,-0.05749483022965941,-0.10499265938658223,1.0,0.0
Milwaukee,2000-03-29 22:00:00,0.0,0.34619647541530363,0.3583954550705775,0.3666255582259426,-0.05749483022965941,-0.10499265938658223,1.0,0.0
Milwaukee,2000-03-29 23:00:00,0.0,0.34619647541530363,0.3583954550705775,0.3666255582259426,-0.05749483022965941,-0.10499265938658223,1.0,0.0
Milwaukee,2000-03-30 00:00:00,0.0,0.34619647541530363,0.3583954550705775,0.3666255582259426,-0.05749483022965941,-0.10499265938658223,1.0,0.0
Milwaukee,2000-03-30 01:00:00,0.0,0.34619647541530363,0.3583954550705775,0.3666255582259426,-0.05749483022965941,-0.10499265938658223,1.0,0.0
Milwaukee,2000-03-30 02:00:00,0.0,0.34619647541530363,0.3583954550705775,0.3666255582259426,-0.05749483022965941,-0.10499265938658223,1.0,0.0
Milwaukee,2000-03-30 03:00:00,0.0,0.34619647541530363,0.3583954550705775,0.3666255582259426,-0.05749483022965941,-0.10499265938658223,1.0,0.0
Milwaukee,2000-03-30 04:00:00,0.0,0.34619647541530363,0.3583954550705775,0.3666255582259426,-0.05749483022965941,-0.10499265938658223,1.0,0.0
Milwaukee,2000-03-30 05:00:00,0.0,0.34619647541530363,0.3583954550705775,0.3666255582259426,-0.05749483022965941,-0.10499265938658223,1.0,0.0
Milwaukee,2000-03-30 06:00:00,0.0,0.34619647541530363,0.3583954550705775,0.3666255582259426,-0.05749483022965941,-0.10499265938658223,1.0,0.0
Milwaukee,2000-03-30 07:00:00,0.0,0.34619647541530363,0.3583954550705775,0.3666255582259426,-0.05749483022965941,-0.10499265938658223,1.0,0.0
Milwaukee,2000-03-30 08:00:00,0.0,0.34619647541530363,0.3583954550705775,0.3666255582259426,-0.05749483022965941,-0.10499265938658223,1.0,0.0
Milwaukee,2000-03-30 09:00:00,0.0,0.34619647541530363,0.3583954550705775,0.3666255582259426,-0.05749483022965941,-0.10499265938658223,1.0,0.0
Milwaukee,2000-03-30 10:00:00,0.0,0.34619647541530363,0.3583954550705775,0.3666255582259426,-0.05749483022965941,-0.10499265938658223,1.0,0.0
Milwaukee,2000-03-30 11:00:00,0.0,0.34619647541530363,0.3583954550705775,0.3666255582259426,-0.05749483022965941,-0.10499265938658223,1.0,0.0
Milwaukee,2000-03-30 12:00:00,0.0,0.34619647541530363,0.3583954550705775,0.3666255582259426,-0.05749483022965941,-0.10499265938658223,1.0,0.0
Milwaukee,2000-03-30 13:00:00,0.0,0.34619647541530363,0.3583954550705775,0.3666255582259426,-0.05749483022965941,-0.10499265938658223,1.0,0.0
Milwaukee,2000-03-30 14:00:00,0.0,0.34619647541530363,0.3583954550705775,0.3666255582259426,-0.05749483022965941,-0.10499265938658223,1.0,0.0
Milwaukee,2000-03-30 15:00:00,0.0,0.34619647541530363,0.3583954550705775,0.3666255582259426,-0.05749483022965941,-0.10499265938658223,1.0,0.0
Milwaukee,2000-03-30 16:00:00,0.0,0.34619647541530363,0.3583954550705775,0.3666255582259426,-0.05749483022965941,-0.10499265938658223,1.0,0.0
Milwaukee,2000-03-30 17:00:00,0.0,0.34619647541530363,0.3583954550705775,0.3666255582259426,-0.05749483022965941,-0.10499265938658223,1.0,0.0
Milwaukee,2000-03-30 18:00:00,0.0,0.34619647541530363,0.3583954550705775,0.3666255582259426,-0.05749483022965941,-0.10499265938658223,1.0,0.0
Milwaukee,2000-03-30 19:00:00,0.0,0.34619647541530363,0.3583954550705775,0.3666255582259426,-0.05749483022965941,-0.10499265938658223,1.0,0.0
Milwaukee,2000-03-30 20:00:00,0.0,0.34619647541530363,0.3583954550705775,0.3666255582259426,-0.05749483022965941,-0.10499265938658223,1.0,0.0
Milwaukee,2000-03-30 21:00:00,0.0,0.34619647541530363,0.3583954550705775,0.3666255582259426,-0.05749483022965941,-0.10499265938658223,1.0,0.0
Milwaukee,2000-03-30 22:00:00,0.0,0.34619647541530363,0.3583954550705775,0.3666255582259426,-0.05749483022965941,-0.10499265938658223,1.0,0.0
Milwaukee,2000-03-30 23:00:00,0.0,0.34619647541530363,0.3583954550705775,0.3666255582259426,-0.05749483022965941,-0.10499265938658223,1.0,0.0
Milwaukee,2000-03-31 00:00:00,0.0,0.34619647541530363,0.3583954550705775,0.3666255582259426,-0.05749483022965941,-0.10499265938658223,1.0,0.0
Milwaukee,2000-03-31 01:00:00,0.0,0.34619647541530363,0.3583954550705775,0.3666255582259426,-0.05749483022965941,-0.10499265938658223,1.0,0.0
Milwaukee,2000-03-31 02:00:00,0.0,0.34619647541530363,0.3583954550705775,0.3666255582259426,-0.05749483022965941,-0.10499265938658223,1.0,0.0
Milwaukee,2000-03-31 03:00:00,0.0,0.34619647541530363,0.3583954550705775,0.3666255582259426,-0.05749483022965941,-0.10499265938658223,1.0,0.0
Milwaukee,2000-03-31 04:00:00,0.0,0.34619647541530363,0.3583954550705775,0.3666255582259426,-0.05749483022965941,-0.10499265938658223,1.0,0.0
Milwaukee,2000-03-31 05:00:00,0.0,0.34619647541530363,0.3583954550705775,0.3666255582259426,-0.05749483022965941,-0.10499265938658223,1.0,0.0
Milwaukee,2000-03-31 06:00:00,0.0,0.34619647541530363,0.3583954550705775,0.3666255582259426,-0.05749483022965941,-0.10499265938658223,1.0,0.0
Milwaukee,2000-03-31 07:00:00,0.0,0.34619647541530363,0.3583954550705775,0.3666255582259426,-0.05749483022965941,-0.10499265938658223,1.0,0.0
Milwaukee,2000-03-31 08:00:00,0.0,0.34619647541530363,0.3583954550705775,0.3666255582259426,-0.05749483022965941,-0.10499265938658223,1.0,0.0
Milwaukee,2000-03-31 09:00:00,0.0,0.34619647541530363,0.3583954550705775,0.3666255582259426,-0.05749483022965941,-0.10499265938658223,1.0,0.0
Milwaukee,2000-03-31 10:00:00,0.0,0.34619647541530363,0.3583954550705775,0.3666255582259426,-0.05749483022965941,-0.10499265938658223,1.0,0.0
Milwaukee,2000-03-31 11:00:00,0.0,0.34619647541530363,0.3583954550705775,0.3666255582259426,-0.05749483022965941,-0.10499265938658223,1.0,0.0
Milwaukee,2000-03-31 12:00:00,0.0,0.34619647541530363,0.3583954550705775,0.3666255582259426,-0.05749483022965941,-0.10499265938658223,1.0,0.0
Milwaukee,2000-03-31 13:00:00,0.0,0.34619647541530363,0.3583954550705775,0.3666255582259426,-0.05749483022965941,-0.10499265938658223,1.0,0.0
Milwaukee,2000-03-31 14:00:00,0.0,0.34619647541530363,0.3583954550705775,0.3666255582259426,-0.05749483022965941,-0.10499265938658223,1.0,0.0
Milwaukee,2000-03-31 15:00:00,0.0,0.34619647541530363,0.3583954550705775,0.3666255582259426,-0.05749483022965941,-0.10499265938658223,1.0,0.0
Milwaukee,2000-03-31 16:00:00,0.0,0.34619647541530363,0.3583954550705775,0.3666255582259426,-0.05749483022965941,-0.10499265938658223,1.0,0.0
Milwaukee,2000-03-31 17:00:00,0.0,0.34619647541530363,0.3583954550705775,0.3666255582259426,-0.05749483022965941,-0.10499265938658223,1.0,0.0
Milwaukee,2000-03-31 18:00:00,0.0,0.34619647541530363,0.3583954550705775,0.3666255582259426,-0.05749483022965941,-0.10499265938658223,1.0,0.0
Milwaukee,2000-03-31 19:00:00,0.0,0.34619647541530363,0.3583954550705775,0.3666255582259426,-0.05749483022965941,-0.10499265938658223,1.0,0.0
Milwaukee,2000-03-31 20:00:00,0.0,0.34619647541530363,0.3583954550705775,0.3666255582259426,-0.05749483022965941,-0.10499265938658223,1.0,0.0
Milwaukee,2000-03-31 21:00:00,0.0,0.34619647541530363,0.3583954550705775,0.3666255582259426,-0.05749483022965941,-0.10499265938658223,1.0,0.0
Milwaukee,2000-03-31 22:00:00,0.0,0.34619647541530363,0.3583954550705775,0.3666255582259426,-0.05749483022965941,-0.10499265938658223,1.0,0.0
Milwaukee,2000-03-31 23:00:00,0.0,0.34619647541530363,0.3583954550705775,0.3666255582259426,-0.05749483022965941,-0.10499265938658223,1.0,0.0
Milwaukee,2000-04-01 00:00:00,0.0,0.34619647541530363,0.3583954550705775,0.3666255582259426,-0.05749483022965941,-0.10499265938658223,1.0,0.0
Milwaukee,2000-04-01 01:00:00,0.0,0.34619647541530363,0.3583954550705775,0.3666255582259426,-0.05749483022965941,-0.10499265938658223,1.0,0.0
Milwaukee,2000-04-01 02:00:00,0.0,0.34619647541530363,0.3583954550705775,0.3666255582259426,-0.05749483022965941,-0.10499265938658223,1.0,0.0
Milwaukee,2000-04-01 03:00:00,0.0,0.34619647541530363,0.3583954550705775,0.3666255582259426,-0.05749483022965941,-0.10499265938658223,1.0,0.0
Milwaukee,2000-04-01 04:00:00,0.0,0.34619647541530363,0.3583954550705775,0.3666255582259426,-0.05749483022965941,-0.10499265938658223,1.0,0.0
Milwaukee,2000-04-01 05:00:00,0.0,0.34619647541530363,0.3583954550705775,0.3666255582259426,-0.05749483022965941,-0.10499265938658223,1.0,0.0
Milwaukee,2000-04-01 06:00:00,0.0,0.34619647541530363,0.3583954550705775,0.3666255582259426,-0.05749483022965941,-0.10499265938658223,1.0,0.0
Milwaukee,2000-04-01 07:00:00,0.0,0.34619647541530363,0.3583954550705775,0.3666255582259426,-0.05749483022965941,-0.10499265938658223,1.0,0.0
Milwaukee,2000-04-01 08:00:00,0.0,0.34619647541530363,0.3583954550705775,0.3666255582259426,-0.05749483022965941,-0.10499265938658223,1.0,0.0
Milwaukee,2000-04-01 09:00:00,0.0,0.34619647541530363,0.3583954550705775,0.3666255582259426,-0.05749483022965941,-0.10499265938658223,1.0,0.0
Milwaukee,2000-04-01 10:00:00,0.0,0.34619647541530363,0.3583954550705775,0.3666255582259426,-0.05749483022965941,-0.10499265938658223,1.0,0.0
Milwaukee,2000-04-01 11:00:00,0.0,0.34619647541530363,0.3583954550705775,0.3666255582259426,-0.05749483022965941,-0.10499265938658223,1.0,0.0
Milwaukee,2000-04-01 12:00:00,0.0,0.34619647541530363,0.3583954550705775,0.3666255582259426,-0.05749483022965941,-0.10499265938658223,1.0,0.0
Milwaukee,2000-04-01 13:00:00,0.0,0.34619647541530363,0.3583954550705775,0.3666255582259426,-0.05749483022965941,-0.10499265938658223,1.0,0.0
Milwaukee,2000-04-01 14:00:00,0.0,0.34619647541530363,0.3583954550705775,0.3666255582259426,-0.05749483022965941,-0.10499265938658223,1.0,0.0
Milwaukee,2000-04-01 15:00:00,0.0,0.34619647541530363,0.3583954550705775,0.3666255582259426,-0.05749483022965941,-0.10499265938658223,1.0,0.0
Milwaukee,2000-04-01 16:00:00,0.0,0.34619647541530363,0.3583954550705775,0.3666255582259426,-0.05749483022965941,-0.10499265938658223,1.0,0.0
Milwaukee,2000-04-01 17:00:00,0.0,0.34619647541530363,0.3583954550705775,0.3666255582259426,-0.05749483022965941,-0.10499265938658223,1.0,0.0
Milwaukee,2000-04-01 18:00:00,0.0,0.34619647541530363,0.3583954550705775,0.3666255582259426,-0.05749483022965941,-0.10499265938658223,1.0,0.0
Milwaukee,2000-04-01 19:00:00,0.0,0.34619647541530363,0.3583954550705775,0.3666255582259426,-0.05749483022965941,-0.10499265938658223,1.0,0.0
Milwaukee,2000-04-01 20:00:00,0.0,0.34619647541530363,0.3583954550705775,0.3666255582259426,-0.05749483022965941,-0.10499265938658223,1.0,0.0
Milwaukee,2000-04-01 21:00:00,0.0,0.34619647541530363,0.3583954550705775,0.3666255582259426,-0.05749483022965941,-0.10499265938658223,1.0,0.0
Milwaukee,2000-04-01 22:00:00,0.0,0.34619647541530363,0.3583954550705775,0.3666255582259426,-0.05749483022965941,-0.10499265938658223,1.0,0.0
Milwaukee,2000-04-01 23:00:00,0.0,0.34619647541530363,0.3583954550705775,0.3666255582259426,-0.05749483022965941,-0.10499265938658223,1.0,0.0
Milwaukee,2000-04-02 00:00:00,0.20000000298023224,0.4036312859866724,0.40082695074191593,0.4055009521190948,0.2132605250572452,0.1903506171259148,0.8925731429893989,0.17851463125795505
Milwaukee,2000-04-02 01:00:00,0.0,0.34619647541530363,0.3583954550705775,0.3666255582259426,-0.05749483022965941,-0.10499265938658223,1.0,0.0
Milwaukee,2000-04-02 02:00:00,0.0,0.34619647541530363,0.3583954550705775,0.3666255582259426,-0.05749483022965941,-0.10499265938658223,1.0,0.0
Milwaukee,2000-04-02 03:00:00,0.0,0.34619647541530363,0.3583954550705775,0.3666255582259426,-0.05749483022965941,-0.10499265938658223,1.0,0.0
Milwaukee,2000-04-02 04:00:00,0.0,0.34619647541530363,0.3583954550705775,0.3666255582259426,-0.05749483022965941,-0.10499265938658223,1.0,0.0
Milwaukee,2000-04-02 05:00:00,0.0,0.34619647541530363,0.3583954550705775,0.3666255582259426,-0.05749483022965941,-0.10499265938658223,1.0,0.0
Milwaukee,2000-04-02 06:00:00,0.0,0.34619647541530363,0.3583954550705775,0.3666255582259426,-0.05749483022965941,-0.10499265938658223,1.0,0.0
Milwaukee,2000-04-02 07:00:00,0.0,0.34619647541530363,0.3583954550705775,0.3666255582259426,-0.05749483022965941,-0.10499265938658223,1.0,0.0
Milwaukee,2000-04-02 08:00:00,0.0,0.34619647541530363,0.3583954550705775,0.3666255582259426,-0.05749483022965941,-0.10499265938658223,1.0,0.0
Milwaukee,2000-04-02 09:00:00,0.20000000298023224,0.4036312859866724,0.40082695074191593,0.4055009521190948,0.2132605250572452,0.1903506171259148,0.8925731429893989,0.17851463125795505
Milwaukee,2000-04-02 10:00:00,0.0,0.34619647541530363,0.3583954550705775,0.3666255582259426,-0.05749483022965941,-0.10499265938658223,1.0,0.0
Milwaukee,2000-04-02 11:00:00,0.0,0.34619647541530363,0.3583954550705775,0.3666255582259426,-0.05749483022965941,-0.10499265938658223,1.0,0.0
Milwaukee,2000-04-02 12:00:00,0.0,0.34619647541530363,0.3583954550705775,0.3666255582259426,-0.05749483022965941,-0.10499265938658223,1.0,0.0
Milwaukee,2000-04-02 13:00:00,0.0,0.34619647541530363,0.3583954550705775,0.3666255582259426,-0.05749483022965941,-0.10499265938658223,1.0,0.0
Milwaukee,2000-04-02 14:00:00,0.0,0.34619647541530363,0.3583954550705775,0.3666255582259426,-0.05749483022965941,-0.10499265938658223,1.0,0.0
Milwaukee,2000-04-02 15:00:00,0.0,0.34619647541530363,0.3583954550705775,0.3666255582259426,-0.05749483022965941,-0.10499265938658223,1.0,0.0
Milwaukee,2000-04-02 16:00:00,0.0,0.34619647541530363,0.3583954550705775,0.3666255582259426,-0.05749483022965941,-0.10499265938658223,1.0,0.0
Milwaukee,2000-04-02 17:00:00,0.0,0.34619647541530363,0.3583954550705775,0.3666255582259426,-0.05749483022965941,-0.10499265938658223,1.0,0.0
Milwaukee,2000-04-02 18:00:00,0.0,0.34619647541530363,0.3583954550705775,0.3666255582259426,-0.05749483022965941,-0.10499265938658223,1.0,0.0
Milwaukee,2000-04-02 19:00:00,0.0,0.34619647541530363,0.3583954550705775,0.3666255582259426,-0.05749483022965941,-0.10499265938658223,1.0,0.0
Milwaukee,2000-04-02 20:00:00,0.0,0.34619647541530363,0.3583954550705775,0.3666255582259426,-0.05749483022965941,-0.10499265938658223,1.0,0.0
Milwaukee,2000-04-02 21:00:00,0.0,0.34619647541530363,0.3583954550705775,0.3666255582259426,-0.05749483022965941,-0.10499265938658223,1.0,0.0
Milwaukee,2000-04-02 22:00:00,0.0,0.34619647541530363,0.3583954550705775,0.3666255582259426,-0.05749483022965941,-0.10499265938658223,1.0,0.0
Milwaukee,2000-04-02 23:00:00,0.0,0.34619647541530363,0.3583954550705775,0.3666255582259426,-0.05749483022965941,-0.10499265938658223,1.0,0.0
Milwaukee,2000-04-03 00:00:00,0.0,0.34619647541530363,0.3583954550705775,0.3666255582259426,-0.05749483022965941,-0.10499265938658223,1.0,0.0
Milwaukee,2000-04-03 01:00:00,0.0,0.34619647541530363,0.3583954550705775,0.3666255582259426,-0.05749483022965941,-0.10499265938658223,1.0,0.0
Milwaukee,2000-04-03 02:00:00,0.0,0.34619647541530363,0.3583954550705775,0.3666255582259426,-0.05749483022965941,-0.10499265938658223,1.0,0.0
Milwaukee,2000-04-03 03:00:00,0.0,0.34619647541530363,0.3583954550705775,0.3666255582259426,-0.05749483022965941,-0.10499265938658223,1.0,0.0
Milwaukee,2000-04-03 04:00:00,0.0,0.34619647541530363,0.3583954550705775,0.3666255582259426,-0.05749483022965941,-0.10499265938658223,1.0,0.0
Milwaukee,2000-04-03 05:00:00,0.0,0.34619647541530363,0.3583954550705775,0.3666255582259426,-0.05749483022965941,-0.10499265938658223,1.0,0.0
Milwaukee,2000-04-03 06:00:00,0.0,0.34619647541530363,0.3583954550705775,0.3666255582259426,-0.05749483022965941,-0.10499265938658223,1.0,0.0
Milwaukee,2000-04-03 07:00:00,0.0,0.34619647541530363,0.3583954550705775,0.3666255582259426,-0.05749483022965941,-0.10499265938658223,1.0,0.0
Milwaukee,2000-04-03 08:00:00,0.0,0.34619647541530363,0.3583954550705775,0.3666255582259426,-0.05749483022965941,-0.10499265938658223,1.0,0.0
Milwaukee,2000-04-03 09:00:00,0.0,0.34619647541530363,0.3583954550705775,0.3666255582259426,-0.05749483022965941,-0.10499265938658223,1.0,0.0
Milwaukee,2000-04-03 10:00:00,0.0,0.34619647541530363,0.3583954550705775,0.3666255582259426,-0.05749483022965941,-0.10499265938658223,1.0,0.0
Milwaukee,2000-04-03 11:00:00,0.0,0.34619647541530363,0.3583954550705775,0.3666255582259426,-0.05749483022965941,-0.10499265938658223,1.0,0.0
Milwaukee,2000-04-03 12:00:00,0.0,0.34619647541530363,0.3583954550705775,0.3666255582259426,-0.05749483022965941,-0.10499265938658223,1.0,0.0
Milwaukee,2000-04-03 13:00:00,0.0,0.34619647541530363,0.3583954550705775,0.3666255582259426,-0.05749483022965941,-0.10499265938658223,1.0,0.0
Milwaukee,2000-04-03 14:00:00,0.0,0.34619647541530363,0.3583954550705775,0.3666255582259426,-0.05749483022965941,-0.10499265938658223,1.0,0.0
Milwaukee,2000-04-03 15:00:00,0.0,0.34619647541530363,0.3583954550705775,0.3666255582259426,-0.05749483022965941,-0.10499265938658223,1.0,0.0
Milwaukee,2000-04-03 16:00:00,0.0,0.34619647541530363,0.3583954550705775,0.3666255582259426,-0.05749483022965941,-0.10499265938658223,1.0,0.0
Milwaukee,2000-04-03 17:00:00,0.0,0.34619647541530363,0.3583954550705775,0.3666255582259426,-0.05749483022965941,-0.10499265938658223,1.0,0.0
Milwaukee,2000-04-03 18:00:00,0.0,0.34619647541530363,0.3583954550705775,0.3666255582259426,-0.05749483022965941,-0.10499265938658223,1.0,0.0
Milwaukee,2000-04-03 19:00:00,0.0,0.34619647541530363,0.3583954550705775,0.3666255582259426,-0.05749483022965941,-0.10499265938658223,1.0,0.0
Milwaukee,2000-04-03 20:00:00,0.0,0.34619647541530363,0.3583954550705775,0.3666255582259426,-0.05749483022965941,-0.10499265938658223,1.0,0.0
Milwaukee,2000-04-03 21:00:00,0.0,0.34619647541530363,0.3583954550705775,0.3666255582259426,-0.05749483022965941,-0.10499265938658223,1.0,0.0
Milwaukee,2000-04-03 22:00:00,0.0,0.34619647541530363,0.3583954550705775,0.3666255582259426,-0.05749483022965941,-0.10499265938658223,1.0,0.0
Milwaukee,2000-04-03 23:00:00,0.0,0.34619647541530363,0.3583954550705775,0.3666255582259426,-0.05749483022965941,-0.10499265938658223,1.0,0.0
Milwaukee,2000-04-04 00:00:00,0.0,0.34619647541530363,0.3583954550705775,0.3666255582259426,-0.05749483022965941,-0.10499265938658223,1.0,0.0
Milwaukee,2000-04-04 01:00:00,0.0,0.34619647541530363,0.3583954550705775,0.3666255582259426,-0.05749483022965941,-0.10499265938658223,1.0,0.0
Milwaukee,2000-04-04 02:00:00,0.0,0.34619647541530363,0.3583954550705775,0.3666255582259426,-0.05749483022965941,-0.10499265938658223,1.0,0.0
Milwaukee,2000-04-04 03:00:00,0.0,0.34619647541530363,0.3583954550705775,0.3666255582259426,-0.05749483022965941,-0.10499265938658223,1.0,0.0
Milwaukee,2000-04-04 04:00:00,0.0,0.34619647541530363,0.3583954550705775,0.3666255582259426,-0.05749483022965941,-0.10499265938658223,1.0,0.0
Milwaukee,2000-04-04 05:00:00,0.0,0.34619647541530363,0.3583954550705775,0.3666255582259426,-0.05749483022965941,-0.10499265938658223,1.0,0.0
Milwaukee,2000-04-04 06:00:00,0.0,0.34619647541530363,0.3583954550705775,0.3666255582259426,-0.05749483022965941,-0.10499265938658223,1.0,0.0
Milwaukee,2000-04-04 07:00:00,0.0,0.34619647541530363,0.3583954550705775,0.3666255582259426,-0.05749483022965941,-0.10499265938658223,1.0,0.0
Milwaukee,2000-04-04 08:00:00,0.0,0.34619647541530363,0.3583954550705775,0.3666255582259426,-0.05749483022965941,-0.10499265938658223,1.0,0.0
Milwaukee,2000-04-04 09:00:00,0.0,0.34619647541530363,0.3583954550705775,0.3666255582259426,-0.05749483022965941,-0.10499265938658223,1.0,0.0
Milwaukee,2000-04-04 10:00:00,0.0,0.34619647541530363,0.3583954550705775,0.3666255582259426,-0.05749483022965941,-0.10499265938658223,1.0,0.0
Milwaukee,2000-04-04 11:00:00,0.0,0.34619647541530363,0.3583954550705775,0.3666255582259426,-0.05749483022965941,-0.10499265938658223,1.0,0.0
Milwaukee,2000-04-04 12:00:00,0.0,0.34619647541530363,0.3583954550705775,0.3666255582259426,-0.05749483022965941,-0.10499265938658223,1.0,0.0
Milwaukee,2000-04-04 13:00:00,0.0,0.34619647541530363,0.3583954550705775,0.3666255582259426,-0.05749483022965941,-0.10499265938658223,1.0,0.0
Milwaukee,2000-04-04 14:00:00,0.0,0.34619647541530363,0.3583954550705775,0.3666255582259426,-0.05749483022965941,-0.10499265938658223,1.0,0.0
Milwaukee,2000-04-04 15:00:00,0.0,0.34619647541530363,0.3583954550705775,0.3666255582259426,-0.05749483022965941,-0.10499265938658223,1.0,0.0
Milwaukee,2000-04-04 16:00:00,0.0,0.34619647541530363,0.3583954550705775,0.3666255582259426,-0.05749483022965941,-0.10499265938658223,1.0,0.0
Milwaukee,2000-04-04 17:00:00,0.0,0.34619647541530363,0.3583954550705775,0.3666255582259426,-0.05749483022965941,-0.10499265938658223,1.0,0.0
Milwaukee,2000-04-04 18:00:00,0.0,0.34619647541530363,0.3583954550705775,0.3666255582259426,-0.05749483022965941,-0.10499265938658223,1.0,0.0
Milwaukee,2000-04-04 19:00:00,0.0,0.34619647541530363,0.3583954550705775,0.3666255582259426,-0.05749483022965941,-0.10499265938658223,1.0,0.0
Milwaukee,2000-04-04 20:00:00,0.0,0.34619647541530363,0.3583954550705775,0.3666255582259426,-0.05749483022965941,-0.10499265938658223,1.0,0.0
Milwaukee,2000-04-04 21:00:00,0.0,0.34619647541530363,0.3583954550705775,0.3666255582259426,-0.05749483022965941,-0.10499265938658223,1.0,0.0
Milwaukee,2000-04-04 22:00:00,0.0,0.34619647541530363,0.3583954550705775,0.3666255582259426,-0.05749483022965941,-0.10499265938658223,1.0,0.0
Milwaukee,2000-04-04 23:00:00,0.0,0.34619647541530363,0.3583954550705775,0.3666255582259426,-0.05749483022965941,-0.10499265938658223,1.0,0.0
Milwaukee,2000-04-05 00:00:00,0.0,0.34619647541530363,0.3583954550705775,0.3666255582259426,-0.05749483022965941,-0.10499265938658223,1.0,0.0
Milwaukee,2000-04-05 01:00:00,0.0,0.34619647541530363,0.3583954550705775,0.3666255582259426,-0.05749483022965941,-0.10499265938658223,1.0,0.0
Milwaukee,2000-04-05 02:00:00,0.0,0.34619647541530363,0.3583954550705775,0.3666255582259426,-0.05749483022965941,-0.10499265938658223,1.0,0.0
Milwaukee,2000-04-05 03:00:00,0.0,0.34619647541530363,0.3583954550705775,0.3666255582259426,-0.05749483022965941,-0.10499265938658223,1.0,0.0
Milwaukee,2000-04-05 04:00:00,0.0,0.34619647541530363,0.3583954550705775,0.3666255582259426,-0.05749483022965941,-0.10499265938658223,1.0,0.0
Milwaukee,2000-04-05 05:00:00,0.0,0.34619647541530363,0.3583954550705775,0.3666255582259426,-0.05749483022965941,-0.10499265938658223,1.0,0.0
Milwaukee,2000-04-05 06:00:00,0.0,0.34619647541530363,0.3583954550705775,0.3666255582259426,-0.05749483022965941,-0.10499265938658223,1.0,0.0
Milwaukee,2000-04-05 07:00:00,0.0,0.34619647541530363,0.3583954550705775,0.3666255582259426,-0.05749483022965941,-0.10499265938658223,1.0,0.0
Milwaukee,2000-04-05 08:00:00,0.0,0.34619647541530363,0.3583954550705775,0.3666255582259426,-0.05749483022965941,-0.10499265938658223,1.0,0.0
Milwaukee,2000-04-05 09:00:00,0.0,0.34619647541530363,0.3583954550705775,0.3666255582259426,-0.05749483022965941,-0.10499265938658223,1.0,0.0
Milwaukee,2000-04-05 10:00:00,0.0,0.34619647541530363,0.3583954550705775,0.3666255582259426,-0.05749483022965941,-0.10499265938658223,1.0,0.0
Milwaukee,2000-04-05 11:00:00,0.0,0.34619647541530363,0.3583954550705775,0.3666255582259426,-0.05749483022965941,-0.10499265938658223,1.0,0.0
Milwaukee,2000-04-05 12:00:00,0.0,0.34619647541530363,0.3583954550705775,0.3666255582259426,-0.05749483022965941,-0.10499265938658223,1.0,0.0
Milwaukee,2000-04-05 13:00:00,0.0,0.34619647541530363,0.3583954550705775,0.3666255582259426,-0.05749483022965941,-0.10499265938658223,1.0,0.0
Milwaukee,2000-04-05 14:00:00,0.0,0.34619647541530363,0.3583954550705775,0.3666255582259426,-0.05749483022965941,-0.10499265938658223,1.0,0.0
Milwaukee,2000-04-05 15:00:00,0.0,0.34619647541530363,0.3583954550705775,0.3666255582259426,-0.05749483022965941,-0.10499265938658223,1.0,0.0
Milwaukee,2000-04-05 16:00:00,0.0,0.34619647541530363,0.3583954550705775,0.3666255582259426,-0.05749483022965941,-0.10499265938658223,1.0,0.0
Milwaukee,2000-04-05 17:00:00,0.0,0.34619647541530363,0.3583954550705775,0.3666255582259426,-0.05749483022965941,-0.10499265938658223,1.0,0.0
Milwaukee,2000-04-05 18:00:00,0.0,0.34619647541530363,0.3583954550705775,0.3666255582259426,-0.05749483022965941,-0.10499265938658223,1.0,0.0
Milwaukee,2000-04-05 19:00:00,0.0,0.34619647541530363,0.3583954550705775,0.3666255582259426,-0.05749483022965941,-0.10499265938658223,1.0,0.0
Milwaukee,2000-04-05 20:00:00,0.0,0.34619647541530363,0.3583954550705775,0.3666255582259426,-0.05749483022965941,-0.10499265938658223,1.0,0.0
Milwaukee,2000-04-05 21:00:00,0.0,0.34619647541530363,0.3583954550705775,0.3666255582259426,-0.05749483022965941,-0.10499265938658223,1.0,0.0
Milwaukee,2000-04-05 22:00:00,0.0,0.34619647541530363,0.3583954550705775,0.3666255582259426,-0.05749483022965941,-0.10499265938658223,1.0,0.0
Milwaukee,2000-04-05 23:00:00,0.0,0.34619647541530363,0.3583954550705775,0.3666255582259426,-0.05749483022965941,-0.10499265938658223,1.0,0.0
Milwaukee,2000-04-06 00:00:00,0.0,0.34619647541530363,0.3583954550705775,0.3666255582259426,-0.05749483022965941,-0.10499265938658223,1.0,0.0
Milwaukee,2000-04-06 01:00:00,0.0,0.34619647541530363,0.3583954550705775,0.3666255582259426,-0.05749483022965941,-0.10499265938658223,1.0,0.0
Milwaukee,2000-04-06 02:00:00,0.0,0.34619647541530363,0.3583954550705775,0.3666255582259426,-0.05749483022965941,-0.10499265938658223,1.0,0.0
Milwaukee,2000-04-06 03:00:00,0.0,0.34619647541530363,0.3583954550705775,0.3666255582259426,-0.05749483022965941,-0.10499265938658223,1.0,0.0
Milwaukee,2000-04-06 04:00:00,0.0,0.34619647541530363,0.3583954550705775,0.3666255582259426,-0.05749483022965941,-0.10499265938658223,1.0,0.0
Milwaukee,2000-04-06 05:00:00,0.0,0.34619647541530363,0.3583954550705775,0.3666255582259426,-0.05749483022965941,-0.10499265938658223,1.0,0.0
Milwaukee,2000-04-06 06:00:00,0.0,0.34619647541530363,0.3583954550705775,0.3666255582259426,-0.05749483022965941,-0.10499265938658223,1.0,0.0
Milwaukee,2000-04-06 07:00:00,0.0,0.34619647541530363,0.3583954550705775,0.3666255582259426,-0.05749483022965941,-0.10499265938658223,1.0,0.0
Milwaukee,2000-04-06 08:00:00,0.0,0.34619647541530363,0.3583954550705775,0.3666255582259426,-0.05749483022965941,-0.10499265938658223,1.0,0.0
Milwaukee,2000-04-06 09:00:00,0.0,0.34619647541530363,0.3583954550705775,0.3666255582259426,-0.05749483022965941,-0.10499265938658223,1.0,0.0
Milwaukee,2000-04-06 10:00:00,0.0,0.34619647541530363,0.3583954550705775,0.3666255582259426,-0.05749483022965941,-0.10499265938658223,1.0,0.0
Milwaukee,2000-04-06 11:00:00,0.0,0.34619647541530363,0.3583954550705775,0.3666255582259426,-0.05749483022965941,-0.10499265938658223,1.0,0.0
Milwaukee,2000-04-06 12:00:00,0.0,0.34619647541530363,0.3583954550705775,0.3666255582259426,-0.05749483022965941,-0.10499265938658223,1.0,0.0
Milwaukee,2000-04-06 13:00:00,0.0,0.34619647541530363,0.3583954550705775,0.3666255582259426,-0.05749483022965941,-0.10499265938658223,1.0,0.0
Milwaukee,2000-04-06 14:00:00,0.0,0.34619647541530363,0.3583954550705775,0.3666255582259426,-0.05749483022965941,-0.10499265938658223,1.0,0.0
Milwaukee,2000-04-06 15:00:00,0.0,0.34619647541530363,0.3583954550705775,0.3666255582259426,-0.05749483022965941,-0.10499265938658223,1.0,0.0
Milwaukee,2000-04-06 16:00:00,0.0,0.34619647541530363,0.3583954550705775,0.3666255582259426,-0.05749483022965941,-0.10499265938658223,1.0,0.0
Milwaukee,2000-04-06 17:00:00,0.0,0.34619647541530363,0.3583954550705775,0.3666255582259426,-0.05749483022965941,-0.10499265938658223,1.0,0.0
Milwaukee,2000-04-06 18:00:00,0.0,0.34619647541530363,0.3583954550705775,0.3666255582259426,-0.05749483022965941,-0.10499265938658223,1.0,0.0
Milwaukee,2000-04-06 19:00:00,0.0,0.34619647541530363,0.3583954550705775,0.3666255582259426,-0.05749483022965941,-0.10499265938658223,1.0,0.0
Milwaukee,2000-04-06 20:00:00,0.0,0.34619647541530363,0.3583954550705775,0.3666255582259426,-0.05749483022965941,-0.10499265938658223,1.0,0.0
Milwaukee,2000-04-06 21:00:00,0.0,0.34619647541530363,0.3583954550705775,0.3666255582259426,-0.05749483022965941,-0.10499265938658223,1.0,0.0
Milwaukee,2000-04-06 22:00:00,0.0,0.34619647541530363,0.3583954550705775,0.3666255582259426,-0.05749483022965941,-0.10499265938658223,1.0,0.0
Milwaukee,2000-04-06 23:00:00,0.0,0.34619647541530363,0.3583954550705775,0.3666255582259426,-0.05749483022965941,-0.10499265938658223,1.0,0.0
Milwaukee,2000-04-07 00:00:00,0.0,0.34619647541530363,0.3583954550705775,0.3666255582259426,-0.05749483022965941,-0.10499265938658223,1.0,0.0
Milwaukee,2000-04-07 01:00:00,0.0,0.34619647541530363,0.3583954550705775,0.3666255582259426,-0.05749483022965941,-0.10499265938658223,1.0,0.0
Milwaukee,2000-04-07 02:00:00,0.0,0.34619647541530363,0.3583954550705775,0.3666255582259426,-0.05749483022965941,-0.10499265938658223,1.0,0.0
Milwaukee,2000-04-07 03:00:00,0.0,0.34619647541530363,0.3583954550705775,0.3666255582259426,-0.05749483022965941,-0.10499265938658223,1.0,0.0
Milwaukee,2000-04-07 04:00:00,0.0,0.34619647541530363,0.3583954550705775,0.3666255582259426,-0.05749483022965941,-0.10499265938658223,1.0,0.0
Milwaukee,2000-04-07 05:00:00,0.0,0.34619647541530363,0.3583954550705775,0.3666255582259426,-0.05749483022965941,-0.10499265938658223,1.0,0.0
Milwaukee,2000-04-07 06:00:00,0.0,0.34619647541530363,0.3583954550705775,0.3666255582259426,-0.05749483022965941,-0.10499265938658223,1.0,0.0
Milwaukee,2000-04-07 07:00:00,0.0,0.34619647541530363,0.3583954550705775,0.3666255582259426,-0.05749483022965941,-0.10499265938658223,1.0,0.0
Milwaukee,2000-04-07 08:00:00,0.0,0.34619647541530363,0.3583954550705775,0.3666255582259426,-0.05749483022965941,-0.10499265938658223,1.0,0.0
Milwaukee,2000-04-07 09:00:00,0.0,0.34619647541530363,0.3583954550705775,0.3666255582259426,-0.05749483022965941,-0.10499265938658223,1.0,0.0
Milwaukee,2000-04-07 10:00:00,0.0,0.34619647541530363,0.3583954550705775,0.3666255582259426,-0.05749483022965941,-0.10499265938658223,1.0,0.0
Milwaukee,2000-04-07 11:00:00,0.0,0.34619647541530363,0.3583954550705775,0.3666255582259426,-0.05749483022965941,-0.10499265938658223,1.0,0.0
Milwaukee,2000-04-07 12:00:00,0.0,0.34619647541530363,0.3583954550705775,0.3666255582259426,-0.05749483022965941,-0.10499265938658223,1.0,0.0
Milwaukee,2000-04-07 13:00:00,1.2000000178813934,0.6601755800539598,0.5985443956502143,0.5876076480726564,1.5670373014917685,1.6670669996884002,1.063833642059067,1.2766003894937084
Milwaukee,2000-04-07 14:00:00,1.8000000268220901,0.7711974276738451,0.6955899734777475,0.6790646040718362,2.379303367352482,2.553096829225891,1.0730438431089155,1.9314789463773268
Milwaukee,2000-04-07 15:00:00,2.500000037252903,0.8604186409353325,0.7848019648665834,0.7655081628792283,3.3269471108566484,3.586798297019631,1.0781049946105317,2.69526252668887
Milwaukee,2000-04-07 16:00:00,1.3000000193715096,0.6811098161440119,0.6160277990081728,0.6039355221962737,1.7024149791352212,1.8147386379446493,1.0659790122773034,1.3857727366101171
Milwaukee,2000-04-07 17:00:00,1.0000000149011612,0.6153868482101035,0.562101850089929,0.5537391217635472,1.296281946204864,1.3717237231759034,1.0581985864972592,1.0581986022656469
Milwaukee,2000-04-07 18:00:00,0.5000000074505806,0.4879054674974853,0.4635494842166189,0.4629590707286823,0.6193935579876022,0.6333655318946606,1.0225575060103194,0.5112787606238068
Milwaukee,2000-04-07 19:00:00,0.800000011920929,0.5668587624286637,0.5238351948323483,0.518375294178048,1.0255265909179592,1.0763804466634062,1.0495880420808272,0.8396704461767263
Milwaukee,2000-04-07 20:00:00,0.7000000104308128,0.5412961978369442,0.5040882360000163,0.5001902799477915,0.8901489132745067,0.9287088084071575,1.0433184768948425,0.7303229447090495
Milwaukee,2000-04-07 21:00:00,0.7000000104308128,0.5412961978369442,0.5040882360000163,0.5001902799477915,0.8901489132745067,0.9287088084071575,1.0433184768948425,0.7303229447090495
Milwaukee,2000-04-07 22:00:00,0.9000000134110451,0.5915727882419518,0.543183605811401,0.5362334205342039,1.1609042685614115,1.2240520849196546,1.05439536925512,0.9489558464701519
Milwaukee,2000-04-07 23:00:00,0.7000000104308128,0.5412961978369442,0.5040882360000163,0.5001902799477915,0.8901489132745067,0.9287088084071575,1.0433184768948425,0.7303229447090495
Milwaukee,2000-04-08 00:00:00,1.2000000178813934,0.6601755800539598,0.5985443956502143,0.5876076480726564,1.5670373014917685,1.6670669996884002,1.063833642059067,1.2766003894937084
Milwaukee,2000-04-08 01:00:00,1.1000000163912773,0.6382630095217223,0.5805629597505817,0.5708701973896023,1.4316596238483161,1.5193953614321518,1.0612825395941536,1.1674108109493455
Milwaukee,2000-04-08 02:00:00,0.9000000134110451,0.5915727882419518,0.543183605811401,0.5362334205342039,1.1609042685614115,1.2240520849196546,1.05439536925512,0.9489558464701519
Milwaukee,2000-04-08 03:00:00,0.6000000089406967,0.5149511800867037,0.4839791863801989,0.48170736485828647,0.7547712356310545,0.7810371701509091,1.0347998615738105,0.6208799261961181
Milwaukee,2000-04-08 04:00:00,0.0,0.34619647541530363,0.3583954550705775,0.3666255582259426,-0.05749483022965941,-0.10499265938658223,1.0,0.0
Milwaukee,2000-04-08 05:00:00,0.10000000149011612,0.37493462778701603,0.37963028842970437,0.38608798432978486,0.077882847413793,0.04267897886966643,0.5479894519381427,0.05479894601038219
Milwaukee,2000-04-08 06:00:00,0.4000000059604645,0.4602572840073257,0.44284563734884813,0.44398150563378375,0.4840158803441499,0.4856938936384119,1.0034668558665243,0.40138674832773824
Milwaukee,2000-04-08 07:00:00,0.10000000149011612,0.37493462778701603,0.37963028842970437,0.38608798432978486,0.077882847413793,0.04267897886966643,0.5479894519381427,0.05479894601038219
Milwaukee,2000-04-08 08:00:00,0.0,0.34619647541530363,0.3583954550705775,0.3666255582259426,-0.05749483022965941,-0.10499265938658223,1.0,0.0
Milwaukee,2000-04-08 09:00:00,0.0,0.34619647541530363,0.3583954550705775,0.3666255582259426,-0.05749483022965941,-0.10499265938658223,1.0,0.0
Milwaukee,2000-04-08 10:00:00,0.0,0.34619647541530363,0.3583954550705775,0.3666255582259426,-0.05749483022965941,-0.10499265938658223,1.0,0.0
Milwaukee,2000-04-08 11:00:00,0.0,0.34619647541530363,0.3583954550705775,0.3666255582259426,-0.05749483022965941,-0.10499265938658223,1.0,0.0
Milwaukee,2000-04-08 12:00:00,0.0,0.34619647541530363,0.3583954550705775,0.3666255582259426,-0.05749483022965941,-0.10499265938658223,1.0,0.0
Milwaukee,2000-04-08 13:00:00,0.0,0.34619647541530363,0.3583954550705775,0.3666255582259426,-0.05749483022965941,-0.10499265938658223,1.0,0.0
Milwaukee,2000-04-08 14:00:00,0.0,0.34619647541530363,0.3583954550705775,0.3666255582259426,-0.05749483022965941,-0.10499265938658223,1.0,0.0
Milwaukee,2000-04-08 15:00:00,0.0,0.34619647541530363,0.3583954550705775,0.3666255582259426,-0.05749483022965941,-0.10499265938658223,1.0,0.0
Milwaukee,2000-04-08 16:00:00,0.0,0.34619647541530363,0.3583954550705775,0.3666255582259426,-0.05749483022965941,-0.10499265938658223,1.0,0.0
Milwaukee,2000-04-08 17:00:00,0.0,0.34619647541530363,0.3583954550705775,0.3666255582259426,-0.05749483022965941,-0.10499265938658223,1.0,0.0
Milwaukee,2000-04-08 18:00:00,0.0,0.34619647541530363,0.3583954550705775,0.3666255582259426,-0.05749483022965941,-0.10499265938658223,1.0,0.0
Milwaukee,2000-04-08 19:00:00,0.0,0.34619647541530363,0.3583954550705775,0.3666255582259426,-0.05749483022965941,-0.10499265938658223,1.0,0.0
Milwaukee,2000-04-08 20:00:00,0.0,0.34619647541530363,0.3583954550705775,0.3666255582259426,-0.05749483022965941,-0.10499265938658223,1.0,0.0
Milwaukee,2000-04-08 21:00:00,0.0,0.34619647541530363,0.3583954550705775,0.3666255582259426,-0.05749483022965941,-0.10499265938658223,1.0,0.0
Milwaukee,2000-04-08 22:00:00,0.0,0.34619647541530363,0.3583954550705775,0.3666255582259426,-0.05749483022965941,-0.10499265938658223,1.0,0.0
Milwaukee,2000-04-08 23:00:00,0.0,0.34619647541530363,0.3583954550705775,0.3666255582259426,-0.05749483022965941,-0.10499265938658223,1.0,0.0
Milwaukee,2000-04-09 00:00:00,0.0,0.34619647541530363,0.3583954550705775,0.3666255582259426,-0.05749483022965941,-0.10499265938658223,1.0,0.0
Milwaukee,2000-04-09 01:00:00,0.0,0.34619647541530363,0.3583954550705775,0.3666255582259426,-0.05749483022965941,-0.10499265938658223,1.0,0.0
Milwaukee,2000-04-09 02:00:00,0.0,0.34619647541530363,0.3583954550705775,0.3666255582259426,-0.05749483022965941,-0.10499265938658223,1.0,0.0
Milwaukee,2000-04-09 03:00:00,0.0,0.34619647541530363,0.3583954550705775,0.3666255582259426,-0.05749483022965941,-0.10499265938658223,1.0,0.0
Milwaukee,2000-04-09 04:00:00,0.0,0.34619647541530363,0.3583954550705775,0.3666255582259426,-0.05749483022965941,-0.10499265938658223,1.0,0.0
Milwaukee,2000-04-09 05:00:00,0.0,0.34619647541530363,0.3583954550705775,0.3666255582259426,-0.05749483022965941,-0.10499265938658223,1.0,0.0
Milwaukee,2000-04-09 06:00:00,0.0,0.34619647541530363,0.3583954550705775,0.3666255582259426,-0.05749483022965941,-0.10499265938658223,1.0,0.0
Milwaukee,2000-04-09 07:00:00,0.0,0.34619647541530363,0.3583954550705775,0.3666255582259426,-0.05749483022965941,-0.10499265938658223,1.0,0.0
Milwaukee,2000-04-09 08:00:00,0.0,0.34619647541530363,0.3583954550705775,0.3666255582259426,-0.05749483022965941,-0.10499265938658223,1.0,0.0
Milwaukee,2000-04-09 09:00:00,0.0,0.34619647541530363,0.3583954550705775,0.3666255582259426,-0.05749483022965941,-0.10499265938658223,1.0,0.0
Milwaukee,2000-04-09 10:00:00,0.0,0.34619647541530363,0.3583954550705775,0.3666255582259426,-0.05749483022965941,-0.10499265938658223,1.0,0.0
Milwaukee,2000-04-09 11:00:00,0.0,0.34619647541530363,0.3583954550705775,0.3666255582259426,-0.05749483022965941,-0.10499265938658223,1.0,0.0
Milwaukee,2000-04-09 12:00:00,0.0,0.34619647541530363,0.3583954550705775,0.3666255582259426,-0.05749483022965941,-0.10499265938658223,1.0,0.0
Milwaukee,2000-04-09 13:00:00,0.0,0.34619647541530363,0.3583954550705775,0.3666255582259426,-0.05749483022965941,-0.10499265938658223,1.0,0.0
Milwaukee,2000-04-09 14:00:00,0.0,0.34619647541530363,0.3583954550705775,0.3666255582259426,-0.05749483022965941,-0.10499265938658223,1.0,0.0
Milwaukee,2000-04-09 15:00:00,0.0,0.34619647541530363,0.3583954550705775,0.3666255582259426,-0.05749483022965941,-0.10499265938658223,1.0,0.0
Milwaukee,2000-04-09 16:00:00,0.0,0.34619647541530363,0.3583954550705775,0.3666255582259426,-0.05749483022965941,-0.10499265938658223,1.0,0.0
Milwaukee,2000-04-09 17:00:00,0.0,0.34619647541530363,0.3583954550705775,0.3666255582259426,-0.05749483022965941,-0.10499265938658223,1.0,0.0
Milwaukee,2000-04-09 18:00:00,0.0,0.34619647541530363,0.3583954550705775,0.3666255582259426,-0.05749483022965941,-0.10499265938658223,1.0,0.0
Milwaukee,2000-04-09 19:00:00,0.0,0.34619647541530363,0.3583954550705775,0.3666255582259426,-0.05749483022965941,-0.10499265938658223,1.0,0.0
Milwaukee,2000-04-09 20:00:00,0.0,0.34619647541530363,0.3583954550705775,0.3666255582259426,-0.05749483022965941,-0.10499265938658223,1.0,0.0
Milwaukee,2000-04-09 21:00:00,0.0,0.34619647541530363,0.3583954550705775,0.3666255582259426,-0.05749483022965941,-0.10499265938658223,1.0,0.0
Milwaukee,2000-04-09 22:00:00,0.0,0.34619647541530363,0.3583954550705775,0.3666255582259426,-0.05749483022965941,-0.10499265938658223,1.0,0.0
Milwaukee,2000-04-09 23:00:00,0.0,0.34619647541530363,0.3583954550705775,0.3666255582259426,-0.05749483022965941,-0.10499265938658223,1.0,0.0
Milwaukee,2000-04-10 00:00:00,0.0,0.34619647541530363,0.3583954550705775,0.3666255582259426,-0.05749483022965941,-0.10499265938658223,1.0,0.0
Milwaukee,2000-04-10 01:00:00,0.0,0.34619647541530363,0.3583954550705775,0.3666255582259426,-0.05749483022965941,-0.10499265938658223,1.0,0.0
Milwaukee,2000-04-10 02:00:00,0.0,0.34619647541530363,0.3583954550705775,0.3666255582259426,-0.05749483022965941,-0.10499265938658223,1.0,0.0
Milwaukee,2000-04-10 03:00:00,0.0,0.34619647541530363,0.3583954550705775,0.3666255582259426,-0.05749483022965941,-0.10499265938658223,1.0,0.0
Milwaukee,2000-04-10 04:00:00,0.0,0.34619647541530363,0.3583954550705775,0.3666255582259426,-0.05749483022965941,-0.10499265938658223,1.0,0.0
Milwaukee,2000-04-10 05:00:00,0.0,0.34619647541530363,0.3583954550705775,0.3666255582259426,-0.05749483022965941,-0.10499265938658223,1.0,0.0
Milwaukee,2000-04-10 06:00:00,0.0,0.34619647541530363,0.3583954550705775,0.3666255582259426,-0.05749483022965941,-0.10499265938658223,1.0,0.0
Milwaukee,2000-04-10 07:00:00,0.0,0.34619647541530363,0.3583954550705775,0.3666255582259426,-0.05749483022965941,-0.10499265938658223,1.0,0.0
Milwaukee,2000-04-10 08:00:00,0.0,0.34619647541530363,0.3583954550705775,0.3666255582259426,-0.05749483022965941,-0.10499265938658223,1.0,0.0
Milwaukee,2000-04-10 09:00:00,0.0,0.34619647541530363,0.3583954550705775,0.3666255582259426,-0.05749483022965941,-0.10499265938658223,1.0,0.0
Milwaukee,2000-04-10 10:00:00,0.0,0.34619647541530363,0.3583954550705775,0.3666255582259426,-0.05749483022965941,-0.10499265938658223,1.0,0.0
Milwaukee,2000-04-10 11:00:00,0.0,0.34619647541530363,0.3583954550705775,0.3666255582259426,-0.05749483022965941,-0.10499265938658223,1.0,0.0
Milwaukee,2000-04-10 12:00:00,0.0,0.34619647541530363,0.3583954550705775,0.3666255582259426,-0.05749483022965941,-0.10499265938658223,1.0,0.0
Milwaukee,2000-04-10 13:00:00,0.0,0.34619647541530363,0.3583954550705775,0.3666255582259426,-0.05749483022965941,-0.10499265938658223,1.0,0.0
Milwaukee,2000-04-10 14:00:00,0.0,0.34619647541530363,0.3583954550705775,0.3666255582259426,-0.05749483022965941,-0.10499265938658223,1.0,0.0
Milwaukee,2000-04-10 15:00:00,0.0,0.34619647541530363,0.3583954550705775,0.3666255582259426,-0.05749483022965941,-0.10499265938658223,1.0,0.0
Milwaukee,2000-04-10 16:00:00,0.0,0.34619647541530363,0.3583954550705775,0.3666255582259426,-0.05749483022965941,-0.10499265938658223,1.0,0.0
Milwaukee,2000-04-10 17:00:00,0.0,0.34619647541530363,0.3583954550705775,0.3666255582259426,-0.05749483022965941,-0.10499265938658223,1.0,0.0
Milwaukee,2000-04-10 18:00:00,0.0,0.34619647541530363,0.3583954550705775,0.3666255582259426,-0.05749483022965941,-0.10499265938658223,1.0,0.0
Milwaukee,2000-04-10 19:00:00,0.0,0.34619647541530363,0.3583954550705775,0.3666255582259426,-0.05749483022965941,-0.10499265938658223,1.0,0.0
Milwaukee,2000-04-10 20:00:00,0.0,0.34619647541530363,0.3583954550705775,0.3666255582259426,-0.05749483022965941,-0.10499265938658223,1.0,0.0
Milwaukee,2000-04-10 21:00:00,0.0,0.34619647541530363,0.3583954550705775,0.3666255582259426,-0.05749483022965941,-0.10499265938658223,1.0,0.0
Milwaukee,2000-04-10 22:00:00,0.0,0.34619647541530363,0.3583954550705775,0.3666255582259426,-0.05749483022965941,-0.10499265938658223,1.0,0.0
Milwaukee,2000-04-10 23:00:00,0.0,0.34619647541530363,0.3583954550705775,0.3666255582259426,-0.05749483022965941,-0.10499265938658223,1.0,0.0
Milwaukee,2000-04-11 00:00:00,0.10000000149011612,0.37493462778701603,0.37963028842970437,0.38608798432978486,0.077882847413793,0.04267897886966643,0.5479894519381427,0.05479894601038219
Milwaukee,2000-04-11 01:00:00,0.10000000149011612,0.37493462778701603,0.37963028842970437,0.38608798432978486,0.077882847413793,0.04267897886966643,0.5479894519381427,0.05479894601038219
Milwaukee,2000-04-11 02:00:00,0.20000000298023224,0.4036312859866724,0.40082695074191593,0.4055009521190948,0.2132605250572452,0.1903506171259148,0.8925731429893989,0.17851463125795505
Milwaukee,2000-04-11 03:00:00,0.20000000298023224,0.4036312859866724,0.40082695074191593,0.4055009521190948,0.2132605250572452,0.1903506171259148,0.8925731429893989,0.17851463125795505
Milwaukee,2000-04-11 04:00:00,0.10000000149011612,0.37493462778701603,0.37963028842970437,0.38608798432978486,0.077882847413793,0.04267897886966643,0.5479894519381427,0.05479894601038219
Milwaukee,2000-04-11 05:00:00,0.20000000298023224,0.4036312859866724,0.40082695074191593,0.4055009521190948,0.2132605250572452,0.1903506171259148,0.8925731429893989,0.17851463125795505
Milwaukee,2000-04-11 06:00:00,0.20000000298023224,0.4036312859866724,0.40082695074191593,0.4055009521190948,0.2132605250572452,0.1903506171259148,0.8925731429893989,0.17851463125795505
Milwaukee,2000-04-11 07:00:00,0.20000000298023224,0.4036312859866724,0.40082695074191593,0.4055009521190948,0.2132605250572452,0.1903506171259148,0.8925731429893989,0.17851463125795505
Milwaukee,2000-04-11 08:00:00,0.10000000149011612,0.37493462778701603,0.37963028842970437,0.38608798432978486,0.077882847413793,0.04267897886966643,0.5479894519381427,0.05479894601038219
Milwaukee,2000-04-11 09:00:00,0.10000000149011612,0.37493462778701603,0.37963028842970437,0.38608798432978486,0.077882847413793,0.04267897886966643,0.5479894519381427,0.05479894601038219
Milwaukee,2000-04-11 10:00:00,0.20000000298023224,0.4036312859866724,0.40082695074191593,0.4055009521190948,0.2132605250572452,0.1903506171259148,0.8925731429893989,0.17851463125795505
Milwaukee,2000-04-11 11:00:00,0.20000000298023224,0.4036312859866724,0.40082695074191593,0.4055009521190948,0.2132605250572452,0.1903506171259148,0.8925731429893989,0.17851463125795505
Milwaukee,2000-04-11 12:00:00,0.10000000149011612,0.37493462778701603,0.37963028842970437,0.38608798432978486,0.077882847413793,0.04267897886966643,0.5479894519381427,0.05479894601038219
Milwaukee,2000-04-11 13:00:00,0.0,0.34619647541530363,0.3583954550705775,0.3666255582259426,-0.05749483022965941,-0.10499265938658223,1.0,0.0
Milwaukee,2000-04-11 14:00:00,0.0,0.34619647541530363,0.3583954550705775,0.3666255582259426,-0.05749483022965941,-0.10499265938658223,1.0,0.0
Milwaukee,2000-04-11 15:00:00,0.0,0.34619647541530363,0.3583954550705775,0.3666255582259426,-0.05749483022965941,-0.10499265938658223,1.0,0.0
Milwaukee,2000-04-11 16:00:00,0.0,0.34619647541530363,0.3583954550705775,0.3666255582259426,-0.05749483022965941,-0.10499265938658223,1.0,0.0
Milwaukee,2000-04-11 17:00:00,0.0,0.34619647541530363,0.3583954550705775,0.3666255582259426,-0.05749483022965941,-0.10499265938658223,1.0,0.0
Milwaukee,2000-04-11 18:00:00,0.0,0.34619647541530363,0.3583954550705775,0.3666255582259426,-0.05749483022965941,-0.10499265938658223,1.0,0.0
Milwaukee,2000-04-11 19:00:00,0.0,0.34619647541530363,0.3583954550705775,0.3666255582259426,-0.05749483022965941,-0.10499265938658223,1.0,0.0
Milwaukee,2000-04-11 20:00:00,0.0,0.34619647541530363,0.3583954550705775,0.3666255582259426,-0.05749483022965941,-0.10499265938658223,1.0,0.0
Milwaukee,2000-04-11 21:00:00,0.0,0.34619647541530363,0.3583954550705775,0.3666255582259426,-0.05749483022965941,-0.10499265938658223,1.0,0.0
Milwaukee,2000-04-11 22:00:00,0.0,0.34619647541530363,0.3583954550705775,0.3666255582259426,-0.05749483022965941,-0.10499265938658223,1.0,0.0
Milwaukee,2000-04-11 23:00:00,0.0,0.34619647541530363,0.3583954550705775,0.3666255582259426,-0.05749483022965941,-0.10499265938658223,1.0,0.0
Milwaukee,2000-04-12 00:00:00,0.0,0.34619647541530363,0.3583954550705775,0.3666255582259426,-0.05749483022965941,-0.10499265938658223,1.0,0.0
Milwaukee,2000-04-12 01:00:00,0.0,0.34619647541530363,0.3583954550705775,0.3666255582259426,-0.05749483022965941,-0.10499265938658223,1.0,0.0
Milwaukee,2000-04-12 02:00:00,0.30000000447034836,0.4321218104209064,0.4219192462835154,0.42481437583882836,0.3486382027006978,0.3380222553821637,0.9695502465412611,0.2908650782966057
Milwaukee,2000-04-12 03:00:00,0.4000000059604645,0.4602572840073257,0.44284563734884813,0.44398150563378375,0.4840158803441499,0.4856938936384119,1.0034668558665243,0.40138674832773824
Milwaukee,2000-04-12 04:00:00,0.0,0.34619647541530363,0.3583954550705775,0.3666255582259426,-0.05749483022965941,-0.10499265938658223,1.0,0.0
Milwaukee,2000-04-12 05:00:00,0.0,0.34619647541530363,0.3583954550705775,0.3666255582259426,-0.05749483022965941,-0.10499265938658223,1.0,0.0
Milwaukee,2000-04-12 06:00:00,0.0,0.34619647541530363,0.3583954550705775,0.3666255582259426,-0.05749483022965941,-0.10499265938658223,1.0,0.0
Milwaukee,2000-04-12 07:00:00,0.0,0.34619647541530363,0.3583954550705775,0.3666255582259426,-0.05749483022965941,-0.10499265938658223,1.0,0.0
Milwaukee,2000-04-12 08:00:00,0.0,0.34619647541530363,0.3583954550705775,0.3666255582259426,-0.05749483022965941,-0.10499265938658223,1.0,0.0
Milwaukee,2000-04-12 09:00:00,0.0,0.34619647541530363,0.3583954550705775,0.3666255582259426,-0.05749483022965941,-0.10499265938658223,1.0,0.0
Milwaukee,2000-04-12 10:00:00,0.0,0.34619647541530363,0.3583954550705775,0.3666255582259426,-0.05749483022965941,-0.10499265938658223,1.0,0.0
Milwaukee,2000-04-12 11:00:00,0.0,0.34619647541530363,0.3583954550705775,0.3666255582259426,-0.05749483022965941,-0.10499265938658223,1.0,0.0
Milwaukee,2000-04-12 12:00:00,0.0,0.34619647541530363,0.3583954550705775,0.3666255582259426,-0.05749483022965941,-0.10499265938658223,1.0,0.0
Milwaukee,2000-04-12 13:00:00,0.0,0.34619647541530363,0.3583954550705775,0.3666255582259426,-0.05749483022965941,-0.10499265938658223,1.0,0.0
Milwaukee,2000-04-12 14:00:00,0.0,0.34619647541530363,0.3583954550705775,0.3666255582259426,-0.05749483022965941,-0.10499265938658223,1.0,0.0
Milwaukee,2000-04-12 15:00:00,0.0,0.34619647541530363,0.3583954550705775,0.3666255582259426,-0.05749483022965941,-0.10499265938658223,1.0,0.0
Milwaukee,2000-04-12 16:00:00,0.0,0.34619647541530363,0.3583954550705775,0.3666255582259426,-0.05749483022965941,-0.10499265938658223,1.0,0.0
Milwaukee,2000-04-12 17:00:00,0.0,0.34619647541530363,0.3583954550705775,0.3666255582259426,-0.05749483022965941,-0.10499265938658223,1.0,0.0
Milwaukee,2000-04-12 18:00:00,0.0,0.34619647541530363,0.3583954550705775,0.3666255582259426,-0.05749483022965941,-0.10499265938658223,1.0,0.0
Milwaukee,2000-04-12 19:00:00,0.0,0.34619647541530363,0.3583954550705775,0.3666255582259426,-0.05749483022965941,-0.10499265938658223,1.0,0.0
Milwaukee,2000-04-12 20:00:00,0.0,0.34619647541530363,0.3583954550705775,0.3666255582259426,-0.05749483022965941,-0.10499265938658223,1.0,0.0
Milwaukee,2000-04-12 21:00:00,0.0,0.34619647541530363,0.3583954550705775,0.3666255582259426,-0.05749483022965941,-0.10499265938658223,1.0,0.0
Milwaukee,2000-04-12 22:00:00,0.0,0.34619647541530363,0.3583954550705775,0.3666255582259426,-0.05749483022965941,-0.10499265938658223,1.0,0.0
Milwaukee,2000-04-12 23:00:00,0.0,0.34619647541530363,0.3583954550705775,0.3666255582259426,-0.05749483022965941,-0.10499265938658223,1.0,0.0
Milwaukee,2000-04-13 00:00:00,0.0,0.34619647541530363,0.3583954550705775,0.3666255582259426,-0.05749483022965941,-0.10499265938658223,1.0,0.0
Milwaukee,2000-04-13 01:00:00,0.0,0.34619647541530363,0.3583954550705775,0.3666255582259426,-0.05749483022965941,-0.10499265938658223,1.0,0.0
Milwaukee,2000-04-13 02:00:00,0.0,0.34619647541530363,0.3583954550705775,0.3666255582259426,-0.05749483022965941,-0.10499265938658223,1.0,0.0
Milwaukee,2000-04-13 03:00:00,0.0,0.34619647541530363,0.3583954550705775,0.3666255582259426,-0.05749483022965941,-0.10499265938658223,1.0,0.0
Milwaukee,2000-04-13 04:00:00,0.0,0.34619647541530363,0.3583954550705775,0.3666255582259426,-0.05749483022965941,-0.10499265938658223,1.0,0.0
Milwaukee,2000-04-13 05:00:00,0.0,0.34619647541530363,0.3583954550705775,0.3666255582259426,-0.05749483022965941,-0.10499265938658223,1.0,0.0
Milwaukee,2000-04-13 06:00:00,0.0,0.34619647541530363,0.3583954550705775,0.3666255582259426,-0.05749483022965941,-0.10499265938658223,1.0,0.0
Milwaukee,2000-04-13 07:00:00,0.0,0.34619647541530363,0.3583954550705775,0.3666255582259426,-0.05749483022965941,-0.10499265938658223,1.0,0.0
Milwaukee,2000-04-13 08:00:00,0.0,0.34619647541530363,0.3583954550705775,0.3666255582259426,-0.05749483022965941,-0.10499265938658223,1.0,0.0
Milwaukee,2000-04-13 09:00:00,0.0,0.34619647541530363,0.3583954550705775,0.3666255582259426,-0.05749483022965941,-0.10499265938658223,1.0,0.0
Milwaukee,2000-04-13 10:00:00,0.0,0.34619647541530363,0.3583954550705775,0.3666255582259426,-0.05749483022965941,-0.10499265938658223,1.0,0.0
Milwaukee,2000-04-13 11:00:00,0.0,0.34619647541530363,0.3583954550705775,0.3666255582259426,-0.05749483022965941,-0.10499265938658223,1.0,0.0
Milwaukee,2000-04-13 12:00:00,0.0,0.34619647541530363,0.3583954550705775,0.3666255582259426,-0.05749483022965941,-0.10499265938658223,1.0,0.0
Milwaukee,2000-04-13 13:00:00,0.0,0.34619647541530363,0.3583954550705775,0.3666255582259426,-0.05749483022965941,-0.10499265938658223,1.0,0.0
Milwaukee,2000-04-13 14:00:00,0.0,0.34619647541530363,0.3583954550705775,0.3666255582259426,-0.05749483022965941,-0.10499265938658223,1.0,0.0
Milwaukee,2000-04-13 15:00:00,0.0,0.34619647541530363,0.3583954550705775,0.3666255582259426,-0.05749483022965941,-0.10499265938658223,1.0,0.0
Milwaukee,2000-04-13 16:00:00,0.0,0.34619647541530363,0.3583954550705775,0.3666255582259426,-0.05749483022965941,-0.10499265938658223,1.0,0.0
Milwaukee,2000-04-13 17:00:00,0.0,0.34619647541530363,0.3583954550705775,0.3666255582259426,-0.05749483022965941,-0.10499265938658223,1.0,0.0
Milwaukee,2000-04-13 18:00:00,0.0,0.34619647541530363,0.3583954550705775,0.3666255582259426,-0.05749483022965941,-0.10499265938658223,1.0,0.0
Milwaukee,2000-04-13 19:00:00,0.0,0.34619647541530363,0.3583954550705775,0.3666255582259426,-0.05749483022965941,-0.10499265938658223,1.0,0.0
Milwaukee,2000-04-13 20:00:00,0.0,0.34619647541530363,0.3583954550705775,0.3666255582259426,-0.05749483022965941,-0.10499265938658223,1.0,0.0
Milwaukee,2000-04-13 21:00:00,0.0,0.34619647541530363,0.3583954550705775,0.3666255582259426,-0.05749483022965941,-0.10499265938658223,1.0,0.0
Milwaukee,2000-04-13 22:00:00,0.0,0.34619647541530363,0.3583954550705775,0.3666255582259426,-0.05749483022965941,-0.10499265938658223,1.0,0.0
Milwaukee,2000-04-13 23:00:00,0.0,0.34619647541530363,0.3583954550705775,0.3666255582259426,-0.05749483022965941,-0.10499265938658223,1.0,0.0
Milwaukee,2000-04-14 00:00:00,0.0,0.34619647541530363,0.3583954550705775,0.3666255582259426,-0.05749483022965941,-0.10499265938658223,1.0,0.0
Milwaukee,2000-04-14 01:00:00,0.0,0.34619647541530363,0.3583954550705775,0.3666255582259426,-0.05749483022965941,-0.10499265938658223,1.0,0.0
Milwaukee,2000-04-14 02:00:00,0.0,0.34619647541530363,0.3583954550705775,0.3666255582259426,-0.05749483022965941,-0.10499265938658223,1.0,0.0
Milwaukee,2000-04-14 03:00:00,0.0,0.34619647541530363,0.3583954550705775,0.3666255582259426,-0.05749483022965941,-0.10499265938658223,1.0,0.0
Milwaukee,2000-04-14 04:00:00,0.0,0.34619647541530363,0.3583954550705775,0.3666255582259426,-0.05749483022965941,-0.10499265938658223,1.0,0.0
Milwaukee,2000-04-14 05:00:00,0.0,0.34619647541530363,0.3583954550705775,0.3666255582259426,-0.05749483022965941,-0.10499265938658223,1.0,0.0
Milwaukee,2000-04-14 06:00:00,0.0,0.34619647541530363,0.3583954550705775,0.3666255582259426,-0.05749483022965941,-0.10499265938658223,1.0,0.0
Milwaukee,2000-04-14 07:00:00,0.0,0.34619647541530363,0.3583954550705775,0.3666255582259426,-0.05749483022965941,-0.10499265938658223,1.0,0.0
Milwaukee,2000-04-14 08:00:00,0.0,0.34619647541530363,0.3583954550705775,0.3666255582259426,-0.05749483022965941,-0.10499265938658223,1.0,0.0
Milwaukee,2000-04-14 09:00:00,0.0,0.34619647541530363,0.3583954550705775,0.3666255582259426,-0.05749483022965941,-0.10499265938658223,1.0,0.0
Milwaukee,2000-04-14 10:00:00,0.0,0.34619647541530363,0.3583954550705775,0.3666255582259426,-0.05749483022965941,-0.10499265938658223,1.0,0.0
Milwaukee,2000-04-14 11:00:00,0.0,0.34619647541530363,0.3583954550705775,0.3666255582259426,-0.05749483022965941,-0.10499265938658223,1.0,0.0
Milwaukee,2000-04-14 12:00:00,0.0,0.34619647541530363,0.3583954550705775,0.3666255582259426,-0.05749483022965941,-0.10499265938658223,1.0,0.0
Milwaukee,2000-04-14 13:00:00,0.0,0.34619647541530363,0.3583954550705775,0.3666255582259426,-0.05749483022965941,-0.10499265938658223,1.0,0.0
Milwaukee,2000-04-14 14:00:00,0.0,0.34619647541530363,0.3583954550705775,0.3666255582259426,-0.05749483022965941,-0.10499265938658223,1.0,0.0
Milwaukee,2000-04-14 15:00:00,0.0,0.34619647541530363,0.3583954550705775,0.3666255582259426,-0.05749483022965941,-0.10499265938658223,1.0,0.0
Milwaukee,2000-04-14 16:00:00,0.0,0.34619647541530363,0.3583954550705775,0.3666255582259426,-0.05749483022965941,-0.10499265938658223,1.0,0.0
Milwaukee,2000-04-14 17:00:00,0.0,0.34619647541530363,0.3583954550705775,0.3666255582259426,-0.05749483022965941,-0.10499265938658223,1.0,0.0
Milwaukee,2000-04-14 18:00:00,0.0,0.34619647541530363,0.3583954550705775,0.3666255582259426,-0.05749483022965941,-0.10499265938658223,1.0,0.0
Milwaukee,2000-04-14 19:00:00,0.0,0.34619647541530363,0.3583954550705775,0.3666255582259426,-0.05749483022965941,-0.10499265938658223,1.0,0.0
Milwaukee,2000-04-14 20:00:00,0.0,0.34619647541530363,0.3583954550705775,0.3666255582259426,-0.05749483022965941,-0.10499265938658223,1.0,0.0
Milwaukee,2000-04-14 21:00:00,0.0,0.34619647541530363,0.3583954550705775,0.3666255582259426,-0.05749483022965941,-0.10499265938658223,1.0,0.0
Milwaukee,2000-04-14 22:00:00,0.0,0.34619647541530363,0.3583954550705775,0.3666255582259426,-0.05749483022965941,-0.10499265938658223,1.0,0.0
Milwaukee,2000-04-14 23:00:00,0.0,0.34619647541530363,0.3583954550705775,0.3666255582259426,-0.05749483022965941,-0.10499265938658223,1.0,0.0
Milwaukee,2000-04-15 00:00:00,0.0,0.34619647541530363,0.3583954550705775,0.3666255582259426,-0.05749483022965941,-0.10499265938658223,1.0,0.0
Milwaukee,2000-04-15 01:00:00,0.0,0.34619647541530363,0.3583954550705775,0.3666255582259426,-0.05749483022965941,-0.10499265938658223,1.0,0.0
Milwaukee,2000-04-15 02:00:00,0.0,0.34619647541530363,0.3583954550705775,0.3666255582259426,-0.05749483022965941,-0.10499265938658223,1.0,0.0
Milwaukee,2000-04-15 03:00:00,0.0,0.34619647541530363,0.3583954550705775,0.3666255582259426,-0.05749483022965941,-0.10499265938658223,1.0,0.0
Milwaukee,2000-04-15 04:00:00,0.0,0.34619647541530363,0.3583954550705775,0.3666255582259426,-0.05749483022965941,-0.10499265938658223,1.0,0.0
Milwaukee,2000-04-15 05:00:00,0.0,0.34619647541530363,0.3583954550705775,0.3666255582259426,-0.05749483022965941,-0.10499265938658223,1.0,0.0
Milwaukee,2000-04-15 06:00:00,0.0,0.34619647541530363,0.3583954550705775,0.3666255582259426,-0.05749483022965941,-0.10499265938658223,1.0,0.0
Milwaukee,2000-04-15 07:00:00,0.0,0.34619647541530363,0.3583954550705775,0.3666255582259426,-0.05749483022965941,-0.10499265938658223,1.0,0.0
Milwaukee,2000-04-15 08:00:00,0.0,0.34619647541530363,0.3583954550705775,0.3666255582259426,-0.05749483022965941,-0.10499265938658223,1.0,0.0
Milwaukee,2000-04-15 09:00:00,0.0,0.34619647541530363,0.3583954550705775,0.3666255582259426,-0.05749483022965941,-0.10499265938658223,1.0,0.0
Milwaukee,2000-04-15 10:00:00,0.0,0.34619647541530363,0.3583954550705775,0.3666255582259426,-0.05749483022965941,-0.10499265938658223,1.0,0.0
Milwaukee,2000-04-15 11:00:00,0.0,0.34619647541530363,0.3583954550705775,0.3666255582259426,-0.05749483022965941,-0.10499265938658223,1.0,0.0
Milwaukee,2000-04-15 12:00:00,0.0,0.34619647541530363,0.3583954550705775,0.3666255582259426,-0.05749483022965941,-0.10499265938658223,1.0,0.0
Milwaukee,2000-04-15 13:00:00,0.0,0.34619647541530363,0.3583954550705775,0.3666255582259426,-0.05749483022965941,-0.10499265938658223,1.0,0.0
Milwaukee,2000-04-15 14:00:00,0.0,0.34619647541530363,0.3583954550705775,0.3666255582259426,-0.05749483022965941,-0.10499265938658223,1.0,0.0
Milwaukee,2000-04-15 15:00:00,0.0,0.34619647541530363,0.3583954550705775,0.3666255582259426,-0.05749483022965941,-0.10499265938658223,1.0,0.0
Milwaukee,2000-04-15 16:00:00,0.0,0.34619647541530363,0.3583954550705775,0.3666255582259426,-0.05749483022965941,-0.10499265938658223,1.0,0.0
Milwaukee,2000-04-15 17:00:00,0.0,0.34619647541530363,0.3583954550705775,0.3666255582259426,-0.05749483022965941,-0.10499265938658223,1.0,0.0
Milwaukee,2000-04-15 18:00:00,0.0,0.34619647541530363,0.3583954550705775,0.3666255582259426,-0.05749483022965941,-0.10499265938658223,1.0,0.0
Milwaukee,2000-04-15 19:00:00,0.0,0.34619647541530363,0.3583954550705775,0.3666255582259426,-0.05749483022965941,-0.10499265938658223,1.0,0.0
Milwaukee,2000-04-15 20:00:00,0.0,0.34619647541530363,0.3583954550705775,0.3666255582259426,-0.05749483022965941,-0.10499265938658223,1.0,0.0
Milwaukee,2000-04-15 21:00:00,0.0,0.34619647541530363,0.3583954550705775,0.3666255582259426,-0.05749483022965941,-0.10499265938658223,1.0,0.0
Milwaukee,2000-04-15 22:00:00,0.0,0.34619647541530363,0.3583954550705775,0.3666255582259426,-0.05749483022965941,-0.10499265938658223,1.0,0.0
Milwaukee,2000-04-15 23:00:00,0.0,0.34619647541530363,0.3583954550705775,0.3666255582259426,-0.05749483022965941,-0.10499265938658223,1.0,0.0
Milwaukee,2000-04-16 00:00:00,0.0,0.34619647541530363,0.3583954550705775,0.3666255582259426,-0.05749483022965941,-0.10499265938658223,1.0,0.0
Milwaukee,2000-04-16 01:00:00,0.0,0.34619647541530363,0.3583954550705775,0.3666255582259426,-0.05749483022965941,-0.10499265938658223,1.0,0.0
Milwaukee,2000-04-16 02:00:00,0.0,0.34619647541530363,0.3583954550705775,0.3666255582259426,-0.05749483022965941,-0.10499265938658223,1.0,0.0
Milwaukee,2000-04-16 03:00:00,0.0,0.34619647541530363,0.3583954550705775,0.3666255582259426,-0.05749483022965941,-0.10499265938658223,1.0,0.0
Milwaukee,2000-04-16 04:00:00,0.10000000149011612,0.37493462778701603,0.37963028842970437,0.38608798432978486,0.077882847413793,0.04267897886966643,0.5479894519381427,0.05479894601038219
Milwaukee,2000-04-16 05:00:00,0.10000000149011612,0.37493462778701603,0.37963028842970437,0.38608798432978486,0.077882847413793,0.04267897886966643,0.5479894519381427,0.05479894601038219
Milwaukee,2000-04-16 06:00:00,0.0,0.34619647541530363,0.3583954550705775,0.3666255582259426,-0.05749483022965941,-0.10499265938658223,1.0,0.0
Milwaukee,2000-04-16 07:00:00,0.0,0.34619647541530363,0.3583954550705775,0.3666255582259426,-0.05749483022965941,-0.10499265938658223,1.0,0.0
Milwaukee,2000-04-16 08:00:00,0.0,0.34619647541530363,0.3583954550705775,0.3666255582259426,-0.05749483022965941,-0.10499265938658223,1.0,0.0
Milwaukee,2000-04-16 09:00:00,0.0,0.34619647541530363,0.3583954550705775,0.3666255582259426,-0.05749483022965941,-0.10499265938658223,1.0,0.0
Milwaukee,2000-04-16 10:00:00,0.0,0.34619647541530363,0.3583954550705775,0.3666255582259426,-0.05749483022965941,-0.10499265938658223,1.0,0.0
Milwaukee,2000-04-16 11:00:00,0.0,0.34619647541530363,0.3583954550705775,0.3666255582259426,-0.05749483022965941,-0.10499265938658223,1.0,0.0
Milwaukee,2000-04-16 12:00:00,0.0,0.34619647541530363,0.3583954550705775,0.3666255582259426,-0.05749483022965941,-0.10499265938658223,1.0,0.0
Milwaukee,2000-04-16 13:00:00,0.0,0.34619647541530363,0.3583954550705775,0.3666255582259426,-0.05749483022965941,-0.10499265938658223,1.0,0.0
Milwaukee,2000-04-16 14:00:00,0.0,0.34619647541530363,0.3583954550705775,0.3666255582259426,-0.05749483022965941,-0.10499265938658223,1.0,0.0
Milwaukee,2000-04-16 15:00:00,0.0,0.34619647541530363,0.3583954550705775,0.3666255582259426,-0.05749483022965941,-0.10499265938658223,1.0,0.0
Milwaukee,2000-04-16 16:00:00,0.0,0.34619647541530363,0.3583954550705775,0.3666255582259426,-0.05749483022965941,-0.10499265938658223,1.0,0.0
Milwaukee,2000-04-16 17:00:00,0.0,0.34619647541530363,0.3583954550705775,0.3666255582259426,-0.05749483022965941,-0.10499265938658223,1.0,0.0
Milwaukee,2000-04-16 18:00:00,0.0,0.34619647541530363,0.3583954550705775,0.3666255582259426,-0.05749483022965941,-0.10499265938658223,1.0,0.0
Milwaukee,2000-04-16 19:00:00,0.0,0.34619647541530363,0.3583954550705775,0.3666255582259426,-0.05749483022965941,-0.10499265938658223,1.0,0.0
Milwaukee,2000-04-16 20:00:00,0.0,0.34619647541530363,0.3583954550705775,0.3666255582259426,-0.05749483022965941,-0.10499265938658223,1.0,0.0
Milwaukee,2000-04-16 21:00:00,0.0,0.34619647541530363,0.3583954550705775,0.3666255582259426,-0.05749483022965941,-0.10499265938658223,1.0,0.0
Milwaukee,2000-04-16 22:00:00,0.0,0.34619647541530363,0.3583954550705775,0.3666255582259426,-0.05749483022965941,-0.10499265938658223,1.0,0.0
Milwaukee,2000-04-16 23:00:00,0.0,0.34619647541530363,0.3583954550705775,0.3666255582259426,-0.05749483022965941,-0.10499265938658223,1.0,0.0
Milwaukee,2000-04-17 00:00:00,0.0,0.34619647541530363,0.3583954550705775,0.3666255582259426,-0.05749483022965941,-0.10499265938658223,1.0,0.0
Milwaukee,2000-04-17 01:00:00,0.20000000298023224,0.4036312859866724,0.40082695074191593,0.4055009521190948,0.2132605250572452,0.1903506171259148,0.8925731429893989,0.17851463125795505
Milwaukee,2000-04-17 02:00:00,0.20000000298023224,0.4036312859866724,0.40082695074191593,0.4055009521190948,0.2132605250572452,0.1903506171259148,0.8925731429893989,0.17851463125795505
Milwaukee,2000-04-17 03:00:00,0.10000000149011612,0.37493462778701603,0.37963028842970437,0.38608798432978486,0.077882847413793,0.04267897886966643,0.5479894519381427,0.05479894601038219
Milwaukee,2000-04-17 04:00:00,0.20000000298023224,0.4036312859866724,0.40082695074191593,0.4055009521190948,0.2132605250572452,0.1903506171259148,0.8925731429893989,0.17851463125795505
Milwaukee,2000-04-17 05:00:00,0.0,0.34619647541530363,0.3583954550705775,0.3666255582259426,-0.05749483022965941,-0.10499265938658223,1.0,0.0
Milwaukee,2000-04-17 06:00:00,0.0,0.34619647541530363,0.3583954550705775,0.3666255582259426,-0.05749483022965941,-0.10499265938658223,1.0,0.0
Milwaukee,2000-04-17 07:00:00,0.10000000149011612,0.37493462778701603,0.37963028842970437,0.38608798432978486,0.077882847413793,0.04267897886966643,0.5479894519381427,0.05479894601038219
Milwaukee,2000-04-17 08:00:00,0.10000000149011612,0.37493462778701603,0.37963028842970437,0.38608798432978486,0.077882847413793,0.04267897886966643,0.5479894519381427,0.05479894601038219
Milwaukee,2000-04-17 09:00:00,0.0,0.34619647541530363,0.3583954550705775,0.3666255582259426,-0.05749483022965941,-0.10499265938658223,1.0,0.0
Milwaukee,2000-04-17 10:00:00,0.0,0.34619647541530363,0.3583954550705775,0.3666255582259426,-0.05749483022965941,-0.10499265938658223,1.0,0.0
Milwaukee,2000-04-17 11:00:00,0.10000000149011612,0.37493462778701603,0.37963028842970437,0.38608798432978486,0.077882847413793,0.04267897886966643,0.5479894519381427,0.05479894601038219
Milwaukee,2000-04-17 12:00:00,0.30000000447034836,0.4321218104209064,0.4219192462835154,0.42481437583882836,0.3486382027006978,0.3380222553821637,0.9695502465412611,0.2908650782966057
Milwaukee,2000-04-17 13:00:00,0.0,0.34619647541530363,0.3583954550705775,0.3666255582259426,-0.05749483022965941,-0.10499265938658223,1.0,0.0
Milwaukee,2000-04-17 14:00:00,0.0,0.34619647541530363,0.3583954550705775,0.3666255582259426,-0.05749483022965941,-0.10499265938658223,1.0,0.0
Milwaukee,2000-04-17 15:00:00,0.10000000149011612,0.37493462778701603,0.37963028842970437,0.38608798432978486,0.077882847413793,0.04267897886966643,0.5479894519381427,0.05479894601038219
Milwaukee,2000-04-17 16:00:00,0.0,0.34619647541530363,0.3583954550705775,0.3666255582259426,-0.05749483022965941,-0.10499265938658223,1.0,0.0
Milwaukee,2000-04-17 17:00:00,0.0,0.34619647541530363,0.3583954550705775,0.3666255582259426,-0.05749483022965941,-0.10499265938658223,1.0,0.0
Milwaukee,2000-04-17 18:00:00,0.0,0.34619647541530363,0.3583954550705775,0.3666255582259426,-0.05749483022965941,-0.10499265938658223,1.0,0.0
Milwaukee,2000-04-17 19:00:00,0.0,0.34619647541530363,0.3583954550705775,0.3666255582259426,-0.05749483022965941,-0.10499265938658223,1.0,0.0
Milwaukee,2000-04-17 20:00:00,0.0,0.34619647541530363,0.3583954550705775,0.3666255582259426,-0.05749483022965941,-0.10499265938658223,1.0,0.0
Milwaukee,2000-04-17 21:00:00,0.0,0.34619647541530363,0.3583954550705775,0.3666255582259426,-0.05749483022965941,-0.10499265938658223,1.0,0.0
Milwaukee,2000-04-17 22:00:00,0.0,0.34619647541530363,0.3583954550705775,0.3666255582259426,-0.05749483022965941,-0.10499265938658223,1.0,0.0
Milwaukee,2000-04-17 23:00:00,0.10000000149011612,0.37493462778701603,0.37963028842970437,0.38608798432978486,0.077882847413793,0.04267897886966643,0.5479894519381427,0.05479894601038219
Milwaukee,2000-04-18 00:00:00,0.0,0.34619647541530363,0.3583954550705775,0.3666255582259426,-0.05749483022965941,-0.10499265938658223,1.0,0.0
Milwaukee,2000-04-18 01:00:00,0.0,0.34619647541530363,0.3583954550705775,0.3666255582259426,-0.05749483022965941,-0.10499265938658223,1.0,0.0
Milwaukee,2000-04-18 02:00:00,0.0,0.34619647541530363,0.3583954550705775,0.3666255582259426,-0.05749483022965941,-0.10499265938658223,1.0,0.0
Milwaukee,2000-04-18 03:00:00,0.0,0.34619647541530363,0.3583954550705775,0.3666255582259426,-0.05749483022965941,-0.10499265938658223,1.0,0.0
Milwaukee,2000-04-18 04:00:00,0.0,0.34619647541530363,0.3583954550705775,0.3666255582259426,-0.05749483022965941,-0.10499265938658223,1.0,0.0
Milwaukee,2000-04-18 05:00:00,0.0,0.34619647541530363,0.3583954550705775,0.3666255582259426,-0.05749483022965941,-0.10499265938658223,1.0,0.0
Milwaukee,2000-04-18 06:00:00,0.0,0.34619647541530363,0.3583954550705775,0.3666255582259426,-0.05749483022965941,-0.10499265938658223,1.0,0.0
Milwaukee,2000-04-18 07:00:00,0.0,0.34619647541530363,0.3583954550705775,0.3666255582259426,-0.05749483022965941,-0.10499265938658223,1.0,0.0
Milwaukee,2000-04-18 08:00:00,0.0,0.34619647541530363,0.3583954550705775,0.3666255582259426,-0.05749483022965941,-0.10499265938658223,1.0,0.0
Milwaukee,2000-04-18 09:00:00,0.0,0.34619647541530363,0.3583954550705775,0.3666255582259426,-0.05749483022965941,-0.10499265938658223,1.0,0.0
Milwaukee,2000-04-18 10:00:00,0.0,0.34619647541530363,0.3583954550705775,0.3666255582259426,-0.05749483022965941,-0.10499265938658223,1.0,0.0
Milwaukee,2000-04-18 11:00:00,0.0,0.34619647541530363,0.3583954550705775,0.3666255582259426,-0.05749483022965941,-0.10499265938658223,1.0,0.0
Milwaukee,2000-04-18 12:00:00,0.0,0.34619647541530363,0.3583954550705775,0.3666255582259426,-0.05749483022965941,-0.10499265938658223,1.0,0.0
Milwaukee,2000-04-18 13:00:00,0.0,0.34619647541530363,0.3583954550705775,0.3666255582259426,-0.05749483022965941,-0.10499265938658223,1.0,0.0
Milwaukee,2000-04-18 14:00:00,0.0,0.34619647541530363,0.3583954550705775,0.3666255582259426,-0.05749483022965941,-0.10499265938658223,1.0,0.0
Milwaukee,2000-04-18 15:00:00,0.0,0.34619647541530363,0.3583954550705775,0.3666255582259426,-0.05749483022965941,-0.10499265938658223,1.0,0.0
Milwaukee,2000-04-18 16:00:00,0.0,0.34619647541530363,0.3583954550705775,0.3666255582259426,-0.05749483022965941,-0.10499265938658223,1.0,0.0
Milwaukee,2000-04-18 17:00:00,0.0,0.34619647541530363,0.3583954550705775,0.3666255582259426,-0.05749483022965941,-0.10499265938658223,1.0,0.0
Milwaukee,2000-04-18 18:00:00,0.0,0.34619647541530363,0.3583954550705775,0.3666255582259426,-0.05749483022965941,-0.10499265938658223,1.0,0.0
Milwaukee,2000-04-18 19:00:00,0.0,0.34619647541530363,0.3583954550705775,0.3666255582259426,-0.05749483022965941,-0.10499265938658223,1.0,0.0
Milwaukee,2000-04-18 20:00:00,0.0,0.34619647541530363,0.3583954550705775,0.3666255582259426,-0.05749483022965941,-0.10499265938658223,1.0,0.0
Milwaukee,2000-04-18 21:00:00,0.0,0.34619647541530363,0.3583954550705775,0.3666255582259426,-0.05749483022965941,-0.10499265938658223,1.0,0.0
Milwaukee,2000-04-18 22:00:00,0.0,0.34619647541530363,0.3583954550705775,0.3666255582259426,-0.05749483022965941,-0.10499265938658223,1.0,0.0
Milwaukee,2000-04-18 23:00:00,0.0,0.34619647541530363,0.3583954550705775,0.3666255582259426,-0.05749483022965941,-0.10499265938658223,1.0,0.0
Milwaukee,2000-04-19 00:00:00,0.0,0.34619647541530363,0.3583954550705775,0.3666255582259426,-0.05749483022965941,-0.10499265938658223,1.0,0.0
Milwaukee,2000-04-19 01:00:00,0.0,0.34619647541530363,0.3583954550705775,0.3666255582259426,-0.05749483022965941,-0.10499265938658223,1.0,0.0
Milwaukee,2000-04-19 02:00:00,0.0,0.34619647541530363,0.3583954550705775,0.3666255582259426,-0.05749483022965941,-0.10499265938658223,1.0,0.0
Milwaukee,2000-04-19 03:00:00,0.0,0.34619647541530363,0.3583954550705775,0.3666255582259426,-0.05749483022965941,-0.10499265938658223,1.0,0.0
Milwaukee,2000-04-19 04:00:00,0.0,0.34619647541530363,0.3583954550705775,0.3666255582259426,-0.05749483022965941,-0.10499265938658223,1.0,0.0
Milwaukee,2000-04-19 05:00:00,0.0,0.34619647541530363,0.3583954550705775,0.3666255582259426,-0.05749483022965941,-0.10499265938658223,1.0,0.0
Milwaukee,2000-04-19 06:00:00,0.0,0.34619647541530363,0.3583954550705775,0.3666255582259426,-0.05749483022965941,-0.10499265938658223,1.0,0.0
Milwaukee,2000-04-19 07:00:00,0.10000000149011612,0.37493462778701603,0.37963028842970437,0.38608798432978486,0.077882847413793,0.04267897886966643,0.5479894519381427,0.05479894601038219
Milwaukee,2000-04-19 08:00:00,0.30000000447034836,0.4321218104209064,0.4219192462835154,0.42481437583882836,0.3486382027006978,0.3380222553821637,0.9695502465412611,0.2908650782966057
Milwaukee,2000-04-19 09:00:00,0.10000000149011612,0.37493462778701603,0.37963028842970437,0.38608798432978486,0.077882847413793,0.04267897886966643,0.5479894519381427,0.05479894601038219
Milwaukee,2000-04-19 10:00:00,0.0,0.34619647541530363,0.3583954550705775,0.3666255582259426,-0.05749483022965941,-0.10499265938658223,1.0,0.0
Milwaukee,2000-04-19 11:00:00,0.0,0.34619647541530363,0.3583954550705775,0.3666255582259426,-0.05749483022965941,-0.10499265938658223,1.0,0.0
Milwaukee,2000-04-19 12:00:00,0.0,0.34619647541530363,0.3583954550705775,0.3666255582259426,-0.05749483022965941,-0.10499265938658223,1.0,0.0
Milwaukee,2000-04-19 13:00:00,0.0,0.34619647541530363,0.3583954550705775,0.3666255582259426,-0.05749483022965941,-0.10499265938658223,1.0,0.0
Milwaukee,2000-04-19 14:00:00,0.10000000149011612,0.37493462778701603,0.37963028842970437,0.38608798432978486,0.077882847413793,0.04267897886966643,0.5479894519381427,0.05479894601038219
Milwaukee,2000-04-19 15:00:00,0.5000000074505806,0.4879054674974853,0.4635494842166189,0.4629590707286823,0.6193935579876022,0.6333655318946606,1.0225575060103194,0.5112787606238068
Milwaukee,2000-04-19 16:00:00,1.9000000283122063,0.7864086201584585,0.7098990896847307,0.6927487966650145,2.514681044995935,2.70076846748214,1.074000407668602,2.040600804977665
Milwaukee,2000-04-19 17:00:00,5.100000075995922,0.98048804011348,0.9474168902164497,0.9347343756006112,6.846766729586413,7.426260891682098,1.0846376377322102,5.53165203486231
Milwaukee,2000-04-19 18:00:00,5.200000077486038,0.9819415863639875,0.9502919837254442,0.9379921100419069,6.98214440722986,7.573932529938341,1.0847573593716706,5.640738352786237
Milwaukee,2000-04-19 19:00:00,1.2000000178813934,0.6601755800539598,0.5985443956502143,0.5876076480726564,1.5670373014917685,1.6670669996884002,1.063833642059067,1.2766003894937084
Milwaukee,2000-04-19 20:00:00,0.30000000447034836,0.4321218104209064,0.4219192462835154,0.42481437583882836,0.3486382027006978,0.3380222553821637,0.9695502465412611,0.2908650782966057
Milwaukee,2000-04-19 21:00:00,0.800000011920929,0.5668587624286637,0.5238351948323483,0.518375294178048,1.0255265909179592,1.0763804466634062,1.0495880420808272,0.8396704461767263
Milwaukee,2000-04-19 22:00:00,0.20000000298023224,0.4036312859866724,0.40082695074191593,0.4055009521190948,0.2132605250572452,0.1903506171259148,0.8925731429893989,0.17851463125795505
Milwaukee,2000-04-19 23:00:00,0.0,0.34619647541530363,0.3583954550705775,0.3666255582259426,-0.05749483022965941,-0.10499265938658223,1.0,0.0
Milwaukee,2000-04-20 00:00:00,0.20000000298023224,0.4036312859866724,0.40082695074191593,0.4055009521190948,0.2132605250572452,0.1903506171259148,0.8925731429893989,0.17851463125795505
Milwaukee,2000-04-20 01:00:00,0.20000000298023224,0.4036312859866724,0.40082695074191593,0.4055009521190948,0.2132605250572452,0.1903506171259148,0.8925731429893989,0.17851463125795505
Milwaukee,2000-04-20 02:00:00,0.4000000059604645,0.4602572840073257,0.44284563734884813,0.44398150563378375,0.4840158803441499,0.4856938936384119,1.0034668558665243,0.40138674832773824
Milwaukee,2000-04-20 03:00:00,0.4000000059604645,0.4602572840073257,0.44284563734884813,0.44398150563378375,0.4840158803441499,0.4856938936384119,1.0034668558665243,0.40138674832773824
Milwaukee,2000-04-20 04:00:00,0.20000000298023224,0.4036312859866724,0.40082695074191593,0.4055009521190948,0.2132605250572452,0.1903506171259148,0.8925731429893989,0.17851463125795505
Milwaukee,2000-04-20 05:00:00,0.30000000447034836,0.4321218104209064,0.4219192462835154,0.42481437583882836,0.3486382027006978,0.3380222553821637,0.9695502465412611,0.2908650782966057
Milwaukee,2000-04-20 06:00:00,0.9000000134110451,0.5915727882419518,0.543183605811401,0.5362334205342039,1.1609042685614115,1.2240520849196546,1.05439536925512,0.9489558464701519
Milwaukee,2000-04-20 07:00:00,9.00000013411045,0.9990653837175048,0.9943313566034218,0.9914691244765802,12.126496157681105,13.185454783675848,1.0873260183506497,9.78593431097763
Milwaukee,2000-04-20 08:00:00,8.100000120699406,0.9981124268730872,0.990487654516666,0.9862999113364096,10.908097058889993,11.856410039369566,1.0869366100576368,8.80418667265946
Milwaukee,2000-04-20 09:00:00,2.0000000298023224,0.8007431727222116,0.723675472848268,0.7059823071359217,2.650058722639387,2.8484401057383884,1.0748592404403094,2.1497185129139207
Milwaukee,2000-04-20 10:00:00,0.20000000298023224,0.4036312859866724,0.40082695074191593,0.4055009521190948,0.2132605250572452,0.1903506171259148,0.8925731429893989,0.17851463125795505
Milwaukee,2000-04-20 11:00:00,0.10000000149011612,0.37493462778701603,0.37963028842970437,0.38608798432978486,0.077882847413793,0.04267897886966643,0.5479894519381427,0.05479894601038219
Milwaukee,2000-04-20 12:00:00,0.20000000298023224,0.4036312859866724,0.40082695074191593,0.4055009521190948,0.2132605250572452,0.1903506171259148,0.8925731429893989,0.17851463125795505
Milwaukee,2000-04-20 13:00:00,1.3000000193715096,0.6811098161440119,0.6160277990081728,0.6039355221962737,1.7024149791352212,1.8147386379446493,1.0659790122773034,1.3857727366101171
Milwaukee,2000-04-20 14:00:00,0.6000000089406967,0.5149511800867037,0.4839791863801989,0.48170736485828647,0.7547712356310545,0.7810371701509091,1.0347998615738105,0.6208799261961181
Milwaukee,2000-04-20 15:00:00,0.7000000104308128,0.5412961978369442,0.5040882360000163,0.5001902799477915,0.8901489132745067,0.9287088084071575,1.0433184768948425,0.7303229447090495
Milwaukee,2000-04-20 16:00:00,0.20000000298023224,0.4036312859866724,0.40082695074191593,0.4055009521190948,0.2132605250572452,0.1903506171259148,0.8925731429893989,0.17851463125795505
Milwaukee,2000-04-20 17:00:00,0.20000000298023224,0.4036312859866724,0.40082695074191593,0.4055009521190948,0.2132605250572452,0.1903506171259148,0.8925731429893989,0.17851463125795505
Milwaukee,2000-04-20 18:00:00,1.0000000149011612,0.6153868482101035,0.562101850089929,0.5537391217635472,1.296281946204864,1.3717237231759034,1.0581985864972592,1.0581986022656469
Milwaukee,2000-04-20 19:00:00,2.500000037252903,0.8604186409353325,0.7848019648665834,0.7655081628792283,3.3269471108566484,3.586798297019631,1.0781049946105317,2.69526252668887
Milwaukee,2000-04-20 20:00:00,2.500000037252903,0.8604186409353325,0.7848019648665834,0.7655081628792283,3.3269471108566484,3.586798297019631,1.0781049946105317,2.69526252668887
Milwaukee,2000-04-20 21:00:00,1.5000000223517418,0.7200313458541969,0.6494463612445387,0.6353129630463814,1.9731703344221256,2.110081914457146,1.0693865996496026,1.604079923377057
Milwaukee,2000-04-20 22:00:00,0.7000000104308128,0.5412961978369442,0.5040882360000163,0.5001902799477915,0.8901489132745067,0.9287088084071575,1.0433184768948425,0.7303229447090495
Milwaukee,2000-04-20 23:00:00,0.4000000059604645,0.4602572840073257,0.44284563734884813,0.44398150563378375,0.4840158803441499,0.4856938936384119,1.0034668558665243,0.40138674832773824
Milwaukee,2000-04-21 00:00:00,0.30000000447034836,0.4321218104209064,0.4219192462835154,0.42481437583882836,0.3486382027006978,0.3380222553821637,0.9695502465412611,0.2908650782966057
Milwaukee,2000-04-21 01:00:00,0.20000000298023224,0.4036312859866724,0.40082695074191593,0.4055009521190948,0.2132605250572452,0.1903506171259148,0.8925731429893989,0.17851463125795505
Milwaukee,2000-04-21 02:00:00,0.4000000059604645,0.4602572840073257,0.44284563734884813,0.44398150563378375,0.4840158803441499,0.4856938936384119,1.0034668558665243,0.40138674832773824
Milwaukee,2000-04-21 03:00:00,0.4000000059604645,0.4602572840073257,0.44284563734884813,0.44398150563378375,0.4840158803441499,0.4856938936384119,1.0034668558665243,0.40138674832773824
Milwaukee,2000-04-21 04:00:00,0.7000000104308128,0.5412961978369442,0.5040882360000163,0.5001902799477915,0.8901489132745067,0.9287088084071575,1.0433184768948425,0.7303229447090495
Milwaukee,2000-04-21 05:00:00,0.4000000059604645,0.4602572840073257,0.44284563734884813,0.44398150563378375,0.4840158803441499,0.4856938936384119,1.0034668558665243,0.40138674832773824
Milwaukee,2000-04-21 06:00:00,0.6000000089406967,0.5149511800867037,0.4839791863801989,0.48170736485828647,0.7547712356310545,0.7810371701509091,1.0347998615738105,0.6208799261961181
Milwaukee,2000-04-21 07:00:00,2.3000000342726707,0.8388099444280502,0.7618679141689338,0.7430061347251687,3.056191755569744,3.2914550205071347,1.0769792224289054,2.477052248497437
Milwaukee,2000-04-21 08:00:00,0.5000000074505806,0.4879054674974853,0.4635494842166189,0.4629590707286823,0.6193935579876022,0.6333655318946606,1.0225575060103194,0.5112787606238068
Milwaukee,2000-04-21 09:00:00,0.30000000447034836,0.4321218104209064,0.4219192462835154,0.42481437583882836,0.3486382027006978,0.3380222553821637,0.9695502465412611,0.2908650782966057
Milwaukee,2000-04-21 10:00:00,0.30000000447034836,0.4321218104209064,0.4219192462835154,0.42481437583882836,0.3486382027006978,0.3380222553821637,0.9695502465412611,0.2908650782966057
Milwaukee,2000-04-21 11:00:00,0.20000000298023224,0.4036312859866724,0.40082695074191593,0.4055009521190948,0.2132605250572452,0.1903506171259148,0.8925731429893989,0.17851463125795505
Milwaukee,2000-04-21 12:00:00,0.20000000298023224,0.4036312859866724,0.40082695074191593,0.4055009521190948,0.2132605250572452,0.1903506171259148,0.8925731429893989,0.17851463125795505
Milwaukee,2000-04-21 13:00:00,0.0,0.34619647541530363,0.3583954550705775,0.3666255582259426,-0.05749483022965941,-0.10499265938658223,1.0,0.0
Milwaukee,2000-04-21 14:00:00,0.0,0.34619647541530363,0.3583954550705775,0.3666255582259426,-0.05749483022965941,-0.10499265938658223,1.0,0.0
Milwaukee,2000-04-21 15:00:00,0.0,0.34619647541530363,0.3583954550705775,0.3666255582259426,-0.05749483022965941,-0.10499265938658223,1.0,0.0
Milwaukee,2000-04-21 16:00:00,0.0,0.34619647541530363,0.3583954550705775,0.3666255582259426,-0.05749483022965941,-0.10499265938658223,1.0,0.0
Milwaukee,2000-04-21 17:00:00,0.0,0.34619647541530363,0.3583954550705775,0.3666255582259426,-0.05749483022965941,-0.10499265938658223,1.0,0.0
Milwaukee,2000-04-21 18:00:00,0.0,0.34619647541530363,0.3583954550705775,0.3666255582259426,-0.05749483022965941,-0.10499265938658223,1.0,0.0
Milwaukee,2000-04-21 19:00:00,0.0,0.34619647541530363,0.3583954550705775,0.3666255582259426,-0.05749483022965941,-0.10499265938658223,1.0,0.0
Milwaukee,2000-04-21 20:00:00,0.0,0.34619647541530363,0.3583954550705775,0.3666255582259426,-0.05749483022965941,-0.10499265938658223,1.0,0.0
Milwaukee,2000-04-21 21:00:00,0.0,0.34619647541530363,0.3583954550705775,0.3666255582259426,-0.05749483022965941,-0.10499265938658223,1.0,0.0
Milwaukee,2000-04-21 22:00:00,0.0,0.34619647541530363,0.3583954550705775,0.3666255582259426,-0.05749483022965941,-0.10499265938658223,1.0,0.0
Milwaukee,2000-04-21 23:00:00,0.0,0.34619647541530363,0.3583954550705775,0.3666255582259426,-0.05749483022965941,-0.10499265938658223,1.0,0.0
Milwaukee,2000-04-22 00:00:00,0.0,0.34619647541530363,0.3583954550705775,0.3666255582259426,-0.05749483022965941,-0.10499265938658223,1.0,0.0
Milwaukee,2000-04-22 01:00:00,0.0,0.34619647541530363,0.3583954550705775,0.3666255582259426,-0.05749483022965941,-0.10499265938658223,1.0,0.0
Milwaukee,2000-04-22 02:00:00,0.0,0.34619647541530363,0.3583954550705775,0.3666255582259426,-0.05749483022965941,-0.10499265938658223,1.0,0.0
Milwaukee,2000-04-22 03:00:00,0.0,0.34619647541530363,0.3583954550705775,0.3666255582259426,-0.05749483022965941,-0.10499265938658223,1.0,0.0
Milwaukee,2000-04-22 04:00:00,0.0,0.34619647541530363,0.3583954550705775,0.3666255582259426,-0.05749483022965941,-0.10499265938658223,1.0,0.0
Milwaukee,2000-04-22 05:00:00,0.0,0.34619647541530363,0.3583954550705775,0.3666255582259426,-0.05749483022965941,-0.10499265938658223,1.0,0.0
Milwaukee,2000-04-22 06:00:00,0.0,0.34619647541530363,0.3583954550705775,0.3666255582259426,-0.05749483022965941,-0.10499265938658223,1.0,0.0
Milwaukee,2000-04-22 07:00:00,0.0,0.34619647541530363,0.3583954550705775,0.3666255582259426,-0.05749483022965941,-0.10499265938658223,1.0,0.0
Milwaukee,2000-04-22 08:00:00,0.0,0.34619647541530363,0.3583954550705775,0.3666255582259426,-0.05749483022965941,-0.10499265938658223,1.0,0.0
Milwaukee,2000-04-22 09:00:00,0.0,0.34619647541530363,0.3583954550705775,0.3666255582259426,-0.05749483022965941,-0.10499265938658223,1.0,0.0
Milwaukee,2000-04-22 10:00:00,0.0,0.34619647541530363,0.3583954550705775,0.3666255582259426,-0.05749483022965941,-0.10499265938658223,1.0,0.0
Milwaukee,2000-04-22 11:00:00,0.0,0.34619647541530363,0.3583954550705775,0.3666255582259426,-0.05749483022965941,-0.10499265938658223,1.0,0.0
Milwaukee,2000-04-22 12:00:00,0.0,0.34619647541530363,0.3583954550705775,0.3666255582259426,-0.05749483022965941,-0.10499265938658223,1.0,0.0
Milwaukee,2000-04-22 13:00:00,0.0,0.34619647541530363,0.3583954550705775,0.3666255582259426,-0.05749483022965941,-0.10499265938658223,1.0,0.0
Milwaukee,2000-04-22 14:00:00,0.0,0.34619647541530363,0.3583954550705775,0.3666255582259426,-0.05749483022965941,-0.10499265938658223,1.0,0.0
Milwaukee,2000-04-22 15:00:00,0.0,0.34619647541530363,0.3583954550705775,0.3666255582259426,-0.05749483022965941,-0.10499265938658223,1.0,0.0
Milwaukee,2000-04-22 16:00:00,0.0,0.34619647541530363,0.3583954550705775,0.3666255582259426,-0.05749483022965941,-0.10499265938658223,1.0,0.0
Milwaukee,2000-04-22 17:00:00,0.0,0.34619647541530363,0.3583954550705775,0.3666255582259426,-0.05749483022965941,-0.10499265938658223,1.0,0.0
Milwaukee,2000-04-22 18:00:00,0.0,0.34619647541530363,0.3583954550705775,0.3666255582259426,-0.05749483022965941,-0.10499265938658223,1.0,0.0
Milwaukee,2000-04-22 19:00:00,0.0,0.34619647541530363,0.3583954550705775,0.3666255582259426,-0.05749483022965941,-0.10499265938658223,1.0,0.0
Milwaukee,2000-04-22 20:00:00,0.0,0.34619647541530363,0.3583954550705775,0.3666255582259426,-0.05749483022965941,-0.10499265938658223,1.0,0.0
Milwaukee,2000-04-22 21:00:00,0.0,0.34619647541530363,0.3583954550705775,0.3666255582259426,-0.05749483022965941,-0.10499265938658223,1.0,0.0
Milwaukee,2000-04-22 22:00:00,0.0,0.34619647541530363,0.3583954550705775,0.3666255582259426,-0.05749483022965941,-0.10499265938658223,1.0,0.0
Milwaukee,2000-04-22 23:00:00,0.0,0.34619647541530363,0.3583954550705775,0.3666255582259426,-0.05749483022965941,-0.10499265938658223,1.0,0.0
Milwaukee,2000-04-23 00:00:00,0.0,0.34619647541530363,0.3583954550705775,0.3666255582259426,-0.05749483022965941,-0.10499265938658223,1.0,0.0
Milwaukee,2000-04-23 01:00:00,0.0,0.34619647541530363,0.3583954550705775,0.3666255582259426,-0.05749483022965941,-0.10499265938658223,1.0,0.0
Milwaukee,2000-04-23 02:00:00,0.0,0.34619647541530363,0.3583954550705775,0.3666255582259426,-0.05749483022965941,-0.10499265938658223,1.0,0.0
Milwaukee,2000-04-23 03:00:00,0.0,0.34619647541530363,0.3583954550705775,0.3666255582259426,-0.05749483022965941,-0.10499265938658223,1.0,0.0
Milwaukee,2000-04-23 04:00:00,0.0,0.34619647541530363,0.3583954550705775,0.3666255582259426,-0.05749483022965941,-0.10499265938658223,1.0,0.0
Milwaukee,2000-04-23 05:00:00,0.0,0.34619647541530363,0.3583954550705775,0.3666255582259426,-0.05749483022965941,-0.10499265938658223,1.0,0.0
Milwaukee,2000-04-23 06:00:00,0.0,0.34619647541530363,0.3583954550705775,0.3666255582259426,-0.05749483022965941,-0.10499265938658223,1.0,0.0
Milwaukee,2000-04-23 07:00:00,0.20000000298023224,0.4036312859866724,0.40082695074191593,0.4055009521190948,0.2132605250572452,0.1903506171259148,0.8925731429893989,0.17851463125795505
Milwaukee,2000-04-23 08:00:00,0.800000011920929,0.5668587624286637,0.5238351948323483,0.518375294178048,1.0255265909179592,1.0763804466634062,1.0495880420808272,0.8396704461767263
Milwaukee,2000-04-23 09:00:00,2.3000000342726707,0.8388099444280502,0.7618679141689338,0.7430061347251687,3.056191755569744,3.2914550205071347,1.0769792224289054,2.477052248497437
Milwaukee,2000-04-23 10:00:00,2.9000000432133675,0.8958561197330512,0.8250122870779494,0.8055473839823588,3.868457821430459,4.177484850044627,1.0798837787250057,3.131663004967931
Milwaukee,2000-04-23 11:00:00,1.9000000283122063,0.7864086201584585,0.7098990896847307,0.6927487966650145,2.514681044995935,2.70076846748214,1.074000407668602,2.040600804977665
Milwaukee,2000-04-23 12:00:00,1.4000000208616257,0.7010606324789257,0.6329987244436568,0.619840749115852,1.8377926567786733,1.9624102762008975,1.067808312848881,1.4949316602646505
Milwaukee,2000-04-23 13:00:00,0.5000000074505806,0.4879054674974853,0.4635494842166189,0.4629590707286823,0.6193935579876022,0.6333655318946606,1.0225575060103194,0.5112787606238068
Milwaukee,2000-04-23 14:00:00,0.30000000447034836,0.4321218104209064,0.4219192462835154,0.42481437583882836,0.3486382027006978,0.3380222553821637,0.9695502465412611,0.2908650782966057
Milwaukee,2000-04-23 15:00:00,0.20000000298023224,0.4036312859866724,0.40082695074191593,0.4055009521190948,0.2132605250572452,0.1903506171259148,0.8925731429893989,0.17851463125795505
Milwaukee,2000-04-23 16:00:00,0.10000000149011612,0.37493462778701603,0.37963028842970437,0.38608798432978486,0.077882847413793,0.04267897886966643,0.5479894519381427,0.05479894601038219
Milwaukee,2000-04-23 17:00:00,0.0,0.34619647541530363,0.3583954550705775,0.3666255582259426,-0.05749483022965941,-0.10499265938658223,1.0,0.0
Milwaukee,2000-04-23 18:00:00,0.0,0.34619647541530363,0.3583954550705775,0.3666255582259426,-0.05749483022965941,-0.10499265938658223,1.0,0.0
Milwaukee,2000-04-23 19:00:00,0.0,0.34619647541530363,0.3583954550705775,0.3666255582259426,-0.05749483022965941,-0.10499265938658223,1.0,0.0
Milwaukee,2000-04-23 20:00:00,0.0,0.34619647541530363,0.3583954550705775,0.3666255582259426,-0.05749483022965941,-0.10499265938658223,1.0,0.0
Milwaukee,2000-04-23 21:00:00,0.0,0.34619647541530363,0.3583954550705775,0.3666255582259426,-0.05749483022965941,-0.10499265938658223,1.0,0.0
Milwaukee,2000-04-23 22:00:00,0.0,0.34619647541530363,0.3583954550705775,0.3666255582259426,-0.05749483022965941,-0.10499265938658223,1.0,0.0
Milwaukee,2000-04-23 23:00:00,0.0,0.34619647541530363,0.3583954550705775,0.3666255582259426,-0.05749483022965941,-0.10499265938658223,1.0,0.0
Milwaukee,2000-04-24 00:00:00,0.0,0.34619647541530363,0.3583954550705775,0.3666255582259426,-0.05749483022965941,-0.10499265938658223,1.0,0.0
Milwaukee,2000-04-24 01:00:00,0.0,0.34619647541530363,0.3583954550705775,0.3666255582259426,-0.05749483022965941,-0.10499265938658223,1.0,0.0
Milwaukee,2000-04-24 02:00:00,0.0,0.34619647541530363,0.3583954550705775,0.3666255582259426,-0.05749483022965941,-0.10499265938658223,1.0,0.0
Milwaukee,2000-04-24 03:00:00,0.0,0.34619647541530363,0.3583954550705775,0.3666255582259426,-0.05749483022965941,-0.10499265938658223,1.0,0.0
Milwaukee,2000-04-24 04:00:00,0.0,0.34619647541530363,0.3583954550705775,0.3666255582259426,-0.05749483022965941,-0.10499265938658223,1.0,0.0
Milwaukee,2000-04-24 05:00:00,0.0,0.34619647541530363,0.3583954550705775,0.3666255582259426,-0.05749483022965941,-0.10499265938658223,1.0,0.0
Milwaukee,2000-04-24 06:00:00,0.0,0.34619647541530363,0.3583954550705775,0.3666255582259426,-0.05749483022965941,-0.10499265938658223,1.0,0.0
Milwaukee,2000-04-24 07:00:00,0.0,0.34619647541530363,0.3583954550705775,0.3666255582259426,-0.05749483022965941,-0.10499265938658223,1.0,0.0
Milwaukee,2000-04-24 08:00:00,0.0,0.34619647541530363,0.3583954550705775,0.3666255582259426,-0.05749483022965941,-0.10499265938658223,1.0,0.0
Milwaukee,2000-04-24 09:00:00,0.0,0.34619647541530363,0.3583954550705775,0.3666255582259426,-0.05749483022965941,-0.10499265938658223,1.0,0.0
Milwaukee,2000-04-24 10:00:00,0.0,0.34619647541530363,0.3583954550705775,0.3666255582259426,-0.05749483022965941,-0.10499265938658223,1.0,0.0
Milwaukee,2000-04-24 11:00:00,0.0,0.34619647541530363,0.3583954550705775,0.3666255582259426,-0.05749483022965941,-0.10499265938658223,1.0,0.0
Milwaukee,2000-04-24 12:00:00,0.0,0.34619647541530363,0.3583954550705775,0.3666255582259426,-0.05749483022965941,-0.10499265938658223,1.0,0.0
Milwaukee,2000-04-24 13:00:00,0.0,0.34619647541530363,0.3583954550705775,0.3666255582259426,-0.05749483022965941,-0.10499265938658223,1.0,0.0
Milwaukee,2000-04-24 14:00:00,0.0,0.34619647541530363,0.3583954550705775,0.3666255582259426,-0.05749483022965941,-0.10499265938658223,1.0,0.0
Milwaukee,2000-04-24 15:00:00,0.0,0.34619647541530363,0.3583954550705775,0.3666255582259426,-0.05749483022965941,-0.10499265938658223,1.0,0.0
Milwaukee,2000-04-24 16:00:00,0.0,0.34619647541530363,0.3583954550705775,0.3666255582259426,-0.05749483022965941,-0.10499265938658223,1.0,0.0
Milwaukee,2000-04-24 17:00:00,0.0,0.34619647541530363,0.3583954550705775,0.3666255582259426,-0.05749483022965941,-0.10499265938658223,1.0,0.0
Milwaukee,2000-04-24 18:00:00,0.0,0.34619647541530363,0.3583954550705775,0.3666255582259426,-0.05749483022965941,-0.10499265938658223,1.0,0.0
Milwaukee,2000-04-24 19:00:00,0.0,0.34619647541530363,0.3583954550705775,0.3666255582259426,-0.05749483022965941,-0.10499265938658223,1.0,0.0
Milwaukee,2000-04-24 20:00:00,0.0,0.34619647541530363,0.3583954550705775,0.3666255582259426,-0.05749483022965941,-0.10499265938658223,1.0,0.0
Milwaukee,2000-04-24 21:00:00,0.0,0.34619647541530363,0.3583954550705775,0.3666255582259426,-0.05749483022965941,-0.10499265938658223,1.0,0.0
Milwaukee,2000-04-24 22:00:00,0.0,0.34619647541530363,0.3583954550705775,0.3666255582259426,-0.05749483022965941,-0.10499265938658223,1.0,0.0
Milwaukee,2000-04-24 23:00:00,0.0,0.34619647541530363,0.3583954550705775,0.3666255582259426,-0.05749483022965941,-0.10499265938658223,1.0,0.0
Milwaukee,2000-04-25 00:00:00,0.0,0.34619647541530363,0.3583954550705775,0.3666255582259426,-0.05749483022965941,-0.10499265938658223,1.0,0.0
Milwaukee,2000-04-25 01:00:00,0.0,0.34619647541530363,0.3583954550705775,0.3666255582259426,-0.05749483022965941,-0.10499265938658223,1.0,0.0
Milwaukee,2000-04-25 02:00:00,0.0,0.34619647541530363,0.3583954550705775,0.3666255582259426,-0.05749483022965941,-0.10499265938658223,1.0,0.0
Milwaukee,2000-04-25 03:00:00,0.0,0.34619647541530363,0.3583954550705775,0.3666255582259426,-0.05749483022965941,-0.10499265938658223,1.0,0.0
Milwaukee,2000-04-25 04:00:00,0.0,0.34619647541530363,0.3583954550705775,0.3666255582259426,-0.05749483022965941,-0.10499265938658223,1.0,0.0
Milwaukee,2000-04-25 05:00:00,0.0,0.34619647541530363,0.3583954550705775,0.3666255582259426,-0.05749483022965941,-0.10499265938658223,1.0,0.0
Milwaukee,2000-04-25 06:00:00,0.0,0.34619647541530363,0.3583954550705775,0.3666255582259426,-0.05749483022965941,-0.10499265938658223,1.0,0.0
Milwaukee,2000-04-25 07:00:00,0.0,0.34619647541530363,0.3583954550705775,0.3666255582259426,-0.05749483022965941,-0.10499265938658223,1.0,0.0
Milwaukee,2000-04-25 08:00:00,0.0,0.34619647541530363,0.3583954550705775,0.3666255582259426,-0.05749483022965941,-0.10499265938658223,1.0,0.0
Milwaukee,2000-04-25 09:00:00,0.0,0.34619647541530363,0.3583954550705775,0.3666255582259426,-0.05749483022965941,-0.10499265938658223,1.0,0.0
Milwaukee,2000-04-25 10:00:00,0.0,0.34619647541530363,0.3583954550705775,0.3666255582259426,-0.05749483022965941,-0.10499265938658223,1.0,0.0
Milwaukee,2000-04-25 11:00:00,0.0,0.34619647541530363,0.3583954550705775,0.3666255582259426,-0.05749483022965941,-0.10499265938658223,1.0,0.0
Milwaukee,2000-04-25 12:00:00,0.0,0.34619647541530363,0.3583954550705775,0.3666255582259426,-0.05749483022965941,-0.10499265938658223,1.0,0.0
Milwaukee,2000-04-25 13:00:00,0.0,0.34619647541530363,0.3583954550705775,0.3666255582259426,-0.05749483022965941,-0.10499265938658223,1.0,0.0
Milwaukee,2000-04-25 14:00:00,0.0,0.34619647541530363,0.3583954550705775,0.3666255582259426,-0.05749483022965941,-0.10499265938658223,1.0,0.0
Milwaukee,2000-04-25 15:00:00,0.0,0.34619647541530363,0.3583954550705775,0.3666255582259426,-0.05749483022965941,-0.10499265938658223,1.0,0.0
Milwaukee,2000-04-25 16:00:00,0.0,0.34619647541530363,0.3583954550705775,0.3666255582259426,-0.05749483022965941,-0.10499265938658223,1.0,0.0
Milwaukee,2000-04-25 17:00:00,0.0,0.34619647541530363,0.3583954550705775,0.3666255582259426,-0.05749483022965941,-0.10499265938658223,1.0,0.0
Milwaukee,2000-04-25 18:00:00,0.0,0.34619647541530363,0.3583954550705775,0.3666255582259426,-0.05749483022965941,-0.10499265938658223,1.0,0.0
Milwaukee,2000-04-25 19:00:00,0.0,0.34619647541530363,0.3583954550705775,0.3666255582259426,-0.05749483022965941,-0.10499265938658223,1.0,0.0
Milwaukee,2000-04-25 20:00:00,0.0,0.34619647541530363,0.3583954550705775,0.3666255582259426,-0.05749483022965941,-0.10499265938658223,1.0,0.0
Milwaukee,2000-04-25 21:00:00,0.0,0.34619647541530363,0.3583954550705775,0.3666255582259426,-0.05749483022965941,-0.10499265938658223,1.0,0.0
Milwaukee,2000-04-25 22:00:00,0.0,0.34619647541530363,0.3583954550705775,0.3666255582259426,-0.05749483022965941,-0.10499265938658223,1.0,0.0
Milwaukee,2000-04-25 23:00:00,0.0,0.34619647541530363,0.3583954550705775,0.3666255582259426,-0.05749483022965941,-0.10499265938658223,1.0,0.0
Milwaukee,2000-04-26 00:00:00,0.0,0.34619647541530363,0.3583954550705775,0.3666255582259426,-0.05749483022965941,-0.10499265938658223,1.0,0.0
Milwaukee,2000-04-26 01:00:00,0.0,0.34619647541530363,0.3583954550705775,0.3666255582259426,-0.05749483022965941,-0.10499265938658223,1.0,0.0
Milwaukee,2000-04-26 02:00:00,0.0,0.34619647541530363,0.3583954550705775,0.3666255582259426,-0.05749483022965941,-0.10499265938658223,1.0,0.0
Milwaukee,2000-04-26 03:00:00,0.0,0.34619647541530363,0.3583954550705775,0.3666255582259426,-0.05749483022965941,-0.10499265938658223,1.0,0.0
Milwaukee,2000-04-26 04:00:00,0.0,0.34619647541530363,0.3583954550705775,0.3666255582259426,-0.05749483022965941,-0.10499265938658223,1.0,0.0
Milwaukee,2000-04-26 05:00:00,0.0,0.34619647541530363,0.3583954550705775,0.3666255582259426,-0.05749483022965941,-0.10499265938658223,1.0,0.0
Milwaukee,2000-04-26 06:00:00,0.0,0.34619647541530363,0.3583954550705775,0.3666255582259426,-0.05749483022965941,-0.10499265938658223,1.0,0.0
Milwaukee,2000-04-26 07:00:00,0.0,0.34619647541530363,0.3583954550705775,0.3666255582259426,-0.05749483022965941,-0.10499265938658223,1.0,0.0
Milwaukee,2000-04-26 08:00:00,0.0,0.34619647541530363,0.3583954550705775,0.3666255582259426,-0.05749483022965941,-0.10499265938658223,1.0,0.0
Milwaukee,2000-04-26 09:00:00,0.0,0.34619647541530363,0.3583954550705775,0.3666255582259426,-0.05749483022965941,-0.10499265938658223,1.0,0.0
Milwaukee,2000-04-26 10:00:00,0.0,0.34619647541530363,0.3583954550705775,0.3666255582259426,-0.05749483022965941,-0.10499265938658223,1.0,0.0
Milwaukee,2000-04-26 11:00:00,0.0,0.34619647541530363,0.3583954550705775,0.3666255582259426,-0.05749483022965941,-0.10499265938658223,1.0,0.0
Milwaukee,2000-04-26 12:00:00,0.0,0.34619647541530363,0.3583954550705775,0.3666255582259426,-0.05749483022965941,-0.10499265938658223,1.0,0.0
Milwaukee,2000-04-26 13:00:00,0.0,0.34619647541530363,0.3583954550705775,0.3666255582259426,-0.05749483022965941,-0.10499265938658223,1.0,0.0
Milwaukee,2000-04-26 14:00:00,0.0,0.34619647541530363,0.3583954550705775,0.3666255582259426,-0.05749483022965941,-0.10499265938658223,1.0,0.0
Milwaukee,2000-04-26 15:00:00,0.0,0.34619647541530363,0.3583954550705775,0.3666255582259426,-0.05749483022965941,-0.10499265938658223,1.0,0.0
Milwaukee,2000-04-26 16:00:00,0.0,0.34619647541530363,0.3583954550705775,0.3666255582259426,-0.05749483022965941,-0.10499265938658223,1.0,0.0
Milwaukee,2000-04-26 17:00:00,0.0,0.34619647541530363,0.3583954550705775,0.3666255582259426,-0.05749483022965941,-0.10499265938658223,1.0,0.0
Milwaukee,2000-04-26 18:00:00,0.0,0.34619647541530363,0.3583954550705775,0.3666255582259426,-0.05749483022965941,-0.10499265938658223,1.0,0.0
Milwaukee,2000-04-26 19:00:00,0.0,0.34619647541530363,0.3583954550705775,0.3666255582259426,-0.05749483022965941,-0.10499265938658223,1.0,0.0
Milwaukee,2000-04-26 20:00:00,0.0,0.34619647541530363,0.3583954550705775,0.3666255582259426,-0.05749483022965941,-0.10499265938658223,1.0,0.0
Milwaukee,2000-04-26 21:00:00,0.0,0.34619647541530363,0.3583954550705775,0.3666255582259426,-0.05749483022965941,-0.10499265938658223,1.0,0.0
Milwaukee,2000-04-26 22:00:00,0.0,0.34619647541530363,0.3583954550705775,0.3666255582259426,-0.05749483022965941,-0.10499265938658223,1.0,0.0
Milwaukee,2000-04-26 23:00:00,0.0,0.34619647541530363,0.3583954550705775,0.3666255582259426,-0.05749483022965941,-0.10499265938658223,1.0,0.0
Milwaukee,2000-04-27 00:00:00,0.0,0.34619647541530363,0.3583954550705775,0.3666255582259426,-0.05749483022965941,-0.10499265938658223,1.0,0.0
Milwaukee,2000-04-27 01:00:00,0.0,0.34619647541530363,0.3583954550705775,0.3666255582259426,-0.05749483022965941,-0.10499265938658223,1.0,0.0
Milwaukee,2000-04-27 02:00:00,0.0,0.34619647541530363,0.3583954550705775,0.3666255582259426,-0.05749483022965941,-0.10499265938658223,1.0,0.0
Milwaukee,2000-04-27 03:00:00,0.0,0.34619647541530363,0.3583954550705775,0.3666255582259426,-0.05749483022965941,-0.10499265938658223,1.0,0.0
Milwaukee,2000-04-27 04:00:00,0.0,0.34619647541530363,0.3583954550705775,0.3666255582259426,-0.05749483022965941,-0.10499265938658223,1.0,0.0
Milwaukee,2000-04-27 05:00:00,0.0,0.34619647541530363,0.3583954550705775,0.3666255582259426,-0.05749483022965941,-0.10499265938658223,1.0,0.0
Milwaukee,2000-04-27 06:00:00,0.0,0.34619647541530363,0.3583954550705775,0.3666255582259426,-0.05749483022965941,-0.10499265938658223,1.0,0.0
Milwaukee,2000-04-27 07:00:00,0.0,0.34619647541530363,0.3583954550705775,0.3666255582259426,-0.05749483022965941,-0.10499265938658223,1.0,0.0
Milwaukee,2000-04-27 08:00:00,0.0,0.34619647541530363,0.3583954550705775,0.3666255582259426,-0.05749483022965941,-0.10499265938658223,1.0,0.0
Milwaukee,2000-04-27 09:00:00,0.0,0.34619647541530363,0.3583954550705775,0.3666255582259426,-0.05749483022965941,-0.10499265938658223,1.0,0.0
Milwaukee,2000-04-27 10:00:00,0.0,0.34619647541530363,0.3583954550705775,0.3666255582259426,-0.05749483022965941,-0.10499265938658223,1.0,0.0
Milwaukee,2000-04-27 11:00:00,0.0,0.34619647541530363,0.3583954550705775,0.3666255582259426,-0.05749483022965941,-0.10499265938658223,1.0,0.0
Milwaukee,2000-04-27 12:00:00,0.0,0.34619647541530363,0.3583954550705775,0.3666255582259426,-0.05749483022965941,-0.10499265938658223,1.0,0.0
Milwaukee,2000-04-27 13:00:00,0.0,0.34619647541530363,0.3583954550705775,0.3666255582259426,-0.05749483022965941,-0.10499265938658223,1.0,0.0
Milwaukee,2000-04-27 14:00:00,0.0,0.34619647541530363,0.3583954550705775,0.3666255582259426,-0.05749483022965941,-0.10499265938658223,1.0,0.0
Milwaukee,2000-04-27 15:00:00,0.0,0.34619647541530363,0.3583954550705775,0.3666255582259426,-0.05749483022965941,-0.10499265938658223,1.0,0.0
Milwaukee,2000-04-27 16:00:00,0.0,0.34619647541530363,0.3583954550705775,0.3666255582259426,-0.05749483022965941,-0.10499265938658223,1.0,0.0
Milwaukee,2000-04-27 17:00:00,0.0,0.34619647541530363,0.3583954550705775,0.3666255582259426,-0.05749483022965941,-0.10499265938658223,1.0,0.0
Milwaukee,2000-04-27 18:00:00,0.0,0.34619647541530363,0.3583954550705775,0.3666255582259426,-0.05749483022965941,-0.10499265938658223,1.0,0.0
Milwaukee,2000-04-27 19:00:00,0.0,0.34619647541530363,0.3583954550705775,0.3666255582259426,-0.05749483022965941,-0.10499265938658223,1.0,0.0
Milwaukee,2000-04-27 20:00:00,0.0,0.34619647541530363,0.3583954550705775,0.3666255582259426,-0.05749483022965941,-0.10499265938658223,1.0,0.0
Milwaukee,2000-04-27 21:00:00,0.0,0.34619647541530363,0.3583954550705775,0.3666255582259426,-0.05749483022965941,-0.10499265938658223,1.0,0.0
Milwaukee,2000-04-27 22:00:00,0.0,0.34619647541530363,0.3583954550705775,0.3666255582259426,-0.05749483022965941,-0.10499265938658223,1.0,0.0
Milwaukee,2000-04-27 23:00:00,0.0,0.34619647541530363,0.3583954550705775,0.3666255582259426,-0.05749483022965941,-0.10499265938658223,1.0,0.0
Milwaukee,2000-04-28 00:00:00,0.0,0.34619647541530363,0.3583954550705775,0.3666255582259426,-0.05749483022965941,-0.10499265938658223,1.0,0.0
Milwaukee,2000-04-28 01:00:00,0.0,0.34619647541530363,0.3583954550705775,0.3666255582259426,-0.05749483022965941,-0.10499265938658223,1.0,0.0
Milwaukee,2000-04-28 02:00:00,0.0,0.34619647541530363,0.3583954550705775,0.3666255582259426,-0.05749483022965941,-0.10499265938658223,1.0,0.0
Milwaukee,2000-04-28 03:00:00,0.0,0.34619647541530363,0.3583954550705775,0.3666255582259426,-0.05749483022965941,-0.10499265938658223,1.0,0.0
Milwaukee,2000-04-28 04:00:00,0.0,0.34619647541530363,0.3583954550705775,0.3666255582259426,-0.05749483022965941,-0.10499265938658223,1.0,0.0
Milwaukee,2000-04-28 05:00:00,0.0,0.34619647541530363,0.3583954550705775,0.3666255582259426,-0.05749483022965941,-0.10499265938658223,1.0,0.0
Milwaukee,2000-04-28 06:00:00,0.0,0.34619647541530363,0.3583954550705775,0.3666255582259426,-0.05749483022965941,-0.10499265938658223,1.0,0.0
Milwaukee,2000-04-28 07:00:00,0.0,0.34619647541530363,0.3583954550705775,0.3666255582259426,-0.05749483022965941,-0.10499265938658223,1.0,0.0
Milwaukee,2000-04-28 08:00:00,0.0,0.34619647541530363,0.3583954550705775,0.3666255582259426,-0.05749483022965941,-0.10499265938658223,1.0,0.0
Milwaukee,2000-04-28 09:00:00,0.0,0.34619647541530363,0.3583954550705775,0.3666255582259426,-0.05749483022965941,-0.10499265938658223,1.0,0.0
Milwaukee,2000-04-28 10:00:00,0.0,0.34619647541530363,0.3583954550705775,0.3666255582259426,-0.05749483022965941,-0.10499265938658223,1.0,0.0
Milwaukee,2000-04-28 11:00:00,0.0,0.34619647541530363,0.3583954550705775,0.3666255582259426,-0.05749483022965941,-0.10499265938658223,1.0,0.0
Milwaukee,2000-04-28 12:00:00,0.0,0.34619647541530363,0.3583954550705775,0.3666255582259426,-0.05749483022965941,-0.10499265938658223,1.0,0.0
Milwaukee,2000-04-28 13:00:00,0.0,0.34619647541530363,0.3583954550705775,0.3666255582259426,-0.05749483022965941,-0.10499265938658223,1.0,0.0
Milwaukee,2000-04-28 14:00:00,0.0,0.34619647541530363,0.3583954550705775,0.3666255582259426,-0.05749483022965941,-0.10499265938658223,1.0,0.0
Milwaukee,2000-04-28 15:00:00,0.0,0.34619647541530363,0.3583954550705775,0.3666255582259426,-0.05749483022965941,-0.10499265938658223,1.0,0.0
Milwaukee,2000-04-28 16:00:00,0.0,0.34619647541530363,0.3583954550705775,0.3666255582259426,-0.05749483022965941,-0.10499265938658223,1.0,0.0
Milwaukee,2000-04-28 17:00:00,0.0,0.34619647541530363,0.3583954550705775,0.3666255582259426,-0.05749483022965941,-0.10499265938658223,1.0,0.0
Milwaukee,2000-04-28 18:00:00,0.0,0.34619647541530363,0.3583954550705775,0.3666255582259426,-0.05749483022965941,-0.10499265938658223,1.0,0.0
Milwaukee,2000-04-28 19:00:00,0.0,0.34619647541530363,0.3583954550705775,0.3666255582259426,-0.05749483022965941,-0.10499265938658223,1.0,0.0
Milwaukee,2000-04-28 20:00:00,0.0,0.34619647541530363,0.3583954550705775,0.3666255582259426,-0.05749483022965941,-0.10499265938658223,1.0,0.0
Milwaukee,2000-04-28 21:00:00,0.0,0.34619647541530363,0.3583954550705775,0.3666255582259426,-0.05749483022965941,-0.10499265938658223,1.0,0.0
Milwaukee,2000-04-28 22:00:00,0.0,0.34619647541530363,0.3583954550705775,0.3666255582259426,-0.05749483022965941,-0.10499265938658223,1.0,0.0
Milwaukee,2000-04-28 23:00:00,0.0,0.34619647541530363,0.3583954550705775,0.3666255582259426,-0.05749483022965941,-0.10499265938658223,1.0,0.0
Milwaukee,2000-04-29 00:00:00,0.0,0.34619647541530363,0.3583954550705775,0.3666255582259426,-0.05749483022965941,-0.10499265938658223,1.0,0.0
Milwaukee,2000-04-29 01:00:00,0.10000000149011612,0.37493462778701603,0.37963028842970437,0.38608798432978486,0.077882847413793,0.04267897886966643,0.5479894519381427,0.05479894601038219
Milwaukee,2000-04-29 02:00:00,0.10000000149011612,0.37493462778701603,0.37963028842970437,0.38608798432978486,0.077882847413793,0.04267897886966643,0.5479894519381427,0.05479894601038219
Milwaukee,2000-04-29 03:00:00,0.30000000447034836,0.4321218104209064,0.4219192462835154,0.42481437583882836,0.3486382027006978,0.3380222553821637,0.9695502465412611,0.2908650782966057
Milwaukee,2000-04-29 04:00:00,0.10000000149011612,0.37493462778701603,0.37963028842970437,0.38608798432978486,0.077882847413793,0.04267897886966643,0.5479894519381427,0.05479894601038219
Milwaukee,2000-04-29 05:00:00,0.10000000149011612,0.37493462778701603,0.37963028842970437,0.38608798432978486,0.077882847413793,0.04267897886966643,0.5479894519381427,0.05479894601038219
Milwaukee,2000-04-29 06:00:00,0.7000000104308128,0.5412961978369442,0.5040882360000163,0.5001902799477915,0.8901489132745067,0.9287088084071575,1.0433184768948425,0.7303229447090495
Milwaukee,2000-04-29 07:00:00,0.20000000298023224,0.4036312859866724,0.40082695074191593,0.4055009521190948,0.2132605250572452,0.1903506171259148,0.8925731429893989,0.17851463125795505
Milwaukee,2000-04-29 08:00:00,0.0,0.34619647541530363,0.3583954550705775,0.3666255582259426,-0.05749483022965941,-0.10499265938658223,1.0,0.0
Milwaukee,2000-04-29 09:00:00,0.0,0.34619647541530363,0.3583954550705775,0.3666255582259426,-0.05749483022965941,-0.10499265938658223,1.0,0.0
Milwaukee,2000-04-29 10:00:00,0.0,0.34619647541530363,0.3583954550705775,0.3666255582259426,-0.05749483022965941,-0.10499265938658223,1.0,0.0
Milwaukee,2000-04-29 11:00:00,0.0,0.34619647541530363,0.3583954550705775,0.3666255582259426,-0.05749483022965941,-0.10499265938658223,1.0,0.0
Milwaukee,2000-04-29 12:00:00,0.0,0.34619647541530363,0.3583954550705775,0.3666255582259426,-0.05749483022965941,-0.10499265938658223,1.0,0.0
Milwaukee,2000-04-29 13:00:00,0.0,0.34619647541530363,0.3583954550705775,0.3666255582259426,-0.05749483022965941,-0.10499265938658223,1.0,0.0
Milwaukee,2000-04-29 14:00:00,0.0,0.34619647541530363,0.3583954550705775,0.3666255582259426,-0.05749483022965941,-0.10499265938658223,1.0,0.0
Milwaukee,2000-04-29 15:00:00,0.0,0.34619647541530363,0.3583954550705775,0.3666255582259426,-0.05749483022965941,-0.10499265938658223,1.0,0.0
Milwaukee,2000-04-29 16:00:00,0.0,0.34619647541530363,0.3583954550705775,0.3666255582259426,-0.05749483022965941,-0.10499265938658223,1.0,0.0
Milwaukee,2000-04-29 17:00:00,0.0,0.34619647541530363,0.3583954550705775,0.3666255582259426,-0.05749483022965941,-0.10499265938658223,1.0,0.0
Milwaukee,2000-04-29 18:00:00,0.0,0.34619647541530363,0.3583954550705775,0.3666255582259426,-0.05749483022965941,-0.10499265938658223,1.0,0.0
Milwaukee,2000-04-29 19:00:00,0.0,0.34619647541530363,0.3583954550705775,0.3666255582259426,-0.05749483022965941,-0.10499265938658223,1.0,0.0
Milwaukee,2000-04-29 20:00:00,0.0,0.34619647541530363,0.3583954550705775,0.3666255582259426,-0.05749483022965941,-0.10499265938658223,1.0,0.0
Milwaukee,2000-04-29 21:00:00,0.0,0.34619647541530363,0.3583954550705775,0.3666255582259426,-0.05749483022965941,-0.10499265938658223,1.0,0.0
Milwaukee,2000-04-29 22:00:00,0.0,0.34619647541530363,0.3583954550705775,0.3666255582259426,-0.05749483022965941,-0.10499265938658223,1.0,0.0
Milwaukee,2000-04-29 23:00:00,0.0,0.34619647541530363,0.3583954550705775,0.3666255582259426,-0.05749483022965941,-0.10499265938658223,1.0,0.0
Milwaukee,2000-04-30 00:00:00,0.0,0.34619647541530363,0.3583954550705775,0.3666255582259426,-0.05749483022965941,-0.10499265938658223,1.0,0.0
Milwaukee,2000-04-30 01:00:00,0.0,0.34619647541530363,0.3583954550705775,0.3666255582259426,-0.05749483022965941,-0.10499265938658223,1.0,0.0
Milwaukee,2000-04-30 02:00:00,0.0,0.34619647541530363,0.3583954550705775,0.3666255582259426,-0.05749483022965941,-0.10499265938658223,1.0,0.0
Milwaukee,2000-04-30 03:00:00,0.0,0.34619647541530363,0.3583954550705775,0.3666255582259426,-0.05749483022965941,-0.10499265938658223,1.0,0.0
Milwaukee,2000-04-30 04:00:00,0.0,0.34619647541530363,0.3583954550705775,0.3666255582259426,-0.05749483022965941,-0.10499265938658223,1.0,0.0
Milwaukee,2000-04-30 05:00:00,0.0,0.34619647541530363,0.3583954550705775,0.3666255582259426,-0.05749483022965941,-0.10499265938658223,1.0,0.0
Milwaukee,2000-04-30 06:00:00,0.0,0.34619647541530363,0.3583954550705775,0.3666255582259426,-0.05749483022965941,-0.10499265938658223,1.0,0.0
Milwaukee,2000-04-30 07:00:00,0.0,0.34619647541530363,0.3583954550705775,0.3666255582259426,-0.05749483022965941,-0.10499265938658223,1.0,0.0
Milwaukee,2000-04-30 08:00:00,0.0,0.34619647541530363,0.3583954550705775,0.3666255582259426,-0.05749483022965941,-0.10499265938658223,1.0,0.0
Milwaukee,2000-04-30 09:00:00,0.0,0.34619647541530363,0.3583954550705775,0.3666255582259426,-0.05749483022965941,-0.10499265938658223,1.0,0.0
Milwaukee,2000-04-30 10:00:00,0.0,0.34619647541530363,0.3583954550705775,0.3666255582259426,-0.05749483022965941,-0.10499265938658223,1.0,0.0
Milwaukee,2000-04-30 11:00:00,0.0,0.34619647541530363,0.3583954550705775,0.3666255582259426,-0.05749483022965941,-0.10499265938658223,1.0,0.0
Milwaukee,2000-04-30 12:00:00,0.0,0.34619647541530363,0.3583954550705775,0.3666255582259426,-0.05749483022965941,-0.10499265938658223,1.0,0.0
Milwaukee,2000-04-30 13:00:00,0.0,0.34619647541530363,0.3583954550705775,0.3666255582259426,-0.05749483022965941,-0.10499265938658223,1.0,0.0
Milwaukee,2000-04-30 14:00:00,0.0,0.34619647541530363,0.3583954550705775,0.3666255582259426,-0.05749483022965941,-0.10499265938658223,1.0,0.0
Milwaukee,2000-04-30 15:00:00,0.0,0.34619647541530363,0.3583954550705775,0.3666255582259426,-0.05749483022965941,-0.10499265938658223,1.0,0.0
Milwaukee,2000-04-30 16:00:00,0.0,0.34619647541530363,0.3583954550705775,0.3666255582259426,-0.05749483022965941,-0.10499265938658223,1.0,0.0
Milwaukee,2000-04-30 17:00:00,0.0,0.34619647541530363,0.3583954550705775,0.3666255582259426,-0.05749483022965941,-0.10499265938658223,1.0,0.0
Milwaukee,2000-04-30 18:00:00,0.0,0.34619647541530363,0.3583954550705775,0.3666255582259426,-0.05749483022965941,-0.10499265938658223,1.0,0.0
Milwaukee,2000-04-30 19:00:00,0.0,0.34619647541530363,0.3583954550705775,0.3666255582259426,-0.05749483022965941,-0.10499265938658223,1.0,0.0
Milwaukee,2000-04-30 20:00:00,0.0,0.34619647541530363,0.3583954550705775,0.3666255582259426,-0.05749483022965941,-0.10499265938658223,1.0,0.0
Milwaukee,2000-04-30 21:00:00,0.0,0.34619647541530363,0.3583954550705775,0.3666255582259426,-0.05749483022965941,-0.10499265938658223,1.0,0.0
Milwaukee,2000-04-30 22:00:00,0.0,0.34619647541530363,0.3583954550705775,0.3666255582259426,-0.05749483022965941,-0.10499265938658223,1.0,0.0
Milwaukee,2000-04-30 23:00:00,0.0,0.34619647541530363,0.3583954550705775,0.3666255582259426,-0.05749483022965941,-0.10499265938658223,1.0,0.0
Milwaukee,2000-05-01 00:00:00,0.0,0.34619647541530363,0.3583954550705775,0.3666255582259426,-0.05749483022965941,-0.10499265938658223,1.0,0.0
Milwaukee,2000-05-01 01:00:00,0.0,0.34619647541530363,0.3583954550705775,0.3666255582259426,-0.05749483022965941,-0.10499265938658223,1.0,0.0
Milwaukee,2000-05-01 02:00:00,0.0,0.34619647541530363,0.3583954550705775,0.3666255582259426,-0.05749483022965941,-0.10499265938658223,1.0,0.0
Milwaukee,2000-05-01 03:00:00,0.0,0.34619647541530363,0.3583954550705775,0.3666255582259426,-0.05749483022965941,-0.10499265938658223,1.0,0.0
Milwaukee,2000-05-01 04:00:00,0.0,0.34619647541530363,0.3583954550705775,0.3666255582259426,-0.05749483022965941,-0.10499265938658223,1.0,0.0
Milwaukee,2000-05-01 05:00:00,0.0,0.34619647541530363,0.3583954550705775,0.3666255582259426,-0.05749483022965941,-0.10499265938658223,1.0,0.0
Milwaukee,2000-05-01 06:00:00,0.0,0.34619647541530363,0.3583954550705775,0.3666255582259426,-0.05749483022965941,-0.10499265938658223,1.0,0.0
Milwaukee,2000-05-01 07:00:00,0.0,0.34619647541530363,0.3583954550705775,0.3666255582259426,-0.05749483022965941,-0.10499265938658223,1.0,0.0
Milwaukee,2000-05-01 08:00:00,0.0,0.34619647541530363,0.3583954550705775,0.3666255582259426,-0.05749483022965941,-0.10499265938658223,1.0,0.0
Milwaukee,2000-05-01 09:00:00,0.30000000447034836,0.4321218104209064,0.4219192462835154,0.42481437583882836,0.3486382027006978,0.3380222553821637,0.9695502465412611,0.2908650782966057
Milwaukee,2000-05-01 10:00:00,0.20000000298023224,0.4036312859866724,0.40082695074191593,0.4055009521190948,0.2132605250572452,0.1903506171259148,0.8925731429893989,0.17851463125795505
Milwaukee,2000-05-01 11:00:00,0.30000000447034836,0.4321218104209064,0.4219192462835154,0.42481437583882836,0.3486382027006978,0.3380222553821637,0.9695502465412611,0.2908650782966057
Milwaukee,2000-05-01 12:00:00,0.800000011920929,0.5668587624286637,0.5238351948323483,0.518375294178048,1.0255265909179592,1.0763804466634062,1.0495880420808272,0.8396704461767263
Milwaukee,2000-05-01 13:00:00,1.0000000149011612,0.6153868482101035,0.562101850089929,0.5537391217635472,1.296281946204864,1.3717237231759034,1.0581985864972592,1.0581986022656469
Milwaukee,2000-05-01 14:00:00,0.4000000059604645,0.4602572840073257,0.44284563734884813,0.44398150563378375,0.4840158803441499,0.4856938936384119,1.0034668558665243,0.40138674832773824
Milwaukee,2000-05-01 15:00:00,0.30000000447034836,0.4321218104209064,0.4219192462835154,0.42481437583882836,0.3486382027006978,0.3380222553821637,0.9695502465412611,0.2908650782966057
Milwaukee,2000-05-01 16:00:00,0.0,0.34619647541530363,0.3583954550705775,0.3666255582259426,-0.05749483022965941,-0.10499265938658223,1.0,0.0
Milwaukee,2000-05-01 17:00:00,0.0,0.34619647541530363,0.3583954550705775,0.3666255582259426,-0.05749483022965941,-0.10499265938658223,1.0,0.0
Milwaukee,2000-05-01 18:00:00,0.0,0.34619647541530363,0.3583954550705775,0.3666255582259426,-0.05749483022965941,-0.10499265938658223,1.0,0.0
Milwaukee,2000-05-01 19:00:00,0.0,0.34619647541530363,0.3583954550705775,0.3666255582259426,-0.05749483022965941,-0.10499265938658223,1.0,0.0
Milwaukee,2000-05-01 20:00:00,0.0,0.34619647541530363,0.3583954550705775,0.3666255582259426,-0.05749483022965941,-0.10499265938658223,1.0,0.0
Milwaukee,2000-05-01 21:00:00,0.0,0.34619647541530363,0.3583954550705775,0.3666255582259426,-0.05749483022965941,-0.10499265938658223,1.0,0.0
Milwaukee,2000-05-01 22:00:00,0.0,0.34619647541530363,0.3583954550705775,0.3666255582259426,-0.05749483022965941,-0.10499265938658223,1.0,0.0
Milwaukee,2000-05-01 23:00:00,0.0,0.34619647541530363,0.3583954550705775,0.3666255582259426,-0.05749483022965941,-0.10499265938658223,1.0,0.0
Milwaukee,2000-05-02 00:00:00,0.0,0.34619647541530363,0.3583954550705775,0.3666255582259426,-0.05749483022965941,-0.10499265938658223,1.0,0.0
Milwaukee,2000-05-02 01:00:00,0.0,0.34619647541530363,0.3583954550705775,0.3666255582259426,-0.05749483022965941,-0.10499265938658223,1.0,0.0
Milwaukee,2000-05-02 02:00:00,0.0,0.34619647541530363,0.3583954550705775,0.3666255582259426,-0.05749483022965941,-0.10499265938658223,1.0,0.0
Milwaukee,2000-05-02 03:00:00,0.0,0.34619647541530363,0.3583954550705775,0.3666255582259426,-0.05749483022965941,-0.10499265938658223,1.0,0.0
Milwaukee,2000-05-02 04:00:00,0.0,0.34619647541530363,0.3583954550705775,0.3666255582259426,-0.05749483022965941,-0.10499265938658223,1.0,0.0
Milwaukee,2000-05-02 05:00:00,0.0,0.34619647541530363,0.3583954550705775,0.3666255582259426,-0.05749483022965941,-0.10499265938658223,1.0,0.0
Milwaukee,2000-05-02 06:00:00,0.0,0.34619647541530363,0.3583954550705775,0.3666255582259426,-0.05749483022965941,-0.10499265938658223,1.0,0.0
Milwaukee,2000-05-02 07:00:00,0.0,0.34619647541530363,0.3583954550705775,0.3666255582259426,-0.05749483022965941,-0.10499265938658223,1.0,0.0
Milwaukee,2000-05-02 08:00:00,0.0,0.34619647541530363,0.3583954550705775,0.3666255582259426,-0.05749483022965941,-0.10499265938658223,1.0,0.0
Milwaukee,2000-05-02 09:00:00,0.0,0.34619647541530363,0.3583954550705775,0.3666255582259426,-0.05749483022965941,-0.10499265938658223,1.0,0.0
Milwaukee,2000-05-02 10:00:00,0.0,0.34619647541530363,0.3583954550705775,0.3666255582259426,-0.05749483022965941,-0.10499265938658223,1.0,0.0
Milwaukee,2000-05-02 11:00:00,0.0,0.34619647541530363,0.3583954550705775,0.3666255582259426,-0.05749483022965941,-0.10499265938658223,1.0,0.0
Milwaukee,2000-05-02 12:00:00,0.0,0.34619647541530363,0.3583954550705775,0.3666255582259426,-0.05749483022965941,-0.10499265938658223,1.0,0.0
Milwaukee,2000-05-02 13:00:00,0.0,0.34619647541530363,0.3583954550705775,0.3666255582259426,-0.05749483022965941,-0.10499265938658223,1.0,0.0
Milwaukee,2000-05-02 14:00:00,0.0,0.34619647541530363,0.3583954550705775,0.3666255582259426,-0.05749483022965941,-0.10499265938658223,1.0,0.0
Milwaukee,2000-05-02 15:00:00,0.0,0.34619647541530363,0.3583954550705775,0.3666255582259426,-0.05749483022965941,-0.10499265938658223,1.0,0.0
Milwaukee,2000-05-02 16:00:00,0.0,0.34619647541530363,0.3583954550705775,0.3666255582259426,-0.05749483022965941,-0.10499265938658223,1.0,0.0
Milwaukee,2000-05-02 17:00:00,0.0,0.34619647541530363,0.3583954550705775,0.3666255582259426,-0.05749483022965941,-0.10499265938658223,1.0,0.0
Milwaukee,2000-05-02 18:00:00,0.0,0.34619647541530363,0.3583954550705775,0.3666255582259426,-0.05749483022965941,-0.10499265938658223,1.0,0.0
Milwaukee,2000-05-02 19:00:00,0.0,0.34619647541530363,0.3583954550705775,0.3666255582259426,-0.05749483022965941,-0.10499265938658223,1.0,0.0
Milwaukee,2000-05-02 20:00:00,0.0,0.34619647541530363,0.3583954550705775,0.3666255582259426,-0.05749483022965941,-0.10499265938658223,1.0,0.0
Milwaukee,2000-05-02 21:00:00,0.0,0.34619647541530363,0.3583954550705775,0.3666255582259426,-0.05749483022965941,-0.10499265938658223,1.0,0.0
Milwaukee,2000-05-02 22:00:00,0.0,0.34619647541530363,0.3583954550705775,0.3666255582259426,-0.05749483022965941,-0.10499265938658223,1.0,0.0
Milwaukee,2000-05-02 23:00:00,0.0,0.34619647541530363,0.3583954550705775,0.3666255582259426,-0.05749483022965941,-0.10499265938658223,1.0,0.0
Milwaukee,2000-05-03 00:00:00,0.0,0.34619647541530363,0.3583954550705775,0.3666255582259426,-0.05749483022965941,-0.10499265938658223,1.0,0.0
Milwaukee,2000-05-03 01:00:00,0.0,0.34619647541530363,0.3583954550705775,0.3666255582259426,-0.05749483022965941,-0.10499265938658223,1.0,0.0
Milwaukee,2000-05-03 02:00:00,0.0,0.34619647541530363,0.3583954550705775,0.3666255582259426,-0.05749483022965941,-0.10499265938658223,1.0,0.0
Milwaukee,2000-05-03 03:00:00,0.0,0.34619647541530363,0.3583954550705775,0.3666255582259426,-0.05749483022965941,-0.10499265938658223,1.0,0.0
Milwaukee,2000-05-03 04:00:00,0.0,0.34619647541530363,0.3583954550705775,0.3666255582259426,-0.05749483022965941,-0.10499265938658223,1.0,0.0
Milwaukee,2000-05-03 05:00:00,0.0,0.34619647541530363,0.3583954550705775,0.3666255582259426,-0.05749483022965941,-0.10499265938658223,1.0,0.0
Milwaukee,2000-05-03 06:00:00,0.0,0.34619647541530363,0.3583954550705775,0.3666255582259426,-0.05749483022965941,-0.10499265938658223,1.0,0.0
Milwaukee,2000-05-03 07:00:00,0.0,0.34619647541530363,0.3583954550705775,0.3666255582259426,-0.05749483022965941,-0.10499265938658223,1.0,0.0
Milwaukee,2000-05-03 08:00:00,0.0,0.34619647541530363,0.3583954550705775,0.3666255582259426,-0.05749483022965941,-0.10499265938658223,1.0,0.0
Milwaukee,2000-05-03 09:00:00,0.0,0.34619647541530363,0.3583954550705775,0.3666255582259426,-0.05749483022965941,-0.10499265938658223,1.0,0.0
Milwaukee,2000-05-03 10:00:00,0.0,0.34619647541530363,0.3583954550705775,0.3666255582259426,-0.05749483022965941,-0.10499265938658223,1.0,0.0
Milwaukee,2000-05-03 11:00:00,0.0,0.34619647541530363,0.3583954550705775,0.3666255582259426,-0.05749483022965941,-0.10499265938658223,1.0,0.0
Milwaukee,2000-05-03 12:00:00,0.0,0.34619647541530363,0.3583954550705775,0.3666255582259426,-0.05749483022965941,-0.10499265938658223,1.0,0.0
Milwaukee,2000-05-03 13:00:00,0.0,0.34619647541530363,0.3583954550705775,0.3666255582259426,-0.05749483022965941,-0.10499265938658223,1.0,0.0
Milwaukee,2000-05-03 14:00:00,0.0,0.34619647541530363,0.3583954550705775,0.3666255582259426,-0.05749483022965941,-0.10499265938658223,1.0,0.0
Milwaukee,2000-05-03 15:00:00,0.0,0.34619647541530363,0.3583954550705775,0.3666255582259426,-0.05749483022965941,-0.10499265938658223,1.0,0.0
Milwaukee,2000-05-03 16:00:00,0.0,0.34619647541530363,0.3583954550705775,0.3666255582259426,-0.05749483022965941,-0.10499265938658223,1.0,0.0
Milwaukee,2000-05-03 17:00:00,0.0,0.34619647541530363,0.3583954550705775,0.3666255582259426,-0.05749483022965941,-0.10499265938658223,1.0,0.0
Milwaukee,2000-05-03 18:00:00,0.0,0.34619647541530363,0.3583954550705775,0.3666255582259426,-0.05749483022965941,-0.10499265938658223,1.0,0.0
Milwaukee,2000-05-03 19:00:00,0.0,0.34619647541530363,0.3583954550705775,0.3666255582259426,-0.05749483022965941,-0.10499265938658223,1.0,0.0
Milwaukee,2000-05-03 20:00:00,0.0,0.34619647541530363,0.3583954550705775,0.3666255582259426,-0.05749483022965941,-0.10499265938658223,1.0,0.0
Milwaukee,2000-05-03 21:00:00,0.0,0.34619647541530363,0.3583954550705775,0.3666255582259426,-0.05749483022965941,-0.10499265938658223,1.0,0.0
Milwaukee,2000-05-03 22:00:00,0.0,0.34619647541530363,0.3583954550705775,0.3666255582259426,-0.05749483022965941,-0.10499265938658223,1.0,0.0
Milwaukee,2000-05-03 23:00:00,0.0,0.34619647541530363,0.3583954550705775,0.3666255582259426,-0.05749483022965941,-0.10499265938658223,1.0,0.0
Milwaukee,2000-05-04 00:00:00,0.0,0.34619647541530363,0.3583954550705775,0.3666255582259426,-0.05749483022965941,-0.10499265938658223,1.0,0.0
Milwaukee,2000-05-04 01:00:00,0.0,0.34619647541530363,0.3583954550705775,0.3666255582259426,-0.05749483022965941,-0.10499265938658223,1.0,0.0
Milwaukee,2000-05-04 02:00:00,0.0,0.34619647541530363,0.3583954550705775,0.3666255582259426,-0.05749483022965941,-0.10499265938658223,1.0,0.0
Milwaukee,2000-05-04 03:00:00,0.0,0.34619647541530363,0.3583954550705775,0.3666255582259426,-0.05749483022965941,-0.10499265938658223,1.0,0.0
Milwaukee,2000-05-04 04:00:00,0.0,0.34619647541530363,0.3583954550705775,0.3666255582259426,-0.05749483022965941,-0.10499265938658223,1.0,0.0
Milwaukee,2000-05-04 05:00:00,0.0,0.34619647541530363,0.3583954550705775,0.3666255582259426,-0.05749483022965941,-0.10499265938658223,1.0,0.0
Milwaukee,2000-05-04 06:00:00,0.0,0.34619647541530363,0.3583954550705775,0.3666255582259426,-0.05749483022965941,-0.10499265938658223,1.0,0.0
Milwaukee,2000-05-04 07:00:00,0.0,0.34619647541530363,0.3583954550705775,0.3666255582259426,-0.05749483022965941,-0.10499265938658223,1.0,0.0
Milwaukee,2000-05-04 08:00:00,0.0,0.34619647541530363,0.3583954550705775,0.3666255582259426,-0.05749483022965941,-0.10499265938658223,1.0,0.0
Milwaukee,2000-05-04 09:00:00,0.0,0.34619647541530363,0.3583954550705775,0.3666255582259426,-0.05749483022965941,-0.10499265938658223,1.0,0.0
Milwaukee,2000-05-04 10:00:00,0.0,0.34619647541530363,0.3583954550705775,0.3666255582259426,-0.05749483022965941,-0.10499265938658223,1.0,0.0
Milwaukee,2000-05-04 11:00:00,0.0,0.34619647541530363,0.3583954550705775,0.3666255582259426,-0.05749483022965941,-0.10499265938658223,1.0,0.0
Milwaukee,2000-05-04 12:00:00,0.0,0.34619647541530363,0.3583954550705775,0.3666255582259426,-0.05749483022965941,-0.10499265938658223,1.0,0.0
Milwaukee,2000-05-04 13:00:00,0.0,0.34619647541530363,0.3583954550705775,0.3666255582259426,-0.05749483022965941,-0.10499265938658223,1.0,0.0
Milwaukee,2000-05-04 14:00:00,0.0,0.34619647541530363,0.3583954550705775,0.3666255582259426,-0.05749483022965941,-0.10499265938658223,1.0,0.0
Milwaukee,2000-05-04 15:00:00,0.0,0.34619647541530363,0.3583954550705775,0.3666255582259426,-0.05749483022965941,-0.10499265938658223,1.0,0.0
Milwaukee,2000-05-04 16:00:00,0.0,0.34619647541530363,0.3583954550705775,0.3666255582259426,-0.05749483022965941,-0.10499265938658223,1.0,0.0
Milwaukee,2000-05-04 17:00:00,0.0,0.34619647541530363,0.3583954550705775,0.3666255582259426,-0.05749483022965941,-0.10499265938658223,1.0,0.0
Milwaukee,2000-05-04 18:00:00,0.0,0.34619647541530363,0.3583954550705775,0.3666255582259426,-0.05749483022965941,-0.10499265938658223,1.0,0.0
Milwaukee,2000-05-04 19:00:00,0.0,0.34619647541530363,0.3583954550705775,0.3666255582259426,-0.05749483022965941,-0.10499265938658223,1.0,0.0
Milwaukee,2000-05-04 20:00:00,0.0,0.34619647541530363,0.3583954550705775,0.3666255582259426,-0.05749483022965941,-0.10499265938658223,1.0,0.0
Milwaukee,2000-05-04 21:00:00,0.0,0.34619647541530363,0.3583954550705775,0.3666255582259426,-0.05749483022965941,-0.10499265938658223,1.0,0.0
Milwaukee,2000-05-04 22:00:00,0.0,0.34619647541530363,0.3583954550705775,0.3666255582259426,-0.05749483022965941,-0.10499265938658223,1.0,0.0
Milwaukee,2000-05-04 23:00:00,0.0,0.34619647541530363,0.3583954550705775,0.3666255582259426,-0.05749483022965941,-0.10499265938658223,1.0,0.0
Milwaukee,2000-05-05 00:00:00,0.0,0.34619647541530363,0.3583954550705775,0.3666255582259426,-0.05749483022965941,-0.10499265938658223,1.0,0.0
Milwaukee,2000-05-05 01:00:00,0.0,0.34619647541530363,0.3583954550705775,0.3666255582259426,-0.05749483022965941,-0.10499265938658223,1.0,0.0
Milwaukee,2000-05-05 02:00:00,0.0,0.34619647541530363,0.3583954550705775,0.3666255582259426,-0.05749483022965941,-0.10499265938658223,1.0,0.0
Milwaukee,2000-05-05 03:00:00,0.0,0.34619647541530363,0.3583954550705775,0.3666255582259426,-0.05749483022965941,-0.10499265938658223,1.0,0.0
Milwaukee,2000-05-05 04:00:00,0.0,0.34619647541530363,0.3583954550705775,0.3666255582259426,-0.05749483022965941,-0.10499265938658223,1.0,0.0
Milwaukee,2000-05-05 05:00:00,0.0,0.34619647541530363,0.3583954550705775,0.3666255582259426,-0.05749483022965941,-0.10499265938658223,1.0,0.0
Milwaukee,2000-05-05 06:00:00,0.0,0.34619647541530363,0.3583954550705775,0.3666255582259426,-0.05749483022965941,-0.10499265938658223,1.0,0.0
Milwaukee,2000-05-05 07:00:00,0.0,0.34619647541530363,0.3583954550705775,0.3666255582259426,-0.05749483022965941,-0.10499265938658223,1.0,0.0
Milwaukee,2000-05-05 08:00:00,0.0,0.34619647541530363,0.3583954550705775,0.3666255582259426,-0.05749483022965941,-0.10499265938658223,1.0,0.0
Milwaukee,2000-05-05 09:00:00,0.0,0.34619647541530363,0.3583954550705775,0.3666255582259426,-0.05749483022965941,-0.10499265938658223,1.0,0.0
Milwaukee,2000-05-05 10:00:00,0.0,0.34619647541530363,0.3583954550705775,0.3666255582259426,-0.05749483022965941,-0.10499265938658223,1.0,0.0
Milwaukee,2000-05-05 11:00:00,0.0,0.34619647541530363,0.3583954550705775,0.3666255582259426,-0.05749483022965941,-0.10499265938658223,1.0,0.0
Milwaukee,2000-05-05 12:00:00,0.0,0.34619647541530363,0.3583954550705775,0.3666255582259426,-0.05749483022965941,-0.10499265938658223,1.0,0.0
Milwaukee,2000-05-05 13:00:00,0.0,0.34619647541530363,0.3583954550705775,0.3666255582259426,-0.05749483022965941,-0.10499265938658223,1.0,0.0
Milwaukee,2000-05-05 14:00:00,0.0,0.34619647541530363,0.3583954550705775,0.3666255582259426,-0.05749483022965941,-0.10499265938658223,1.0,0.0
Milwaukee,2000-05-05 15:00:00,0.0,0.34619647541530363,0.3583954550705775,0.3666255582259426,-0.05749483022965941,-0.10499265938658223,1.0,0.0
Milwaukee,2000-05-05 16:00:00,0.0,0.34619647541530363,0.3583954550705775,0.3666255582259426,-0.05749483022965941,-0.10499265938658223,1.0,0.0
Milwaukee,2000-05-05 17:00:00,0.0,0.34619647541530363,0.3583954550705775,0.3666255582259426,-0.05749483022965941,-0.10499265938658223,1.0,0.0
Milwaukee,2000-05-05 18:00:00,0.0,0.34619647541530363,0.3583954550705775,0.3666255582259426,-0.05749483022965941,-0.10499265938658223,1.0,0.0
Milwaukee,2000-05-05 19:00:00,0.0,0.34619647541530363,0.3583954550705775,0.3666255582259426,-0.05749483022965941,-0.10499265938658223,1.0,0.0
Milwaukee,2000-05-05 20:00:00,0.0,0.34619647541530363,0.3583954550705775,0.3666255582259426,-0.05749483022965941,-0.10499265938658223,1.0,0.0
Milwaukee,2000-05-05 21:00:00,0.0,0.34619647541530363,0.3583954550705775,0.3666255582259426,-0.05749483022965941,-0.10499265938658223,1.0,0.0
Milwaukee,2000-05-05 22:00:00,0.0,0.34619647541530363,0.3583954550705775,0.3666255582259426,-0.05749483022965941,-0.10499265938658223,1.0,0.0
Milwaukee,2000-05-05 23:00:00,0.0,0.34619647541530363,0.3583954550705775,0.3666255582259426,-0.05749483022965941,-0.10499265938658223,1.0,0.0
Milwaukee,2000-05-06 00:00:00,0.0,0.34619647541530363,0.3583954550705775,0.3666255582259426,-0.05749483022965941,-0.10499265938658223,1.0,0.0
Milwaukee,2000-05-06 01:00:00,0.0,0.34619647541530363,0.3583954550705775,0.3666255582259426,-0.05749483022965941,-0.10499265938658223,1.0,0.0
Milwaukee,2000-05-06 02:00:00,0.0,0.34619647541530363,0.3583954550705775,0.3666255582259426,-0.05749483022965941,-0.10499265938658223,1.0,0.0
Milwaukee,2000-05-06 03:00:00,0.0,0.34619647541530363,0.3583954550705775,0.3666255582259426,-0.05749483022965941,-0.10499265938658223,1.0,0.0
Milwaukee,2000-05-06 04:00:00,0.0,0.34619647541530363,0.3583954550705775,0.3666255582259426,-0.05749483022965941,-0.10499265938658223,1.0,0.0
Milwaukee,2000-05-06 05:00:00,0.0,0.34619647541530363,0.3583954550705775,0.3666255582259426,-0.05749483022965941,-0.10499265938658223,1.0,0.0
Milwaukee,2000-05-06 06:00:00,0.0,0.34619647541530363,0.3583954550705775,0.3666255582259426,-0.05749483022965941,-0.10499265938658223,1.0,0.0
Milwaukee,2000-05-06 07:00:00,0.0,0.34619647541530363,0.3583954550705775,0.3666255582259426,-0.05749483022965941,-0.10499265938658223,1.0,0.0
Milwaukee,2000-05-06 08:00:00,0.0,0.34619647541530363,0.3583954550705775,0.3666255582259426,-0.05749483022965941,-0.10499265938658223,1.0,0.0
Milwaukee,2000-05-06 09:00:00,0.0,0.34619647541530363,0.3583954550705775,0.3666255582259426,-0.05749483022965941,-0.10499265938658223,1.0,0.0
Milwaukee,2000-05-06 10:00:00,0.0,0.34619647541530363,0.3583954550705775,0.3666255582259426,-0.05749483022965941,-0.10499265938658223,1.0,0.0
Milwaukee,2000-05-06 11:00:00,0.0,0.34619647541530363,0.3583954550705775,0.3666255582259426,-0.05749483022965941,-0.10499265938658223,1.0,0.0
Milwaukee,2000-05-06 12:00:00,0.0,0.34619647541530363,0.3583954550705775,0.3666255582259426,-0.05749483022965941,-0.10499265938658223,1.0,0.0
Milwaukee,2000-05-06 13:00:00,0.0,0.34619647541530363,0.3583954550705775,0.3666255582259426,-0.05749483022965941,-0.10499265938658223,1.0,0.0
Milwaukee,2000-05-06 14:00:00,0.0,0.34619647541530363,0.3583954550705775,0.3666255582259426,-0.05749483022965941,-0.10499265938658223,1.0,0.0
Milwaukee,2000-05-06 15:00:00,0.0,0.34619647541530363,0.3583954550705775,0.3666255582259426,-0.05749483022965941,-0.10499265938658223,1.0,0.0
Milwaukee,2000-05-06 16:00:00,0.0,0.34619647541530363,0.3583954550705775,0.3666255582259426,-0.05749483022965941,-0.10499265938658223,1.0,0.0
Milwaukee,2000-05-06 17:00:00,0.0,0.34619647541530363,0.3583954550705775,0.3666255582259426,-0.05749483022965941,-0.10499265938658223,1.0,0.0
Milwaukee,2000-05-06 18:00:00,0.0,0.34619647541530363,0.3583954550705775,0.3666255582259426,-0.05749483022965941,-0.10499265938658223,1.0,0.0
Milwaukee,2000-05-06 19:00:00,0.0,0.34619647541530363,0.3583954550705775,0.3666255582259426,-0.05749483022965941,-0.10499265938658223,1.0,0.0
Milwaukee,2000-05-06 20:00:00,0.0,0.34619647541530363,0.3583954550705775,0.3666255582259426,-0.05749483022965941,-0.10499265938658223,1.0,0.0
Milwaukee,2000-05-06 21:00:00,0.0,0.34619647541530363,0.3583954550705775,0.3666255582259426,-0.05749483022965941,-0.10499265938658223,1.0,0.0
Milwaukee,2000-05-06 22:00:00,0.0,0.34619647541530363,0.3583954550705775,0.3666255582259426,-0.05749483022965941,-0.10499265938658223,1.0,0.0
Milwaukee,2000-05-06 23:00:00,0.0,0.34619647541530363,0.3583954550705775,0.3666255582259426,-0.05749483022965941,-0.10499265938658223,1.0,0.0
Milwaukee,2000-05-07 00:00:00,0.0,0.34619647541530363,0.3583954550705775,0.3666255582259426,-0.05749483022965941,-0.10499265938658223,1.0,0.0
Milwaukee,2000-05-07 01:00:00,0.0,0.34619647541530363,0.3583954550705775,0.3666255582259426,-0.05749483022965941,-0.10499265938658223,1.0,0.0
Milwaukee,2000-05-07 02:00:00,0.0,0.34619647541530363,0.3583954550705775,0.3666255582259426,-0.05749483022965941,-0.10499265938658223,1.0,0.0
Milwaukee,2000-05-07 03:00:00,0.0,0.34619647541530363,0.3583954550705775,0.3666255582259426,-0.05749483022965941,-0.10499265938658223,1.0,0.0
Milwaukee,2000-05-07 04:00:00,0.0,0.34619647541530363,0.3583954550705775,0.3666255582259426,-0.05749483022965941,-0.10499265938658223,1.0,0.0
Milwaukee,2000-05-07 05:00:00,0.0,0.34619647541530363,0.3583954550705775,0.3666255582259426,-0.05749483022965941,-0.10499265938658223,1.0,0.0
Milwaukee,2000-05-07 06:00:00,0.0,0.34619647541530363,0.3583954550705775,0.3666255582259426,-0.05749483022965941,-0.10499265938658223,1.0,0.0
Milwaukee,2000-05-07 07:00:00,0.0,0.34619647541530363,0.3583954550705775,0.3666255582259426,-0.05749483022965941,-0.10499265938658223,1.0,0.0
Milwaukee,2000-05-07 08:00:00,0.0,0.34619647541530363,0.3583954550705775,0.3666255582259426,-0.05749483022965941,-0.10499265938658223,1.0,0.0
Milwaukee,2000-05-07 09:00:00,0.0,0.34619647541530363,0.3583954550705775,0.3666255582259426,-0.05749483022965941,-0.10499265938658223,1.0,0.0
Milwaukee,2000-05-07 10:00:00,0.0,0.34619647541530363,0.3583954550705775,0.3666255582259426,-0.05749483022965941,-0.10499265938658223,1.0,0.0
Milwaukee,2000-05-07 11:00:00,0.0,0.34619647541530363,0.3583954550705775,0.3666255582259426,-0.05749483022965941,-0.10499265938658223,1.0,0.0
Milwaukee,2000-05-07 12:00:00,0.0,0.34619647541530363,0.3583954550705775,0.3666255582259426,-0.05749483022965941,-0.10499265938658223,1.0,0.0
Milwaukee,2000-05-07 13:00:00,0.0,0.34619647541530363,0.3583954550705775,0.3666255582259426,-0.05749483022965941,-0.10499265938658223,1.0,0.0
Milwaukee,2000-05-07 14:00:00,0.0,0.34619647541530363,0.3583954550705775,0.3666255582259426,-0.05749483022965941,-0.10499265938658223,1.0,0.0
Milwaukee,2000-05-07 15:00:00,0.0,0.34619647541530363,0.3583954550705775,0.3666255582259426,-0.05749483022965941,-0.10499265938658223,1.0,0.0
Milwaukee,2000-05-07 16:00:00,0.0,0.34619647541530363,0.3583954550705775,0.3666255582259426,-0.05749483022965941,-0.10499265938658223,1.0,0.0
Milwaukee,2000-05-07 17:00:00,0.0,0.34619647541530363,0.3583954550705775,0.3666255582259426,-0.05749483022965941,-0.10499265938658223,1.0,0.0
Milwaukee,2000-05-07 18:00:00,0.0,0.34619647541530363,0.3583954550705775,0.3666255582259426,-0.05749483022965941,-0.10499265938658223,1.0,0.0
Milwaukee,2000-05-07 19:00:00,0.0,0.34619647541530363,0.3583954550705775,0.3666255582259426,-0.05749483022965941,-0.10499265938658223,1.0,0.0
Milwaukee,2000-05-07 20:00:00,0.0,0.34619647541530363,0.3583954550705775,0.3666255582259426,-0.05749483022965941,-0.10499265938658223,1.0,0.0
Milwaukee,2000-05-07 21:00:00,0.0,0.34619647541530363,0.3583954550705775,0.3666255582259426,-0.05749483022965941,-0.10499265938658223,1.0,0.0
Milwaukee,2000-05-07 22:00:00,0.0,0.34619647541530363,0.3583954550705775,0.3666255582259426,-0.05749483022965941,-0.10499265938658223,1.0,0.0
Milwaukee,2000-05-07 23:00:00,0.0,0.34619647541530363,0.3583954550705775,0.3666255582259426,-0.05749483022965941,-0.10499265938658223,1.0,0.0
Milwaukee,2000-05-08 00:00:00,0.0,0.34619647541530363,0.3583954550705775,0.3666255582259426,-0.05749483022965941,-0.10499265938658223,1.0,0.0
Milwaukee,2000-05-08 01:00:00,0.0,0.34619647541530363,0.3583954550705775,0.3666255582259426,-0.05749483022965941,-0.10499265938658223,1.0,0.0
Milwaukee,2000-05-08 02:00:00,0.0,0.34619647541530363,0.3583954550705775,0.3666255582259426,-0.05749483022965941,-0.10499265938658223,1.0,0.0
Milwaukee,2000-05-08 03:00:00,0.0,0.34619647541530363,0.3583954550705775,0.3666255582259426,-0.05749483022965941,-0.10499265938658223,1.0,0.0
Milwaukee,2000-05-08 04:00:00,0.0,0.34619647541530363,0.3583954550705775,0.3666255582259426,-0.05749483022965941,-0.10499265938658223,1.0,0.0
Milwaukee,2000-05-08 05:00:00,0.0,0.34619647541530363,0.3583954550705775,0.3666255582259426,-0.05749483022965941,-0.10499265938658223,1.0,0.0
Milwaukee,2000-05-08 06:00:00,0.0,0.34619647541530363,0.3583954550705775,0.3666255582259426,-0.05749483022965941,-0.10499265938658223,1.0,0.0
Milwaukee,2000-05-08 07:00:00,0.0,0.34619647541530363,0.3583954550705775,0.3666255582259426,-0.05749483022965941,-0.10499265938658223,1.0,0.0
Milwaukee,2000-05-08 08:00:00,0.0,0.34619647541530363,0.3583954550705775,0.3666255582259426,-0.05749483022965941,-0.10499265938658223,1.0,0.0
Milwaukee,2000-05-08 09:00:00,0.0,0.34619647541530363,0.3583954550705775,0.3666255582259426,-0.05749483022965941,-0.10499265938658223,1.0,0.0
Milwaukee,2000-05-08 10:00:00,0.0,0.34619647541530363,0.3583954550705775,0.3666255582259426,-0.05749483022965941,-0.10499265938658223,1.0,0.0
Milwaukee,2000-05-08 11:00:00,0.0,0.34619647541530363,0.3583954550705775,0.3666255582259426,-0.05749483022965941,-0.10499265938658223,1.0,0.0
Milwaukee,2000-05-08 12:00:00,0.0,0.34619647541530363,0.3583954550705775,0.3666255582259426,-0.05749483022965941,-0.10499265938658223,1.0,0.0
Milwaukee,2000-05-08 13:00:00,0.0,0.34619647541530363,0.3583954550705775,0.3666255582259426,-0.05749483022965941,-0.10499265938658223,1.0,0.0
Milwaukee,2000-05-08 14:00:00,0.0,0.34619647541530363,0.3583954550705775,0.3666255582259426,-0.05749483022965941,-0.10499265938658223,1.0,0.0
Milwaukee,2000-05-08 15:00:00,0.4000000059604645,0.4602572840073257,0.44284563734884813,0.44398150563378375,0.4840158803441499,0.4856938936384119,1.0034668558665243,0.40138674832773824
Milwaukee,2000-05-08 16:00:00,0.20000000298023224,0.4036312859866724,0.40082695074191593,0.4055009521190948,0.2132605250572452,0.1903506171259148,0.8925731429893989,0.17851463125795505
Milwaukee,2000-05-08 17:00:00,0.0,0.34619647541530363,0.3583954550705775,0.3666255582259426,-0.05749483022965941,-0.10499265938658223,1.0,0.0
Milwaukee,2000-05-08 18:00:00,0.0,0.34619647541530363,0.3583954550705775,0.3666255582259426,-0.05749483022965941,-0.10499265938658223,1.0,0.0
Milwaukee,2000-05-08 19:00:00,0.0,0.34619647541530363,0.3583954550705775,0.3666255582259426,-0.05749483022965941,-0.10499265938658223,1.0,0.0
Milwaukee,2000-05-08 20:00:00,0.10000000149011612,0.37493462778701603,0.37963028842970437,0.38608798432978486,0.077882847413793,0.04267897886966643,0.5479894519381427,0.05479894601038219
Milwaukee,2000-05-08 21:00:00,0.0,0.34619647541530363,0.3583954550705775,0.3666255582259426,-0.05749483022965941,-0.10499265938658223,1.0,0.0
Milwaukee,2000-05-08 22:00:00,0.10000000149011612,0.37493462778701603,0.37963028842970437,0.38608798432978486,0.077882847413793,0.04267897886966643,0.5479894519381427,0.05479894601038219
Milwaukee,2000-05-08 23:00:00,0.6000000089406967,0.5149511800867037,0.4839791863801989,0.48170736485828647,0.7547712356310545,0.7810371701509091,1.0347998615738105,0.6208799261961181
Milwaukee,2000-05-09 00:00:00,0.4000000059604645,0.4602572840073257,0.44284563734884813,0.44398150563378375,0.4840158803441499,0.4856938936384119,1.0034668558665243,0.40138674832773824
Milwaukee,2000-05-09 01:00:00,3.300000049173832,0.9227007116023274,0.8583930063245581,0.8394754790993102,4.409968532004268,4.768171403069621,1.0812257204253914,3.5680449305718036
Milwaukee,2000-05-09 02:00:00,2.7000000402331352,0.8793415773745441,0.8058160997574724,0.7863317621801497,3.5977024661435535,3.8821415735321287,1.079061320402482,2.9134656085007213
Milwaukee,2000-05-09 03:00:00,0.800000011920929,0.5668587624286637,0.5238351948323483,0.518375294178048,1.0255265909179592,1.0763804466634062,1.0495880420808272,0.8396704461767263
Milwaukee,2000-05-09 04:00:00,0.6000000089406967,0.5149511800867037,0.4839791863801989,0.48170736485828647,0.7547712356310545,0.7810371701509091,1.0347998615738105,0.6208799261961181
Milwaukee,2000-05-09 05:00:00,0.5000000074505806,0.4879054674974853,0.4635494842166189,0.4629590707286823,0.6193935579876022,0.6333655318946606,1.0225575060103194,0.5112787606238068
Milwaukee,2000-05-09 06:00:00,0.9000000134110451,0.5915727882419518,0.543183605811401,0.5362334205342039,1.1609042685614115,1.2240520849196546,1.05439536925512,0.9489558464701519
Milwaukee,2000-05-09 07:00:00,0.7000000104308128,0.5412961978369442,0.5040882360000163,0.5001902799477915,0.8901489132745067,0.9287088084071575,1.0433184768948425,0.7303229447090495
Milwaukee,2000-05-09 08:00:00,0.30000000447034836,0.4321218104209064,0.4219192462835154,0.42481437583882836,0.3486382027006978,0.3380222553821637,0.9695502465412611,0.2908650782966057
Milwaukee,2000-05-09 09:00:00,0.4000000059604645,0.4602572840073257,0.44284563734884813,0.44398150563378375,0.4840158803441499,0.4856938936384119,1.0034668558665243,0.40138674832773824
Milwaukee,2000-05-09 10:00:00,0.10000000149011612,0.37493462778701603,0.37963028842970437,0.38608798432978486,0.077882847413793,0.04267897886966643,0.5479894519381427,0.05479894601038219
Milwaukee,2000-05-09 11:00:00,0.10000000149011612,0.37493462778701603,0.37963028842970437,0.38608798432978486,0.077882847413793,0.04267897886966643,0.5479894519381427,0.05479894601038219
Milwaukee,2000-05-09 12:00:00,0.0,0.34619647541530363,0.3583954550705775,0.3666255582259426,-0.05749483022965941,-0.10499265938658223,1.0,0.0
Milwaukee,2000-05-09 13:00:00,0.0,0.34619647541530363,0.3583954550705775,0.3666255582259426,-0.05749483022965941,-0.10499265938658223,1.0,0.0
Milwaukee,2000-05-09 14:00:00,0.0,0.34619647541530363,0.3583954550705775,0.3666255582259426,-0.05749483022965941,-0.10499265938658223,1.0,0.0
Milwaukee,2000-05-09 15:00:00,0.10000000149011612,0.37493462778701603,0.37963028842970437,0.38608798432978486,0.077882847413793,0.04267897886966643,0.5479894519381427,0.05479894601038219
Milwaukee,2000-05-09 16:00:00,1.8000000268220901,0.7711974276738451,0.6955899734777475,0.6790646040718362,2.379303367352482,2.553096829225891,1.0730438431089155,1.9314789463773268
Milwaukee,2000-05-09 17:00:00,3.9000000581145287,0.9509101397083827,0.8976356890311029,0.8804058412645218,5.222234597864983,5.654201232607113,1.0827168191407432,4.222595657570476
Milwaukee,2000-05-09 18:00:00,5.100000075995922,0.98048804011348,0.9474168902164497,0.9347343756006112,6.846766729586413,7.426260891682098,1.0846376377322102,5.53165203486231
Milwaukee,2000-05-09 19:00:00,3.300000049173832,0.9227007116023274,0.8583930063245581,0.8394754790993102,4.409968532004268,4.768171403069621,1.0812257204253914,3.5680449305718036
Milwaukee,2000-05-09 20:00:00,3.0000000447034836,0.9032935469566277,0.8339627073715806,0.8145765998878909,4.003835499073912,4.325156488300875,1.0802532944476078,3.240759931633909
Milwaukee,2000-05-09 21:00:00,4.700000070035458,0.9734230891423961,0.9342162536559827,0.9199776184316117,6.305256019012603,6.835574338657103,1.0841073412475877,5.095304579789616
Milwaukee,2000-05-09 22:00:00,4.000000059604645,0.9545153432170667,0.903089919972413,0.886205443584298,5.357612275508434,5.8018728708633605,1.0829213785002323,4.331685578548074
Milwaukee,2000-05-09 23:00:00,2.9000000432133675,0.8958561197330512,0.8250122870779494,0.8055473839823588,3.868457821430459,4.177484850044627,1.0798837787250057,3.131663004967931
Milwaukee,2000-05-10 00:00:00,1.2000000178813934,0.6601755800539598,0.5985443956502143,0.5876076480726564,1.5670373014917685,1.6670669996884002,1.063833642059067,1.2766003894937084
Milwaukee,2000-05-10 01:00:00,0.5000000074505806,0.4879054674974853,0.4635494842166189,0.4629590707286823,0.6193935579876022,0.6333655318946606,1.0225575060103194,0.5112787606238068
Milwaukee,2000-05-10 02:00:00,0.6000000089406967,0.5149511800867037,0.4839791863801989,0.48170736485828647,0.7547712356310545,0.7810371701509091,1.0347998615738105,0.6208799261961181
Milwaukee,2000-05-10 03:00:00,0.30000000447034836,0.4321218104209064,0.4219192462835154,0.42481437583882836,0.3486382027006978,0.3380222553821637,0.9695502465412611,0.2908650782966057
Milwaukee,2000-05-10 04:00:00,0.10000000149011612,0.37493462778701603,0.37963028842970437,0.38608798432978486,0.077882847413793,0.04267897886966643,0.5479894519381427,0.05479894601038219
Milwaukee,2000-05-10 05:00:00,0.10000000149011612,0.37493462778701603,0.37963028842970437,0.38608798432978486,0.077882847413793,0.04267897886966643,0.5479894519381427,0.05479894601038219
Milwaukee,2000-05-10 06:00:00,0.10000000149011612,0.37493462778701603,0.37963028842970437,0.38608798432978486,0.077882847413793,0.04267897886966643,0.5479894519381427,0.05479894601038219
Milwaukee,2000-05-10 07:00:00,0.0,0.34619647541530363,0.3583954550705775,0.3666255582259426,-0.05749483022965941,-0.10499265938658223,1.0,0.0
Milwaukee,2000-05-10 08:00:00,0.0,0.34619647541530363,0.3583954550705775,0.3666255582259426,-0.05749483022965941,-0.10499265938658223,1.0,0.0
Milwaukee,2000-05-10 09:00:00,0.0,0.34619647541530363,0.3583954550705775,0.3666255582259426,-0.05749483022965941,-0.10499265938658223,1.0,0.0
Milwaukee,2000-05-10 10:00:00,0.0,0.34619647541530363,0.3583954550705775,0.3666255582259426,-0.05749483022965941,-0.10499265938658223,1.0,0.0
Milwaukee,2000-05-10 11:00:00,0.0,0.34619647541530363,0.3583954550705775,0.3666255582259426,-0.05749483022965941,-0.10499265938658223,1.0,0.0
Milwaukee,2000-05-10 12:00:00,0.0,0.34619647541530363,0.3583954550705775,0.3666255582259426,-0.05749483022965941,-0.10499265938658223,1.0,0.0
Milwaukee,2000-05-10 13:00:00,0.0,0.34619647541530363,0.3583954550705775,0.3666255582259426,-0.05749483022965941,-0.10499265938658223,1.0,0.0
Milwaukee,2000-05-10 14:00:00,0.0,0.34619647541530363,0.3583954550705775,0.3666255582259426,-0.05749483022965941,-0.10499265938658223,1.0,0.0
Milwaukee,2000-05-10 15:00:00,0.0,0.34619647541530363,0.3583954550705775,0.3666255582259426,-0.05749483022965941,-0.10499265938658223,1.0,0.0
Milwaukee,2000-05-10 16:00:00,0.0,0.34619647541530363,0.3583954550705775,0.3666255582259426,-0.05749483022965941,-0.10499265938658223,1.0,0.0
Milwaukee,2000-05-10 17:00:00,0.0,0.34619647541530363,0.3583954550705775,0.3666255582259426,-0.05749483022965941,-0.10499265938658223,1.0,0.0
Milwaukee,2000-05-10 18:00:00,0.0,0.34619647541530363,0.3583954550705775,0.3666255582259426,-0.05749483022965941,-0.10499265938658223,1.0,0.0
Milwaukee,2000-05-10 19:00:00,0.0,0.34619647541530363,0.3583954550705775,0.3666255582259426,-0.05749483022965941,-0.10499265938658223,1.0,0.0
Milwaukee,2000-05-10 20:00:00,0.0,0.34619647541530363,0.3583954550705775,0.3666255582259426,-0.05749483022965941,-0.10499265938658223,1.0,0.0
Milwaukee,2000-05-10 21:00:00,0.0,0.34619647541530363,0.3583954550705775,0.3666255582259426,-0.05749483022965941,-0.10499265938658223,1.0,0.0
Milwaukee,2000-05-10 22:00:00,0.0,0.34619647541530363,0.3583954550705775,0.3666255582259426,-0.05749483022965941,-0.10499265938658223,1.0,0.0
Milwaukee,2000-05-10 23:00:00,0.20000000298023224,0.4036312859866724,0.40082695074191593,0.4055009521190948,0.2132605250572452,0.1903506171259148,0.8925731429893989,0.17851463125795505
Milwaukee,2000-05-11 00:00:00,0.10000000149011612,0.37493462778701603,0.37963028842970437,0.38608798432978486,0.077882847413793,0.04267897886966643,0.5479894519381427,0.05479894601038219
Milwaukee,2000-05-11 01:00:00,0.0,0.34619647541530363,0.3583954550705775,0.3666255582259426,-0.05749483022965941,-0.10499265938658223,1.0,0.0
Milwaukee,2000-05-11 02:00:00,0.0,0.34619647541530363,0.3583954550705775,0.3666255582259426,-0.05749483022965941,-0.10499265938658223,1.0,0.0
Milwaukee,2000-05-11 03:00:00,0.0,0.34619647541530363,0.3583954550705775,0.3666255582259426,-0.05749483022965941,-0.10499265938658223,1.0,0.0
Milwaukee,2000-05-11 04:00:00,0.0,0.34619647541530363,0.3583954550705775,0.3666255582259426,-0.05749483022965941,-0.10499265938658223,1.0,0.0
Milwaukee,2000-05-11 05:00:00,0.0,0.34619647541530363,0.3583954550705775,0.3666255582259426,-0.05749483022965941,-0.10499265938658223,1.0,0.0
Milwaukee,2000-05-11 06:00:00,0.0,0.34619647541530363,0.3583954550705775,0.3666255582259426,-0.05749483022965941,-0.10499265938658223,1.0,0.0
Milwaukee,2000-05-11 07:00:00,0.0,0.34619647541530363,0.3583954550705775,0.3666255582259426,-0.05749483022965941,-0.10499265938658223,1.0,0.0
Milwaukee,2000-05-11 08:00:00,0.0,0.34619647541530363,0.3583954550705775,0.3666255582259426,-0.05749483022965941,-0.10499265938658223,1.0,0.0
Milwaukee,2000-05-11 09:00:00,0.0,0.34619647541530363,0.3583954550705775,0.3666255582259426,-0.05749483022965941,-0.10499265938658223,1.0,0.0
Milwaukee,2000-05-11 10:00:00,0.0,0.34619647541530363,0.3583954550705775,0.3666255582259426,-0.05749483022965941,-0.10499265938658223,1.0,0.0
Milwaukee,2000-05-11 11:00:00,0.0,0.34619647541530363,0.3583954550705775,0.3666255582259426,-0.05749483022965941,-0.10499265938658223,1.0,0.0
Milwaukee,2000-05-11 12:00:00,0.0,0.34619647541530363,0.3583954550705775,0.3666255582259426,-0.05749483022965941,-0.10499265938658223,1.0,0.0
Milwaukee,2000-05-11 13:00:00,0.0,0.34619647541530363,0.3583954550705775,0.3666255582259426,-0.05749483022965941,-0.10499265938658223,1.0,0.0
Milwaukee,2000-05-11 14:00:00,0.0,0.34619647541530363,0.3583954550705775,0.3666255582259426,-0.05749483022965941,-0.10499265938658223,1.0,0.0
Milwaukee,2000-05-11 15:00:00,0.30000000447034836,0.4321218104209064,0.4219192462835154,0.42481437583882836,0.3486382027006978,0.3380222553821637,0.9695502465412611,0.2908650782966057
Milwaukee,2000-05-11 16:00:00,0.9000000134110451,0.5915727882419518,0.543183605811401,0.5362334205342039,1.1609042685614115,1.2240520849196546,1.05439536925512,0.9489558464701519
Milwaukee,2000-05-11 17:00:00,0.0,0.34619647541530363,0.3583954550705775,0.3666255582259426,-0.05749483022965941,-0.10499265938658223,1.0,0.0
Milwaukee,2000-05-11 18:00:00,0.0,0.34619647541530363,0.3583954550705775,0.3666255582259426,-0.05749483022965941,-0.10499265938658223,1.0,0.0
Milwaukee,2000-05-11 19:00:00,0.0,0.34619647541530363,0.3583954550705775,0.3666255582259426,-0.05749483022965941,-0.10499265938658223,1.0,0.0
Milwaukee,2000-05-11 20:00:00,0.0,0.34619647541530363,0.3583954550705775,0.3666255582259426,-0.05749483022965941,-0.10499265938658223,1.0,0.0
Milwaukee,2000-05-11 21:00:00,0.0,0.34619647541530363,0.3583954550705775,0.3666255582259426,-0.05749483022965941,-0.10499265938658223,1.0,0.0
Milwaukee,2000-05-11 22:00:00,0.0,0.34619647541530363,0.3583954550705775,0.3666255582259426,-0.05749483022965941,-0.10499265938658223,1.0,0.0
Milwaukee,2000-05-11 23:00:00,0.0,0.34619647541530363,0.3583954550705775,0.3666255582259426,-0.05749483022965941,-0.10499265938658223,1.0,0.0
Milwaukee,2000-05-12 00:00:00,0.0,0.34619647541530363,0.3583954550705775,0.3666255582259426,-0.05749483022965941,-0.10499265938658223,1.0,0.0
Milwaukee,2000-05-12 01:00:00,0.0,0.34619647541530363,0.3583954550705775,0.3666255582259426,-0.05749483022965941,-0.10499265938658223,1.0,0.0
Milwaukee,2000-05-12 02:00:00,0.0,0.34619647541530363,0.3583954550705775,0.3666255582259426,-0.05749483022965941,-0.10499265938658223,1.0,0.0
Milwaukee,2000-05-12 03:00:00,0.0,0.34619647541530363,0.3583954550705775,0.3666255582259426,-0.05749483022965941,-0.10499265938658223,1.0,0.0
Milwaukee,2000-05-12 04:00:00,0.0,0.34619647541530363,0.3583954550705775,0.3666255582259426,-0.05749483022965941,-0.10499265938658223,1.0,0.0
Milwaukee,2000-05-12 05:00:00,0.0,0.34619647541530363,0.3583954550705775,0.3666255582259426,-0.05749483022965941,-0.10499265938658223,1.0,0.0
Milwaukee,2000-05-12 06:00:00,20.40000030398369,0.999999873685509,0.9999921205183108,0.9999794606533944,27.5595514093739,30.020021545258217,1.089278308610184,22.221277826770592
Milwaukee,2000-05-12 07:00:00,3.500000052154064,0.9335051409454329,0.8728052384858033,0.8543593819860247,4.680723887291172,5.063514679582117,1.081780254829873,3.786230948323792
Milwaukee,2000-05-12 08:00:00,0.0,0.34619647541530363,0.3583954550705775,0.3666255582259426,-0.05749483022965941,-0.10499265938658223,1.0,0.0
Milwaukee,2000-05-12 09:00:00,0.0,0.34619647541530363,0.3583954550705775,0.3666255582259426,-0.05749483022965941,-0.10499265938658223,1.0,0.0
Milwaukee,2000-05-12 10:00:00,0.0,0.34619647541530363,0.3583954550705775,0.3666255582259426,-0.05749483022965941,-0.10499265938658223,1.0,0.0
Milwaukee,2000-05-12 11:00:00,0.0,0.34619647541530363,0.3583954550705775,0.3666255582259426,-0.05749483022965941,-0.10499265938658223,1.0,0.0
Milwaukee,2000-05-12 12:00:00,0.0,0.34619647541530363,0.3583954550705775,0.3666255582259426,-0.05749483022965941,-0.10499265938658223,1.0,0.0
Milwaukee,2000-05-12 13:00:00,0.0,0.34619647541530363,0.3583954550705775,0.3666255582259426,-0.05749483022965941,-0.10499265938658223,1.0,0.0
Milwaukee,2000-05-12 14:00:00,0.0,0.34619647541530363,0.3583954550705775,0.3666255582259426,-0.05749483022965941,-0.10499265938658223,1.0,0.0
Milwaukee,2000-05-12 15:00:00,0.0,0.34619647541530363,0.3583954550705775,0.3666255582259426,-0.05749483022965941,-0.10499265938658223,1.0,0.0
Milwaukee,2000-05-12 16:00:00,0.0,0.34619647541530363,0.3583954550705775,0.3666255582259426,-0.05749483022965941,-0.10499265938658223,1.0,0.0
Milwaukee,2000-05-12 17:00:00,0.0,0.34619647541530363,0.3583954550705775,0.3666255582259426,-0.05749483022965941,-0.10499265938658223,1.0,0.0
Milwaukee,2000-05-12 18:00:00,0.0,0.34619647541530363,0.3583954550705775,0.3666255582259426,-0.05749483022965941,-0.10499265938658223,1.0,0.0
Milwaukee,2000-05-12 19:00:00,0.20000000298023224,0.4036312859866724,0.40082695074191593,0.4055009521190948,0.2132605250572452,0.1903506171259148,0.8925731429893989,0.17851463125795505
Milwaukee,2000-05-12 20:00:00,0.30000000447034836,0.4321218104209064,0.4219192462835154,0.42481437583882836,0.3486382027006978,0.3380222553821637,0.9695502465412611,0.2908650782966057
Milwaukee,2000-05-12 21:00:00,0.0,0.34619647541530363,0.3583954550705775,0.3666255582259426,-0.05749483022965941,-0.10499265938658223,1.0,0.0
Milwaukee,2000-05-12 22:00:00,0.0,0.34619647541530363,0.3583954550705775,0.3666255582259426,-0.05749483022965941,-0.10499265938658223,1.0,0.0
Milwaukee,2000-05-12 23:00:00,0.0,0.34619647541530363,0.3583954550705775,0.3666255582259426,-0.05749483022965941,-0.10499265938658223,1.0,0.0
Milwaukee,2000-05-13 00:00:00,0.0,0.34619647541530363,0.3583954550705775,0.3666255582259426,-0.05749483022965941,-0.10499265938658223,1.0,0.0
Milwaukee,2000-05-13 01:00:00,0.0,0.34619647541530363,0.3583954550705775,0.3666255582259426,-0.05749483022965941,-0.10499265938658223,1.0,0.0
Milwaukee,2000-05-13 02:00:00,0.0,0.34619647541530363,0.3583954550705775,0.3666255582259426,-0.05749483022965941,-0.10499265938658223,1.0,0.0
Milwaukee,2000-05-13 03:00:00,0.0,0.34619647541530363,0.3583954550705775,0.3666255582259426,-0.05749483022965941,-0.10499265938658223,1.0,0.0
Milwaukee,2000-05-13 04:00:00,0.0,0.34619647541530363,0.3583954550705775,0.3666255582259426,-0.05749483022965941,-0.10499265938658223,1.0,0.0
Milwaukee,2000-05-13 05:00:00,0.0,0.34619647541530363,0.3583954550705775,0.3666255582259426,-0.05749483022965941,-0.10499265938658223,1.0,0.0
Milwaukee,2000-05-13 06:00:00,0.0,0.34619647541530363,0.3583954550705775,0.3666255582259426,-0.05749483022965941,-0.10499265938658223,1.0,0.0
Milwaukee,2000-05-13 07:00:00,0.0,0.34619647541530363,0.3583954550705775,0.3666255582259426,-0.05749483022965941,-0.10499265938658223,1.0,0.0
Milwaukee,2000-05-13 08:00:00,0.0,0.34619647541530363,0.3583954550705775,0.3666255582259426,-0.05749483022965941,-0.10499265938658223,1.0,0.0
Milwaukee,2000-05-13 09:00:00,0.0,0.34619647541530363,0.3583954550705775,0.3666255582259426,-0.05749483022965941,-0.10499265938658223,1.0,0.0
Milwaukee,2000-05-13 10:00:00,0.0,0.34619647541530363,0.3583954550705775,0.3666255582259426,-0.05749483022965941,-0.10499265938658223,1.0,0.0
Milwaukee,2000-05-13 11:00:00,0.0,0.34619647541530363,0.3583954550705775,0.3666255582259426,-0.05749483022965941,-0.10499265938658223,1.0,0.0
Milwaukee,2000-05-13 12:00:00,0.0,0.34619647541530363,0.3583954550705775,0.3666255582259426,-0.05749483022965941,-0.10499265938658223,1.0,0.0
Milwaukee,2000-05-13 13:00:00,0.0,0.34619647541530363,0.3583954550705775,0.3666255582259426,-0.05749483022965941,-0.10499265938658223,1.0,0.0
Milwaukee,2000-05-13 14:00:00,0.0,0.34619647541530363,0.3583954550705775,0.3666255582259426,-0.05749483022965941,-0.10499265938658223,1.0,0.0
Milwaukee,2000-05-13 15:00:00,0.0,0.34619647541530363,0.3583954550705775,0.3666255582259426,-0.05749483022965941,-0.10499265938658223,1.0,0.0
Milwaukee,2000-05-13 16:00:00,0.0,0.34619647541530363,0.3583954550705775,0.3666255582259426,-0.05749483022965941,-0.10499265938658223,1.0,0.0
Milwaukee,2000-05-13 17:00:00,0.0,0.34619647541530363,0.3583954550705775,0.3666255582259426,-0.05749483022965941,-0.10499265938658223,1.0,0.0
Milwaukee,2000-05-13 18:00:00,0.0,0.34619647541530363,0.3583954550705775,0.3666255582259426,-0.05749483022965941,-0.10499265938658223,1.0,0.0
Milwaukee,2000-05-13 19:00:00,0.0,0.34619647541530363,0.3583954550705775,0.3666255582259426,-0.05749483022965941,-0.10499265938658223,1.0,0.0
Milwaukee,2000-05-13 20:00:00,0.0,0.34619647541530363,0.3583954550705775,0.3666255582259426,-0.05749483022965941,-0.10499265938658223,1.0,0.0
Milwaukee,2000-05-13 21:00:00,0.0,0.34619647541530363,0.3583954550705775,0.3666255582259426,-0.05749483022965941,-0.10499265938658223,1.0,0.0
Milwaukee,2000-05-13 22:00:00,0.0,0.34619647541530363,0.3583954550705775,0.3666255582259426,-0.05749483022965941,-0.10499265938658223,1.0,0.0
Milwaukee,2000-05-13 23:00:00,0.0,0.34619647541530363,0.3583954550705775,0.3666255582259426,-0.05749483022965941,-0.10499265938658223,1.0,0.0
Milwaukee,2000-05-14 00:00:00,0.0,0.34619647541530363,0.3583954550705775,0.3666255582259426,-0.05749483022965941,-0.10499265938658223,1.0,0.0
Milwaukee,2000-05-14 01:00:00,0.0,0.34619647541530363,0.3583954550705775,0.3666255582259426,-0.05749483022965941,-0.10499265938658223,1.0,0.0
Milwaukee,2000-05-14 02:00:00,0.0,0.34619647541530363,0.3583954550705775,0.3666255582259426,-0.05749483022965941,-0.10499265938658223,1.0,0.0
Milwaukee,2000-05-14 03:00:00,0.0,0.34619647541530363,0.3583954550705775,0.3666255582259426,-0.05749483022965941,-0.10499265938658223,1.0,0.0
Milwaukee,2000-05-14 04:00:00,0.0,0.34619647541530363,0.3583954550705775,0.3666255582259426,-0.05749483022965941,-0.10499265938658223,1.0,0.0
Milwaukee,2000-05-14 05:00:00,0.0,0.34619647541530363,0.3583954550705775,0.3666255582259426,-0.05749483022965941,-0.10499265938658223,1.0,0.0
Milwaukee,2000-05-14 06:00:00,0.0,0.34619647541530363,0.3583954550705775,0.3666255582259426,-0.05749483022965941,-0.10499265938658223,1.0,0.0
Milwaukee,2000-05-14 07:00:00,0.0,0.34619647541530363,0.3583954550705775,0.3666255582259426,-0.05749483022965941,-0.10499265938658223,1.0,0.0
Milwaukee,2000-05-14 08:00:00,0.0,0.34619647541530363,0.3583954550705775,0.3666255582259426,-0.05749483022965941,-0.10499265938658223,1.0,0.0
Milwaukee,2000-05-14 09:00:00,0.0,0.34619647541530363,0.3583954550705775,0.3666255582259426,-0.05749483022965941,-0.10499265938658223,1.0,0.0
Milwaukee,2000-05-14 10:00:00,0.0,0.34619647541530363,0.3583954550705775,0.3666255582259426,-0.05749483022965941,-0.10499265938658223,1.0,0.0
Milwaukee,2000-05-14 11:00:00,0.0,0.34619647541530363,0.3583954550705775,0.3666255582259426,-0.05749483022965941,-0.10499265938658223,1.0,0.0
Milwaukee,2000-05-14 12:00:00,0.0,0.34619647541530363,0.3583954550705775,0.3666255582259426,-0.05749483022965941,-0.10499265938658223,1.0,0.0
Milwaukee,2000-05-14 13:00:00,0.0,0.34619647541530363,0.3583954550705775,0.3666255582259426,-0.05749483022965941,-0.10499265938658223,1.0,0.0
Milwaukee,2000-05-14 14:00:00,0.0,0.34619647541530363,0.3583954550705775,0.3666255582259426,-0.05749483022965941,-0.10499265938658223,1.0,0.0
Milwaukee,2000-05-14 15:00:00,0.0,0.34619647541530363,0.3583954550705775,0.3666255582259426,-0.05749483022965941,-0.10499265938658223,1.0,0.0
Milwaukee,2000-05-14 16:00:00,0.0,0.34619647541530363,0.3583954550705775,0.3666255582259426,-0.05749483022965941,-0.10499265938658223,1.0,0.0
Milwaukee,2000-05-14 17:00:00,0.0,0.34619647541530363,0.3583954550705775,0.3666255582259426,-0.05749483022965941,-0.10499265938658223,1.0,0.0
Milwaukee,2000-05-14 18:00:00,0.0,0.34619647541530363,0.3583954550705775,0.3666255582259426,-0.05749483022965941,-0.10499265938658223,1.0,0.0
Milwaukee,2000-05-14 19:00:00,0.0,0.34619647541530363,0.3583954550705775,0.3666255582259426,-0.05749483022965941,-0.10499265938658223,1.0,0.0
Milwaukee,2000-05-14 20:00:00,0.0,0.34619647541530363,0.3583954550705775,0.3666255582259426,-0.05749483022965941,-0.10499265938658223,1.0,0.0
Milwaukee,2000-05-14 21:00:00,0.0,0.34619647541530363,0.3583954550705775,0.3666255582259426,-0.05749483022965941,-0.10499265938658223,1.0,0.0
Milwaukee,2000-05-14 22:00:00,0.0,0.34619647541530363,0.3583954550705775,0.3666255582259426,-0.05749483022965941,-0.10499265938658223,1.0,0.0
Milwaukee,2000-05-14 23:00:00,0.0,0.34619647541530363,0.3583954550705775,0.3666255582259426,-0.05749483022965941,-0.10499265938658223,1.0,0.0
Milwaukee,2000-05-15 00:00:00,0.0,0.34619647541530363,0.3583954550705775,0.3666255582259426,-0.05749483022965941,-0.10499265938658223,1.0,0.0
Milwaukee,2000-05-15 01:00:00,0.0,0.34619647541530363,0.3583954550705775,0.3666255582259426,-0.05749483022965941,-0.10499265938658223,1.0,0.0
Milwaukee,2000-05-15 02:00:00,0.0,0.34619647541530363,0.3583954550705775,0.3666255582259426,-0.05749483022965941,-0.10499265938658223,1.0,0.0
Milwaukee,2000-05-15 03:00:00,0.0,0.34619647541530363,0.3583954550705775,0.3666255582259426,-0.05749483022965941,-0.10499265938658223,1.0,0.0
Milwaukee,2000-05-15 04:00:00,0.0,0.34619647541530363,0.3583954550705775,0.3666255582259426,-0.05749483022965941,-0.10499265938658223,1.0,0.0
Milwaukee,2000-05-15 05:00:00,0.0,0.34619647541530363,0.3583954550705775,0.3666255582259426,-0.05749483022965941,-0.10499265938658223,1.0,0.0
Milwaukee,2000-05-15 06:00:00,0.0,0.34619647541530363,0.3583954550705775,0.3666255582259426,-0.05749483022965941,-0.10499265938658223,1.0,0.0
Milwaukee,2000-05-15 07:00:00,0.0,0.34619647541530363,0.3583954550705775,0.3666255582259426,-0.05749483022965941,-0.10499265938658223,1.0,0.0
Milwaukee,2000-05-15 08:00:00,0.0,0.34619647541530363,0.3583954550705775,0.3666255582259426,-0.05749483022965941,-0.10499265938658223,1.0,0.0
Milwaukee,2000-05-15 09:00:00,0.0,0.34619647541530363,0.3583954550705775,0.3666255582259426,-0.05749483022965941,-0.10499265938658223,1.0,0.0
Milwaukee,2000-05-15 10:00:00,0.0,0.34619647541530363,0.3583954550705775,0.3666255582259426,-0.05749483022965941,-0.10499265938658223,1.0,0.0
Milwaukee,2000-05-15 11:00:00,0.0,0.34619647541530363,0.3583954550705775,0.3666255582259426,-0.05749483022965941,-0.10499265938658223,1.0,0.0
Milwaukee,2000-05-15 12:00:00,0.0,0.34619647541530363,0.3583954550705775,0.3666255582259426,-0.05749483022965941,-0.10499265938658223,1.0,0.0
Milwaukee,2000-05-15 13:00:00,0.0,0.34619647541530363,0.3583954550705775,0.3666255582259426,-0.05749483022965941,-0.10499265938658223,1.0,0.0
Milwaukee,2000-05-15 14:00:00,0.0,0.34619647541530363,0.3583954550705775,0.3666255582259426,-0.05749483022965941,-0.10499265938658223,1.0,0.0
Milwaukee,2000-05-15 15:00:00,0.0,0.34619647541530363,0.3583954550705775,0.3666255582259426,-0.05749483022965941,-0.10499265938658223,1.0,0.0
Milwaukee,2000-05-15 16:00:00,0.0,0.34619647541530363,0.3583954550705775,0.3666255582259426,-0.05749483022965941,-0.10499265938658223,1.0,0.0
Milwaukee,2000-05-15 17:00:00,0.0,0.34619647541530363,0.3583954550705775,0.3666255582259426,-0.05749483022965941,-0.10499265938658223,1.0,0.0
Milwaukee,2000-05-15 18:00:00,0.0,0.34619647541530363,0.3583954550705775,0.3666255582259426,-0.05749483022965941,-0.10499265938658223,1.0,0.0
Milwaukee,2000-05-15 19:00:00,0.0,0.34619647541530363,0.3583954550705775,0.3666255582259426,-0.05749483022965941,-0.10499265938658223,1.0,0.0
Milwaukee,2000-05-15 20:00:00,0.0,0.34619647541530363,0.3583954550705775,0.3666255582259426,-0.05749483022965941,-0.10499265938658223,1.0,0.0
Milwaukee,2000-05-15 21:00:00,0.0,0.34619647541530363,0.3583954550705775,0.3666255582259426,-0.05749483022965941,-0.10499265938658223,1.0,0.0
Milwaukee,2000-05-15 22:00:00,0.0,0.34619647541530363,0.3583954550705775,0.3666255582259426,-0.05749483022965941,-0.10499265938658223,1.0,0.0
Milwaukee,2000-05-15 23:00:00,0.0,0.34619647541530363,0.3583954550705775,0.3666255582259426,-0.05749483022965941,-0.10499265938658223,1.0,0.0
Milwaukee,2000-05-16 00:00:00,0.10000000149011612,0.37493462778701603,0.37963028842970437,0.38608798432978486,0.077882847413793,0.04267897886966643,0.5479894519381427,0.05479894601038219
Milwaukee,2000-05-16 01:00:00,0.0,0.34619647541530363,0.3583954550705775,0.3666255582259426,-0.05749483022965941,-0.10499265938658223,1.0,0.0
Milwaukee,2000-05-16 02:00:00,0.0,0.34619647541530363,0.3583954550705775,0.3666255582259426,-0.05749483022965941,-0.10499265938658223,1.0,0.0
Milwaukee,2000-05-16 03:00:00,0.0,0.34619647541530363,0.3583954550705775,0.3666255582259426,-0.05749483022965941,-0.10499265938658223,1.0,0.0
Milwaukee,2000-05-16 04:00:00,0.0,0.34619647541530363,0.3583954550705775,0.3666255582259426,-0.05749483022965941,-0.10499265938658223,1.0,0.0
Milwaukee,2000-05-16 05:00:00,0.0,0.34619647541530363,0.3583954550705775,0.3666255582259426,-0.05749483022965941,-0.10499265938658223,1.0,0.0
Milwaukee,2000-05-16 06:00:00,0.10000000149011612,0.37493462778701603,0.37963028842970437,0.38608798432978486,0.077882847413793,0.04267897886966643,0.5479894519381427,0.05479894601038219
Milwaukee,2000-05-16 07:00:00,0.0,0.34619647541530363,0.3583954550705775,0.3666255582259426,-0.05749483022965941,-0.10499265938658223,1.0,0.0
Milwaukee,2000-05-16 08:00:00,0.10000000149011612,0.37493462778701603,0.37963028842970437,0.38608798432978486,0.077882847413793,0.04267897886966643,0.5479894519381427,0.05479894601038219
Milwaukee,2000-05-16 09:00:00,0.30000000447034836,0.4321218104209064,0.4219192462835154,0.42481437583882836,0.3486382027006978,0.3380222553821637,0.9695502465412611,0.2908650782966057
Milwaukee,2000-05-16 10:00:00,0.5000000074505806,0.4879054674974853,0.4635494842166189,0.4629590707286823,0.6193935579876022,0.6333655318946606,1.0225575060103194,0.5112787606238068
Milwaukee,2000-05-16 11:00:00,0.30000000447034836,0.4321218104209064,0.4219192462835154,0.42481437583882836,0.3486382027006978,0.3380222553821637,0.9695502465412611,0.2908650782966057
Milwaukee,2000-05-16 12:00:00,0.10000000149011612,0.37493462778701603,0.37963028842970437,0.38608798432978486,0.077882847413793,0.04267897886966643,0.5479894519381427,0.05479894601038219
Milwaukee,2000-05-16 13:00:00,0.6000000089406967,0.5149511800867037,0.4839791863801989,0.48170736485828647,0.7547712356310545,0.7810371701509091,1.0347998615738105,0.6208799261961181
Milwaukee,2000-05-16 14:00:00,0.4000000059604645,0.4602572840073257,0.44284563734884813,0.44398150563378375,0.4840158803441499,0.4856938936384119,1.0034668558665243,0.40138674832773824
Milwaukee,2000-05-16 15:00:00,0.4000000059604645,0.4602572840073257,0.44284563734884813,0.44398150563378375,0.4840158803441499,0.4856938936384119,1.0034668558665243,0.40138674832773824
Milwaukee,2000-05-16 16:00:00,0.0,0.34619647541530363,0.3583954550705775,0.3666255582259426,-0.05749483022965941,-0.10499265938658223,1.0,0.0
Milwaukee,2000-05-16 17:00:00,0.0,0.34619647541530363,0.3583954550705775,0.3666255582259426,-0.05749483022965941,-0.10499265938658223,1.0,0.0
Milwaukee,2000-05-16 18:00:00,0.0,0.34619647541530363,0.3583954550705775,0.3666255582259426,-0.05749483022965941,-0.10499265938658223,1.0,0.0
Milwaukee,2000-05-16 19:00:00,0.0,0.34619647541530363,0.3583954550705775,0.3666255582259426,-0.05749483022965941,-0.10499265938658223,1.0,0.0
Milwaukee,2000-05-16 20:00:00,0.0,0.34619647541530363,0.3583954550705775,0.3666255582259426,-0.05749483022965941,-0.10499265938658223,1.0,0.0
Milwaukee,2000-05-16 21:00:00,0.0,0.34619647541530363,0.3583954550705775,0.3666255582259426,-0.05749483022965941,-0.10499265938658223,1.0,0.0
Milwaukee,2000-05-16 22:00:00,0.0,0.34619647541530363,0.3583954550705775,0.3666255582259426,-0.05749483022965941,-0.10499265938658223,1.0,0.0
Milwaukee,2000-05-16 23:00:00,0.4000000059604645,0.4602572840073257,0.44284563734884813,0.44398150563378375,0.4840158803441499,0.4856938936384119,1.0034668558665243,0.40138674832773824
Milwaukee,2000-05-17 00:00:00,0.30000000447034836,0.4321218104209064,0.4219192462835154,0.42481437583882836,0.3486382027006978,0.3380222553821637,0.9695502465412611,0.2908650782966057
Milwaukee,2000-05-17 01:00:00,0.0,0.34619647541530363,0.3583954550705775,0.3666255582259426,-0.05749483022965941,-0.10499265938658223,1.0,0.0
Milwaukee,2000-05-17 02:00:00,0.0,0.34619647541530363,0.3583954550705775,0.3666255582259426,-0.05749483022965941,-0.10499265938658223,1.0,0.0
Milwaukee,2000-05-17 03:00:00,0.0,0.34619647541530363,0.3583954550705775,0.3666255582259426,-0.05749483022965941,-0.10499265938658223,1.0,0.0
Milwaukee,2000-05-17 04:00:00,0.0,0.34619647541530363,0.3583954550705775,0.3666255582259426,-0.05749483022965941,-0.10499265938658223,1.0,0.0
Milwaukee,2000-05-17 05:00:00,0.0,0.34619647541530363,0.3583954550705775,0.3666255582259426,-0.05749483022965941,-0.10499265938658223,1.0,0.0
Milwaukee,2000-05-17 06:00:00,0.0,0.34619647541530363,0.3583954550705775,0.3666255582259426,-0.05749483022965941,-0.10499265938658223,1.0,0.0
Milwaukee,2000-05-17 07:00:00,0.0,0.34619647541530363,0.3583954550705775,0.3666255582259426,-0.05749483022965941,-0.10499265938658223,1.0,0.0
Milwaukee,2000-05-17 08:00:00,0.0,0.34619647541530363,0.3583954550705775,0.3666255582259426,-0.05749483022965941,-0.10499265938658223,1.0,0.0
Milwaukee,2000-05-17 09:00:00,0.0,0.34619647541530363,0.3583954550705775,0.3666255582259426,-0.05749483022965941,-0.10499265938658223,1.0,0.0
Milwaukee,2000-05-17 10:00:00,0.0,0.34619647541530363,0.3583954550705775,0.3666255582259426,-0.05749483022965941,-0.10499265938658223,1.0,0.0
Milwaukee,2000-05-17 11:00:00,0.0,0.34619647541530363,0.3583954550705775,0.3666255582259426,-0.05749483022965941,-0.10499265938658223,1.0,0.0
Milwaukee,2000-05-17 12:00:00,0.0,0.34619647541530363,0.3583954550705775,0.3666255582259426,-0.05749483022965941,-0.10499265938658223,1.0,0.0
Milwaukee,2000-05-17 13:00:00,0.0,0.34619647541530363,0.3583954550705775,0.3666255582259426,-0.05749483022965941,-0.10499265938658223,1.0,0.0
Milwaukee,2000-05-17 14:00:00,0.0,0.34619647541530363,0.3583954550705775,0.3666255582259426,-0.05749483022965941,-0.10499265938658223,1.0,0.0
Milwaukee,2000-05-17 15:00:00,0.0,0.34619647541530363,0.3583954550705775,0.3666255582259426,-0.05749483022965941,-0.10499265938658223,1.0,0.0
Milwaukee,2000-05-17 16:00:00,0.0,0.34619647541530363,0.3583954550705775,0.3666255582259426,-0.05749483022965941,-0.10499265938658223,1.0,0.0
Milwaukee,2000-05-17 17:00:00,0.0,0.34619647541530363,0.3583954550705775,0.3666255582259426,-0.05749483022965941,-0.10499265938658223,1.0,0.0
Milwaukee,2000-05-17 18:00:00,0.0,0.34619647541530363,0.3583954550705775,0.3666255582259426,-0.05749483022965941,-0.10499265938658223,1.0,0.0
Milwaukee,2000-05-17 19:00:00,0.10000000149011612,0.37493462778701603,0.37963028842970437,0.38608798432978486,0.077882847413793,0.04267897886966643,0.5479894519381427,0.05479894601038219
Milwaukee,2000-05-17 20:00:00,0.10000000149011612,0.37493462778701603,0.37963028842970437,0.38608798432978486,0.077882847413793,0.04267897886966643,0.5479894519381427,0.05479894601038219
Milwaukee,2000-05-17 21:00:00,0.4000000059604645,0.4602572840073257,0.44284563734884813,0.44398150563378375,0.4840158803441499,0.4856938936384119,1.0034668558665243,0.40138674832773824
Milwaukee,2000-05-17 22:00:00,0.5000000074505806,0.4879054674974853,0.4635494842166189,0.4629590707286823,0.6193935579876022,0.6333655318946606,1.0225575060103194,0.5112787606238068
Milwaukee,2000-05-17 23:00:00,3.400000050663948,0.9282982222011151,0.8657770976800835,0.847081637912395,4.54534620964772,4.915843041325869,1.0815112456982376,3.6771382901676377
Milwaukee,2000-05-18 00:00:00,3.200000047683716,0.9166861556275947,0.8506387739112362,0.8315298808812748,4.274590854360816,4.620499764813372,1.0809221097967003,3.458950802891824
Milwaukee,2000-05-18 01:00:00,4.90000007301569,0.9772247337230243,0.9411741103009453,0.9277168536586162,6.576011374299509,7.130917615169601,1.0843834064884357,5.313478770970337
Milwaukee,2000-05-18 02:00:00,14.400000214576721,0.9999862606028663,0.9997483669544038,0.9995084481065977,19.436890750423395,21.159723249508758,1.088637247654841,15.67637659982592
Milwaukee,2000-05-18 03:00:00,9.200000137090683,0.9992005730133899,0.9949479280579125,0.9923226611813087,12.397251512968054,13.480798060188393,1.087402158945223,10.004100011368756
Milwaukee,2000-05-18 04:00:00,7.500000111758709,0.996984841284558,0.986576602976352,0.9812277918496302,10.095830993029265,10.97038020983206,1.0866247877372979,8.149686029469517
Milwaukee,2000-05-18 05:00:00,5.600000083446503,0.9867574581331242,0.96033533799088,0.9495182477953124,7.523655117803673,8.16461908296334,1.0851931614519272,6.077081794686366
Milwaukee,2000-05-18 06:00:00,3.1000000461935997,0.9102267874739054,0.842500113194001,0.8232338732578218,4.139213176717364,4.472828126557125,1.0805986393057283,3.349855831764499
Milwaukee,2000-05-18 07:00:00,2.1000000312924385,0.8142325351336319,0.7369242424364661,0.7187671645309853,2.785436400282839,2.996111743994637,1.07563459129435,2.258832675377364
Milwaukee,2000-05-18 08:00:00,0.10000000149011612,0.37493462778701603,0.37963028842970437,0.38608798432978486,0.077882847413793,0.04267897886966643,0.5479894519381427,0.05479894601038219
Milwaukee,2000-05-18 09:00:00,0.20000000298023224,0.4036312859866724,0.40082695074191593,0.4055009521190948,0.2132605250572452,0.1903506171259148,0.8925731429893989,0.17851463125795505
Milwaukee,2000-05-18 10:00:00,1.700000025331974,0.7550806239141946,0.6807449907781097,0.6649293185858394,2.2439256897090303,2.4054251909696434,1.0719718580705562,1.8223521858751088
Milwaukee,2000-05-18 11:00:00,1.8000000268220901,0.7711974276738451,0.6955899734777475,0.6790646040718362,2.379303367352482,2.553096829225891,1.0730438431089155,1.9314789463773268
Milwaukee,2000-05-18 12:00:00,0.10000000149011612,0.37493462778701603,0.37963028842970437,0.38608798432978486,0.077882847413793,0.04267897886966643,0.5479894519381427,0.05479894601038219
Milwaukee,2000-05-18 13:00:00,0.10000000149011612,0.37493462778701603,0.37963028842970437,0.38608798432978486,0.077882847413793,0.04267897886966643,0.5479894519381427,0.05479894601038219
Milwaukee,2000-05-18 14:00:00,2.0000000298023224,0.8007431727222116,0.723675472848268,0.7059823071359217,2.650058722639387,2.8484401057383884,1.0748592404403094,2.1497185129139207
Milwaukee,2000-05-18 15:00:00,8.400000125169754,0.9985066430185308,0.9919942682997871,0.9882994046991911,11.314230091820361,12.299424954138322,1.0870757315630526,9.131436281198644
Milwaukee,2000-05-18 16:00:00,0.0,0.34619647541530363,0.3583954550705775,0.3666255582259426,-0.05749483022965941,-0.10499265938658223,1.0,0.0
Milwaukee,2000-05-18 17:00:00,2.2000000327825546,0.826909965244609,0.7496522624557936,0.7311068494232176,2.920814077926292,3.143783382250886,1.0763380682151795,2.3679437853585066
Milwaukee,2000-05-18 18:00:00,1.0000000149011612,0.6153868482101035,0.562101850089929,0.5537391217635472,1.296281946204864,1.3717237231759034,1.0581985864972592,1.0581986022656469
Milwaukee,2000-05-18 19:00:00,0.4000000059604645,0.4602572840073257,0.44284563734884813,0.44398150563378375,0.4840158803441499,0.4856938936384119,1.0034668558665243,0.40138674832773824
Milwaukee,2000-05-18 20:00:00,1.700000025331974,0.7550806239141946,0.6807449907781097,0.6649293185858394,2.2439256897090303,2.4054251909696434,1.0719718580705562,1.8223521858751088
Milwaukee,2000-05-18 21:00:00,3.1000000461935997,0.9102267874739054,0.842500113194001,0.8232338732578218,4.139213176717364,4.472828126557125,1.0805986393057283,3.349855831764499
Milwaukee,2000-05-18 22:00:00,2.7000000402331352,0.8793415773745441,0.8058160997574724,0.7863317621801497,3.5977024661435535,3.8821415735321287,1.079061320402482,2.9134656085007213
Milwaukee,2000-05-18 23:00:00,9.00000013411045,0.9990653837175048,0.9943313566034218,0.9914691244765802,12.126496157681105,13.185454783675848,1.0873260183506497,9.78593431097763
Milwaukee,2000-05-19 00:00:00,6.600000098347664,0.9939169822580629,0.9775344248718887,0.9699477006236827,8.877431894238194,9.641335465525822,1.0860500627195384,7.16793052075944
Milwaukee,2000-05-19 01:00:00,3.0000000447034836,0.9032935469566277,0.8339627073715806,0.8145765998878909,4.003835499073912,4.325156488300875,1.0802532944476078,3.240759931633909
Milwaukee,2000-05-19 02:00:00,1.3000000193715096,0.6811098161440119,0.6160277990081728,0.6039355221962737,1.7024149791352212,1.8147386379446493,1.0659790122773034,1.3857727366101171
Milwaukee,2000-05-19 03:00:00,0.0,0.34619647541530363,0.3583954550705775,0.3666255582259426,-0.05749483022965941,-0.10499265938658223,1.0,0.0
Milwaukee,2000-05-19 04:00:00,0.10000000149011612,0.37493462778701603,0.37963028842970437,0.38608798432978486,0.077882847413793,0.04267897886966643,0.5479894519381427,0.05479894601038219
Milwaukee,2000-05-19 05:00:00,0.20000000298023224,0.4036312859866724,0.40082695074191593,0.4055009521190948,0.2132605250572452,0.1903506171259148,0.8925731429893989,0.17851463125795505
Milwaukee,2000-05-19 06:00:00,0.6000000089406967,0.5149511800867037,0.4839791863801989,0.48170736485828647,0.7547712356310545,0.7810371701509091,1.0347998615738105,0.6208799261961181
Milwaukee,2000-05-19 07:00:00,0.20000000298023224,0.4036312859866724,0.40082695074191593,0.4055009521190948,0.2132605250572452,0.1903506171259148,0.8925731429893989,0.17851463125795505
Milwaukee,2000-05-19 08:00:00,0.0,0.34619647541530363,0.3583954550705775,0.3666255582259426,-0.05749483022965941,-0.10499265938658223,1.0,0.0
Milwaukee,2000-05-19 09:00:00,0.0,0.34619647541530363,0.3583954550705775,0.3666255582259426,-0.05749483022965941,-0.10499265938658223,1.0,0.0
Milwaukee,2000-05-19 10:00:00,0.0,0.34619647541530363,0.3583954550705775,0.3666255582259426,-0.05749483022965941,-0.10499265938658223,1.0,0.0
Milwaukee,2000-05-19 11:00:00,0.0,0.34619647541530363,0.3583954550705775,0.3666255582259426,-0.05749483022965941,-0.10499265938658223,1.0,0.0
Milwaukee,2000-05-19 12:00:00,0.0,0.34619647541530363,0.3583954550705775,0.3666255582259426,-0.05749483022965941,-0.10499265938658223,1.0,0.0
Milwaukee,2000-05-19 13:00:00,0.0,0.34619647541530363,0.3583954550705775,0.3666255582259426,-0.05749483022965941,-0.10499265938658223,1.0,0.0
Milwaukee,2000-05-19 14:00:00,0.0,0.34619647541530363,0.3583954550705775,0.3666255582259426,-0.05749483022965941,-0.10499265938658223,1.0,0.0
Milwaukee,2000-05-19 15:00:00,0.0,0.34619647541530363,0.3583954550705775,0.3666255582259426,-0.05749483022965941,-0.10499265938658223,1.0,0.0
Milwaukee,2000-05-19 16:00:00,0.0,0.34619647541530363,0.3583954550705775,0.3666255582259426,-0.05749483022965941,-0.10499265938658223,1.0,0.0
Milwaukee,2000-05-19 17:00:00,0.0,0.34619647541530363,0.3583954550705775,0.3666255582259426,-0.05749483022965941,-0.10499265938658223,1.0,0.0
Milwaukee,2000-05-19 18:00:00,0.0,0.34619647541530363,0.3583954550705775,0.3666255582259426,-0.05749483022965941,-0.10499265938658223,1.0,0.0
Milwaukee,2000-05-19 19:00:00,0.0,0.34619647541530363,0.3583954550705775,0.3666255582259426,-0.05749483022965941,-0.10499265938658223,1.0,0.0
Milwaukee,2000-05-19 20:00:00,0.0,0.34619647541530363,0.3583954550705775,0.3666255582259426,-0.05749483022965941,-0.10499265938658223,1.0,0.0
Milwaukee,2000-05-19 21:00:00,0.0,0.34619647541530363,0.3583954550705775,0.3666255582259426,-0.05749483022965941,-0.10499265938658223,1.0,0.0
Milwaukee,2000-05-19 22:00:00,0.0,0.34619647541530363,0.3583954550705775,0.3666255582259426,-0.05749483022965941,-0.10499265938658223,1.0,0.0
Milwaukee,2000-05-19 23:00:00,0.0,0.34619647541530363,0.3583954550705775,0.3666255582259426,-0.05749483022965941,-0.10499265938658223,1.0,0.0
Milwaukee,2000-05-20 00:00:00,0.0,0.34619647541530363,0.3583954550705775,0.3666255582259426,-0.05749483022965941,-0.10499265938658223,1.0,0.0
Milwaukee,2000-05-20 01:00:00,0.0,0.34619647541530363,0.3583954550705775,0.3666255582259426,-0.05749483022965941,-0.10499265938658223,1.0,0.0
Milwaukee,2000-05-20 02:00:00,0.0,0.34619647541530363,0.3583954550705775,0.3666255582259426,-0.05749483022965941,-0.10499265938658223,1.0,0.0
Milwaukee,2000-05-20 03:00:00,0.0,0.34619647541530363,0.3583954550705775,0.3666255582259426,-0.05749483022965941,-0.10499265938658223,1.0,0.0
Milwaukee,2000-05-20 04:00:00,0.0,0.34619647541530363,0.3583954550705775,0.3666255582259426,-0.05749483022965941,-0.10499265938658223,1.0,0.0
Milwaukee,2000-05-20 05:00:00,0.0,0.34619647541530363,0.3583954550705775,0.3666255582259426,-0.05749483022965941,-0.10499265938658223,1.0,0.0
Milwaukee,2000-05-20 06:00:00,0.0,0.34619647541530363,0.3583954550705775,0.3666255582259426,-0.05749483022965941,-0.10499265938658223,1.0,0.0
Milwaukee,2000-05-20 07:00:00,0.0,0.34619647541530363,0.3583954550705775,0.3666255582259426,-0.05749483022965941,-0.10499265938658223,1.0,0.0
Milwaukee,2000-05-20 08:00:00,0.0,0.34619647541530363,0.3583954550705775,0.3666255582259426,-0.05749483022965941,-0.10499265938658223,1.0,0.0
Milwaukee,2000-05-20 09:00:00,0.0,0.34619647541530363,0.3583954550705775,0.3666255582259426,-0.05749483022965941,-0.10499265938658223,1.0,0.0
Milwaukee,2000-05-20 10:00:00,0.0,0.34619647541530363,0.3583954550705775,0.3666255582259426,-0.05749483022965941,-0.10499265938658223,1.0,0.0
Milwaukee,2000-05-20 11:00:00,0.0,0.34619647541530363,0.3583954550705775,0.3666255582259426,-0.05749483022965941,-0.10499265938658223,1.0,0.0
Milwaukee,2000-05-20 12:00:00,0.0,0.34619647541530363,0.3583954550705775,0.3666255582259426,-0.05749483022965941,-0.10499265938658223,1.0,0.0
Milwaukee,2000-05-20 13:00:00,0.0,0.34619647541530363,0.3583954550705775,0.3666255582259426,-0.05749483022965941,-0.10499265938658223,1.0,0.0
Milwaukee,2000-05-20 14:00:00,0.0,0.34619647541530363,0.3583954550705775,0.3666255582259426,-0.05749483022965941,-0.10499265938658223,1.0,0.0
Milwaukee,2000-05-20 15:00:00,0.0,0.34619647541530363,0.3583954550705775,0.3666255582259426,-0.05749483022965941,-0.10499265938658223,1.0,0.0
Milwaukee,2000-05-20 16:00:00,0.0,0.34619647541530363,0.3583954550705775,0.3666255582259426,-0.05749483022965941,-0.10499265938658223,1.0,0.0
Milwaukee,2000-05-20 17:00:00,0.0,0.34619647541530363,0.3583954550705775,0.3666255582259426,-0.05749483022965941,-0.10499265938658223,1.0,0.0
Milwaukee,2000-05-20 18:00:00,0.0,0.34619647541530363,0.3583954550705775,0.3666255582259426,-0.05749483022965941,-0.10499265938658223,1.0,0.0
Milwaukee,2000-05-20 19:00:00,0.0,0.34619647541530363,0.3583954550705775,0.3666255582259426,-0.05749483022965941,-0.10499265938658223,1.0,0.0
Milwaukee,2000-05-20 20:00:00,0.0,0.34619647541530363,0.3583954550705775,0.3666255582259426,-0.05749483022965941,-0.10499265938658223,1.0,0.0
Milwaukee,2000-05-20 21:00:00,0.0,0.34619647541530363,0.3583954550705775,0.3666255582259426,-0.05749483022965941,-0.10499265938658223,1.0,0.0
Milwaukee,2000-05-20 22:00:00,0.0,0.34619647541530363,0.3583954550705775,0.3666255582259426,-0.05749483022965941,-0.10499265938658223,1.0,0.0
Milwaukee,2000-05-20 23:00:00,0.0,0.34619647541530363,0.3583954550705775,0.3666255582259426,-0.05749483022965941,-0.10499265938658223,1.0,0.0
Milwaukee,2000-05-21 00:00:00,0.0,0.34619647541530363,0.3583954550705775,0.3666255582259426,-0.05749483022965941,-0.10499265938658223,1.0,0.0
Milwaukee,2000-05-21 01:00:00,0.0,0.34619647541530363,0.3583954550705775,0.3666255582259426,-0.05749483022965941,-0.10499265938658223,1.0,0.0
Milwaukee,2000-05-21 02:00:00,0.0,0.34619647541530363,0.3583954550705775,0.3666255582259426,-0.05749483022965941,-0.10499265938658223,1.0,0.0
Milwaukee,2000-05-21 03:00:00,0.0,0.34619647541530363,0.3583954550705775,0.3666255582259426,-0.05749483022965941,-0.10499265938658223,1.0,0.0
Milwaukee,2000-05-21 04:00:00,0.0,0.34619647541530363,0.3583954550705775,0.3666255582259426,-0.05749483022965941,-0.10499265938658223,1.0,0.0
Milwaukee,2000-05-21 05:00:00,0.0,0.34619647541530363,0.3583954550705775,0.3666255582259426,-0.05749483022965941,-0.10499265938658223,1.0,0.0
Milwaukee,2000-05-21 06:00:00,0.0,0.34619647541530363,0.3583954550705775,0.3666255582259426,-0.05749483022965941,-0.10499265938658223,1.0,0.0
Milwaukee,2000-05-21 07:00:00,0.0,0.34619647541530363,0.3583954550705775,0.3666255582259426,-0.05749483022965941,-0.10499265938658223,1.0,0.0
Milwaukee,2000-05-21 08:00:00,0.0,0.34619647541530363,0.3583954550705775,0.3666255582259426,-0.05749483022965941,-0.10499265938658223,1.0,0.0
Milwaukee,2000-05-21 09:00:00,0.0,0.34619647541530363,0.3583954550705775,0.3666255582259426,-0.05749483022965941,-0.10499265938658223,1.0,0.0
Milwaukee,2000-05-21 10:00:00,0.0,0.34619647541530363,0.3583954550705775,0.3666255582259426,-0.05749483022965941,-0.10499265938658223,1.0,0.0
Milwaukee,2000-05-21 11:00:00,0.0,0.34619647541530363,0.3583954550705775,0.3666255582259426,-0.05749483022965941,-0.10499265938658223,1.0,0.0
Milwaukee,2000-05-21 12:00:00,0.0,0.34619647541530363,0.3583954550705775,0.3666255582259426,-0.05749483022965941,-0.10499265938658223,1.0,0.0
Milwaukee,2000-05-21 13:00:00,0.0,0.34619647541530363,0.3583954550705775,0.3666255582259426,-0.05749483022965941,-0.10499265938658223,1.0,0.0
Milwaukee,2000-05-21 14:00:00,0.0,0.34619647541530363,0.3583954550705775,0.3666255582259426,-0.05749483022965941,-0.10499265938658223,1.0,0.0
Milwaukee,2000-05-21 15:00:00,0.0,0.34619647541530363,0.3583954550705775,0.3666255582259426,-0.05749483022965941,-0.10499265938658223,1.0,0.0
Milwaukee,2000-05-21 16:00:00,0.0,0.34619647541530363,0.3583954550705775,0.3666255582259426,-0.05749483022965941,-0.10499265938658223,1.0,0.0
Milwaukee,2000-05-21 17:00:00,0.0,0.34619647541530363,0.3583954550705775,0.3666255582259426,-0.05749483022965941,-0.10499265938658223,1.0,0.0
Milwaukee,2000-05-21 18:00:00,0.0,0.34619647541530363,0.3583954550705775,0.3666255582259426,-0.05749483022965941,-0.10499265938658223,1.0,0.0
Milwaukee,2000-05-21 19:00:00,0.0,0.34619647541530363,0.3583954550705775,0.3666255582259426,-0.05749483022965941,-0.10499265938658223,1.0,0.0
Milwaukee,2000-05-21 20:00:00,0.0,0.34619647541530363,0.3583954550705775,0.3666255582259426,-0.05749483022965941,-0.10499265938658223,1.0,0.0
Milwaukee,2000-05-21 21:00:00,0.0,0.34619647541530363,0.3583954550705775,0.3666255582259426,-0.05749483022965941,-0.10499265938658223,1.0,0.0
Milwaukee,2000-05-21 22:00:00,0.0,0.34619647541530363,0.3583954550705775,0.3666255582259426,-0.05749483022965941,-0.10499265938658223,1.0,0.0
Milwaukee,2000-05-21 23:00:00,0.0,0.34619647541530363,0.3583954550705775,0.3666255582259426,-0.05749483022965941,-0.10499265938658223,1.0,0.0
Milwaukee,2000-05-22 00:00:00,0.20000000298023224,0.4036312859866724,0.40082695074191593,0.4055009521190948,0.2132605250572452,0.1903506171259148,0.8925731429893989,0.17851463125795505
Milwaukee,2000-05-22 01:00:00,0.6000000089406967,0.5149511800867037,0.4839791863801989,0.48170736485828647,0.7547712356310545,0.7810371701509091,1.0347998615738105,0.6208799261961181
Milwaukee,2000-05-22 02:00:00,0.0,0.34619647541530363,0.3583954550705775,0.3666255582259426,-0.05749483022965941,-0.10499265938658223,1.0,0.0
Milwaukee,2000-05-22 03:00:00,0.0,0.34619647541530363,0.3583954550705775,0.3666255582259426,-0.05749483022965941,-0.10499265938658223,1.0,0.0
Milwaukee,2000-05-22 04:00:00,0.0,0.34619647541530363,0.3583954550705775,0.3666255582259426,-0.05749483022965941,-0.10499265938658223,1.0,0.0
Milwaukee,2000-05-22 05:00:00,0.0,0.34619647541530363,0.3583954550705775,0.3666255582259426,-0.05749483022965941,-0.10499265938658223,1.0,0.0
Milwaukee,2000-05-22 06:00:00,0.0,0.34619647541530363,0.3583954550705775,0.3666255582259426,-0.05749483022965941,-0.10499265938658223,1.0,0.0
Milwaukee,2000-05-22 07:00:00,0.0,0.34619647541530363,0.3583954550705775,0.3666255582259426,-0.05749483022965941,-0.10499265938658223,1.0,0.0
Milwaukee,2000-05-22 08:00:00,0.0,0.34619647541530363,0.3583954550705775,0.3666255582259426,-0.05749483022965941,-0.10499265938658223,1.0,0.0
Milwaukee,2000-05-22 09:00:00,0.0,0.34619647541530363,0.3583954550705775,0.3666255582259426,-0.05749483022965941,-0.10499265938658223,1.0,0.0
Milwaukee,2000-05-22 10:00:00,0.0,0.34619647541530363,0.3583954550705775,0.3666255582259426,-0.05749483022965941,-0.10499265938658223,1.0,0.0
Milwaukee,2000-05-22 11:00:00,0.5000000074505806,0.4879054674974853,0.4635494842166189,0.4629590707286823,0.6193935579876022,0.6333655318946606,1.0225575060103194,0.5112787606238068
Milwaukee,2000-05-22 12:00:00,0.7000000104308128,0.5412961978369442,0.5040882360000163,0.5001902799477915,0.8901489132745067,0.9287088084071575,1.0433184768948425,0.7303229447090495
Milwaukee,2000-05-22 13:00:00,0.10000000149011612,0.37493462778701603,0.37963028842970437,0.38608798432978486,0.077882847413793,0.04267897886966643,0.5479894519381427,0.05479894601038219
Milwaukee,2000-05-22 14:00:00,0.4000000059604645,0.4602572840073257,0.44284563734884813,0.44398150563378375,0.4840158803441499,0.4856938936384119,1.0034668558665243,0.40138674832773824
Milwaukee,2000-05-22 15:00:00,0.4000000059604645,0.4602572840073257,0.44284563734884813,0.44398150563378375,0.4840158803441499,0.4856938936384119,1.0034668558665243,0.40138674832773824
Milwaukee,2000-05-22 16:00:00,0.4000000059604645,0.4602572840073257,0.44284563734884813,0.44398150563378375,0.4840158803441499,0.4856938936384119,1.0034668558665243,0.40138674832773824
Milwaukee,2000-05-22 17:00:00,0.30000000447034836,0.4321218104209064,0.4219192462835154,0.42481437583882836,0.3486382027006978,0.3380222553821637,0.9695502465412611,0.2908650782966057
Milwaukee,2000-05-22 18:00:00,0.10000000149011612,0.37493462778701603,0.37963028842970437,0.38608798432978486,0.077882847413793,0.04267897886966643,0.5479894519381427,0.05479894601038219
Milwaukee,2000-05-22 19:00:00,0.0,0.34619647541530363,0.3583954550705775,0.3666255582259426,-0.05749483022965941,-0.10499265938658223,1.0,0.0
Milwaukee,2000-05-22 20:00:00,0.0,0.34619647541530363,0.3583954550705775,0.3666255582259426,-0.05749483022965941,-0.10499265938658223,1.0,0.0
Milwaukee,2000-05-22 21:00:00,0.0,0.34619647541530363,0.3583954550705775,0.3666255582259426,-0.05749483022965941,-0.10499265938658223,1.0,0.0
Milwaukee,2000-05-22 22:00:00,0.0,0.34619647541530363,0.3583954550705775,0.3666255582259426,-0.05749483022965941,-0.10499265938658223,1.0,0.0
Milwaukee,2000-05-22 23:00:00,0.0,0.34619647541530363,0.3583954550705775,0.3666255582259426,-0.05749483022965941,-0.10499265938658223,1.0,0.0
Milwaukee,2000-05-23 00:00:00,0.0,0.34619647541530363,0.3583954550705775,0.3666255582259426,-0.05749483022965941,-0.10499265938658223,1.0,0.0
Milwaukee,2000-05-23 01:00:00,0.0,0.34619647541530363,0.3583954550705775,0.3666255582259426,-0.05749483022965941,-0.10499265938658223,1.0,0.0
Milwaukee,2000-05-23 02:00:00,0.0,0.34619647541530363,0.3583954550705775,0.3666255582259426,-0.05749483022965941,-0.10499265938658223,1.0,0.0
Milwaukee,2000-05-23 03:00:00,0.0,0.34619647541530363,0.3583954550705775,0.3666255582259426,-0.05749483022965941,-0.10499265938658223,1.0,0.0
Milwaukee,2000-05-23 04:00:00,0.0,0.34619647541530363,0.3583954550705775,0.3666255582259426,-0.05749483022965941,-0.10499265938658223,1.0,0.0
Milwaukee,2000-05-23 05:00:00,0.0,0.34619647541530363,0.3583954550705775,0.3666255582259426,-0.05749483022965941,-0.10499265938658223,1.0,0.0
Milwaukee,2000-05-23 06:00:00,0.0,0.34619647541530363,0.3583954550705775,0.3666255582259426,-0.05749483022965941,-0.10499265938658223,1.0,0.0
Milwaukee,2000-05-23 07:00:00,0.0,0.34619647541530363,0.3583954550705775,0.3666255582259426,-0.05749483022965941,-0.10499265938658223,1.0,0.0
Milwaukee,2000-05-23 08:00:00,0.0,0.34619647541530363,0.3583954550705775,0.3666255582259426,-0.05749483022965941,-0.10499265938658223,1.0,0.0
Milwaukee,2000-05-23 09:00:00,0.0,0.34619647541530363,0.3583954550705775,0.3666255582259426,-0.05749483022965941,-0.10499265938658223,1.0,0.0
Milwaukee,2000-05-23 10:00:00,0.0,0.34619647541530363,0.3583954550705775,0.3666255582259426,-0.05749483022965941,-0.10499265938658223,1.0,0.0
Milwaukee,2000-05-23 11:00:00,0.0,0.34619647541530363,0.3583954550705775,0.3666255582259426,-0.05749483022965941,-0.10499265938658223,1.0,0.0
Milwaukee,2000-05-23 12:00:00,0.0,0.34619647541530363,0.3583954550705775,0.3666255582259426,-0.05749483022965941,-0.10499265938658223,1.0,0.0
Milwaukee,2000-05-23 13:00:00,0.0,0.34619647541530363,0.3583954550705775,0.3666255582259426,-0.05749483022965941,-0.10499265938658223,1.0,0.0
Milwaukee,2000-05-23 14:00:00,0.0,0.34619647541530363,0.3583954550705775,0.3666255582259426,-0.05749483022965941,-0.10499265938658223,1.0,0.0
Milwaukee,2000-05-23 15:00:00,0.0,0.34619647541530363,0.3583954550705775,0.3666255582259426,-0.05749483022965941,-0.10499265938658223,1.0,0.0
Milwaukee,2000-05-23 16:00:00,0.0,0.34619647541530363,0.3583954550705775,0.3666255582259426,-0.05749483022965941,-0.10499265938658223,1.0,0.0
Milwaukee,2000-05-23 17:00:00,0.0,0.34619647541530363,0.3583954550705775,0.3666255582259426,-0.05749483022965941,-0.10499265938658223,1.0,0.0
Milwaukee,2000-05-23 18:00:00,0.0,0.34619647541530363,0.3583954550705775,0.3666255582259426,-0.05749483022965941,-0.10499265938658223,1.0,0.0
Milwaukee,2000-05-23 19:00:00,0.0,0.34619647541530363,0.3583954550705775,0.3666255582259426,-0.05749483022965941,-0.10499265938658223,1.0,0.0
Milwaukee,2000-05-23 20:00:00,0.0,0.34619647541530363,0.3583954550705775,0.3666255582259426,-0.05749483022965941,-0.10499265938658223,1.0,0.0
Milwaukee,2000-05-23 21:00:00,0.0,0.34619647541530363,0.3583954550705775,0.3666255582259426,-0.05749483022965941,-0.10499265938658223,1.0,0.0
Milwaukee,2000-05-23 22:00:00,0.0,0.34619647541530363,0.3583954550705775,0.3666255582259426,-0.05749483022965941,-0.10499265938658223,1.0,0.0
Milwaukee,2000-05-23 23:00:00,0.0,0.34619647541530363,0.3583954550705775,0.3666255582259426,-0.05749483022965941,-0.10499265938658223,1.0,0.0
Milwaukee,2000-05-24 00:00:00,0.0,0.34619647541530363,0.3583954550705775,0.3666255582259426,-0.05749483022965941,-0.10499265938658223,1.0,0.0
Milwaukee,2000-05-24 01:00:00,0.0,0.34619647541530363,0.3583954550705775,0.3666255582259426,-0.05749483022965941,-0.10499265938658223,1.0,0.0
Milwaukee,2000-05-24 02:00:00,0.0,0.34619647541530363,0.3583954550705775,0.3666255582259426,-0.05749483022965941,-0.10499265938658223,1.0,0.0
Milwaukee,2000-05-24 03:00:00,0.0,0.34619647541530363,0.3583954550705775,0.3666255582259426,-0.05749483022965941,-0.10499265938658223,1.0,0.0
Milwaukee,2000-05-24 04:00:00,0.0,0.34619647541530363,0.3583954550705775,0.3666255582259426,-0.05749483022965941,-0.10499265938658223,1.0,0.0
Milwaukee,2000-05-24 05:00:00,0.0,0.34619647541530363,0.3583954550705775,0.3666255582259426,-0.05749483022965941,-0.10499265938658223,1.0,0.0
Milwaukee,2000-05-24 06:00:00,0.0,0.34619647541530363,0.3583954550705775,0.3666255582259426,-0.05749483022965941,-0.10499265938658223,1.0,0.0
Milwaukee,2000-05-24 07:00:00,0.0,0.34619647541530363,0.3583954550705775,0.3666255582259426,-0.05749483022965941,-0.10499265938658223,1.0,0.0
Milwaukee,2000-05-24 08:00:00,0.0,0.34619647541530363,0.3583954550705775,0.3666255582259426,-0.05749483022965941,-0.10499265938658223,1.0,0.0
Milwaukee,2000-05-24 09:00:00,0.0,0.34619647541530363,0.3583954550705775,0.3666255582259426,-0.05749483022965941,-0.10499265938658223,1.0,0.0
Milwaukee,2000-05-24 10:00:00,0.0,0.34619647541530363,0.3583954550705775,0.3666255582259426,-0.05749483022965941,-0.10499265938658223,1.0,0.0
Milwaukee,2000-05-24 11:00:00,0.0,0.34619647541530363,0.3583954550705775,0.3666255582259426,-0.05749483022965941,-0.10499265938658223,1.0,0.0
Milwaukee,2000-05-24 12:00:00,0.0,0.34619647541530363,0.3583954550705775,0.3666255582259426,-0.05749483022965941,-0.10499265938658223,1.0,0.0
Milwaukee,2000-05-24 13:00:00,0.0,0.34619647541530363,0.3583954550705775,0.3666255582259426,-0.05749483022965941,-0.10499265938658223,1.0,0.0
Milwaukee,2000-05-24 14:00:00,0.0,0.34619647541530363,0.3583954550705775,0.3666255582259426,-0.05749483022965941,-0.10499265938658223,1.0,0.0
Milwaukee,2000-05-24 15:00:00,0.0,0.34619647541530363,0.3583954550705775,0.3666255582259426,-0.05749483022965941,-0.10499265938658223,1.0,0.0
Milwaukee,2000-05-24 16:00:00,0.0,0.34619647541530363,0.3583954550705775,0.3666255582259426,-0.05749483022965941,-0.10499265938658223,1.0,0.0
Milwaukee,2000-05-24 17:00:00,0.0,0.34619647541530363,0.3583954550705775,0.3666255582259426,-0.05749483022965941,-0.10499265938658223,1.0,0.0
Milwaukee,2000-05-24 18:00:00,0.0,0.34619647541530363,0.3583954550705775,0.3666255582259426,-0.05749483022965941,-0.10499265938658223,1.0,0.0
Milwaukee,2000-05-24 19:00:00,0.0,0.34619647541530363,0.3583954550705775,0.3666255582259426,-0.05749483022965941,-0.10499265938658223,1.0,0.0
Milwaukee,2000-05-24 20:00:00,0.0,0.34619647541530363,0.3583954550705775,0.3666255582259426,-0.05749483022965941,-0.10499265938658223,1.0,0.0
Milwaukee,2000-05-24 21:00:00,0.0,0.34619647541530363,0.3583954550705775,0.3666255582259426,-0.05749483022965941,-0.10499265938658223,1.0,0.0
Milwaukee,2000-05-24 22:00:00,0.0,0.34619647541530363,0.3583954550705775,0.3666255582259426,-0.05749483022965941,-0.10499265938658223,1.0,0.0
Milwaukee,2000-05-24 23:00:00,0.0,0.34619647541530363,0.3583954550705775,0.3666255582259426,-0.05749483022965941,-0.10499265938658223,1.0,0.0
Milwaukee,2000-05-25 00:00:00,0.0,0.34619647541530363,0.3583954550705775,0.3666255582259426,-0.05749483022965941,-0.10499265938658223,1.0,0.0
Milwaukee,2000-05-25 01:00:00,0.0,0.34619647541530363,0.3583954550705775,0.3666255582259426,-0.05749483022965941,-0.10499265938658223,1.0,0.0
Milwaukee,2000-05-25 02:00:00,0.0,0.34619647541530363,0.3583954550705775,0.3666255582259426,-0.05749483022965941,-0.10499265938658223,1.0,0.0
Milwaukee,2000-05-25 03:00:00,0.0,0.34619647541530363,0.3583954550705775,0.3666255582259426,-0.05749483022965941,-0.10499265938658223,1.0,0.0
Milwaukee,2000-05-25 04:00:00,0.0,0.34619647541530363,0.3583954550705775,0.3666255582259426,-0.05749483022965941,-0.10499265938658223,1.0,0.0
Milwaukee,2000-05-25 05:00:00,0.0,0.34619647541530363,0.3583954550705775,0.3666255582259426,-0.05749483022965941,-0.10499265938658223,1.0,0.0
Milwaukee,2000-05-25 06:00:00,0.0,0.34619647541530363,0.3583954550705775,0.3666255582259426,-0.05749483022965941,-0.10499265938658223,1.0,0.0
Milwaukee,2000-05-25 07:00:00,0.0,0.34619647541530363,0.3583954550705775,0.3666255582259426,-0.05749483022965941,-0.10499265938658223,1.0,0.0
Milwaukee,2000-05-25 08:00:00,0.0,0.34619647541530363,0.3583954550705775,0.3666255582259426,-0.05749483022965941,-0.10499265938658223,1.0,0.0
Milwaukee,2000-05-25 09:00:00,0.0,0.34619647541530363,0.3583954550705775,0.3666255582259426,-0.05749483022965941,-0.10499265938658223,1.0,0.0
Milwaukee,2000-05-25 10:00:00,0.0,0.34619647541530363,0.3583954550705775,0.3666255582259426,-0.05749483022965941,-0.10499265938658223,1.0,0.0
Milwaukee,2000-05-25 11:00:00,0.0,0.34619647541530363,0.3583954550705775,0.3666255582259426,-0.05749483022965941,-0.10499265938658223,1.0,0.0
Milwaukee,2000-05-25 12:00:00,0.0,0.34619647541530363,0.3583954550705775,0.3666255582259426,-0.05749483022965941,-0.10499265938658223,1.0,0.0
Milwaukee,2000-05-25 13:00:00,0.0,0.34619647541530363,0.3583954550705775,0.3666255582259426,-0.05749483022965941,-0.10499265938658223,1.0,0.0
Milwaukee,2000-05-25 14:00:00,0.0,0.34619647541530363,0.3583954550705775,0.3666255582259426,-0.05749483022965941,-0.10499265938658223,1.0,0.0
Milwaukee,2000-05-25 15:00:00,0.0,0.34619647541530363,0.3583954550705775,0.3666255582259426,-0.05749483022965941,-0.10499265938658223,1.0,0.0
Milwaukee,2000-05-25 16:00:00,0.0,0.34619647541530363,0.3583954550705775,0.3666255582259426,-0.05749483022965941,-0.10499265938658223,1.0,0.0
Milwaukee,2000-05-25 17:00:00,0.0,0.34619647541530363,0.3583954550705775,0.3666255582259426,-0.05749483022965941,-0.10499265938658223,1.0,0.0
Milwaukee,2000-05-25 18:00:00,0.0,0.34619647541530363,0.3583954550705775,0.3666255582259426,-0.05749483022965941,-0.10499265938658223,1.0,0.0
Milwaukee,2000-05-25 19:00:00,0.0,0.34619647541530363,0.3583954550705775,0.3666255582259426,-0.05749483022965941,-0.10499265938658223,1.0,0.0
Milwaukee,2000-05-25 20:00:00,0.0,0.34619647541530363,0.3583954550705775,0.3666255582259426,-0.05749483022965941,-0.10499265938658223,1.0,0.0
Milwaukee,2000-05-25 21:00:00,0.0,0.34619647541530363,0.3583954550705775,0.3666255582259426,-0.05749483022965941,-0.10499265938658223,1.0,0.0
Milwaukee,2000-05-25 22:00:00,0.0,0.34619647541530363,0.3583954550705775,0.3666255582259426,-0.05749483022965941,-0.10499265938658223,1.0,0.0
Milwaukee,2000-05-25 23:00:00,0.0,0.34619647541530363,0.3583954550705775,0.3666255582259426,-0.05749483022965941,-0.10499265938658223,1.0,0.0
Milwaukee,2000-05-26 00:00:00,0.0,0.34619647541530363,0.3583954550705775,0.3666255582259426,-0.05749483022965941,-0.10499265938658223,1.0,0.0
Milwaukee,2000-05-26 01:00:00,0.0,0.34619647541530363,0.3583954550705775,0.3666255582259426,-0.05749483022965941,-0.10499265938658223,1.0,0.0
Milwaukee,2000-05-26 02:00:00,0.0,0.34619647541530363,0.3583954550705775,0.3666255582259426,-0.05749483022965941,-0.10499265938658223,1.0,0.0
Milwaukee,2000-05-26 03:00:00,0.0,0.34619647541530363,0.3583954550705775,0.3666255582259426,-0.05749483022965941,-0.10499265938658223,1.0,0.0
Milwaukee,2000-05-26 04:00:00,0.0,0.34619647541530363,0.3583954550705775,0.3666255582259426,-0.05749483022965941,-0.10499265938658223,1.0,0.0
Milwaukee,2000-05-26 05:00:00,0.0,0.34619647541530363,0.3583954550705775,0.3666255582259426,-0.05749483022965941,-0.10499265938658223,1.0,0.0
Milwaukee,2000-05-26 06:00:00,0.0,0.34619647541530363,0.3583954550705775,0.3666255582259426,-0.05749483022965941,-0.10499265938658223,1.0,0.0
Milwaukee,2000-05-26 07:00:00,0.0,0.34619647541530363,0.3583954550705775,0.3666255582259426,-0.05749483022965941,-0.10499265938658223,1.0,0.0
Milwaukee,2000-05-26 08:00:00,0.0,0.34619647541530363,0.3583954550705775,0.3666255582259426,-0.05749483022965941,-0.10499265938658223,1.0,0.0
Milwaukee,2000-05-26 09:00:00,0.0,0.34619647541530363,0.3583954550705775,0.3666255582259426,-0.05749483022965941,-0.10499265938658223,1.0,0.0
Milwaukee,2000-05-26 10:00:00,0.0,0.34619647541530363,0.3583954550705775,0.3666255582259426,-0.05749483022965941,-0.10499265938658223,1.0,0.0
Milwaukee,2000-05-26 11:00:00,0.0,0.34619647541530363,0.3583954550705775,0.3666255582259426,-0.05749483022965941,-0.10499265938658223,1.0,0.0
Milwaukee,2000-05-26 12:00:00,0.0,0.34619647541530363,0.3583954550705775,0.3666255582259426,-0.05749483022965941,-0.10499265938658223,1.0,0.0
Milwaukee,2000-05-26 13:00:00,0.0,0.34619647541530363,0.3583954550705775,0.3666255582259426,-0.05749483022965941,-0.10499265938658223,1.0,0.0
Milwaukee,2000-05-26 14:00:00,0.0,0.34619647541530363,0.3583954550705775,0.3666255582259426,-0.05749483022965941,-0.10499265938658223,1.0,0.0
Milwaukee,2000-05-26 15:00:00,0.0,0.34619647541530363,0.3583954550705775,0.3666255582259426,-0.05749483022965941,-0.10499265938658223,1.0,0.0
Milwaukee,2000-05-26 16:00:00,0.0,0.34619647541530363,0.3583954550705775,0.3666255582259426,-0.05749483022965941,-0.10499265938658223,1.0,0.0
Milwaukee,2000-05-26 17:00:00,0.0,0.34619647541530363,0.3583954550705775,0.3666255582259426,-0.05749483022965941,-0.10499265938658223,1.0,0.0
Milwaukee,2000-05-26 18:00:00,0.0,0.34619647541530363,0.3583954550705775,0.3666255582259426,-0.05749483022965941,-0.10499265938658223,1.0,0.0
Milwaukee,2000-05-26 19:00:00,0.0,0.34619647541530363,0.3583954550705775,0.3666255582259426,-0.05749483022965941,-0.10499265938658223,1.0,0.0
Milwaukee,2000-05-26 20:00:00,0.0,0.34619647541530363,0.3583954550705775,0.3666255582259426,-0.05749483022965941,-0.10499265938658223,1.0,0.0
Milwaukee,2000-05-26 21:00:00,0.0,0.34619647541530363,0.3583954550705775,0.3666255582259426,-0.05749483022965941,-0.10499265938658223,1.0,0.0
Milwaukee,2000-05-26 22:00:00,0.0,0.34619647541530363,0.3583954550705775,0.3666255582259426,-0.05749483022965941,-0.10499265938658223,1.0,0.0
Milwaukee,2000-05-26 23:00:00,0.0,0.34619647541530363,0.3583954550705775,0.3666255582259426,-0.05749483022965941,-0.10499265938658223,1.0,0.0
Milwaukee,2000-05-27 00:00:00,0.10000000149011612,0.37493462778701603,0.37963028842970437,0.38608798432978486,0.077882847413793,0.04267897886966643,0.5479894519381427,0.05479894601038219
Milwaukee,2000-05-27 01:00:00,0.30000000447034836,0.4321218104209064,0.4219192462835154,0.42481437583882836,0.3486382027006978,0.3380222553821637,0.9695502465412611,0.2908650782966057
Milwaukee,2000-05-27 02:00:00,0.20000000298023224,0.4036312859866724,0.40082695074191593,0.4055009521190948,0.2132605250572452,0.1903506171259148,0.8925731429893989,0.17851463125795505
Milwaukee,2000-05-27 03:00:00,0.5000000074505806,0.4879054674974853,0.4635494842166189,0.4629590707286823,0.6193935579876022,0.6333655318946606,1.0225575060103194,0.5112787606238068
Milwaukee,2000-05-27 04:00:00,0.6000000089406967,0.5149511800867037,0.4839791863801989,0.48170736485828647,0.7547712356310545,0.7810371701509091,1.0347998615738105,0.6208799261961181
Milwaukee,2000-05-27 05:00:00,0.7000000104308128,0.5412961978369442,0.5040882360000163,0.5001902799477915,0.8901489132745067,0.9287088084071575,1.0433184768948425,0.7303229447090495
Milwaukee,2000-05-27 06:00:00,0.7000000104308128,0.5412961978369442,0.5040882360000163,0.5001902799477915,0.8901489132745067,0.9287088084071575,1.0433184768948425,0.7303229447090495
Milwaukee,2000-05-27 07:00:00,0.5000000074505806,0.4879054674974853,0.4635494842166189,0.4629590707286823,0.6193935579876022,0.6333655318946606,1.0225575060103194,0.5112787606238068
Milwaukee,2000-05-27 08:00:00,0.4000000059604645,0.4602572840073257,0.44284563734884813,0.44398150563378375,0.4840158803441499,0.4856938936384119,1.0034668558665243,0.40138674832773824
Milwaukee,2000-05-27 09:00:00,0.20000000298023224,0.4036312859866724,0.40082695074191593,0.4055009521190948,0.2132605250572452,0.1903506171259148,0.8925731429893989,0.17851463125795505
Milwaukee,2000-05-27 10:00:00,0.4000000059604645,0.4602572840073257,0.44284563734884813,0.44398150563378375,0.4840158803441499,0.4856938936384119,1.0034668558665243,0.40138674832773824
Milwaukee,2000-05-27 11:00:00,2.3000000342726707,0.8388099444280502,0.7618679141689338,0.7430061347251687,3.056191755569744,3.2914550205071347,1.0769792224289054,2.477052248497437
Milwaukee,2000-05-27 12:00:00,7.400000110268593,0.996740140666423,0.9857845540651563,0.9802176817891203,9.960453315385829,10.822708571575827,1.0865678728555537,8.040602378945408
Milwaukee,2000-05-27 13:00:00,3.0000000447034836,0.9032935469566277,0.8339627073715806,0.8145765998878909,4.003835499073912,4.325156488300875,1.0802532944476078,3.240759931633909
Milwaukee,2000-05-27 14:00:00,0.9000000134110451,0.5915727882419518,0.543183605811401,0.5362334205342039,1.1609042685614115,1.2240520849196546,1.05439536925512,0.9489558464701519
Milwaukee,2000-05-27 15:00:00,0.4000000059604645,0.4602572840073257,0.44284563734884813,0.44398150563378375,0.4840158803441499,0.4856938936384119,1.0034668558665243,0.40138674832773824
Milwaukee,2000-05-27 16:00:00,0.10000000149011612,0.37493462778701603,0.37963028842970437,0.38608798432978486,0.077882847413793,0.04267897886966643,0.5479894519381427,0.05479894601038219
Milwaukee,2000-05-27 17:00:00,0.20000000298023224,0.4036312859866724,0.40082695074191593,0.4055009521190948,0.2132605250572452,0.1903506171259148,0.8925731429893989,0.17851463125795505
Milwaukee,2000-05-27 18:00:00,0.10000000149011612,0.37493462778701603,0.37963028842970437,0.38608798432978486,0.077882847413793,0.04267897886966643,0.5479894519381427,0.05479894601038219
Milwaukee,2000-05-27 19:00:00,0.0,0.34619647541530363,0.3583954550705775,0.3666255582259426,-0.05749483022965941,-0.10499265938658223,1.0,0.0
Milwaukee,2000-05-27 20:00:00,0.0,0.34619647541530363,0.3583954550705775,0.3666255582259426,-0.05749483022965941,-0.10499265938658223,1.0,0.0
Milwaukee,2000-05-27 21:00:00,0.10000000149011612,0.37493462778701603,0.37963028842970437,0.38608798432978486,0.077882847413793,0.04267897886966643,0.5479894519381427,0.05479894601038219
Milwaukee,2000-05-27 22:00:00,0.10000000149011612,0.37493462778701603,0.37963028842970437,0.38608798432978486,0.077882847413793,0.04267897886966643,0.5479894519381427,0.05479894601038219
Milwaukee,2000-05-27 23:00:00,0.10000000149011612,0.37493462778701603,0.37963028842970437,0.38608798432978486,0.077882847413793,0.04267897886966643,0.5479894519381427,0.05479894601038219
Milwaukee,2000-05-28 00:00:00,0.0,0.34619647541530363,0.3583954550705775,0.3666255582259426,-0.05749483022965941,-0.10499265938658223,1.0,0.0
Milwaukee,2000-05-28 01:00:00,0.0,0.34619647541530363,0.3583954550705775,0.3666255582259426,-0.05749483022965941,-0.10499265938658223,1.0,0.0
Milwaukee,2000-05-28 02:00:00,0.10000000149011612,0.37493462778701603,0.37963028842970437,0.38608798432978486,0.077882847413793,0.04267897886966643,0.5479894519381427,0.05479894601038219
Milwaukee,2000-05-28 03:00:00,0.20000000298023224,0.4036312859866724,0.40082695074191593,0.4055009521190948,0.2132605250572452,0.1903506171259148,0.8925731429893989,0.17851463125795505
Milwaukee,2000-05-28 04:00:00,0.30000000447034836,0.4321218104209064,0.4219192462835154,0.42481437583882836,0.3486382027006978,0.3380222553821637,0.9695502465412611,0.2908650782966057
Milwaukee,2000-05-28 05:00:00,0.10000000149011612,0.37493462778701603,0.37963028842970437,0.38608798432978486,0.077882847413793,0.04267897886966643,0.5479894519381427,0.05479894601038219
Milwaukee,2000-05-28 06:00:00,0.10000000149011612,0.37493462778701603,0.37963028842970437,0.38608798432978486,0.077882847413793,0.04267897886966643,0.5479894519381427,0.05479894601038219
Milwaukee,2000-05-28 07:00:00,0.800000011920929,0.5668587624286637,0.5238351948323483,0.518375294178048,1.0255265909179592,1.0763804466634062,1.0495880420808272,0.8396704461767263
Milwaukee,2000-05-28 08:00:00,1.600000023841858,0.7380324765223832,0.6653632487403472,0.6503443211064838,2.108548012065578,2.2577535527133947,1.0707622211085683,1.71321957930267
Milwaukee,2000-05-28 09:00:00,0.30000000447034836,0.4321218104209064,0.4219192462835154,0.42481437583882836,0.3486382027006978,0.3380222553821637,0.9695502465412611,0.2908650782966057
Milwaukee,2000-05-28 10:00:00,0.30000000447034836,0.4321218104209064,0.4219192462835154,0.42481437583882836,0.3486382027006978,0.3380222553821637,0.9695502465412611,0.2908650782966057
Milwaukee,2000-05-28 11:00:00,0.9000000134110451,0.5915727882419518,0.543183605811401,0.5362334205342039,1.1609042685614115,1.2240520849196546,1.05439536925512,0.9489558464701519
Milwaukee,2000-05-28 12:00:00,3.8000000566244125,0.9470271918910264,0.8918932473426652,0.8743321310747451,5.08685692022153,5.506529594350864,1.0825013718119396,4.1135052741813745
Milwaukee,2000-05-28 13:00:00,5.300000078976154,0.9832877754382945,0.9530138008376132,0.941092404423934,7.117522084873312,7.721604168194589,1.0848725267189712,5.749824477289607
Milwaukee,2000-05-28 14:00:00,2.8000000417232513,0.8878829995145079,0.8156347179768194,0.7961358015182327,3.7330801437870056,4.029813211788377,1.079487462516771,3.0225649400866854
Milwaukee,2000-05-28 15:00:00,1.0000000149011612,0.6153868482101035,0.562101850089929,0.5537391217635472,1.296281946204864,1.3717237231759034,1.0581985864972592,1.0581986022656469
Milwaukee,2000-05-28 16:00:00,0.0,0.34619647541530363,0.3583954550705775,0.3666255582259426,-0.05749483022965941,-0.10499265938658223,1.0,0.0
Milwaukee,2000-05-28 17:00:00,0.0,0.34619647541530363,0.3583954550705775,0.3666255582259426,-0.05749483022965941,-0.10499265938658223,1.0,0.0
Milwaukee,2000-05-28 18:00:00,0.0,0.34619647541530363,0.3583954550705775,0.3666255582259426,-0.05749483022965941,-0.10499265938658223,1.0,0.0
Milwaukee,2000-05-28 19:00:00,0.0,0.34619647541530363,0.3583954550705775,0.3666255582259426,-0.05749483022965941,-0.10499265938658223,1.0,0.0
Milwaukee,2000-05-28 20:00:00,0.0,0.34619647541530363,0.3583954550705775,0.3666255582259426,-0.05749483022965941,-0.10499265938658223,1.0,0.0
Milwaukee,2000-05-28 21:00:00,0.0,0.34619647541530363,0.3583954550705775,0.3666255582259426,-0.05749483022965941,-0.10499265938658223,1.0,0.0
Milwaukee,2000-05-28 22:00:00,0.0,0.34619647541530363,0.3583954550705775,0.3666255582259426,-0.05749483022965941,-0.10499265938658223,1.0,0.0
Milwaukee,2000-05-28 23:00:00,0.0,0.34619647541530363,0.3583954550705775,0.3666255582259426,-0.05749483022965941,-0.10499265938658223,1.0,0.0
Milwaukee,2000-05-29 00:00:00,0.0,0.34619647541530363,0.3583954550705775,0.3666255582259426,-0.05749483022965941,-0.10499265938658223,1.0,0.0
Milwaukee,2000-05-29 01:00:00,0.0,0.34619647541530363,0.3583954550705775,0.3666255582259426,-0.05749483022965941,-0.10499265938658223,1.0,0.0
Milwaukee,2000-05-29 02:00:00,0.0,0.34619647541530363,0.3583954550705775,0.3666255582259426,-0.05749483022965941,-0.10499265938658223,1.0,0.0
Milwaukee,2000-05-29 03:00:00,0.0,0.34619647541530363,0.3583954550705775,0.3666255582259426,-0.05749483022965941,-0.10499265938658223,1.0,0.0
Milwaukee,2000-05-29 04:00:00,0.0,0.34619647541530363,0.3583954550705775,0.3666255582259426,-0.05749483022965941,-0.10499265938658223,1.0,0.0
Milwaukee,2000-05-29 05:00:00,0.0,0.34619647541530363,0.3583954550705775,0.3666255582259426,-0.05749483022965941,-0.10499265938658223,1.0,0.0
Milwaukee,2000-05-29 06:00:00,0.0,0.34619647541530363,0.3583954550705775,0.3666255582259426,-0.05749483022965941,-0.10499265938658223,1.0,0.0
Milwaukee,2000-05-29 07:00:00,0.0,0.34619647541530363,0.3583954550705775,0.3666255582259426,-0.05749483022965941,-0.10499265938658223,1.0,0.0
Milwaukee,2000-05-29 08:00:00,0.0,0.34619647541530363,0.3583954550705775,0.3666255582259426,-0.05749483022965941,-0.10499265938658223,1.0,0.0
Milwaukee,2000-05-29 09:00:00,0.0,0.34619647541530363,0.3583954550705775,0.3666255582259426,-0.05749483022965941,-0.10499265938658223,1.0,0.0
Milwaukee,2000-05-29 10:00:00,0.0,0.34619647541530363,0.3583954550705775,0.3666255582259426,-0.05749483022965941,-0.10499265938658223,1.0,0.0
Milwaukee,2000-05-29 11:00:00,0.0,0.34619647541530363,0.3583954550705775,0.3666255582259426,-0.05749483022965941,-0.10499265938658223,1.0,0.0
Milwaukee,2000-05-29 12:00:00,0.0,0.34619647541530363,0.3583954550705775,0.3666255582259426,-0.05749483022965941,-0.10499265938658223,1.0,0.0
Milwaukee,2000-05-29 13:00:00,0.0,0.34619647541530363,0.3583954550705775,0.3666255582259426,-0.05749483022965941,-0.10499265938658223,1.0,0.0
Milwaukee,2000-05-29 14:00:00,0.0,0.34619647541530363,0.3583954550705775,0.3666255582259426,-0.05749483022965941,-0.10499265938658223,1.0,0.0
Milwaukee,2000-05-29 15:00:00,0.0,0.34619647541530363,0.3583954550705775,0.3666255582259426,-0.05749483022965941,-0.10499265938658223,1.0,0.0
Milwaukee,2000-05-29 16:00:00,0.0,0.34619647541530363,0.3583954550705775,0.3666255582259426,-0.05749483022965941,-0.10499265938658223,1.0,0.0
Milwaukee,2000-05-29 17:00:00,0.0,0.34619647541530363,0.3583954550705775,0.3666255582259426,-0.05749483022965941,-0.10499265938658223,1.0,0.0
Milwaukee,2000-05-29 18:00:00,0.0,0.34619647541530363,0.3583954550705775,0.3666255582259426,-0.05749483022965941,-0.10499265938658223,1.0,0.0
Milwaukee,2000-05-29 19:00:00,0.0,0.34619647541530363,0.3583954550705775,0.3666255582259426,-0.05749483022965941,-0.10499265938658223,1.0,0.0
Milwaukee,2000-05-29 20:00:00,0.0,0.34619647541530363,0.3583954550705775,0.3666255582259426,-0.05749483022965941,-0.10499265938658223,1.0,0.0
Milwaukee,2000-05-29 21:00:00,0.0,0.34619647541530363,0.3583954550705775,0.3666255582259426,-0.05749483022965941,-0.10499265938658223,1.0,0.0
Milwaukee,2000-05-29 22:00:00,0.0,0.34619647541530363,0.3583954550705775,0.3666255582259426,-0.05749483022965941,-0.10499265938658223,1.0,0.0
Milwaukee,2000-05-29 23:00:00,0.0,0.34619647541530363,0.3583954550705775,0.3666255582259426,-0.05749483022965941,-0.10499265938658223,1.0,0.0
Milwaukee,2000-05-30 00:00:00,0.0,0.34619647541530363,0.3583954550705775,0.3666255582259426,-0.05749483022965941,-0.10499265938658223,1.0,0.0
Milwaukee,2000-05-30 01:00:00,0.0,0.34619647541530363,0.3583954550705775,0.3666255582259426,-0.05749483022965941,-0.10499265938658223,1.0,0.0
Milwaukee,2000-05-30 02:00:00,0.0,0.34619647541530363,0.3583954550705775,0.3666255582259426,-0.05749483022965941,-0.10499265938658223,1.0,0.0
Milwaukee,2000-05-30 03:00:00,0.0,0.34619647541530363,0.3583954550705775,0.3666255582259426,-0.05749483022965941,-0.10499265938658223,1.0,0.0
Milwaukee,2000-05-30 04:00:00,0.0,0.34619647541530363,0.3583954550705775,0.3666255582259426,-0.05749483022965941,-0.10499265938658223,1.0,0.0
Milwaukee,2000-05-30 05:00:00,0.0,0.34619647541530363,0.3583954550705775,0.3666255582259426,-0.05749483022965941,-0.10499265938658223,1.0,0.0
Milwaukee,2000-05-30 06:00:00,0.0,0.34619647541530363,0.3583954550705775,0.3666255582259426,-0.05749483022965941,-0.10499265938658223,1.0,0.0
Milwaukee,2000-05-30 07:00:00,0.0,0.34619647541530363,0.3583954550705775,0.3666255582259426,-0.05749483022965941,-0.10499265938658223,1.0,0.0
Milwaukee,2000-05-30 08:00:00,0.0,0.34619647541530363,0.3583954550705775,0.3666255582259426,-0.05749483022965941,-0.10499265938658223,1.0,0.0
Milwaukee,2000-05-30 09:00:00,0.0,0.34619647541530363,0.3583954550705775,0.3666255582259426,-0.05749483022965941,-0.10499265938658223,1.0,0.0
Milwaukee,2000-05-30 10:00:00,0.0,0.34619647541530363,0.3583954550705775,0.3666255582259426,-0.05749483022965941,-0.10499265938658223,1.0,0.0
Milwaukee,2000-05-30 11:00:00,0.0,0.34619647541530363,0.3583954550705775,0.3666255582259426,-0.05749483022965941,-0.10499265938658223,1.0,0.0
Milwaukee,2000-05-30 12:00:00,0.0,0.34619647541530363,0.3583954550705775,0.3666255582259426,-0.05749483022965941,-0.10499265938658223,1.0,0.0
Milwaukee,2000-05-30 13:00:00,0.800000011920929,0.5668587624286637,0.5238351948323483,0.518375294178048,1.0255265909179592,1.0763804466634062,1.0495880420808272,0.8396704461767263
Milwaukee,2000-05-30 14:00:00,1.2000000178813934,0.6601755800539598,0.5985443956502143,0.5876076480726564,1.5670373014917685,1.6670669996884002,1.063833642059067,1.2766003894937084
Milwaukee,2000-05-30 15:00:00,1.5000000223517418,0.7200313458541969,0.6494463612445387,0.6353129630463814,1.9731703344221256,2.110081914457146,1.0693865996496026,1.604079923377057
Milwaukee,2000-05-30 16:00:00,3.6000000536441803,0.9383466042539913,0.8794914643517111,0.8613197381217397,4.816101564934626,5.211186317838368,1.0820341405962657,3.895322964191391
Milwaukee,2000-05-30 17:00:00,0.0,0.34619647541530363,0.3583954550705775,0.3666255582259426,-0.05749483022965941,-0.10499265938658223,1.0,0.0
Milwaukee,2000-05-30 18:00:00,0.0,0.34619647541530363,0.3583954550705775,0.3666255582259426,-0.05749483022965941,-0.10499265938658223,1.0,0.0
Milwaukee,2000-05-30 19:00:00,0.0,0.34619647541530363,0.3583954550705775,0.3666255582259426,-0.05749483022965941,-0.10499265938658223,1.0,0.0
Milwaukee,2000-05-30 20:00:00,0.0,0.34619647541530363,0.3583954550705775,0.3666255582259426,-0.05749483022965941,-0.10499265938658223,1.0,0.0
Milwaukee,2000-05-30 21:00:00,0.0,0.34619647541530363,0.3583954550705775,0.3666255582259426,-0.05749483022965941,-0.10499265938658223,1.0,0.0
Milwaukee,2000-05-30 22:00:00,0.0,0.34619647541530363,0.3583954550705775,0.3666255582259426,-0.05749483022965941,-0.10499265938658223,1.0,0.0
Milwaukee,2000-05-30 23:00:00,0.20000000298023224,0.4036312859866724,0.40082695074191593,0.4055009521190948,0.2132605250572452,0.1903506171259148,0.8925731429893989,0.17851463125795505
Milwaukee,2000-05-31 00:00:00,0.10000000149011612,0.37493462778701603,0.37963028842970437,0.38608798432978486,0.077882847413793,0.04267897886966643,0.5479894519381427,0.05479894601038219
Milwaukee,2000-05-31 01:00:00,0.0,0.34619647541530363,0.3583954550705775,0.3666255582259426,-0.05749483022965941,-0.10499265938658223,1.0,0.0
Milwaukee,2000-05-31 02:00:00,0.0,0.34619647541530363,0.3583954550705775,0.3666255582259426,-0.05749483022965941,-0.10499265938658223,1.0,0.0
Milwaukee,2000-05-31 03:00:00,0.0,0.34619647541530363,0.3583954550705775,0.3666255582259426,-0.05749483022965941,-0.10499265938658223,1.0,0.0
Milwaukee,2000-05-31 04:00:00,0.0,0.34619647541530363,0.3583954550705775,0.3666255582259426,-0.05749483022965941,-0.10499265938658223,1.0,0.0
Milwaukee,2000-05-31 05:00:00,0.0,0.34619647541530363,0.3583954550705775,0.3666255582259426,-0.05749483022965941,-0.10499265938658223,1.0,0.0
Milwaukee,2000-05-31 06:00:00,0.0,0.34619647541530363,0.3583954550705775,0.3666255582259426,-0.05749483022965941,-0.10499265938658223,1.0,0.0
Milwaukee,2000-05-31 07:00:00,0.20000000298023224,0.4036312859866724,0.40082695074191593,0.4055009521190948,0.2132605250572452,0.1903506171259148,0.8925731429893989,0.17851463125795505
Milwaukee,2000-05-31 08:00:00,0.0,0.34619647541530363,0.3583954550705775,0.3666255582259426,-0.05749483022965941,-0.10499265938658223,1.0,0.0
Milwaukee,2000-05-31 09:00:00,0.4000000059604645,0.4602572840073257,0.44284563734884813,0.44398150563378375,0.4840158803441499,0.4856938936384119,1.0034668558665243,0.40138674832773824
Milwaukee,2000-05-31 10:00:00,0.30000000447034836,0.4321218104209064,0.4219192462835154,0.42481437583882836,0.3486382027006978,0.3380222553821637,0.9695502465412611,0.2908650782966057
Milwaukee,2000-05-31 11:00:00,0.6000000089406967,0.5149511800867037,0.4839791863801989,0.48170736485828647,0.7547712356310545,0.7810371701509091,1.0347998615738105,0.6208799261961181
Milwaukee,2000-05-31 12:00:00,0.9000000134110451,0.5915727882419518,0.543183605811401,0.5362334205342039,1.1609042685614115,1.2240520849196546,1.05439536925512,0.9489558464701519
Milwaukee,2000-05-31 13:00:00,0.0,0.34619647541530363,0.3583954550705775,0.3666255582259426,-0.05749483022965941,-0.10499265938658223,1.0,0.0
Milwaukee,2000-05-31 14:00:00,0.9000000134110451,0.5915727882419518,0.543183605811401,0.5362334205342039,1.1609042685614115,1.2240520849196546,1.05439536925512,0.9489558464701519
Milwaukee,2000-05-31 15:00:00,0.20000000298023224,0.4036312859866724,0.40082695074191593,0.4055009521190948,0.2132605250572452,0.1903506171259148,0.8925731429893989,0.17851463125795505
Milwaukee,2000-05-31 16:00:00,0.0,0.34619647541530363,0.3583954550705775,0.3666255582259426,-0.05749483022965941,-0.10499265938658223,1.0,0.0
Milwaukee,2000-05-31 17:00:00,0.0,0.34619647541530363,0.3583954550705775,0.3666255582259426,-0.05749483022965941,-0.10499265938658223,1.0,0.0
Milwaukee,2000-05-31 18:00:00,0.6000000089406967,0.5149511800867037,0.4839791863801989,0.48170736485828647,0.7547712356310545,0.7810371701509091,1.0347998615738105,0.6208799261961181
Milwaukee,2000-05-31 19:00:00,2.0000000298023224,0.8007431727222116,0.723675472848268,0.7059823071359217,2.650058722639387,2.8484401057383884,1.0748592404403094,2.1497185129139207
Milwaukee,2000-05-31 20:00:00,3.0000000447034836,0.9032935469566277,0.8339627073715806,0.8145765998878909,4.003835499073912,4.325156488300875,1.0802532944476078,3.240759931633909
Milwaukee,2000-05-31 21:00:00,1.2000000178813934,0.6601755800539598,0.5985443956502143,0.5876076480726564,1.5670373014917685,1.6670669996884002,1.063833642059067,1.2766003894937084
Milwaukee,2000-05-31 22:00:00,0.20000000298023224,0.4036312859866724,0.40082695074191593,0.4055009521190948,0.2132605250572452,0.1903506171259148,0.8925731429893989,0.17851463125795505
Milwaukee,2000-05-31 23:00:00,0.10000000149011612,0.37493462778701603,0.37963028842970437,0.38608798432978486,0.077882847413793,0.04267897886966643,0.5479894519381427,0.05479894601038219
Milwaukee,2000-06-01 00:00:00,0.10000000149011612,0.37493462778701603,0.37963028842970437,0.38608798432978486,0.077882847413793,0.04267897886966643,0.5479894519381427,0.05479894601038219
Milwaukee,2000-06-01 01:00:00,0.30000000447034836,0.4321218104209064,0.4219192462835154,0.42481437583882836,0.3486382027006978,0.3380222553821637,0.9695502465412611,0.2908650782966057
Milwaukee,2000-06-01 02:00:00,1.0000000149011612,0.6153868482101035,0.562101850089929,0.5537391217635472,1.296281946204864,1.3717237231759034,1.0581985864972592,1.0581986022656469
Milwaukee,2000-06-01 03:00:00,1.5000000223517418,0.7200313458541969,0.6494463612445387,0.6353129630463814,1.9731703344221256,2.110081914457146,1.0693865996496026,1.604079923377057
Milwaukee,2000-06-01 04:00:00,1.1000000163912773,0.6382630095217223,0.5805629597505817,0.5708701973896023,1.4316596238483161,1.5193953614321518,1.0612825395941536,1.1674108109493455
Milwaukee,2000-06-01 05:00:00,1.0000000149011612,0.6153868482101035,0.562101850089929,0.5537391217635472,1.296281946204864,1.3717237231759034,1.0581985864972592,1.0581986022656469
Milwaukee,2000-06-01 06:00:00,1.9000000283122063,0.7864086201584585,0.7098990896847307,0.6927487966650145,2.514681044995935,2.70076846748214,1.074000407668602,2.040600804977665
Milwaukee,2000-06-01 07:00:00,2.8000000417232513,0.8878829995145079,0.8156347179768194,0.7961358015182327,3.7330801437870056,4.029813211788377,1.079487462516771,3.0225649400866854
Milwaukee,2000-06-01 08:00:00,3.1000000461935997,0.9102267874739054,0.842500113194001,0.8232338732578218,4.139213176717364,4.472828126557125,1.0805986393057283,3.349855831764499
Milwaukee,2000-06-01 09:00:00,1.700000025331974,0.7550806239141946,0.6807449907781097,0.6649293185858394,2.2439256897090303,2.4054251909696434,1.0719718580705562,1.8223521858751088
Milwaukee,2000-06-01 10:00:00,3.300000049173832,0.9227007116023274,0.8583930063245581,0.8394754790993102,4.409968532004268,4.768171403069621,1.0812257204253914,3.5680449305718036
Milwaukee,2000-06-01 11:00:00,0.7000000104308128,0.5412961978369442,0.5040882360000163,0.5001902799477915,0.8901489132745067,0.9287088084071575,1.0433184768948425,0.7303229447090495
Milwaukee,2000-06-01 12:00:00,0.0,0.34619647541530363,0.3583954550705775,0.3666255582259426,-0.05749483022965941,-0.10499265938658223,1.0,0.0
Milwaukee,2000-06-01 13:00:00,0.0,0.34619647541530363,0.3583954550705775,0.3666255582259426,-0.05749483022965941,-0.10499265938658223,1.0,0.0
Milwaukee,2000-06-01 14:00:00,0.0,0.34619647541530363,0.3583954550705775,0.3666255582259426,-0.05749483022965941,-0.10499265938658223,1.0,0.0
Milwaukee,2000-06-01 15:00:00,0.0,0.34619647541530363,0.3583954550705775,0.3666255582259426,-0.05749483022965941,-0.10499265938658223,1.0,0.0
Milwaukee,2000-06-01 16:00:00,0.0,0.34619647541530363,0.3583954550705775,0.3666255582259426,-0.05749483022965941,-0.10499265938658223,1.0,0.0
Milwaukee,2000-06-01 17:00:00,0.0,0.34619647541530363,0.3583954550705775,0.3666255582259426,-0.05749483022965941,-0.10499265938658223,1.0,0.0
Milwaukee,2000-06-01 18:00:00,0.0,0.34619647541530363,0.3583954550705775,0.3666255582259426,-0.05749483022965941,-0.10499265938658223,1.0,0.0
Milwaukee,2000-06-01 19:00:00,0.0,0.34619647541530363,0.3583954550705775,0.3666255582259426,-0.05749483022965941,-0.10499265938658223,1.0,0.0
Milwaukee,2000-06-01 20:00:00,0.0,0.34619647541530363,0.3583954550705775,0.3666255582259426,-0.05749483022965941,-0.10499265938658223,1.0,0.0
Milwaukee,2000-06-01 21:00:00,0.0,0.34619647541530363,0.3583954550705775,0.3666255582259426,-0.05749483022965941,-0.10499265938658223,1.0,0.0
Milwaukee,2000-06-01 22:00:00,0.0,0.34619647541530363,0.3583954550705775,0.3666255582259426,-0.05749483022965941,-0.10499265938658223,1.0,0.0
Milwaukee,2000-06-01 23:00:00,0.0,0.34619647541530363,0.3583954550705775,0.3666255582259426,-0.05749483022965941,-0.10499265938658223,1.0,0.0
Milwaukee,2000-06-02 00:00:00,0.4000000059604645,0.4602572840073257,0.44284563734884813,0.44398150563378375,0.4840158803441499,0.4856938936384119,1.0034668558665243,0.40138674832773824
Milwaukee,2000-06-02 01:00:00,4.6000000685453415,0.9712939655109663,0.9304458961842011,0.9158167038768956,6.169878341369146,6.687902700400849,1.0839602226122256,4.986217098316661
Milwaukee,2000-06-02 02:00:00,3.400000050663948,0.9282982222011151,0.8657770976800835,0.847081637912395,4.54534620964772,4.915843041325869,1.0815112456982376,3.6771382901676377
Milwaukee,2000-06-02 03:00:00,0.800000011920929,0.5668587624286637,0.5238351948323483,0.518375294178048,1.0255265909179592,1.0763804466634062,1.0495880420808272,0.8396704461767263
Milwaukee,2000-06-02 04:00:00,0.10000000149011612,0.37493462778701603,0.37963028842970437,0.38608798432978486,0.077882847413793,0.04267897886966643,0.5479894519381427,0.05479894601038219
Milwaukee,2000-06-02 05:00:00,0.0,0.34619647541530363,0.3583954550705775,0.3666255582259426,-0.05749483022965941,-0.10499265938658223,1.0,0.0
Milwaukee,2000-06-02 06:00:00,0.0,0.34619647541530363,0.3583954550705775,0.3666255582259426,-0.05749483022965941,-0.10499265938658223,1.0,0.0
Milwaukee,2000-06-02 07:00:00,0.0,0.34619647541530363,0.3583954550705775,0.3666255582259426,-0.05749483022965941,-0.10499265938658223,1.0,0.0
Milwaukee,2000-06-02 08:00:00,0.0,0.34619647541530363,0.3583954550705775,0.3666255582259426,-0.05749483022965941,-0.10499265938658223,1.0,0.0
Milwaukee,2000-06-02 09:00:00,0.0,0.34619647541530363,0.3583954550705775,0.3666255582259426,-0.05749483022965941,-0.10499265938658223,1.0,0.0
Milwaukee,2000-06-02 10:00:00,0.0,0.34619647541530363,0.3583954550705775,0.3666255582259426,-0.05749483022965941,-0.10499265938658223,1.0,0.0
Milwaukee,2000-06-02 11:00:00,0.0,0.34619647541530363,0.3583954550705775,0.3666255582259426,-0.05749483022965941,-0.10499265938658223,1.0,0.0
Milwaukee,2000-06-02 12:00:00,0.0,0.34619647541530363,0.3583954550705775,0.3666255582259426,-0.05749483022965941,-0.10499265938658223,1.0,0.0
Milwaukee,2000-06-02 13:00:00,0.0,0.34619647541530363,0.3583954550705775,0.3666255582259426,-0.05749483022965941,-0.10499265938658223,1.0,0.0
Milwaukee,2000-06-02 14:00:00,0.0,0.34619647541530363,0.3583954550705775,0.3666255582259426,-0.05749483022965941,-0.10499265938658223,1.0,0.0
Milwaukee,2000-06-02 15:00:00,0.0,0.34619647541530363,0.3583954550705775,0.3666255582259426,-0.05749483022965941,-0.10499265938658223,1.0,0.0
Milwaukee,2000-06-02 16:00:00,0.0,0.34619647541530363,0.3583954550705775,0.3666255582259426,-0.05749483022965941,-0.10499265938658223,1.0,0.0
Milwaukee,2000-06-02 17:00:00,0.0,0.34619647541530363,0.3583954550705775,0.3666255582259426,-0.05749483022965941,-0.10499265938658223,1.0,0.0
Milwaukee,2000-06-02 18:00:00,0.0,0.34619647541530363,0.3583954550705775,0.3666255582259426,-0.05749483022965941,-0.10499265938658223,1.0,0.0
Milwaukee,2000-06-02 19:00:00,0.0,0.34619647541530363,0.3583954550705775,0.3666255582259426,-0.05749483022965941,-0.10499265938658223,1.0,0.0
Milwaukee,2000-06-02 20:00:00,0.0,0.34619647541530363,0.3583954550705775,0.3666255582259426,-0.05749483022965941,-0.10499265938658223,1.0,0.0
Milwaukee,2000-06-02 21:00:00,0.0,0.34619647541530363,0.3583954550705775,0.3666255582259426,-0.05749483022965941,-0.10499265938658223,1.0,0.0
Milwaukee,2000-06-02 22:00:00,0.0,0.34619647541530363,0.3583954550705775,0.3666255582259426,-0.05749483022965941,-0.10499265938658223,1.0,0.0
Milwaukee,2000-06-02 23:00:00,0.0,0.34619647541530363,0.3583954550705775,0.3666255582259426,-0.05749483022965941,-0.10499265938658223,1.0,0.0
Milwaukee,2000-06-03 00:00:00,0.0,0.34619647541530363,0.3583954550705775,0.3666255582259426,-0.05749483022965941,-0.10499265938658223,1.0,0.0
Milwaukee,2000-06-03 01:00:00,0.0,0.34619647541530363,0.3583954550705775,0.3666255582259426,-0.05749483022965941,-0.10499265938658223,1.0,0.0
Milwaukee,2000-06-03 02:00:00,0.0,0.34619647541530363,0.3583954550705775,0.3666255582259426,-0.05749483022965941,-0.10499265938658223,1.0,0.0
Milwaukee,2000-06-03 03:00:00,0.0,0.34619647541530363,0.3583954550705775,0.3666255582259426,-0.05749483022965941,-0.10499265938658223,1.0,0.0
Milwaukee,2000-06-03 04:00:00,0.0,0.34619647541530363,0.3583954550705775,0.3666255582259426,-0.05749483022965941,-0.10499265938658223,1.0,0.0
Milwaukee,2000-06-03 05:00:00,0.0,0.34619647541530363,0.3583954550705775,0.3666255582259426,-0.05749483022965941,-0.10499265938658223,1.0,0.0
Milwaukee,2000-06-03 06:00:00,0.0,0.34619647541530363,0.3583954550705775,0.3666255582259426,-0.05749483022965941,-0.10499265938658223,1.0,0.0
Milwaukee,2000-06-03 07:00:00,0.0,0.34619647541530363,0.3583954550705775,0.3666255582259426,-0.05749483022965941,-0.10499265938658223,1.0,0.0
Milwaukee,2000-06-03 08:00:00,0.0,0.34619647541530363,0.3583954550705775,0.3666255582259426,-0.05749483022965941,-0.10499265938658223,1.0,0.0
Milwaukee,2000-06-03 09:00:00,0.0,0.34619647541530363,0.3583954550705775,0.3666255582259426,-0.05749483022965941,-0.10499265938658223,1.0,0.0
Milwaukee,2000-06-03 10:00:00,0.0,0.34619647541530363,0.3583954550705775,0.3666255582259426,-0.05749483022965941,-0.10499265938658223,1.0,0.0
Milwaukee,2000-06-03 11:00:00,0.0,0.34619647541530363,0.3583954550705775,0.3666255582259426,-0.05749483022965941,-0.10499265938658223,1.0,0.0
Milwaukee,2000-06-03 12:00:00,0.0,0.34619647541530363,0.3583954550705775,0.3666255582259426,-0.05749483022965941,-0.10499265938658223,1.0,0.0
Milwaukee,2000-06-03 13:00:00,0.0,0.34619647541530363,0.3583954550705775,0.3666255582259426,-0.05749483022965941,-0.10499265938658223,1.0,0.0
Milwaukee,2000-06-03 14:00:00,0.0,0.34619647541530363,0.3583954550705775,0.3666255582259426,-0.05749483022965941,-0.10499265938658223,1.0,0.0
Milwaukee,2000-06-03 15:00:00,0.0,0.34619647541530363,0.3583954550705775,0.3666255582259426,-0.05749483022965941,-0.10499265938658223,1.0,0.0
Milwaukee,2000-06-03 16:00:00,0.0,0.34619647541530363,0.3583954550705775,0.3666255582259426,-0.05749483022965941,-0.10499265938658223,1.0,0.0
Milwaukee,2000-06-03 17:00:00,0.0,0.34619647541530363,0.3583954550705775,0.3666255582259426,-0.05749483022965941,-0.10499265938658223,1.0,0.0
Milwaukee,2000-06-03 18:00:00,0.0,0.34619647541530363,0.3583954550705775,0.3666255582259426,-0.05749483022965941,-0.10499265938658223,1.0,0.0
Milwaukee,2000-06-03 19:00:00,0.0,0.34619647541530363,0.3583954550705775,0.3666255582259426,-0.05749483022965941,-0.10499265938658223,1.0,0.0
Milwaukee,2000-06-03 20:00:00,0.0,0.34619647541530363,0.3583954550705775,0.3666255582259426,-0.05749483022965941,-0.10499265938658223,1.0,0.0
Milwaukee,2000-06-03 21:00:00,0.0,0.34619647541530363,0.3583954550705775,0.3666255582259426,-0.05749483022965941,-0.10499265938658223,1.0,0.0
Milwaukee,2000-06-03 22:00:00,0.0,0.34619647541530363,0.3583954550705775,0.3666255582259426,-0.05749483022965941,-0.10499265938658223,1.0,0.0
Milwaukee,2000-06-03 23:00:00,0.0,0.34619647541530363,0.3583954550705775,0.3666255582259426,-0.05749483022965941,-0.10499265938658223,1.0,0.0
Milwaukee,2000-06-04 00:00:00,0.0,0.34619647541530363,0.3583954550705775,0.3666255582259426,-0.05749483022965941,-0.10499265938658223,1.0,0.0
Milwaukee,2000-06-04 01:00:00,0.0,0.34619647541530363,0.3583954550705775,0.3666255582259426,-0.05749483022965941,-0.10499265938658223,1.0,0.0
Milwaukee,2000-06-04 02:00:00,0.0,0.34619647541530363,0.3583954550705775,0.3666255582259426,-0.05749483022965941,-0.10499265938658223,1.0,0.0
Milwaukee,2000-06-04 03:00:00,0.0,0.34619647541530363,0.3583954550705775,0.3666255582259426,-0.05749483022965941,-0.10499265938658223,1.0,0.0
Milwaukee,2000-06-04 04:00:00,0.0,0.34619647541530363,0.3583954550705775,0.3666255582259426,-0.05749483022965941,-0.10499265938658223,1.0,0.0
Milwaukee,2000-06-04 05:00:00,0.0,0.34619647541530363,0.3583954550705775,0.3666255582259426,-0.05749483022965941,-0.10499265938658223,1.0,0.0
Milwaukee,2000-06-04 06:00:00,0.0,0.34619647541530363,0.3583954550705775,0.3666255582259426,-0.05749483022965941,-0.10499265938658223,1.0,0.0
Milwaukee,2000-06-04 07:00:00,0.0,0.34619647541530363,0.3583954550705775,0.3666255582259426,-0.05749483022965941,-0.10499265938658223,1.0,0.0
Milwaukee,2000-06-04 08:00:00,0.0,0.34619647541530363,0.3583954550705775,0.3666255582259426,-0.05749483022965941,-0.10499265938658223,1.0,0.0
Milwaukee,2000-06-04 09:00:00,0.0,0.34619647541530363,0.3583954550705775,0.3666255582259426,-0.05749483022965941,-0.10499265938658223,1.0,0.0
Milwaukee,2000-06-04 10:00:00,0.0,0.34619647541530363,0.3583954550705775,0.3666255582259426,-0.05749483022965941,-0.10499265938658223,1.0,0.0
Milwaukee,2000-06-04 11:00:00,0.0,0.34619647541530363,0.3583954550705775,0.3666255582259426,-0.05749483022965941,-0.10499265938658223,1.0,0.0
Milwaukee,2000-06-04 12:00:00,0.0,0.34619647541530363,0.3583954550705775,0.3666255582259426,-0.05749483022965941,-0.10499265938658223,1.0,0.0
Milwaukee,2000-06-04 13:00:00,0.0,0.34619647541530363,0.3583954550705775,0.3666255582259426,-0.05749483022965941,-0.10499265938658223,1.0,0.0
Milwaukee,2000-06-04 14:00:00,0.0,0.34619647541530363,0.3583954550705775,0.3666255582259426,-0.05749483022965941,-0.10499265938658223,1.0,0.0
Milwaukee,2000-06-04 15:00:00,0.0,0.34619647541530363,0.3583954550705775,0.3666255582259426,-0.05749483022965941,-0.10499265938658223,1.0,0.0
Milwaukee,2000-06-04 16:00:00,0.10000000149011612,0.37493462778701603,0.37963028842970437,0.38608798432978486,0.077882847413793,0.04267897886966643,0.5479894519381427,0.05479894601038219
Milwaukee,2000-06-04 17:00:00,0.10000000149011612,0.37493462778701603,0.37963028842970437,0.38608798432978486,0.077882847413793,0.04267897886966643,0.5479894519381427,0.05479894601038219
Milwaukee,2000-06-04 18:00:00,0.20000000298023224,0.4036312859866724,0.40082695074191593,0.4055009521190948,0.2132605250572452,0.1903506171259148,0.8925731429893989,0.17851463125795505
Milwaukee,2000-06-04 19:00:00,0.10000000149011612,0.37493462778701603,0.37963028842970437,0.38608798432978486,0.077882847413793,0.04267897886966643,0.5479894519381427,0.05479894601038219
Milwaukee,2000-06-04 20:00:00,0.10000000149011612,0.37493462778701603,0.37963028842970437,0.38608798432978486,0.077882847413793,0.04267897886966643,0.5479894519381427,0.05479894601038219
Milwaukee,2000-06-04 21:00:00,0.6000000089406967,0.5149511800867037,0.4839791863801989,0.48170736485828647,0.7547712356310545,0.7810371701509091,1.0347998615738105,0.6208799261961181
Milwaukee,2000-06-04 22:00:00,0.20000000298023224,0.4036312859866724,0.40082695074191593,0.4055009521190948,0.2132605250572452,0.1903506171259148,0.8925731429893989,0.17851463125795505
Milwaukee,2000-06-04 23:00:00,0.20000000298023224,0.4036312859866724,0.40082695074191593,0.4055009521190948,0.2132605250572452,0.1903506171259148,0.8925731429893989,0.17851463125795505
Milwaukee,2000-06-05 00:00:00,0.4000000059604645,0.4602572840073257,0.44284563734884813,0.44398150563378375,0.4840158803441499,0.4856938936384119,1.0034668558665243,0.40138674832773824
Milwaukee,2000-06-05 01:00:00,0.30000000447034836,0.4321218104209064,0.4219192462835154,0.42481437583882836,0.3486382027006978,0.3380222553821637,0.9695502465412611,0.2908650782966057
Milwaukee,2000-06-05 02:00:00,0.30000000447034836,0.4321218104209064,0.4219192462835154,0.42481437583882836,0.3486382027006978,0.3380222553821637,0.9695502465412611,0.2908650782966057
Milwaukee,2000-06-05 03:00:00,0.30000000447034836,0.4321218104209064,0.4219192462835154,0.42481437583882836,0.3486382027006978,0.3380222553821637,0.9695502465412611,0.2908650782966057
Milwaukee,2000-06-05 04:00:00,0.10000000149011612,0.37493462778701603,0.37963028842970437,0.38608798432978486,0.077882847413793,0.04267897886966643,0.5479894519381427,0.05479894601038219
Milwaukee,2000-06-05 05:00:00,0.20000000298023224,0.4036312859866724,0.40082695074191593,0.4055009521190948,0.2132605250572452,0.1903506171259148,0.8925731429893989,0.17851463125795505
Milwaukee,2000-06-05 06:00:00,0.30000000447034836,0.4321218104209064,0.4219192462835154,0.42481437583882836,0.3486382027006978,0.3380222553821637,0.9695502465412611,0.2908650782966057
Milwaukee,2000-06-05 07:00:00,0.5000000074505806,0.4879054674974853,0.4635494842166189,0.4629590707286823,0.6193935579876022,0.6333655318946606,1.0225575060103194,0.5112787606238068
Milwaukee,2000-06-05 08:00:00,2.1000000312924385,0.8142325351336319,0.7369242424364661,0.7187671645309853,2.785436400282839,2.996111743994637,1.07563459129435,2.258832675377364
Milwaukee,2000-06-05 09:00:00,1.1000000163912773,0.6382630095217223,0.5805629597505817,0.5708701973896023,1.4316596238483161,1.5193953614321518,1.0612825395941536,1.1674108109493455
Milwaukee,2000-06-05 10:00:00,0.30000000447034836,0.4321218104209064,0.4219192462835154,0.42481437583882836,0.3486382027006978,0.3380222553821637,0.9695502465412611,0.2908650782966057
Milwaukee,2000-06-05 11:00:00,0.20000000298023224,0.4036312859866724,0.40082695074191593,0.4055009521190948,0.2132605250572452,0.1903506171259148,0.8925731429893989,0.17851463125795505
Milwaukee,2000-06-05 12:00:00,0.10000000149011612,0.37493462778701603,0.37963028842970437,0.38608798432978486,0.077882847413793,0.04267897886966643,0.5479894519381427,0.05479894601038219
Milwaukee,2000-06-05 13:00:00,0.0,0.34619647541530363,0.3583954550705775,0.3666255582259426,-0.05749483022965941,-0.10499265938658223,1.0,0.0
Milwaukee,2000-06-05 14:00:00,0.0,0.34619647541530363,0.3583954550705775,0.3666255582259426,-0.05749483022965941,-0.10499265938658223,1.0,0.0
Milwaukee,2000-06-05 15:00:00,0.0,0.34619647541530363,0.3583954550705775,0.3666255582259426,-0.05749483022965941,-0.10499265938658223,1.0,0.0
Milwaukee,2000-06-05 16:00:00,0.0,0.34619647541530363,0.3583954550705775,0.3666255582259426,-0.05749483022965941,-0.10499265938658223,1.0,0.0
Milwaukee,2000-06-05 17:00:00,0.0,0.34619647541530363,0.3583954550705775,0.3666255582259426,-0.05749483022965941,-0.10499265938658223,1.0,0.0
Milwaukee,2000-06-05 18:00:00,0.0,0.34619647541530363,0.3583954550705775,0.3666255582259426,-0.05749483022965941,-0.10499265938658223,1.0,0.0
Milwaukee,2000-06-05 19:00:00,0.0,0.34619647541530363,0.3583954550705775,0.3666255582259426,-0.05749483022965941,-0.10499265938658223,1.0,0.0
Milwaukee,2000-06-05 20:00:00,0.0,0.34619647541530363,0.3583954550705775,0.3666255582259426,-0.05749483022965941,-0.10499265938658223,1.0,0.0
Milwaukee,2000-06-05 21:00:00,0.0,0.34619647541530363,0.3583954550705775,0.3666255582259426,-0.05749483022965941,-0.10499265938658223,1.0,0.0
Milwaukee,2000-06-05 22:00:00,0.0,0.34619647541530363,0.3583954550705775,0.3666255582259426,-0.05749483022965941,-0.10499265938658223,1.0,0.0
Milwaukee,2000-06-05 23:00:00,0.0,0.34619647541530363,0.3583954550705775,0.3666255582259426,-0.05749483022965941,-0.10499265938658223,1.0,0.0
Milwaukee,2000-06-06 00:00:00,0.0,0.34619647541530363,0.3583954550705775,0.3666255582259426,-0.05749483022965941,-0.10499265938658223,1.0,0.0
Milwaukee,2000-06-06 01:00:00,0.0,0.34619647541530363,0.3583954550705775,0.3666255582259426,-0.05749483022965941,-0.10499265938658223,1.0,0.0
Milwaukee,2000-06-06 02:00:00,0.0,0.34619647541530363,0.3583954550705775,0.3666255582259426,-0.05749483022965941,-0.10499265938658223,1.0,0.0
Milwaukee,2000-06-06 03:00:00,0.0,0.34619647541530363,0.3583954550705775,0.3666255582259426,-0.05749483022965941,-0.10499265938658223,1.0,0.0
Milwaukee,2000-06-06 04:00:00,0.0,0.34619647541530363,0.3583954550705775,0.3666255582259426,-0.05749483022965941,-0.10499265938658223,1.0,0.0
Milwaukee,2000-06-06 05:00:00,0.0,0.34619647541530363,0.3583954550705775,0.3666255582259426,-0.05749483022965941,-0.10499265938658223,1.0,0.0
Milwaukee,2000-06-06 06:00:00,0.0,0.34619647541530363,0.3583954550705775,0.3666255582259426,-0.05749483022965941,-0.10499265938658223,1.0,0.0
Milwaukee,2000-06-06 07:00:00,0.0,0.34619647541530363,0.3583954550705775,0.3666255582259426,-0.05749483022965941,-0.10499265938658223,1.0,0.0
Milwaukee,2000-06-06 08:00:00,0.0,0.34619647541530363,0.3583954550705775,0.3666255582259426,-0.05749483022965941,-0.10499265938658223,1.0,0.0
Milwaukee,2000-06-06 09:00:00,0.0,0.34619647541530363,0.3583954550705775,0.3666255582259426,-0.05749483022965941,-0.10499265938658223,1.0,0.0
Milwaukee,2000-06-06 10:00:00,0.0,0.34619647541530363,0.3583954550705775,0.3666255582259426,-0.05749483022965941,-0.10499265938658223,1.0,0.0
Milwaukee,2000-06-06 11:00:00,0.0,0.34619647541530363,0.3583954550705775,0.3666255582259426,-0.05749483022965941,-0.10499265938658223,1.0,0.0
Milwaukee,2000-06-06 12:00:00,0.0,0.34619647541530363,0.3583954550705775,0.3666255582259426,-0.05749483022965941,-0.10499265938658223,1.0,0.0
Milwaukee,2000-06-06 13:00:00,0.0,0.34619647541530363,0.3583954550705775,0.3666255582259426,-0.05749483022965941,-0.10499265938658223,1.0,0.0
Milwaukee,2000-06-06 14:00:00,0.0,0.34619647541530363,0.3583954550705775,0.3666255582259426,-0.05749483022965941,-0.10499265938658223,1.0,0.0
Milwaukee,2000-06-06 15:00:00,0.0,0.34619647541530363,0.3583954550705775,0.3666255582259426,-0.05749483022965941,-0.10499265938658223,1.0,0.0
Milwaukee,2000-06-06 16:00:00,0.0,0.34619647541530363,0.3583954550705775,0.3666255582259426,-0.05749483022965941,-0.10499265938658223,1.0,0.0
Milwaukee,2000-06-06 17:00:00,0.0,0.34619647541530363,0.3583954550705775,0.3666255582259426,-0.05749483022965941,-0.10499265938658223,1.0,0.0
Milwaukee,2000-06-06 18:00:00,0.0,0.34619647541530363,0.3583954550705775,0.3666255582259426,-0.05749483022965941,-0.10499265938658223,1.0,0.0
Milwaukee,2000-06-06 19:00:00,0.0,0.34619647541530363,0.3583954550705775,0.3666255582259426,-0.05749483022965941,-0.10499265938658223,1.0,0.0
Milwaukee,2000-06-06 20:00:00,0.0,0.34619647541530363,0.3583954550705775,0.3666255582259426,-0.05749483022965941,-0.10499265938658223,1.0,0.0
Milwaukee,2000-06-06 21:00:00,0.0,0.34619647541530363,0.3583954550705775,0.3666255582259426,-0.05749483022965941,-0.10499265938658223,1.0,0.0
Milwaukee,2000-06-06 22:00:00,0.0,0.34619647541530363,0.3583954550705775,0.3666255582259426,-0.05749483022965941,-0.10499265938658223,1.0,0.0
Milwaukee,2000-06-06 23:00:00,0.0,0.34619647541530363,0.3583954550705775,0.3666255582259426,-0.05749483022965941,-0.10499265938658223,1.0,0.0
Milwaukee,2000-06-07 00:00:00,0.0,0.34619647541530363,0.3583954550705775,0.3666255582259426,-0.05749483022965941,-0.10499265938658223,1.0,0.0
Milwaukee,2000-06-07 01:00:00,0.0,0.34619647541530363,0.3583954550705775,0.3666255582259426,-0.05749483022965941,-0.10499265938658223,1.0,0.0
Milwaukee,2000-06-07 02:00:00,0.0,0.34619647541530363,0.3583954550705775,0.3666255582259426,-0.05749483022965941,-0.10499265938658223,1.0,0.0
Milwaukee,2000-06-07 03:00:00,0.0,0.34619647541530363,0.3583954550705775,0.3666255582259426,-0.05749483022965941,-0.10499265938658223,1.0,0.0
Milwaukee,2000-06-07 04:00:00,0.0,0.34619647541530363,0.3583954550705775,0.3666255582259426,-0.05749483022965941,-0.10499265938658223,1.0,0.0
Milwaukee,2000-06-07 05:00:00,0.0,0.34619647541530363,0.3583954550705775,0.3666255582259426,-0.05749483022965941,-0.10499265938658223,1.0,0.0
Milwaukee,2000-06-07 06:00:00,0.0,0.34619647541530363,0.3583954550705775,0.3666255582259426,-0.05749483022965941,-0.10499265938658223,1.0,0.0
Milwaukee,2000-06-07 07:00:00,0.0,0.34619647541530363,0.3583954550705775,0.3666255582259426,-0.05749483022965941,-0.10499265938658223,1.0,0.0
Milwaukee,2000-06-07 08:00:00,0.0,0.34619647541530363,0.3583954550705775,0.3666255582259426,-0.05749483022965941,-0.10499265938658223,1.0,0.0
Milwaukee,2000-06-07 09:00:00,0.0,0.34619647541530363,0.3583954550705775,0.3666255582259426,-0.05749483022965941,-0.10499265938658223,1.0,0.0
Milwaukee,2000-06-07 10:00:00,0.0,0.34619647541530363,0.3583954550705775,0.3666255582259426,-0.05749483022965941,-0.10499265938658223,1.0,0.0
Milwaukee,2000-06-07 11:00:00,0.0,0.34619647541530363,0.3583954550705775,0.3666255582259426,-0.05749483022965941,-0.10499265938658223,1.0,0.0
Milwaukee,2000-06-07 12:00:00,0.0,0.34619647541530363,0.3583954550705775,0.3666255582259426,-0.05749483022965941,-0.10499265938658223,1.0,0.0
Milwaukee,2000-06-07 13:00:00,0.0,0.34619647541530363,0.3583954550705775,0.3666255582259426,-0.05749483022965941,-0.10499265938658223,1.0,0.0
Milwaukee,2000-06-07 14:00:00,0.0,0.34619647541530363,0.3583954550705775,0.3666255582259426,-0.05749483022965941,-0.10499265938658223,1.0,0.0
Milwaukee,2000-06-07 15:00:00,0.0,0.34619647541530363,0.3583954550705775,0.3666255582259426,-0.05749483022965941,-0.10499265938658223,1.0,0.0
Milwaukee,2000-06-07 16:00:00,0.0,0.34619647541530363,0.3583954550705775,0.3666255582259426,-0.05749483022965941,-0.10499265938658223,1.0,0.0
Milwaukee,2000-06-07 17:00:00,0.0,0.34619647541530363,0.3583954550705775,0.3666255582259426,-0.05749483022965941,-0.10499265938658223,1.0,0.0
Milwaukee,2000-06-07 18:00:00,0.0,0.34619647541530363,0.3583954550705775,0.3666255582259426,-0.05749483022965941,-0.10499265938658223,1.0,0.0
Milwaukee,2000-06-07 19:00:00,0.0,0.34619647541530363,0.3583954550705775,0.3666255582259426,-0.05749483022965941,-0.10499265938658223,1.0,0.0
Milwaukee,2000-06-07 20:00:00,0.0,0.34619647541530363,0.3583954550705775,0.3666255582259426,-0.05749483022965941,-0.10499265938658223,1.0,0.0
Milwaukee,2000-06-07 21:00:00,0.0,0.34619647541530363,0.3583954550705775,0.3666255582259426,-0.05749483022965941,-0.10499265938658223,1.0,0.0
Milwaukee,2000-06-07 22:00:00,0.20000000298023224,0.4036312859866724,0.40082695074191593,0.4055009521190948,0.2132605250572452,0.1903506171259148,0.8925731429893989,0.17851463125795505
Milwaukee,2000-06-07 23:00:00,0.30000000447034836,0.4321218104209064,0.4219192462835154,0.42481437583882836,0.3486382027006978,0.3380222553821637,0.9695502465412611,0.2908650782966057
Milwaukee,2000-06-08 00:00:00,0.0,0.34619647541530363,0.3583954550705775,0.3666255582259426,-0.05749483022965941,-0.10499265938658223,1.0,0.0
Milwaukee,2000-06-08 01:00:00,0.0,0.34619647541530363,0.3583954550705775,0.3666255582259426,-0.05749483022965941,-0.10499265938658223,1.0,0.0
Milwaukee,2000-06-08 02:00:00,0.0,0.34619647541530363,0.3583954550705775,0.3666255582259426,-0.05749483022965941,-0.10499265938658223,1.0,0.0
Milwaukee,2000-06-08 03:00:00,0.0,0.34619647541530363,0.3583954550705775,0.3666255582259426,-0.05749483022965941,-0.10499265938658223,1.0,0.0
Milwaukee,2000-06-08 04:00:00,0.0,0.34619647541530363,0.3583954550705775,0.3666255582259426,-0.05749483022965941,-0.10499265938658223,1.0,0.0
Milwaukee,2000-06-08 05:00:00,0.0,0.34619647541530363,0.3583954550705775,0.3666255582259426,-0.05749483022965941,-0.10499265938658223,1.0,0.0
Milwaukee,2000-06-08 06:00:00,0.0,0.34619647541530363,0.3583954550705775,0.3666255582259426,-0.05749483022965941,-0.10499265938658223,1.0,0.0
Milwaukee,2000-06-08 07:00:00,0.0,0.34619647541530363,0.3583954550705775,0.3666255582259426,-0.05749483022965941,-0.10499265938658223,1.0,0.0
Milwaukee,2000-06-08 08:00:00,0.0,0.34619647541530363,0.3583954550705775,0.3666255582259426,-0.05749483022965941,-0.10499265938658223,1.0,0.0
Milwaukee,2000-06-08 09:00:00,0.0,0.34619647541530363,0.3583954550705775,0.3666255582259426,-0.05749483022965941,-0.10499265938658223,1.0,0.0
Milwaukee,2000-06-08 10:00:00,0.0,0.34619647541530363,0.3583954550705775,0.3666255582259426,-0.05749483022965941,-0.10499265938658223,1.0,0.0
Milwaukee,2000-06-08 11:00:00,0.0,0.34619647541530363,0.3583954550705775,0.3666255582259426,-0.05749483022965941,-0.10499265938658223,1.0,0.0
Milwaukee,2000-06-08 12:00:00,0.0,0.34619647541530363,0.3583954550705775,0.3666255582259426,-0.05749483022965941,-0.10499265938658223,1.0,0.0
Milwaukee,2000-06-08 13:00:00,0.0,0.34619647541530363,0.3583954550705775,0.3666255582259426,-0.05749483022965941,-0.10499265938658223,1.0,0.0
Milwaukee,2000-06-08 14:00:00,0.0,0.34619647541530363,0.3583954550705775,0.3666255582259426,-0.05749483022965941,-0.10499265938658223,1.0,0.0
Milwaukee,2000-06-08 15:00:00,0.0,0.34619647541530363,0.3583954550705775,0.3666255582259426,-0.05749483022965941,-0.10499265938658223,1.0,0.0
Milwaukee,2000-06-08 16:00:00,0.0,0.34619647541530363,0.3583954550705775,0.3666255582259426,-0.05749483022965941,-0.10499265938658223,1.0,0.0
Milwaukee,2000-06-08 17:00:00,0.0,0.34619647541530363,0.3583954550705775,0.3666255582259426,-0.05749483022965941,-0.10499265938658223,1.0,0.0
Milwaukee,2000-06-08 18:00:00,0.0,0.34619647541530363,0.3583954550705775,0.3666255582259426,-0.05749483022965941,-0.10499265938658223,1.0,0.0
Milwaukee,2000-06-08 19:00:00,0.0,0.34619647541530363,0.3583954550705775,0.3666255582259426,-0.05749483022965941,-0.10499265938658223,1.0,0.0
Milwaukee,2000-06-08 20:00:00,0.0,0.34619647541530363,0.3583954550705775,0.3666255582259426,-0.05749483022965941,-0.10499265938658223,1.0,0.0
Milwaukee,2000-06-08 21:00:00,0.0,0.34619647541530363,0.3583954550705775,0.3666255582259426,-0.05749483022965941,-0.10499265938658223,1.0,0.0
Milwaukee,2000-06-08 22:00:00,0.0,0.34619647541530363,0.3583954550705775,0.3666255582259426,-0.05749483022965941,-0.10499265938658223,1.0,0.0
Milwaukee,2000-06-08 23:00:00,0.0,0.34619647541530363,0.3583954550705775,0.3666255582259426,-0.05749483022965941,-0.10499265938658223,1.0,0.0
Milwaukee,2000-06-09 00:00:00,0.0,0.34619647541530363,0.3583954550705775,0.3666255582259426,-0.05749483022965941,-0.10499265938658223,1.0,0.0
Milwaukee,2000-06-09 01:00:00,0.0,0.34619647541530363,0.3583954550705775,0.3666255582259426,-0.05749483022965941,-0.10499265938658223,1.0,0.0
Milwaukee,2000-06-09 02:00:00,0.0,0.34619647541530363,0.3583954550705775,0.3666255582259426,-0.05749483022965941,-0.10499265938658223,1.0,0.0
Milwaukee,2000-06-09 03:00:00,0.0,0.34619647541530363,0.3583954550705775,0.3666255582259426,-0.05749483022965941,-0.10499265938658223,1.0,0.0
Milwaukee,2000-06-09 04:00:00,0.0,0.34619647541530363,0.3583954550705775,0.3666255582259426,-0.05749483022965941,-0.10499265938658223,1.0,0.0
Milwaukee,2000-06-09 05:00:00,0.0,0.34619647541530363,0.3583954550705775,0.3666255582259426,-0.05749483022965941,-0.10499265938658223,1.0,0.0
Milwaukee,2000-06-09 06:00:00,0.0,0.34619647541530363,0.3583954550705775,0.3666255582259426,-0.05749483022965941,-0.10499265938658223,1.0,0.0
Milwaukee,2000-06-09 07:00:00,0.0,0.34619647541530363,0.3583954550705775,0.3666255582259426,-0.05749483022965941,-0.10499265938658223,1.0,0.0
Milwaukee,2000-06-09 08:00:00,0.0,0.34619647541530363,0.3583954550705775,0.3666255582259426,-0.05749483022965941,-0.10499265938658223,1.0,0.0
Milwaukee,2000-06-09 09:00:00,0.0,0.34619647541530363,0.3583954550705775,0.3666255582259426,-0.05749483022965941,-0.10499265938658223,1.0,0.0
Milwaukee,2000-06-09 10:00:00,0.0,0.34619647541530363,0.3583954550705775,0.3666255582259426,-0.05749483022965941,-0.10499265938658223,1.0,0.0
Milwaukee,2000-06-09 11:00:00,0.0,0.34619647541530363,0.3583954550705775,0.3666255582259426,-0.05749483022965941,-0.10499265938658223,1.0,0.0
Milwaukee,2000-06-09 12:00:00,0.0,0.34619647541530363,0.3583954550705775,0.3666255582259426,-0.05749483022965941,-0.10499265938658223,1.0,0.0
Milwaukee,2000-06-09 13:00:00,0.0,0.34619647541530363,0.3583954550705775,0.3666255582259426,-0.05749483022965941,-0.10499265938658223,1.0,0.0
Milwaukee,2000-06-09 14:00:00,0.0,0.34619647541530363,0.3583954550705775,0.3666255582259426,-0.05749483022965941,-0.10499265938658223,1.0,0.0
Milwaukee,2000-06-09 15:00:00,0.0,0.34619647541530363,0.3583954550705775,0.3666255582259426,-0.05749483022965941,-0.10499265938658223,1.0,0.0
Milwaukee,2000-06-09 16:00:00,0.0,0.34619647541530363,0.3583954550705775,0.3666255582259426,-0.05749483022965941,-0.10499265938658223,1.0,0.0
Milwaukee,2000-06-09 17:00:00,0.0,0.34619647541530363,0.3583954550705775,0.3666255582259426,-0.05749483022965941,-0.10499265938658223,1.0,0.0
Milwaukee,2000-06-09 18:00:00,0.0,0.34619647541530363,0.3583954550705775,0.3666255582259426,-0.05749483022965941,-0.10499265938658223,1.0,0.0
Milwaukee,2000-06-09 19:00:00,0.0,0.34619647541530363,0.3583954550705775,0.3666255582259426,-0.05749483022965941,-0.10499265938658223,1.0,0.0
Milwaukee,2000-06-09 20:00:00,0.0,0.34619647541530363,0.3583954550705775,0.3666255582259426,-0.05749483022965941,-0.10499265938658223,1.0,0.0
Milwaukee,2000-06-09 21:00:00,0.0,0.34619647541530363,0.3583954550705775,0.3666255582259426,-0.05749483022965941,-0.10499265938658223,1.0,0.0
Milwaukee,2000-06-09 22:00:00,0.0,0.34619647541530363,0.3583954550705775,0.3666255582259426,-0.05749483022965941,-0.10499265938658223,1.0,0.0
Milwaukee,2000-06-09 23:00:00,0.0,0.34619647541530363,0.3583954550705775,0.3666255582259426,-0.05749483022965941,-0.10499265938658223,1.0,0.0
Milwaukee,2000-06-10 00:00:00,0.0,0.34619647541530363,0.3583954550705775,0.3666255582259426,-0.05749483022965941,-0.10499265938658223,1.0,0.0
Milwaukee,2000-06-10 01:00:00,0.0,0.34619647541530363,0.3583954550705775,0.3666255582259426,-0.05749483022965941,-0.10499265938658223,1.0,0.0
Milwaukee,2000-06-10 02:00:00,0.0,0.34619647541530363,0.3583954550705775,0.3666255582259426,-0.05749483022965941,-0.10499265938658223,1.0,0.0
Milwaukee,2000-06-10 03:00:00,0.0,0.34619647541530363,0.3583954550705775,0.3666255582259426,-0.05749483022965941,-0.10499265938658223,1.0,0.0
Milwaukee,2000-06-10 04:00:00,0.0,0.34619647541530363,0.3583954550705775,0.3666255582259426,-0.05749483022965941,-0.10499265938658223,1.0,0.0
Milwaukee,2000-06-10 05:00:00,0.0,0.34619647541530363,0.3583954550705775,0.3666255582259426,-0.05749483022965941,-0.10499265938658223,1.0,0.0
Milwaukee,2000-06-10 06:00:00,0.0,0.34619647541530363,0.3583954550705775,0.3666255582259426,-0.05749483022965941,-0.10499265938658223,1.0,0.0
Milwaukee,2000-06-10 07:00:00,0.0,0.34619647541530363,0.3583954550705775,0.3666255582259426,-0.05749483022965941,-0.10499265938658223,1.0,0.0
Milwaukee,2000-06-10 08:00:00,0.0,0.34619647541530363,0.3583954550705775,0.3666255582259426,-0.05749483022965941,-0.10499265938658223,1.0,0.0
Milwaukee,2000-06-10 09:00:00,0.0,0.34619647541530363,0.3583954550705775,0.3666255582259426,-0.05749483022965941,-0.10499265938658223,1.0,0.0
Milwaukee,2000-06-10 10:00:00,0.0,0.34619647541530363,0.3583954550705775,0.3666255582259426,-0.05749483022965941,-0.10499265938658223,1.0,0.0
Milwaukee,2000-06-10 11:00:00,0.0,0.34619647541530363,0.3583954550705775,0.3666255582259426,-0.05749483022965941,-0.10499265938658223,1.0,0.0
Milwaukee,2000-06-10 12:00:00,0.0,0.34619647541530363,0.3583954550705775,0.3666255582259426,-0.05749483022965941,-0.10499265938658223,1.0,0.0
Milwaukee,2000-06-10 13:00:00,0.0,0.34619647541530363,0.3583954550705775,0.3666255582259426,-0.05749483022965941,-0.10499265938658223,1.0,0.0
Milwaukee,2000-06-10 14:00:00,0.0,0.34619647541530363,0.3583954550705775,0.3666255582259426,-0.05749483022965941,-0.10499265938658223,1.0,0.0
Milwaukee,2000-06-10 15:00:00,0.0,0.34619647541530363,0.3583954550705775,0.3666255582259426,-0.05749483022965941,-0.10499265938658223,1.0,0.0
Milwaukee,2000-06-10 16:00:00,0.0,0.34619647541530363,0.3583954550705775,0.3666255582259426,-0.05749483022965941,-0.10499265938658223,1.0,0.0
Milwaukee,2000-06-10 17:00:00,0.0,0.34619647541530363,0.3583954550705775,0.3666255582259426,-0.05749483022965941,-0.10499265938658223,1.0,0.0
Milwaukee,2000-06-10 18:00:00,0.0,0.34619647541530363,0.3583954550705775,0.3666255582259426,-0.05749483022965941,-0.10499265938658223,1.0,0.0
Milwaukee,2000-06-10 19:00:00,0.0,0.34619647541530363,0.3583954550705775,0.3666255582259426,-0.05749483022965941,-0.10499265938658223,1.0,0.0
Milwaukee,2000-06-10 20:00:00,0.0,0.34619647541530363,0.3583954550705775,0.3666255582259426,-0.05749483022965941,-0.10499265938658223,1.0,0.0
Milwaukee,2000-06-10 21:00:00,0.0,0.34619647541530363,0.3583954550705775,0.3666255582259426,-0.05749483022965941,-0.10499265938658223,1.0,0.0
Milwaukee,2000-06-10 22:00:00,0.0,0.34619647541530363,0.3583954550705775,0.3666255582259426,-0.05749483022965941,-0.10499265938658223,1.0,0.0
Milwaukee,2000-06-10 23:00:00,0.0,0.34619647541530363,0.3583954550705775,0.3666255582259426,-0.05749483022965941,-0.10499265938658223,1.0,0.0
Milwaukee,2000-06-11 00:00:00,0.0,0.34619647541530363,0.3583954550705775,0.3666255582259426,-0.05749483022965941,-0.10499265938658223,1.0,0.0
Milwaukee,2000-06-11 01:00:00,0.0,0.34619647541530363,0.3583954550705775,0.3666255582259426,-0.05749483022965941,-0.10499265938658223,1.0,0.0
Milwaukee,2000-06-11 02:00:00,0.0,0.34619647541530363,0.3583954550705775,0.3666255582259426,-0.05749483022965941,-0.10499265938658223,1.0,0.0
Milwaukee,2000-06-11 03:00:00,0.0,0.34619647541530363,0.3583954550705775,0.3666255582259426,-0.05749483022965941,-0.10499265938658223,1.0,0.0
Milwaukee,2000-06-11 04:00:00,0.0,0.34619647541530363,0.3583954550705775,0.3666255582259426,-0.05749483022965941,-0.10499265938658223,1.0,0.0
Milwaukee,2000-06-11 05:00:00,0.0,0.34619647541530363,0.3583954550705775,0.3666255582259426,-0.05749483022965941,-0.10499265938658223,1.0,0.0
Milwaukee,2000-06-11 06:00:00,0.10000000149011612,0.37493462778701603,0.37963028842970437,0.38608798432978486,0.077882847413793,0.04267897886966643,0.5479894519381427,0.05479894601038219
Milwaukee,2000-06-11 07:00:00,0.6000000089406967,0.5149511800867037,0.4839791863801989,0.48170736485828647,0.7547712356310545,0.7810371701509091,1.0347998615738105,0.6208799261961181
Milwaukee,2000-06-11 08:00:00,0.10000000149011612,0.37493462778701603,0.37963028842970437,0.38608798432978486,0.077882847413793,0.04267897886966643,0.5479894519381427,0.05479894601038219
Milwaukee,2000-06-11 09:00:00,0.0,0.34619647541530363,0.3583954550705775,0.3666255582259426,-0.05749483022965941,-0.10499265938658223,1.0,0.0
Milwaukee,2000-06-11 10:00:00,0.10000000149011612,0.37493462778701603,0.37963028842970437,0.38608798432978486,0.077882847413793,0.04267897886966643,0.5479894519381427,0.05479894601038219
Milwaukee,2000-06-11 11:00:00,0.0,0.34619647541530363,0.3583954550705775,0.3666255582259426,-0.05749483022965941,-0.10499265938658223,1.0,0.0
Milwaukee,2000-06-11 12:00:00,0.0,0.34619647541530363,0.3583954550705775,0.3666255582259426,-0.05749483022965941,-0.10499265938658223,1.0,0.0
Milwaukee,2000-06-11 13:00:00,0.20000000298023224,0.4036312859866724,0.40082695074191593,0.4055009521190948,0.2132605250572452,0.1903506171259148,0.8925731429893989,0.17851463125795505
Milwaukee,2000-06-11 14:00:00,0.20000000298023224,0.4036312859866724,0.40082695074191593,0.4055009521190948,0.2132605250572452,0.1903506171259148,0.8925731429893989,0.17851463125795505
Milwaukee,2000-06-11 15:00:00,0.0,0.34619647541530363,0.3583954550705775,0.3666255582259426,-0.05749483022965941,-0.10499265938658223,1.0,0.0
Milwaukee,2000-06-11 16:00:00,0.0,0.34619647541530363,0.3583954550705775,0.3666255582259426,-0.05749483022965941,-0.10499265938658223,1.0,0.0
Milwaukee,2000-06-11 17:00:00,0.0,0.34619647541530363,0.3583954550705775,0.3666255582259426,-0.05749483022965941,-0.10499265938658223,1.0,0.0
Milwaukee,2000-06-11 18:00:00,0.0,0.34619647541530363,0.3583954550705775,0.3666255582259426,-0.05749483022965941,-0.10499265938658223,1.0,0.0
Milwaukee,2000-06-11 19:00:00,0.10000000149011612,0.37493462778701603,0.37963028842970437,0.38608798432978486,0.077882847413793,0.04267897886966643,0.5479894519381427,0.05479894601038219
Milwaukee,2000-06-11 20:00:00,0.10000000149011612,0.37493462778701603,0.37963028842970437,0.38608798432978486,0.077882847413793,0.04267897886966643,0.5479894519381427,0.05479894601038219
Milwaukee,2000-06-11 21:00:00,0.0,0.34619647541530363,0.3583954550705775,0.3666255582259426,-0.05749483022965941,-0.10499265938658223,1.0,0.0
Milwaukee,2000-06-11 22:00:00,0.0,0.34619647541530363,0.3583954550705775,0.3666255582259426,-0.05749483022965941,-0.10499265938658223,1.0,0.0
Milwaukee,2000-06-11 23:00:00,0.0,0.34619647541530363,0.3583954550705775,0.3666255582259426,-0.05749483022965941,-0.10499265938658223,1.0,0.0
Milwaukee,2000-06-12 00:00:00,0.0,0.34619647541530363,0.3583954550705775,0.3666255582259426,-0.05749483022965941,-0.10499265938658223,1.0,0.0
Milwaukee,2000-06-12 01:00:00,0.0,0.34619647541530363,0.3583954550705775,0.3666255582259426,-0.05749483022965941,-0.10499265938658223,1.0,0.0
Milwaukee,2000-06-12 02:00:00,0.0,0.34619647541530363,0.3583954550705775,0.3666255582259426,-0.05749483022965941,-0.10499265938658223,1.0,0.0
Milwaukee,2000-06-12 03:00:00,0.0,0.34619647541530363,0.3583954550705775,0.3666255582259426,-0.05749483022965941,-0.10499265938658223,1.0,0.0
Milwaukee,2000-06-12 04:00:00,0.0,0.34619647541530363,0.3583954550705775,0.3666255582259426,-0.05749483022965941,-0.10499265938658223,1.0,0.0
Milwaukee,2000-06-12 05:00:00,0.0,0.34619647541530363,0.3583954550705775,0.3666255582259426,-0.05749483022965941,-0.10499265938658223,1.0,0.0
Milwaukee,2000-06-12 06:00:00,0.0,0.34619647541530363,0.3583954550705775,0.3666255582259426,-0.05749483022965941,-0.10499265938658223,1.0,0.0
Milwaukee,2000-06-12 07:00:00,0.0,0.34619647541530363,0.3583954550705775,0.3666255582259426,-0.05749483022965941,-0.10499265938658223,1.0,0.0
Milwaukee,2000-06-12 08:00:00,0.0,0.34619647541530363,0.3583954550705775,0.3666255582259426,-0.05749483022965941,-0.10499265938658223,1.0,0.0
Milwaukee,2000-06-12 09:00:00,0.0,0.34619647541530363,0.3583954550705775,0.3666255582259426,-0.05749483022965941,-0.10499265938658223,1.0,0.0
Milwaukee,2000-06-12 10:00:00,0.0,0.34619647541530363,0.3583954550705775,0.3666255582259426,-0.05749483022965941,-0.10499265938658223,1.0,0.0
Milwaukee,2000-06-12 11:00:00,0.20000000298023224,0.4036312859866724,0.40082695074191593,0.4055009521190948,0.2132605250572452,0.1903506171259148,0.8925731429893989,0.17851463125795505
Milwaukee,2000-06-12 12:00:00,0.10000000149011612,0.37493462778701603,0.37963028842970437,0.38608798432978486,0.077882847413793,0.04267897886966643,0.5479894519381427,0.05479894601038219
Milwaukee,2000-06-12 13:00:00,0.5000000074505806,0.4879054674974853,0.4635494842166189,0.4629590707286823,0.6193935579876022,0.6333655318946606,1.0225575060103194,0.5112787606238068
Milwaukee,2000-06-12 14:00:00,0.5000000074505806,0.4879054674974853,0.4635494842166189,0.4629590707286823,0.6193935579876022,0.6333655318946606,1.0225575060103194,0.5112787606238068
Milwaukee,2000-06-12 15:00:00,0.7000000104308128,0.5412961978369442,0.5040882360000163,0.5001902799477915,0.8901489132745067,0.9287088084071575,1.0433184768948425,0.7303229447090495
Milwaukee,2000-06-12 16:00:00,0.9000000134110451,0.5915727882419518,0.543183605811401,0.5362334205342039,1.1609042685614115,1.2240520849196546,1.05439536925512,0.9489558464701519
Milwaukee,2000-06-12 17:00:00,1.600000023841858,0.7380324765223832,0.6653632487403472,0.6503443211064838,2.108548012065578,2.2577535527133947,1.0707622211085683,1.71321957930267
Milwaukee,2000-06-12 18:00:00,2.0000000298023224,0.8007431727222116,0.723675472848268,0.7059823071359217,2.650058722639387,2.8484401057383884,1.0748592404403094,2.1497185129139207
Milwaukee,2000-06-12 19:00:00,2.2000000327825546,0.826909965244609,0.7496522624557936,0.7311068494232176,2.920814077926292,3.143783382250886,1.0763380682151795,2.3679437853585066
Milwaukee,2000-06-12 20:00:00,1.700000025331974,0.7550806239141946,0.6807449907781097,0.6649293185858394,2.2439256897090303,2.4054251909696434,1.0719718580705562,1.8223521858751088
Milwaukee,2000-06-12 21:00:00,1.4000000208616257,0.7010606324789257,0.6329987244436568,0.619840749115852,1.8377926567786733,1.9624102762008975,1.067808312848881,1.4949316602646505
Milwaukee,2000-06-12 22:00:00,0.7000000104308128,0.5412961978369442,0.5040882360000163,0.5001902799477915,0.8901489132745067,0.9287088084071575,1.0433184768948425,0.7303229447090495
Milwaukee,2000-06-12 23:00:00,0.4000000059604645,0.4602572840073257,0.44284563734884813,0.44398150563378375,0.4840158803441499,0.4856938936384119,1.0034668558665243,0.40138674832773824
Milwaukee,2000-06-13 00:00:00,0.30000000447034836,0.4321218104209064,0.4219192462835154,0.42481437583882836,0.3486382027006978,0.3380222553821637,0.9695502465412611,0.2908650782966057
Milwaukee,2000-06-13 01:00:00,0.10000000149011612,0.37493462778701603,0.37963028842970437,0.38608798432978486,0.077882847413793,0.04267897886966643,0.5479894519381427,0.05479894601038219
Milwaukee,2000-06-13 02:00:00,0.0,0.34619647541530363,0.3583954550705775,0.3666255582259426,-0.05749483022965941,-0.10499265938658223,1.0,0.0
Milwaukee,2000-06-13 03:00:00,0.0,0.34619647541530363,0.3583954550705775,0.3666255582259426,-0.05749483022965941,-0.10499265938658223,1.0,0.0
Milwaukee,2000-06-13 04:00:00,0.10000000149011612,0.37493462778701603,0.37963028842970437,0.38608798432978486,0.077882847413793,0.04267897886966643,0.5479894519381427,0.05479894601038219
Milwaukee,2000-06-13 05:00:00,0.10000000149011612,0.37493462778701603,0.37963028842970437,0.38608798432978486,0.077882847413793,0.04267897886966643,0.5479894519381427,0.05479894601038219
Milwaukee,2000-06-13 06:00:00,0.0,0.34619647541530363,0.3583954550705775,0.3666255582259426,-0.05749483022965941,-0.10499265938658223,1.0,0.0
Milwaukee,2000-06-13 07:00:00,0.0,0.34619647541530363,0.3583954550705775,0.3666255582259426,-0.05749483022965941,-0.10499265938658223,1.0,0.0
Milwaukee,2000-06-13 08:00:00,0.30000000447034836,0.4321218104209064,0.4219192462835154,0.42481437583882836,0.3486382027006978,0.3380222553821637,0.9695502465412611,0.2908650782966057
Milwaukee,2000-06-13 09:00:00,0.30000000447034836,0.4321218104209064,0.4219192462835154,0.42481437583882836,0.3486382027006978,0.3380222553821637,0.9695502465412611,0.2908650782966057
Milwaukee,2000-06-13 10:00:00,0.10000000149011612,0.37493462778701603,0.37963028842970437,0.38608798432978486,0.077882847413793,0.04267897886966643,0.5479894519381427,0.05479894601038219
Milwaukee,2000-06-13 11:00:00,0.0,0.34619647541530363,0.3583954550705775,0.3666255582259426,-0.05749483022965941,-0.10499265938658223,1.0,0.0
Milwaukee,2000-06-13 12:00:00,0.0,0.34619647541530363,0.3583954550705775,0.3666255582259426,-0.05749483022965941,-0.10499265938658223,1.0,0.0
Milwaukee,2000-06-13 13:00:00,0.0,0.34619647541530363,0.3583954550705775,0.3666255582259426,-0.05749483022965941,-0.10499265938658223,1.0,0.0
Milwaukee,2000-06-13 14:00:00,0.0,0.34619647541530363,0.3583954550705775,0.3666255582259426,-0.05749483022965941,-0.10499265938658223,1.0,0.0
Milwaukee,2000-06-13 15:00:00,0.0,0.34619647541530363,0.3583954550705775,0.3666255582259426,-0.05749483022965941,-0.10499265938658223,1.0,0.0
Milwaukee,2000-06-13 16:00:00,0.0,0.34619647541530363,0.3583954550705775,0.3666255582259426,-0.05749483022965941,-0.10499265938658223,1.0,0.0
Milwaukee,2000-06-13 17:00:00,0.10000000149011612,0.37493462778701603,0.37963028842970437,0.38608798432978486,0.077882847413793,0.04267897886966643,0.5479894519381427,0.05479894601038219
Milwaukee,2000-06-13 18:00:00,0.0,0.34619647541530363,0.3583954550705775,0.3666255582259426,-0.05749483022965941,-0.10499265938658223,1.0,0.0
Milwaukee,2000-06-13 19:00:00,0.0,0.34619647541530363,0.3583954550705775,0.3666255582259426,-0.05749483022965941,-0.10499265938658223,1.0,0.0
Milwaukee,2000-06-13 20:00:00,0.0,0.34619647541530363,0.3583954550705775,0.3666255582259426,-0.05749483022965941,-0.10499265938658223,1.0,0.0
Milwaukee,2000-06-13 21:00:00,0.0,0.34619647541530363,0.3583954550705775,0.3666255582259426,-0.05749483022965941,-0.10499265938658223,1.0,0.0
Milwaukee,2000-06-13 22:00:00,0.0,0.34619647541530363,0.3583954550705775,0.3666255582259426,-0.05749483022965941,-0.10499265938658223,1.0,0.0
Milwaukee,2000-06-13 23:00:00,0.0,0.34619647541530363,0.3583954550705775,0.3666255582259426,-0.05749483022965941,-0.10499265938658223,1.0,0.0
Milwaukee,2000-06-14 00:00:00,0.10000000149011612,0.37493462778701603,0.37963028842970437,0.38608798432978486,0.077882847413793,0.04267897886966643,0.5479894519381427,0.05479894601038219
Milwaukee,2000-06-14 01:00:00,0.7000000104308128,0.5412961978369442,0.5040882360000163,0.5001902799477915,0.8901489132745067,0.9287088084071575,1.0433184768948425,0.7303229447090495
Milwaukee,2000-06-14 02:00:00,0.5000000074505806,0.4879054674974853,0.4635494842166189,0.4629590707286823,0.6193935579876022,0.6333655318946606,1.0225575060103194,0.5112787606238068
Milwaukee,2000-06-14 03:00:00,0.5000000074505806,0.4879054674974853,0.4635494842166189,0.4629590707286823,0.6193935579876022,0.6333655318946606,1.0225575060103194,0.5112787606238068
Milwaukee,2000-06-14 04:00:00,0.0,0.34619647541530363,0.3583954550705775,0.3666255582259426,-0.05749483022965941,-0.10499265938658223,1.0,0.0
Milwaukee,2000-06-14 05:00:00,0.0,0.34619647541530363,0.3583954550705775,0.3666255582259426,-0.05749483022965941,-0.10499265938658223,1.0,0.0
Milwaukee,2000-06-14 06:00:00,0.0,0.34619647541530363,0.3583954550705775,0.3666255582259426,-0.05749483022965941,-0.10499265938658223,1.0,0.0
Milwaukee,2000-06-14 07:00:00,0.0,0.34619647541530363,0.3583954550705775,0.3666255582259426,-0.05749483022965941,-0.10499265938658223,1.0,0.0
Milwaukee,2000-06-14 08:00:00,0.0,0.34619647541530363,0.3583954550705775,0.3666255582259426,-0.05749483022965941,-0.10499265938658223,1.0,0.0
Milwaukee,2000-06-14 09:00:00,0.0,0.34619647541530363,0.3583954550705775,0.3666255582259426,-0.05749483022965941,-0.10499265938658223,1.0,0.0
Milwaukee,2000-06-14 10:00:00,0.0,0.34619647541530363,0.3583954550705775,0.3666255582259426,-0.05749483022965941,-0.10499265938658223,1.0,0.0
Milwaukee,2000-06-14 11:00:00,0.0,0.34619647541530363,0.3583954550705775,0.3666255582259426,-0.05749483022965941,-0.10499265938658223,1.0,0.0
Milwaukee,2000-06-14 12:00:00,0.0,0.34619647541530363,0.3583954550705775,0.3666255582259426,-0.05749483022965941,-0.10499265938658223,1.0,0.0
Milwaukee,2000-06-14 13:00:00,0.0,0.34619647541530363,0.3583954550705775,0.3666255582259426,-0.05749483022965941,-0.10499265938658223,1.0,0.0
Milwaukee,2000-06-14 14:00:00,0.0,0.34619647541530363,0.3583954550705775,0.3666255582259426,-0.05749483022965941,-0.10499265938658223,1.0,0.0
Milwaukee,2000-06-14 15:00:00,0.0,0.34619647541530363,0.3583954550705775,0.3666255582259426,-0.05749483022965941,-0.10499265938658223,1.0,0.0
Milwaukee,2000-06-14 16:00:00,0.0,0.34619647541530363,0.3583954550705775,0.3666255582259426,-0.05749483022965941,-0.10499265938658223,1.0,0.0
Milwaukee,2000-06-14 17:00:00,0.20000000298023224,0.4036312859866724,0.40082695074191593,0.4055009521190948,0.2132605250572452,0.1903506171259148,0.8925731429893989,0.17851463125795505
Milwaukee,2000-06-14 18:00:00,0.4000000059604645,0.4602572840073257,0.44284563734884813,0.44398150563378375,0.4840158803441499,0.4856938936384119,1.0034668558665243,0.40138674832773824
Milwaukee,2000-06-14 19:00:00,0.0,0.34619647541530363,0.3583954550705775,0.3666255582259426,-0.05749483022965941,-0.10499265938658223,1.0,0.0
Milwaukee,2000-06-14 20:00:00,0.10000000149011612,0.37493462778701603,0.37963028842970437,0.38608798432978486,0.077882847413793,0.04267897886966643,0.5479894519381427,0.05479894601038219
Milwaukee,2000-06-14 21:00:00,0.800000011920929,0.5668587624286637,0.5238351948323483,0.518375294178048,1.0255265909179592,1.0763804466634062,1.0495880420808272,0.8396704461767263
Milwaukee,2000-06-14 22:00:00,5.100000075995922,0.98048804011348,0.9474168902164497,0.9347343756006112,6.846766729586413,7.426260891682098,1.0846376377322102,5.53165203486231
Milwaukee,2000-06-14 23:00:00,0.10000000149011612,0.37493462778701603,0.37963028842970437,0.38608798432978486,0.077882847413793,0.04267897886966643,0.5479894519381427,0.05479894601038219
Milwaukee,2000-06-15 00:00:00,0.0,0.34619647541530363,0.3583954550705775,0.3666255582259426,-0.05749483022965941,-0.10499265938658223,1.0,0.0
Milwaukee,2000-06-15 01:00:00,0.10000000149011612,0.37493462778701603,0.37963028842970437,0.38608798432978486,0.077882847413793,0.04267897886966643,0.5479894519381427,0.05479894601038219
Milwaukee,2000-06-15 02:00:00,0.0,0.34619647541530363,0.3583954550705775,0.3666255582259426,-0.05749483022965941,-0.10499265938658223,1.0,0.0
Milwaukee,2000-06-15 03:00:00,0.0,0.34619647541530363,0.3583954550705775,0.3666255582259426,-0.05749483022965941,-0.10499265938658223,1.0,0.0
Milwaukee,2000-06-15 04:00:00,0.0,0.34619647541530363,0.3583954550705775,0.3666255582259426,-0.05749483022965941,-0.10499265938658223,1.0,0.0
Milwaukee,2000-06-15 05:00:00,0.0,0.34619647541530363,0.3583954550705775,0.3666255582259426,-0.05749483022965941,-0.10499265938658223,1.0,0.0
Milwaukee,2000-06-15 06:00:00,0.0,0.34619647541530363,0.3583954550705775,0.3666255582259426,-0.05749483022965941,-0.10499265938658223,1.0,0.0
Milwaukee,2000-06-15 07:00:00,0.0,0.34619647541530363,0.3583954550705775,0.3666255582259426,-0.05749483022965941,-0.10499265938658223,1.0,0.0
Milwaukee,2000-06-15 08:00:00,0.0,0.34619647541530363,0.3583954550705775,0.3666255582259426,-0.05749483022965941,-0.10499265938658223,1.0,0.0
Milwaukee,2000-06-15 09:00:00,0.0,0.34619647541530363,0.3583954550705775,0.3666255582259426,-0.05749483022965941,-0.10499265938658223,1.0,0.0
Milwaukee,2000-06-15 10:00:00,0.0,0.34619647541530363,0.3583954550705775,0.3666255582259426,-0.05749483022965941,-0.10499265938658223,1.0,0.0
Milwaukee,2000-06-15 11:00:00,0.0,0.34619647541530363,0.3583954550705775,0.3666255582259426,-0.05749483022965941,-0.10499265938658223,1.0,0.0
Milwaukee,2000-06-15 12:00:00,0.0,0.34619647541530363,0.3583954550705775,0.3666255582259426,-0.05749483022965941,-0.10499265938658223,1.0,0.0
Milwaukee,2000-06-15 13:00:00,0.0,0.34619647541530363,0.3583954550705775,0.3666255582259426,-0.05749483022965941,-0.10499265938658223,1.0,0.0
Milwaukee,2000-06-15 14:00:00,0.0,0.34619647541530363,0.3583954550705775,0.3666255582259426,-0.05749483022965941,-0.10499265938658223,1.0,0.0
Milwaukee,2000-06-15 15:00:00,0.0,0.34619647541530363,0.3583954550705775,0.3666255582259426,-0.05749483022965941,-0.10499265938658223,1.0,0.0
Milwaukee,2000-06-15 16:00:00,0.0,0.34619647541530363,0.3583954550705775,0.3666255582259426,-0.05749483022965941,-0.10499265938658223,1.0,0.0
Milwaukee,2000-06-15 17:00:00,0.0,0.34619647541530363,0.3583954550705775,0.3666255582259426,-0.05749483022965941,-0.10499265938658223,1.0,0.0
Milwaukee,2000-06-15 18:00:00,0.0,0.34619647541530363,0.3583954550705775,0.3666255582259426,-0.05749483022965941,-0.10499265938658223,1.0,0.0
Milwaukee,2000-06-15 19:00:00,0.0,0.34619647541530363,0.3583954550705775,0.3666255582259426,-0.05749483022965941,-0.10499265938658223,1.0,0.0
Milwaukee,2000-06-15 20:00:00,0.0,0.34619647541530363,0.3583954550705775,0.3666255582259426,-0.05749483022965941,-0.10499265938658223,1.0,0.0
Milwaukee,2000-06-15 21:00:00,0.0,0.34619647541530363,0.3583954550705775,0.3666255582259426,-0.05749483022965941,-0.10499265938658223,1.0,0.0
Milwaukee,2000-06-15 22:00:00,0.0,0.34619647541530363,0.3583954550705775,0.3666255582259426,-0.05749483022965941,-0.10499265938658223,1.0,0.0
Milwaukee,2000-06-15 23:00:00,0.0,0.34619647541530363,0.3583954550705775,0.3666255582259426,-0.05749483022965941,-0.10499265938658223,1.0,0.0
Milwaukee,2000-06-16 00:00:00,0.0,0.34619647541530363,0.3583954550705775,0.3666255582259426,-0.05749483022965941,-0.10499265938658223,1.0,0.0
Milwaukee,2000-06-16 01:00:00,0.0,0.34619647541530363,0.3583954550705775,0.3666255582259426,-0.05749483022965941,-0.10499265938658223,1.0,0.0
Milwaukee,2000-06-16 02:00:00,0.0,0.34619647541530363,0.3583954550705775,0.3666255582259426,-0.05749483022965941,-0.10499265938658223,1.0,0.0
Milwaukee,2000-06-16 03:00:00,0.0,0.34619647541530363,0.3583954550705775,0.3666255582259426,-0.05749483022965941,-0.10499265938658223,1.0,0.0
Milwaukee,2000-06-16 04:00:00,0.0,0.34619647541530363,0.3583954550705775,0.3666255582259426,-0.05749483022965941,-0.10499265938658223,1.0,0.0
Milwaukee,2000-06-16 05:00:00,0.0,0.34619647541530363,0.3583954550705775,0.3666255582259426,-0.05749483022965941,-0.10499265938658223,1.0,0.0
Milwaukee,2000-06-16 06:00:00,0.0,0.34619647541530363,0.3583954550705775,0.3666255582259426,-0.05749483022965941,-0.10499265938658223,1.0,0.0
Milwaukee,2000-06-16 07:00:00,0.0,0.34619647541530363,0.3583954550705775,0.3666255582259426,-0.05749483022965941,-0.10499265938658223,1.0,0.0
Milwaukee,2000-06-16 08:00:00,0.0,0.34619647541530363,0.3583954550705775,0.3666255582259426,-0.05749483022965941,-0.10499265938658223,1.0,0.0
Milwaukee,2000-06-16 09:00:00,0.0,0.34619647541530363,0.3583954550705775,0.3666255582259426,-0.05749483022965941,-0.10499265938658223,1.0,0.0
Milwaukee,2000-06-16 10:00:00,0.0,0.34619647541530363,0.3583954550705775,0.3666255582259426,-0.05749483022965941,-0.10499265938658223,1.0,0.0
Milwaukee,2000-06-16 11:00:00,0.0,0.34619647541530363,0.3583954550705775,0.3666255582259426,-0.05749483022965941,-0.10499265938658223,1.0,0.0
Milwaukee,2000-06-16 12:00:00,0.0,0.34619647541530363,0.3583954550705775,0.3666255582259426,-0.05749483022965941,-0.10499265938658223,1.0,0.0
Milwaukee,2000-06-16 13:00:00,0.0,0.34619647541530363,0.3583954550705775,0.3666255582259426,-0.05749483022965941,-0.10499265938658223,1.0,0.0
Milwaukee,2000-06-16 14:00:00,0.10000000149011612,0.37493462778701603,0.37963028842970437,0.38608798432978486,0.077882847413793,0.04267897886966643,0.5479894519381427,0.05479894601038219
Milwaukee,2000-06-16 15:00:00,0.0,0.34619647541530363,0.3583954550705775,0.3666255582259426,-0.05749483022965941,-0.10499265938658223,1.0,0.0
Milwaukee,2000-06-16 16:00:00,0.10000000149011612,0.37493462778701603,0.37963028842970437,0.38608798432978486,0.077882847413793,0.04267897886966643,0.5479894519381427,0.05479894601038219
Milwaukee,2000-06-16 17:00:00,0.0,0.34619647541530363,0.3583954550705775,0.3666255582259426,-0.05749483022965941,-0.10499265938658223,1.0,0.0
Milwaukee,2000-06-16 18:00:00,0.0,0.34619647541530363,0.3583954550705775,0.3666255582259426,-0.05749483022965941,-0.10499265938658223,1.0,0.0
Milwaukee,2000-06-16 19:00:00,0.0,0.34619647541530363,0.3583954550705775,0.3666255582259426,-0.05749483022965941,-0.10499265938658223,1.0,0.0
Milwaukee,2000-06-16 20:00:00,0.0,0.34619647541530363,0.3583954550705775,0.3666255582259426,-0.05749483022965941,-0.10499265938658223,1.0,0.0
Milwaukee,2000-06-16 21:00:00,0.0,0.34619647541530363,0.3583954550705775,0.3666255582259426,-0.05749483022965941,-0.10499265938658223,1.0,0.0
Milwaukee,2000-06-16 22:00:00,0.0,0.34619647541530363,0.3583954550705775,0.3666255582259426,-0.05749483022965941,-0.10499265938658223,1.0,0.0
Milwaukee,2000-06-16 23:00:00,0.0,0.34619647541530363,0.3583954550705775,0.3666255582259426,-0.05749483022965941,-0.10499265938658223,1.0,0.0
Milwaukee,2000-06-17 00:00:00,0.10000000149011612,0.37493462778701603,0.37963028842970437,0.38608798432978486,0.077882847413793,0.04267897886966643,0.5479894519381427,0.05479894601038219
Milwaukee,2000-06-17 01:00:00,0.0,0.34619647541530363,0.3583954550705775,0.3666255582259426,-0.05749483022965941,-0.10499265938658223,1.0,0.0
Milwaukee,2000-06-17 02:00:00,0.0,0.34619647541530363,0.3583954550705775,0.3666255582259426,-0.05749483022965941,-0.10499265938658223,1.0,0.0
Milwaukee,2000-06-17 03:00:00,0.0,0.34619647541530363,0.3583954550705775,0.3666255582259426,-0.05749483022965941,-0.10499265938658223,1.0,0.0
Milwaukee,2000-06-17 04:00:00,0.0,0.34619647541530363,0.3583954550705775,0.3666255582259426,-0.05749483022965941,-0.10499265938658223,1.0,0.0
Milwaukee,2000-06-17 05:00:00,0.0,0.34619647541530363,0.3583954550705775,0.3666255582259426,-0.05749483022965941,-0.10499265938658223,1.0,0.0
Milwaukee,2000-06-17 06:00:00,0.0,0.34619647541530363,0.3583954550705775,0.3666255582259426,-0.05749483022965941,-0.10499265938658223,1.0,0.0
Milwaukee,2000-06-17 07:00:00,0.0,0.34619647541530363,0.3583954550705775,0.3666255582259426,-0.05749483022965941,-0.10499265938658223,1.0,0.0
Milwaukee,2000-06-17 08:00:00,0.0,0.34619647541530363,0.3583954550705775,0.3666255582259426,-0.05749483022965941,-0.10499265938658223,1.0,0.0
Milwaukee,2000-06-17 09:00:00,0.0,0.34619647541530363,0.3583954550705775,0.3666255582259426,-0.05749483022965941,-0.10499265938658223,1.0,0.0
Milwaukee,2000-06-17 10:00:00,0.0,0.34619647541530363,0.3583954550705775,0.3666255582259426,-0.05749483022965941,-0.10499265938658223,1.0,0.0
Milwaukee,2000-06-17 11:00:00,0.0,0.34619647541530363,0.3583954550705775,0.3666255582259426,-0.05749483022965941,-0.10499265938658223,1.0,0.0
Milwaukee,2000-06-17 12:00:00,0.0,0.34619647541530363,0.3583954550705775,0.3666255582259426,-0.05749483022965941,-0.10499265938658223,1.0,0.0
Milwaukee,2000-06-17 13:00:00,0.0,0.34619647541530363,0.3583954550705775,0.3666255582259426,-0.05749483022965941,-0.10499265938658223,1.0,0.0
Milwaukee,2000-06-17 14:00:00,0.0,0.34619647541530363,0.3583954550705775,0.3666255582259426,-0.05749483022965941,-0.10499265938658223,1.0,0.0
Milwaukee,2000-06-17 15:00:00,0.0,0.34619647541530363,0.3583954550705775,0.3666255582259426,-0.05749483022965941,-0.10499265938658223,1.0,0.0
Milwaukee,2000-06-17 16:00:00,0.0,0.34619647541530363,0.3583954550705775,0.3666255582259426,-0.05749483022965941,-0.10499265938658223,1.0,0.0
Milwaukee,2000-06-17 17:00:00,0.0,0.34619647541530363,0.3583954550705775,0.3666255582259426,-0.05749483022965941,-0.10499265938658223,1.0,0.0
Milwaukee,2000-06-17 18:00:00,0.0,0.34619647541530363,0.3583954550705775,0.3666255582259426,-0.05749483022965941,-0.10499265938658223,1.0,0.0
Milwaukee,2000-06-17 19:00:00,0.0,0.34619647541530363,0.3583954550705775,0.3666255582259426,-0.05749483022965941,-0.10499265938658223,1.0,0.0
Milwaukee,2000-06-17 20:00:00,0.0,0.34619647541530363,0.3583954550705775,0.3666255582259426,-0.05749483022965941,-0.10499265938658223,1.0,0.0
Milwaukee,2000-06-17 21:00:00,0.0,0.34619647541530363,0.3583954550705775,0.3666255582259426,-0.05749483022965941,-0.10499265938658223,1.0,0.0
Milwaukee,2000-06-17 22:00:00,0.0,0.34619647541530363,0.3583954550705775,0.3666255582259426,-0.05749483022965941,-0.10499265938658223,1.0,0.0
Milwaukee,2000-06-17 23:00:00,0.0,0.34619647541530363,0.3583954550705775,0.3666255582259426,-0.05749483022965941,-0.10499265938658223,1.0,0.0
Milwaukee,2000-06-18 00:00:00,0.0,0.34619647541530363,0.3583954550705775,0.3666255582259426,-0.05749483022965941,-0.10499265938658223,1.0,0.0
Milwaukee,2000-06-18 01:00:00,0.0,0.34619647541530363,0.3583954550705775,0.3666255582259426,-0.05749483022965941,-0.10499265938658223,1.0,0.0
Milwaukee,2000-06-18 02:00:00,0.0,0.34619647541530363,0.3583954550705775,0.3666255582259426,-0.05749483022965941,-0.10499265938658223,1.0,0.0
Milwaukee,2000-06-18 03:00:00,0.0,0.34619647541530363,0.3583954550705775,0.3666255582259426,-0.05749483022965941,-0.10499265938658223,1.0,0.0
Milwaukee,2000-06-18 04:00:00,0.0,0.34619647541530363,0.3583954550705775,0.3666255582259426,-0.05749483022965941,-0.10499265938658223,1.0,0.0
Milwaukee,2000-06-18 05:00:00,0.0,0.34619647541530363,0.3583954550705775,0.3666255582259426,-0.05749483022965941,-0.10499265938658223,1.0,0.0
Milwaukee,2000-06-18 06:00:00,0.0,0.34619647541530363,0.3583954550705775,0.3666255582259426,-0.05749483022965941,-0.10499265938658223,1.0,0.0
Milwaukee,2000-06-18 07:00:00,0.0,0.34619647541530363,0.3583954550705775,0.3666255582259426,-0.05749483022965941,-0.10499265938658223,1.0,0.0
Milwaukee,2000-06-18 08:00:00,0.0,0.34619647541530363,0.3583954550705775,0.3666255582259426,-0.05749483022965941,-0.10499265938658223,1.0,0.0
Milwaukee,2000-06-18 09:00:00,0.0,0.34619647541530363,0.3583954550705775,0.3666255582259426,-0.05749483022965941,-0.10499265938658223,1.0,0.0
Milwaukee,2000-06-18 10:00:00,0.0,0.34619647541530363,0.3583954550705775,0.3666255582259426,-0.05749483022965941,-0.10499265938658223,1.0,0.0
Milwaukee,2000-06-18 11:00:00,0.0,0.34619647541530363,0.3583954550705775,0.3666255582259426,-0.05749483022965941,-0.10499265938658223,1.0,0.0
Milwaukee,2000-06-18 12:00:00,0.0,0.34619647541530363,0.3583954550705775,0.3666255582259426,-0.05749483022965941,-0.10499265938658223,1.0,0.0
Milwaukee,2000-06-18 13:00:00,0.0,0.34619647541530363,0.3583954550705775,0.3666255582259426,-0.05749483022965941,-0.10499265938658223,1.0,0.0
Milwaukee,2000-06-18 14:00:00,0.0,0.34619647541530363,0.3583954550705775,0.3666255582259426,-0.05749483022965941,-0.10499265938658223,1.0,0.0
Milwaukee,2000-06-18 15:00:00,0.0,0.34619647541530363,0.3583954550705775,0.3666255582259426,-0.05749483022965941,-0.10499265938658223,1.0,0.0
Milwaukee,2000-06-18 16:00:00,0.0,0.34619647541530363,0.3583954550705775,0.3666255582259426,-0.05749483022965941,-0.10499265938658223,1.0,0.0
Milwaukee,2000-06-18 17:00:00,0.0,0.34619647541530363,0.3583954550705775,0.3666255582259426,-0.05749483022965941,-0.10499265938658223,1.0,0.0
Milwaukee,2000-06-18 18:00:00,0.0,0.34619647541530363,0.3583954550705775,0.3666255582259426,-0.05749483022965941,-0.10499265938658223,1.0,0.0
Milwaukee,2000-06-18 19:00:00,0.0,0.34619647541530363,0.3583954550705775,0.3666255582259426,-0.05749483022965941,-0.10499265938658223,1.0,0.0
Milwaukee,2000-06-18 20:00:00,0.0,0.34619647541530363,0.3583954550705775,0.3666255582259426,-0.05749483022965941,-0.10499265938658223,1.0,0.0
Milwaukee,2000-06-18 21:00:00,0.0,0.34619647541530363,0.3583954550705775,0.3666255582259426,-0.05749483022965941,-0.10499265938658223,1.0,0.0
Milwaukee,2000-06-18 22:00:00,0.0,0.34619647541530363,0.3583954550705775,0.3666255582259426,-0.05749483022965941,-0.10499265938658223,1.0,0.0
Milwaukee,2000-06-18 23:00:00,0.0,0.34619647541530363,0.3583954550705775,0.3666255582259426,-0.05749483022965941,-0.10499265938658223,1.0,0.0
Milwaukee,2000-06-19 00:00:00,0.0,0.34619647541530363,0.3583954550705775,0.3666255582259426,-0.05749483022965941,-0.10499265938658223,1.0,0.0
Milwaukee,2000-06-19 01:00:00,0.0,0.34619647541530363,0.3583954550705775,0.3666255582259426,-0.05749483022965941,-0.10499265938658223,1.0,0.0
Milwaukee,2000-06-19 02:00:00,0.0,0.34619647541530363,0.3583954550705775,0.3666255582259426,-0.05749483022965941,-0.10499265938658223,1.0,0.0
Milwaukee,2000-06-19 03:00:00,0.0,0.34619647541530363,0.3583954550705775,0.3666255582259426,-0.05749483022965941,-0.10499265938658223,1.0,0.0
Milwaukee,2000-06-19 04:00:00,0.0,0.34619647541530363,0.3583954550705775,0.3666255582259426,-0.05749483022965941,-0.10499265938658223,1.0,0.0
Milwaukee,2000-06-19 05:00:00,0.0,0.34619647541530363,0.3583954550705775,0.3666255582259426,-0.05749483022965941,-0.10499265938658223,1.0,0.0
Milwaukee,2000-06-19 06:00:00,0.0,0.34619647541530363,0.3583954550705775,0.3666255582259426,-0.05749483022965941,-0.10499265938658223,1.0,0.0
Milwaukee,2000-06-19 07:00:00,0.0,0.34619647541530363,0.3583954550705775,0.3666255582259426,-0.05749483022965941,-0.10499265938658223,1.0,0.0
Milwaukee,2000-06-19 08:00:00,0.0,0.34619647541530363,0.3583954550705775,0.3666255582259426,-0.05749483022965941,-0.10499265938658223,1.0,0.0
Milwaukee,2000-06-19 09:00:00,0.0,0.34619647541530363,0.3583954550705775,0.3666255582259426,-0.05749483022965941,-0.10499265938658223,1.0,0.0
Milwaukee,2000-06-19 10:00:00,0.0,0.34619647541530363,0.3583954550705775,0.3666255582259426,-0.05749483022965941,-0.10499265938658223,1.0,0.0
Milwaukee,2000-06-19 11:00:00,0.0,0.34619647541530363,0.3583954550705775,0.3666255582259426,-0.05749483022965941,-0.10499265938658223,1.0,0.0
Milwaukee,2000-06-19 12:00:00,0.0,0.34619647541530363,0.3583954550705775,0.3666255582259426,-0.05749483022965941,-0.10499265938658223,1.0,0.0
Milwaukee,2000-06-19 13:00:00,0.0,0.34619647541530363,0.3583954550705775,0.3666255582259426,-0.05749483022965941,-0.10499265938658223,1.0,0.0
Milwaukee,2000-06-19 14:00:00,0.0,0.34619647541530363,0.3583954550705775,0.3666255582259426,-0.05749483022965941,-0.10499265938658223,1.0,0.0
Milwaukee,2000-06-19 15:00:00,0.0,0.34619647541530363,0.3583954550705775,0.3666255582259426,-0.05749483022965941,-0.10499265938658223,1.0,0.0
Milwaukee,2000-06-19 16:00:00,0.0,0.34619647541530363,0.3583954550705775,0.3666255582259426,-0.05749483022965941,-0.10499265938658223,1.0,0.0
Milwaukee,2000-06-19 17:00:00,0.0,0.34619647541530363,0.3583954550705775,0.3666255582259426,-0.05749483022965941,-0.10499265938658223,1.0,0.0
Milwaukee,2000-06-19 18:00:00,0.0,0.34619647541530363,0.3583954550705775,0.3666255582259426,-0.05749483022965941,-0.10499265938658223,1.0,0.0
Milwaukee,2000-06-19 19:00:00,0.0,0.34619647541530363,0.3583954550705775,0.3666255582259426,-0.05749483022965941,-0.10499265938658223,1.0,0.0
Milwaukee,2000-06-19 20:00:00,0.0,0.34619647541530363,0.3583954550705775,0.3666255582259426,-0.05749483022965941,-0.10499265938658223,1.0,0.0
Milwaukee,2000-06-19 21:00:00,0.0,0.34619647541530363,0.3583954550705775,0.3666255582259426,-0.05749483022965941,-0.10499265938658223,1.0,0.0
Milwaukee,2000-06-19 22:00:00,0.0,0.34619647541530363,0.3583954550705775,0.3666255582259426,-0.05749483022965941,-0.10499265938658223,1.0,0.0
Milwaukee,2000-06-19 23:00:00,0.0,0.34619647541530363,0.3583954550705775,0.3666255582259426,-0.05749483022965941,-0.10499265938658223,1.0,0.0
Milwaukee,2000-06-20 00:00:00,0.0,0.34619647541530363,0.3583954550705775,0.3666255582259426,-0.05749483022965941,-0.10499265938658223,1.0,0.0
Milwaukee,2000-06-20 01:00:00,0.0,0.34619647541530363,0.3583954550705775,0.3666255582259426,-0.05749483022965941,-0.10499265938658223,1.0,0.0
Milwaukee,2000-06-20 02:00:00,0.0,0.34619647541530363,0.3583954550705775,0.3666255582259426,-0.05749483022965941,-0.10499265938658223,1.0,0.0
Milwaukee,2000-06-20 03:00:00,0.0,0.34619647541530363,0.3583954550705775,0.3666255582259426,-0.05749483022965941,-0.10499265938658223,1.0,0.0
Milwaukee,2000-06-20 04:00:00,0.0,0.34619647541530363,0.3583954550705775,0.3666255582259426,-0.05749483022965941,-0.10499265938658223,1.0,0.0
Milwaukee,2000-06-20 05:00:00,0.0,0.34619647541530363,0.3583954550705775,0.3666255582259426,-0.05749483022965941,-0.10499265938658223,1.0,0.0
Milwaukee,2000-06-20 06:00:00,0.0,0.34619647541530363,0.3583954550705775,0.3666255582259426,-0.05749483022965941,-0.10499265938658223,1.0,0.0
Milwaukee,2000-06-20 07:00:00,0.0,0.34619647541530363,0.3583954550705775,0.3666255582259426,-0.05749483022965941,-0.10499265938658223,1.0,0.0
Milwaukee,2000-06-20 08:00:00,0.0,0.34619647541530363,0.3583954550705775,0.3666255582259426,-0.05749483022965941,-0.10499265938658223,1.0,0.0
Milwaukee,2000-06-20 09:00:00,0.0,0.34619647541530363,0.3583954550705775,0.3666255582259426,-0.05749483022965941,-0.10499265938658223,1.0,0.0
Milwaukee,2000-06-20 10:00:00,0.0,0.34619647541530363,0.3583954550705775,0.3666255582259426,-0.05749483022965941,-0.10499265938658223,1.0,0.0
Milwaukee,2000-06-20 11:00:00,0.20000000298023224,0.4036312859866724,0.40082695074191593,0.4055009521190948,0.2132605250572452,0.1903506171259148,0.8925731429893989,0.17851463125795505
Milwaukee,2000-06-20 12:00:00,0.20000000298023224,0.4036312859866724,0.40082695074191593,0.4055009521190948,0.2132605250572452,0.1903506171259148,0.8925731429893989,0.17851463125795505
Milwaukee,2000-06-20 13:00:00,0.9000000134110451,0.5915727882419518,0.543183605811401,0.5362334205342039,1.1609042685614115,1.2240520849196546,1.05439536925512,0.9489558464701519
Milwaukee,2000-06-20 14:00:00,0.6000000089406967,0.5149511800867037,0.4839791863801989,0.48170736485828647,0.7547712356310545,0.7810371701509091,1.0347998615738105,0.6208799261961181
Milwaukee,2000-06-20 15:00:00,0.30000000447034836,0.4321218104209064,0.4219192462835154,0.42481437583882836,0.3486382027006978,0.3380222553821637,0.9695502465412611,0.2908650782966057
Milwaukee,2000-06-20 16:00:00,0.20000000298023224,0.4036312859866724,0.40082695074191593,0.4055009521190948,0.2132605250572452,0.1903506171259148,0.8925731429893989,0.17851463125795505
Milwaukee,2000-06-20 17:00:00,0.4000000059604645,0.4602572840073257,0.44284563734884813,0.44398150563378375,0.4840158803441499,0.4856938936384119,1.0034668558665243,0.40138674832773824
Milwaukee,2000-06-20 18:00:00,0.20000000298023224,0.4036312859866724,0.40082695074191593,0.4055009521190948,0.2132605250572452,0.1903506171259148,0.8925731429893989,0.17851463125795505
Milwaukee,2000-06-20 19:00:00,0.20000000298023224,0.4036312859866724,0.40082695074191593,0.4055009521190948,0.2132605250572452,0.1903506171259148,0.8925731429893989,0.17851463125795505
Milwaukee,2000-06-20 20:00:00,0.4000000059604645,0.4602572840073257,0.44284563734884813,0.44398150563378375,0.4840158803441499,0.4856938936384119,1.0034668558665243,0.40138674832773824
Milwaukee,2000-06-20 21:00:00,0.10000000149011612,0.37493462778701603,0.37963028842970437,0.38608798432978486,0.077882847413793,0.04267897886966643,0.5479894519381427,0.05479894601038219
Milwaukee,2000-06-20 22:00:00,0.0,0.34619647541530363,0.3583954550705775,0.3666255582259426,-0.05749483022965941,-0.10499265938658223,1.0,0.0
Milwaukee,2000-06-20 23:00:00,0.0,0.34619647541530363,0.3583954550705775,0.3666255582259426,-0.05749483022965941,-0.10499265938658223,1.0,0.0
Milwaukee,2000-06-21 00:00:00,0.0,0.34619647541530363,0.3583954550705775,0.3666255582259426,-0.05749483022965941,-0.10499265938658223,1.0,0.0
Milwaukee,2000-06-21 01:00:00,0.0,0.34619647541530363,0.3583954550705775,0.3666255582259426,-0.05749483022965941,-0.10499265938658223,1.0,0.0
Milwaukee,2000-06-21 02:00:00,0.0,0.34619647541530363,0.3583954550705775,0.3666255582259426,-0.05749483022965941,-0.10499265938658223,1.0,0.0
Milwaukee,2000-06-21 03:00:00,0.0,0.34619647541530363,0.3583954550705775,0.3666255582259426,-0.05749483022965941,-0.10499265938658223,1.0,0.0
Milwaukee,2000-06-21 04:00:00,0.0,0.34619647541530363,0.3583954550705775,0.3666255582259426,-0.05749483022965941,-0.10499265938658223,1.0,0.0
Milwaukee,2000-06-21 05:00:00,0.0,0.34619647541530363,0.3583954550705775,0.3666255582259426,-0.05749483022965941,-0.10499265938658223,1.0,0.0
Milwaukee,2000-06-21 06:00:00,0.0,0.34619647541530363,0.3583954550705775,0.3666255582259426,-0.05749483022965941,-0.10499265938658223,1.0,0.0
Milwaukee,2000-06-21 07:00:00,0.0,0.34619647541530363,0.3583954550705775,0.3666255582259426,-0.05749483022965941,-0.10499265938658223,1.0,0.0
Milwaukee,2000-06-21 08:00:00,0.0,0.34619647541530363,0.3583954550705775,0.3666255582259426,-0.05749483022965941,-0.10499265938658223,1.0,0.0
Milwaukee,2000-06-21 09:00:00,0.0,0.34619647541530363,0.3583954550705775,0.3666255582259426,-0.05749483022965941,-0.10499265938658223,1.0,0.0
Milwaukee,2000-06-21 10:00:00,0.0,0.34619647541530363,0.3583954550705775,0.3666255582259426,-0.05749483022965941,-0.10499265938658223,1.0,0.0
Milwaukee,2000-06-21 11:00:00,0.0,0.34619647541530363,0.3583954550705775,0.3666255582259426,-0.05749483022965941,-0.10499265938658223,1.0,0.0
Milwaukee,2000-06-21 12:00:00,0.0,0.34619647541530363,0.3583954550705775,0.3666255582259426,-0.05749483022965941,-0.10499265938658223,1.0,0.0
Milwaukee,2000-06-21 13:00:00,0.0,0.34619647541530363,0.3583954550705775,0.3666255582259426,-0.05749483022965941,-0.10499265938658223,1.0,0.0
Milwaukee,2000-06-21 14:00:00,0.0,0.34619647541530363,0.3583954550705775,0.3666255582259426,-0.05749483022965941,-0.10499265938658223,1.0,0.0
Milwaukee,2000-06-21 15:00:00,0.0,0.34619647541530363,0.3583954550705775,0.3666255582259426,-0.05749483022965941,-0.10499265938658223,1.0,0.0
Milwaukee,2000-06-21 16:00:00,0.0,0.34619647541530363,0.3583954550705775,0.3666255582259426,-0.05749483022965941,-0.10499265938658223,1.0,0.0
Milwaukee,2000-06-21 17:00:00,0.0,0.34619647541530363,0.3583954550705775,0.3666255582259426,-0.05749483022965941,-0.10499265938658223,1.0,0.0
Milwaukee,2000-06-21 18:00:00,0.0,0.34619647541530363,0.3583954550705775,0.3666255582259426,-0.05749483022965941,-0.10499265938658223,1.0,0.0
Milwaukee,2000-06-21 19:00:00,0.0,0.34619647541530363,0.3583954550705775,0.3666255582259426,-0.05749483022965941,-0.10499265938658223,1.0,0.0
Milwaukee,2000-06-21 20:00:00,0.0,0.34619647541530363,0.3583954550705775,0.3666255582259426,-0.05749483022965941,-0.10499265938658223,1.0,0.0
Milwaukee,2000-06-21 21:00:00,0.0,0.34619647541530363,0.3583954550705775,0.3666255582259426,-0.05749483022965941,-0.10499265938658223,1.0,0.0
Milwaukee,2000-06-21 22:00:00,0.0,0.34619647541530363,0.3583954550705775,0.3666255582259426,-0.05749483022965941,-0.10499265938658223,1.0,0.0
Milwaukee,2000-06-21 23:00:00,0.0,0.34619647541530363,0.3583954550705775,0.3666255582259426,-0.05749483022965941,-0.10499265938658223,1.0,0.0
Milwaukee,2000-06-22 00:00:00,0.0,0.34619647541530363,0.3583954550705775,0.3666255582259426,-0.05749483022965941,-0.10499265938658223,1.0,0.0
Milwaukee,2000-06-22 01:00:00,0.0,0.34619647541530363,0.3583954550705775,0.3666255582259426,-0.05749483022965941,-0.10499265938658223,1.0,0.0
Milwaukee,2000-06-22 02:00:00,0.0,0.34619647541530363,0.3583954550705775,0.3666255582259426,-0.05749483022965941,-0.10499265938658223,1.0,0.0
Milwaukee,2000-06-22 03:00:00,0.0,0.34619647541530363,0.3583954550705775,0.3666255582259426,-0.05749483022965941,-0.10499265938658223,1.0,0.0
Milwaukee,2000-06-22 04:00:00,0.0,0.34619647541530363,0.3583954550705775,0.3666255582259426,-0.05749483022965941,-0.10499265938658223,1.0,0.0
Milwaukee,2000-06-22 05:00:00,0.0,0.34619647541530363,0.3583954550705775,0.3666255582259426,-0.05749483022965941,-0.10499265938658223,1.0,0.0
Milwaukee,2000-06-22 06:00:00,0.0,0.34619647541530363,0.3583954550705775,0.3666255582259426,-0.05749483022965941,-0.10499265938658223,1.0,0.0
Milwaukee,2000-06-22 07:00:00,0.0,0.34619647541530363,0.3583954550705775,0.3666255582259426,-0.05749483022965941,-0.10499265938658223,1.0,0.0
Milwaukee,2000-06-22 08:00:00,0.0,0.34619647541530363,0.3583954550705775,0.3666255582259426,-0.05749483022965941,-0.10499265938658223,1.0,0.0
Milwaukee,2000-06-22 09:00:00,0.0,0.34619647541530363,0.3583954550705775,0.3666255582259426,-0.05749483022965941,-0.10499265938658223,1.0,0.0
Milwaukee,2000-06-22 10:00:00,0.0,0.34619647541530363,0.3583954550705775,0.3666255582259426,-0.05749483022965941,-0.10499265938658223,1.0,0.0
Milwaukee,2000-06-22 11:00:00,0.0,0.34619647541530363,0.3583954550705775,0.3666255582259426,-0.05749483022965941,-0.10499265938658223,1.0,0.0
Milwaukee,2000-06-22 12:00:00,0.0,0.34619647541530363,0.3583954550705775,0.3666255582259426,-0.05749483022965941,-0.10499265938658223,1.0,0.0
Milwaukee,2000-06-22 13:00:00,0.0,0.34619647541530363,0.3583954550705775,0.3666255582259426,-0.05749483022965941,-0.10499265938658223,1.0,0.0
Milwaukee,2000-06-22 14:00:00,0.0,0.34619647541530363,0.3583954550705775,0.3666255582259426,-0.05749483022965941,-0.10499265938658223,1.0,0.0
Milwaukee,2000-06-22 15:00:00,0.0,0.34619647541530363,0.3583954550705775,0.3666255582259426,-0.05749483022965941,-0.10499265938658223,1.0,0.0
Milwaukee,2000-06-22 16:00:00,0.0,0.34619647541530363,0.3583954550705775,0.3666255582259426,-0.05749483022965941,-0.10499265938658223,1.0,0.0
Milwaukee,2000-06-22 17:00:00,0.0,0.34619647541530363,0.3583954550705775,0.3666255582259426,-0.05749483022965941,-0.10499265938658223,1.0,0.0
Milwaukee,2000-06-22 18:00:00,0.0,0.34619647541530363,0.3583954550705775,0.3666255582259426,-0.05749483022965941,-0.10499265938658223,1.0,0.0
Milwaukee,2000-06-22 19:00:00,0.0,0.34619647541530363,0.3583954550705775,0.3666255582259426,-0.05749483022965941,-0.10499265938658223,1.0,0.0
Milwaukee,2000-06-22 20:00:00,0.0,0.34619647541530363,0.3583954550705775,0.3666255582259426,-0.05749483022965941,-0.10499265938658223,1.0,0.0
Milwaukee,2000-06-22 21:00:00,0.0,0.34619647541530363,0.3583954550705775,0.3666255582259426,-0.05749483022965941,-0.10499265938658223,1.0,0.0
Milwaukee,2000-06-22 22:00:00,0.0,0.34619647541530363,0.3583954550705775,0.3666255582259426,-0.05749483022965941,-0.10499265938658223,1.0,0.0
Milwaukee,2000-06-22 23:00:00,0.0,0.34619647541530363,0.3583954550705775,0.3666255582259426,-0.05749483022965941,-0.10499265938658223,1.0,0.0
Milwaukee,2000-06-23 00:00:00,0.0,0.34619647541530363,0.3583954550705775,0.3666255582259426,-0.05749483022965941,-0.10499265938658223,1.0,0.0
Milwaukee,2000-06-23 01:00:00,0.0,0.34619647541530363,0.3583954550705775,0.3666255582259426,-0.05749483022965941,-0.10499265938658223,1.0,0.0
Milwaukee,2000-06-23 02:00:00,0.0,0.34619647541530363,0.3583954550705775,0.3666255582259426,-0.05749483022965941,-0.10499265938658223,1.0,0.0
Milwaukee,2000-06-23 03:00:00,0.0,0.34619647541530363,0.3583954550705775,0.3666255582259426,-0.05749483022965941,-0.10499265938658223,1.0,0.0
Milwaukee,2000-06-23 04:00:00,0.0,0.34619647541530363,0.3583954550705775,0.3666255582259426,-0.05749483022965941,-0.10499265938658223,1.0,0.0
Milwaukee,2000-06-23 05:00:00,0.0,0.34619647541530363,0.3583954550705775,0.3666255582259426,-0.05749483022965941,-0.10499265938658223,1.0,0.0
Milwaukee,2000-06-23 06:00:00,0.0,0.34619647541530363,0.3583954550705775,0.3666255582259426,-0.05749483022965941,-0.10499265938658223,1.0,0.0
Milwaukee,2000-06-23 07:00:00,0.0,0.34619647541530363,0.3583954550705775,0.3666255582259426,-0.05749483022965941,-0.10499265938658223,1.0,0.0
Milwaukee,2000-06-23 08:00:00,0.0,0.34619647541530363,0.3583954550705775,0.3666255582259426,-0.05749483022965941,-0.10499265938658223,1.0,0.0
Milwaukee,2000-06-23 09:00:00,0.0,0.34619647541530363,0.3583954550705775,0.3666255582259426,-0.05749483022965941,-0.10499265938658223,1.0,0.0
Milwaukee,2000-06-23 10:00:00,0.0,0.34619647541530363,0.3583954550705775,0.3666255582259426,-0.05749483022965941,-0.10499265938658223,1.0,0.0
Milwaukee,2000-06-23 11:00:00,0.0,0.34619647541530363,0.3583954550705775,0.3666255582259426,-0.05749483022965941,-0.10499265938658223,1.0,0.0
Milwaukee,2000-06-23 12:00:00,0.0,0.34619647541530363,0.3583954550705775,0.3666255582259426,-0.05749483022965941,-0.10499265938658223,1.0,0.0
Milwaukee,2000-06-23 13:00:00,0.0,0.34619647541530363,0.3583954550705775,0.3666255582259426,-0.05749483022965941,-0.10499265938658223,1.0,0.0
Milwaukee,2000-06-23 14:00:00,0.0,0.34619647541530363,0.3583954550705775,0.3666255582259426,-0.05749483022965941,-0.10499265938658223,1.0,0.0
Milwaukee,2000-06-23 15:00:00,0.0,0.34619647541530363,0.3583954550705775,0.3666255582259426,-0.05749483022965941,-0.10499265938658223,1.0,0.0
Milwaukee,2000-06-23 16:00:00,0.0,0.34619647541530363,0.3583954550705775,0.3666255582259426,-0.05749483022965941,-0.10499265938658223,1.0,0.0
Milwaukee,2000-06-23 17:00:00,0.0,0.34619647541530363,0.3583954550705775,0.3666255582259426,-0.05749483022965941,-0.10499265938658223,1.0,0.0
Milwaukee,2000-06-23 18:00:00,0.0,0.34619647541530363,0.3583954550705775,0.3666255582259426,-0.05749483022965941,-0.10499265938658223,1.0,0.0
Milwaukee,2000-06-23 19:00:00,0.0,0.34619647541530363,0.3583954550705775,0.3666255582259426,-0.05749483022965941,-0.10499265938658223,1.0,0.0
Milwaukee,2000-06-23 20:00:00,0.0,0.34619647541530363,0.3583954550705775,0.3666255582259426,-0.05749483022965941,-0.10499265938658223,1.0,0.0
Milwaukee,2000-06-23 21:00:00,0.0,0.34619647541530363,0.3583954550705775,0.3666255582259426,-0.05749483022965941,-0.10499265938658223,1.0,0.0
Milwaukee,2000-06-23 22:00:00,0.0,0.34619647541530363,0.3583954550705775,0.3666255582259426,-0.05749483022965941,-0.10499265938658223,1.0,0.0
Milwaukee,2000-06-23 23:00:00,0.0,0.34619647541530363,0.3583954550705775,0.3666255582259426,-0.05749483022965941,-0.10499265938658223,1.0,0.0
Milwaukee,2000-06-24 00:00:00,0.0,0.34619647541530363,0.3583954550705775,0.3666255582259426,-0.05749483022965941,-0.10499265938658223,1.0,0.0
Milwaukee,2000-06-24 01:00:00,0.0,0.34619647541530363,0.3583954550705775,0.3666255582259426,-0.05749483022965941,-0.10499265938658223,1.0,0.0
Milwaukee,2000-06-24 02:00:00,0.0,0.34619647541530363,0.3583954550705775,0.3666255582259426,-0.05749483022965941,-0.10499265938658223,1.0,0.0
Milwaukee,2000-06-24 03:00:00,0.0,0.34619647541530363,0.3583954550705775,0.3666255582259426,-0.05749483022965941,-0.10499265938658223,1.0,0.0
Milwaukee,2000-06-24 04:00:00,0.0,0.34619647541530363,0.3583954550705775,0.3666255582259426,-0.05749483022965941,-0.10499265938658223,1.0,0.0
Milwaukee,2000-06-24 05:00:00,0.0,0.34619647541530363,0.3583954550705775,0.3666255582259426,-0.05749483022965941,-0.10499265938658223,1.0,0.0
Milwaukee,2000-06-24 06:00:00,0.0,0.34619647541530363,0.3583954550705775,0.3666255582259426,-0.05749483022965941,-0.10499265938658223,1.0,0.0
Milwaukee,2000-06-24 07:00:00,0.0,0.34619647541530363,0.3583954550705775,0.3666255582259426,-0.05749483022965941,-0.10499265938658223,1.0,0.0
Milwaukee,2000-06-24 08:00:00,0.0,0.34619647541530363,0.3583954550705775,0.3666255582259426,-0.05749483022965941,-0.10499265938658223,1.0,0.0
Milwaukee,2000-06-24 09:00:00,0.0,0.34619647541530363,0.3583954550705775,0.3666255582259426,-0.05749483022965941,-0.10499265938658223,1.0,0.0
Milwaukee,2000-06-24 10:00:00,0.0,0.34619647541530363,0.3583954550705775,0.3666255582259426,-0.05749483022965941,-0.10499265938658223,1.0,0.0
Milwaukee,2000-06-24 11:00:00,0.0,0.34619647541530363,0.3583954550705775,0.3666255582259426,-0.05749483022965941,-0.10499265938658223,1.0,0.0
Milwaukee,2000-06-24 12:00:00,0.0,0.34619647541530363,0.3583954550705775,0.3666255582259426,-0.05749483022965941,-0.10499265938658223,1.0,0.0
Milwaukee,2000-06-24 13:00:00,0.0,0.34619647541530363,0.3583954550705775,0.3666255582259426,-0.05749483022965941,-0.10499265938658223,1.0,0.0
Milwaukee,2000-06-24 14:00:00,0.0,0.34619647541530363,0.3583954550705775,0.3666255582259426,-0.05749483022965941,-0.10499265938658223,1.0,0.0
Milwaukee,2000-06-24 15:00:00,0.0,0.34619647541530363,0.3583954550705775,0.3666255582259426,-0.05749483022965941,-0.10499265938658223,1.0,0.0
Milwaukee,2000-06-24 16:00:00,0.0,0.34619647541530363,0.3583954550705775,0.3666255582259426,-0.05749483022965941,-0.10499265938658223,1.0,0.0
Milwaukee,2000-06-24 17:00:00,0.0,0.34619647541530363,0.3583954550705775,0.3666255582259426,-0.05749483022965941,-0.10499265938658223,1.0,0.0
Milwaukee,2000-06-24 18:00:00,0.0,0.34619647541530363,0.3583954550705775,0.3666255582259426,-0.05749483022965941,-0.10499265938658223,1.0,0.0
Milwaukee,2000-06-24 19:00:00,0.0,0.34619647541530363,0.3583954550705775,0.3666255582259426,-0.05749483022965941,-0.10499265938658223,1.0,0.0
Milwaukee,2000-06-24 20:00:00,0.0,0.34619647541530363,0.3583954550705775,0.3666255582259426,-0.05749483022965941,-0.10499265938658223,1.0,0.0
Milwaukee,2000-06-24 21:00:00,0.10000000149011612,0.37493462778701603,0.37963028842970437,0.38608798432978486,0.077882847413793,0.04267897886966643,0.5479894519381427,0.05479894601038219
Milwaukee,2000-06-24 22:00:00,0.10000000149011612,0.37493462778701603,0.37963028842970437,0.38608798432978486,0.077882847413793,0.04267897886966643,0.5479894519381427,0.05479894601038219
Milwaukee,2000-06-24 23:00:00,0.10000000149011612,0.37493462778701603,0.37963028842970437,0.38608798432978486,0.077882847413793,0.04267897886966643,0.5479894519381427,0.05479894601038219
Milwaukee,2000-06-25 00:00:00,0.20000000298023224,0.4036312859866724,0.40082695074191593,0.4055009521190948,0.2132605250572452,0.1903506171259148,0.8925731429893989,0.17851463125795505
Milwaukee,2000-06-25 01:00:00,0.10000000149011612,0.37493462778701603,0.37963028842970437,0.38608798432978486,0.077882847413793,0.04267897886966643,0.5479894519381427,0.05479894601038219
Milwaukee,2000-06-25 02:00:00,0.0,0.34619647541530363,0.3583954550705775,0.3666255582259426,-0.05749483022965941,-0.10499265938658223,1.0,0.0
Milwaukee,2000-06-25 03:00:00,0.0,0.34619647541530363,0.3583954550705775,0.3666255582259426,-0.05749483022965941,-0.10499265938658223,1.0,0.0
Milwaukee,2000-06-25 04:00:00,0.0,0.34619647541530363,0.3583954550705775,0.3666255582259426,-0.05749483022965941,-0.10499265938658223,1.0,0.0
Milwaukee,2000-06-25 05:00:00,0.0,0.34619647541530363,0.3583954550705775,0.3666255582259426,-0.05749483022965941,-0.10499265938658223,1.0,0.0
Milwaukee,2000-06-25 06:00:00,0.0,0.34619647541530363,0.3583954550705775,0.3666255582259426,-0.05749483022965941,-0.10499265938658223,1.0,0.0
Milwaukee,2000-06-25 07:00:00,0.0,0.34619647541530363,0.3583954550705775,0.3666255582259426,-0.05749483022965941,-0.10499265938658223,1.0,0.0
Milwaukee,2000-06-25 08:00:00,0.0,0.34619647541530363,0.3583954550705775,0.3666255582259426,-0.05749483022965941,-0.10499265938658223,1.0,0.0
Milwaukee,2000-06-25 09:00:00,0.0,0.34619647541530363,0.3583954550705775,0.3666255582259426,-0.05749483022965941,-0.10499265938658223,1.0,0.0
Milwaukee,2000-06-25 10:00:00,0.0,0.34619647541530363,0.3583954550705775,0.3666255582259426,-0.05749483022965941,-0.10499265938658223,1.0,0.0
Milwaukee,2000-06-25 11:00:00,0.0,0.34619647541530363,0.3583954550705775,0.3666255582259426,-0.05749483022965941,-0.10499265938658223,1.0,0.0
Milwaukee,2000-06-25 12:00:00,0.0,0.34619647541530363,0.3583954550705775,0.3666255582259426,-0.05749483022965941,-0.10499265938658223,1.0,0.0
Milwaukee,2000-06-25 13:00:00,0.0,0.34619647541530363,0.3583954550705775,0.3666255582259426,-0.05749483022965941,-0.10499265938658223,1.0,0.0
Milwaukee,2000-06-25 14:00:00,0.0,0.34619647541530363,0.3583954550705775,0.3666255582259426,-0.05749483022965941,-0.10499265938658223,1.0,0.0
Milwaukee,2000-06-25 15:00:00,0.0,0.34619647541530363,0.3583954550705775,0.3666255582259426,-0.05749483022965941,-0.10499265938658223,1.0,0.0
Milwaukee,2000-06-25 16:00:00,0.0,0.34619647541530363,0.3583954550705775,0.3666255582259426,-0.05749483022965941,-0.10499265938658223,1.0,0.0
Milwaukee,2000-06-25 17:00:00,0.0,0.34619647541530363,0.3583954550705775,0.3666255582259426,-0.05749483022965941,-0.10499265938658223,1.0,0.0
Milwaukee,2000-06-25 18:00:00,0.0,0.34619647541530363,0.3583954550705775,0.3666255582259426,-0.05749483022965941,-0.10499265938658223,1.0,0.0
Milwaukee,2000-06-25 19:00:00,0.0,0.34619647541530363,0.3583954550705775,0.3666255582259426,-0.05749483022965941,-0.10499265938658223,1.0,0.0
Milwaukee,2000-06-25 20:00:00,0.0,0.34619647541530363,0.3583954550705775,0.3666255582259426,-0.05749483022965941,-0.10499265938658223,1.0,0.0
Milwaukee,2000-06-25 21:00:00,0.0,0.34619647541530363,0.3583954550705775,0.3666255582259426,-0.05749483022965941,-0.10499265938658223,1.0,0.0
Milwaukee,2000-06-25 22:00:00,0.0,0.34619647541530363,0.3583954550705775,0.3666255582259426,-0.05749483022965941,-0.10499265938658223,1.0,0.0
Milwaukee,2000-06-25 23:00:00,0.0,0.34619647541530363,0.3583954550705775,0.3666255582259426,-0.05749483022965941,-0.10499265938658223,1.0,0.0
Milwaukee,2000-06-26 00:00:00,0.0,0.34619647541530363,0.3583954550705775,0.3666255582259426,-0.05749483022965941,-0.10499265938658223,1.0,0.0
Milwaukee,2000-06-26 01:00:00,0.0,0.34619647541530363,0.3583954550705775,0.3666255582259426,-0.05749483022965941,-0.10499265938658223,1.0,0.0
Milwaukee,2000-06-26 02:00:00,0.0,0.34619647541530363,0.3583954550705775,0.3666255582259426,-0.05749483022965941,-0.10499265938658223,1.0,0.0
Milwaukee,2000-06-26 03:00:00,0.0,0.34619647541530363,0.3583954550705775,0.3666255582259426,-0.05749483022965941,-0.10499265938658223,1.0,0.0
Milwaukee,2000-06-26 04:00:00,0.0,0.34619647541530363,0.3583954550705775,0.3666255582259426,-0.05749483022965941,-0.10499265938658223,1.0,0.0
Milwaukee,2000-06-26 05:00:00,0.0,0.34619647541530363,0.3583954550705775,0.3666255582259426,-0.05749483022965941,-0.10499265938658223,1.0,0.0
Milwaukee,2000-06-26 06:00:00,0.0,0.34619647541530363,0.3583954550705775,0.3666255582259426,-0.05749483022965941,-0.10499265938658223,1.0,0.0
Milwaukee,2000-06-26 07:00:00,0.0,0.34619647541530363,0.3583954550705775,0.3666255582259426,-0.05749483022965941,-0.10499265938658223,1.0,0.0
Milwaukee,2000-06-26 08:00:00,0.0,0.34619647541530363,0.3583954550705775,0.3666255582259426,-0.05749483022965941,-0.10499265938658223,1.0,0.0
Milwaukee,2000-06-26 09:00:00,0.0,0.34619647541530363,0.3583954550705775,0.3666255582259426,-0.05749483022965941,-0.10499265938658223,1.0,0.0
Milwaukee,2000-06-26 10:00:00,0.0,0.34619647541530363,0.3583954550705775,0.3666255582259426,-0.05749483022965941,-0.10499265938658223,1.0,0.0
Milwaukee,2000-06-26 11:00:00,0.0,0.34619647541530363,0.3583954550705775,0.3666255582259426,-0.05749483022965941,-0.10499265938658223,1.0,0.0
Milwaukee,2000-06-26 12:00:00,0.0,0.34619647541530363,0.3583954550705775,0.3666255582259426,-0.05749483022965941,-0.10499265938658223,1.0,0.0
Milwaukee,2000-06-26 13:00:00,0.10000000149011612,0.37493462778701603,0.37963028842970437,0.38608798432978486,0.077882847413793,0.04267897886966643,0.5479894519381427,0.05479894601038219
Milwaukee,2000-06-26 14:00:00,0.10000000149011612,0.37493462778701603,0.37963028842970437,0.38608798432978486,0.077882847413793,0.04267897886966643,0.5479894519381427,0.05479894601038219
Milwaukee,2000-06-26 15:00:00,0.10000000149011612,0.37493462778701603,0.37963028842970437,0.38608798432978486,0.077882847413793,0.04267897886966643,0.5479894519381427,0.05479894601038219
Milwaukee,2000-06-26 16:00:00,0.0,0.34619647541530363,0.3583954550705775,0.3666255582259426,-0.05749483022965941,-0.10499265938658223,1.0,0.0
Milwaukee,2000-06-26 17:00:00,0.0,0.34619647541530363,0.3583954550705775,0.3666255582259426,-0.05749483022965941,-0.10499265938658223,1.0,0.0
Milwaukee,2000-06-26 18:00:00,0.0,0.34619647541530363,0.3583954550705775,0.3666255582259426,-0.05749483022965941,-0.10499265938658223,1.0,0.0
Milwaukee,2000-06-26 19:00:00,0.0,0.34619647541530363,0.3583954550705775,0.3666255582259426,-0.05749483022965941,-0.10499265938658223,1.0,0.0
Milwaukee,2000-06-26 20:00:00,0.0,0.34619647541530363,0.3583954550705775,0.3666255582259426,-0.05749483022965941,-0.10499265938658223,1.0,0.0
Milwaukee,2000-06-26 21:00:00,0.0,0.34619647541530363,0.3583954550705775,0.3666255582259426,-0.05749483022965941,-0.10499265938658223,1.0,0.0
Milwaukee,2000-06-26 22:00:00,0.0,0.34619647541530363,0.3583954550705775,0.3666255582259426,-0.05749483022965941,-0.10499265938658223,1.0,0.0
Milwaukee,2000-06-26 23:00:00,0.0,0.34619647541530363,0.3583954550705775,0.3666255582259426,-0.05749483022965941,-0.10499265938658223,1.0,0.0
Milwaukee,2000-06-27 00:00:00,0.0,0.34619647541530363,0.3583954550705775,0.3666255582259426,-0.05749483022965941,-0.10499265938658223,1.0,0.0
Milwaukee,2000-06-27 01:00:00,0.0,0.34619647541530363,0.3583954550705775,0.3666255582259426,-0.05749483022965941,-0.10499265938658223,1.0,0.0
Milwaukee,2000-06-27 02:00:00,0.0,0.34619647541530363,0.3583954550705775,0.3666255582259426,-0.05749483022965941,-0.10499265938658223,1.0,0.0
Milwaukee,2000-06-27 03:00:00,0.0,0.34619647541530363,0.3583954550705775,0.3666255582259426,-0.05749483022965941,-0.10499265938658223,1.0,0.0
Milwaukee,2000-06-27 04:00:00,0.0,0.34619647541530363,0.3583954550705775,0.3666255582259426,-0.05749483022965941,-0.10499265938658223,1.0,0.0
Milwaukee,2000-06-27 05:00:00,0.0,0.34619647541530363,0.3583954550705775,0.3666255582259426,-0.05749483022965941,-0.10499265938658223,1.0,0.0
Milwaukee,2000-06-27 06:00:00,0.0,0.34619647541530363,0.3583954550705775,0.3666255582259426,-0.05749483022965941,-0.10499265938658223,1.0,0.0
Milwaukee,2000-06-27 07:00:00,0.0,0.34619647541530363,0.3583954550705775,0.3666255582259426,-0.05749483022965941,-0.10499265938658223,1.0,0.0
Milwaukee,2000-06-27 08:00:00,0.0,0.34619647541530363,0.3583954550705775,0.3666255582259426,-0.05749483022965941,-0.10499265938658223,1.0,0.0
Milwaukee,2000-06-27 09:00:00,0.0,0.34619647541530363,0.3583954550705775,0.3666255582259426,-0.05749483022965941,-0.10499265938658223,1.0,0.0
Milwaukee,2000-06-27 10:00:00,0.0,0.34619647541530363,0.3583954550705775,0.3666255582259426,-0.05749483022965941,-0.10499265938658223,1.0,0.0
Milwaukee,2000-06-27 11:00:00,0.0,0.34619647541530363,0.3583954550705775,0.3666255582259426,-0.05749483022965941,-0.10499265938658223,1.0,0.0
Milwaukee,2000-06-27 12:00:00,0.0,0.34619647541530363,0.3583954550705775,0.3666255582259426,-0.05749483022965941,-0.10499265938658223,1.0,0.0
Milwaukee,2000-06-27 13:00:00,0.0,0.34619647541530363,0.3583954550705775,0.3666255582259426,-0.05749483022965941,-0.10499265938658223,1.0,0.0
Milwaukee,2000-06-27 14:00:00,0.0,0.34619647541530363,0.3583954550705775,0.3666255582259426,-0.05749483022965941,-0.10499265938658223,1.0,0.0
Milwaukee,2000-06-27 15:00:00,0.0,0.34619647541530363,0.3583954550705775,0.3666255582259426,-0.05749483022965941,-0.10499265938658223,1.0,0.0
Milwaukee,2000-06-27 16:00:00,0.0,0.34619647541530363,0.3583954550705775,0.3666255582259426,-0.05749483022965941,-0.10499265938658223,1.0,0.0
Milwaukee,2000-06-27 17:00:00,0.0,0.34619647541530363,0.3583954550705775,0.3666255582259426,-0.05749483022965941,-0.10499265938658223,1.0,0.0
Milwaukee,2000-06-27 18:00:00,0.0,0.34619647541530363,0.3583954550705775,0.3666255582259426,-0.05749483022965941,-0.10499265938658223,1.0,0.0
Milwaukee,2000-06-27 19:00:00,0.0,0.34619647541530363,0.3583954550705775,0.3666255582259426,-0.05749483022965941,-0.10499265938658223,1.0,0.0
Milwaukee,2000-06-27 20:00:00,0.0,0.34619647541530363,0.3583954550705775,0.3666255582259426,-0.05749483022965941,-0.10499265938658223,1.0,0.0
Milwaukee,2000-06-27 21:00:00,0.0,0.34619647541530363,0.3583954550705775,0.3666255582259426,-0.05749483022965941,-0.10499265938658223,1.0,0.0
Milwaukee,2000-06-27 22:00:00,0.0,0.34619647541530363,0.3583954550705775,0.3666255582259426,-0.05749483022965941,-0.10499265938658223,1.0,0.0
Milwaukee,2000-06-27 23:00:00,0.0,0.34619647541530363,0.3583954550705775,0.3666255582259426,-0.05749483022965941,-0.10499265938658223,1.0,0.0
Milwaukee,2000-06-28 00:00:00,0.0,0.34619647541530363,0.3583954550705775,0.3666255582259426,-0.05749483022965941,-0.10499265938658223,1.0,0.0
Milwaukee,2000-06-28 01:00:00,0.0,0.34619647541530363,0.3583954550705775,0.3666255582259426,-0.05749483022965941,-0.10499265938658223,1.0,0.0
Milwaukee,2000-06-28 02:00:00,0.0,0.34619647541530363,0.3583954550705775,0.3666255582259426,-0.05749483022965941,-0.10499265938658223,1.0,0.0
Milwaukee,2000-06-28 03:00:00,0.0,0.34619647541530363,0.3583954550705775,0.3666255582259426,-0.05749483022965941,-0.10499265938658223,1.0,0.0
Milwaukee,2000-06-28 04:00:00,0.0,0.34619647541530363,0.3583954550705775,0.3666255582259426,-0.05749483022965941,-0.10499265938658223,1.0,0.0
Milwaukee,2000-06-28 05:00:00,0.0,0.34619647541530363,0.3583954550705775,0.3666255582259426,-0.05749483022965941,-0.10499265938658223,1.0,0.0
Milwaukee,2000-06-28 06:00:00,0.0,0.34619647541530363,0.3583954550705775,0.3666255582259426,-0.05749483022965941,-0.10499265938658223,1.0,0.0
Milwaukee,2000-06-28 07:00:00,0.0,0.34619647541530363,0.3583954550705775,0.3666255582259426,-0.05749483022965941,-0.10499265938658223,1.0,0.0
Milwaukee,2000-06-28 08:00:00,0.0,0.34619647541530363,0.3583954550705775,0.3666255582259426,-0.05749483022965941,-0.10499265938658223,1.0,0.0
Milwaukee,2000-06-28 09:00:00,0.0,0.34619647541530363,0.3583954550705775,0.3666255582259426,-0.05749483022965941,-0.10499265938658223,1.0,0.0
Milwaukee,2000-06-28 10:00:00,0.0,0.34619647541530363,0.3583954550705775,0.3666255582259426,-0.05749483022965941,-0.10499265938658223,1.0,0.0
Milwaukee,2000-06-28 11:00:00,0.0,0.34619647541530363,0.3583954550705775,0.3666255582259426,-0.05749483022965941,-0.10499265938658223,1.0,0.0
Milwaukee,2000-06-28 12:00:00,0.0,0.34619647541530363,0.3583954550705775,0.3666255582259426,-0.05749483022965941,-0.10499265938658223,1.0,0.0
Milwaukee,2000-06-28 13:00:00,0.0,0.34619647541530363,0.3583954550705775,0.3666255582259426,-0.05749483022965941,-0.10499265938658223,1.0,0.0
Milwaukee,2000-06-28 14:00:00,0.10000000149011612,0.37493462778701603,0.37963028842970437,0.38608798432978486,0.077882847413793,0.04267897886966643,0.5479894519381427,0.05479894601038219
Milwaukee,2000-06-28 15:00:00,0.10000000149011612,0.37493462778701603,0.37963028842970437,0.38608798432978486,0.077882847413793,0.04267897886966643,0.5479894519381427,0.05479894601038219
Milwaukee,2000-06-28 16:00:00,0.800000011920929,0.5668587624286637,0.5238351948323483,0.518375294178048,1.0255265909179592,1.0763804466634062,1.0495880420808272,0.8396704461767263
Milwaukee,2000-06-28 17:00:00,0.5000000074505806,0.4879054674974853,0.4635494842166189,0.4629590707286823,0.6193935579876022,0.6333655318946606,1.0225575060103194,0.5112787606238068
Milwaukee,2000-06-28 18:00:00,1.0000000149011612,0.6153868482101035,0.562101850089929,0.5537391217635472,1.296281946204864,1.3717237231759034,1.0581985864972592,1.0581986022656469
Milwaukee,2000-06-28 19:00:00,0.4000000059604645,0.4602572840073257,0.44284563734884813,0.44398150563378375,0.4840158803441499,0.4856938936384119,1.0034668558665243,0.40138674832773824
Milwaukee,2000-06-28 20:00:00,0.4000000059604645,0.4602572840073257,0.44284563734884813,0.44398150563378375,0.4840158803441499,0.4856938936384119,1.0034668558665243,0.40138674832773824
Milwaukee,2000-06-28 21:00:00,0.0,0.34619647541530363,0.3583954550705775,0.3666255582259426,-0.05749483022965941,-0.10499265938658223,1.0,0.0
Milwaukee,2000-06-28 22:00:00,0.0,0.34619647541530363,0.3583954550705775,0.3666255582259426,-0.05749483022965941,-0.10499265938658223,1.0,0.0
Milwaukee,2000-06-28 23:00:00,0.0,0.34619647541530363,0.3583954550705775,0.3666255582259426,-0.05749483022965941,-0.10499265938658223,1.0,0.0
Milwaukee,2000-06-29 00:00:00,0.0,0.34619647541530363,0.3583954550705775,0.3666255582259426,-0.05749483022965941,-0.10499265938658223,1.0,0.0
Milwaukee,2000-06-29 01:00:00,0.0,0.34619647541530363,0.3583954550705775,0.3666255582259426,-0.05749483022965941,-0.10499265938658223,1.0,0.0
Milwaukee,2000-06-29 02:00:00,3.200000047683716,0.9166861556275947,0.8506387739112362,0.8315298808812748,4.274590854360816,4.620499764813372,1.0809221097967003,3.458950802891824
Milwaukee,2000-06-29 03:00:00,0.7000000104308128,0.5412961978369442,0.5040882360000163,0.5001902799477915,0.8901489132745067,0.9287088084071575,1.0433184768948425,0.7303229447090495
Milwaukee,2000-06-29 04:00:00,0.0,0.34619647541530363,0.3583954550705775,0.3666255582259426,-0.05749483022965941,-0.10499265938658223,1.0,0.0
Milwaukee,2000-06-29 05:00:00,0.0,0.34619647541530363,0.3583954550705775,0.3666255582259426,-0.05749483022965941,-0.10499265938658223,1.0,0.0
Milwaukee,2000-06-29 06:00:00,0.0,0.34619647541530363,0.3583954550705775,0.3666255582259426,-0.05749483022965941,-0.10499265938658223,1.0,0.0
Milwaukee,2000-06-29 07:00:00,0.0,0.34619647541530363,0.3583954550705775,0.3666255582259426,-0.05749483022965941,-0.10499265938658223,1.0,0.0
Milwaukee,2000-06-29 08:00:00,0.0,0.34619647541530363,0.3583954550705775,0.3666255582259426,-0.05749483022965941,-0.10499265938658223,1.0,0.0
Milwaukee,2000-06-29 09:00:00,0.0,0.34619647541530363,0.3583954550705775,0.3666255582259426,-0.05749483022965941,-0.10499265938658223,1.0,0.0
Milwaukee,2000-06-29 10:00:00,0.0,0.34619647541530363,0.3583954550705775,0.3666255582259426,-0.05749483022965941,-0.10499265938658223,1.0,0.0
Milwaukee,2000-06-29 11:00:00,0.0,0.34619647541530363,0.3583954550705775,0.3666255582259426,-0.05749483022965941,-0.10499265938658223,1.0,0.0
Milwaukee,2000-06-29 12:00:00,0.0,0.34619647541530363,0.3583954550705775,0.3666255582259426,-0.05749483022965941,-0.10499265938658223,1.0,0.0
Milwaukee,2000-06-29 13:00:00,0.0,0.34619647541530363,0.3583954550705775,0.3666255582259426,-0.05749483022965941,-0.10499265938658223,1.0,0.0
Milwaukee,2000-06-29 14:00:00,0.0,0.34619647541530363,0.3583954550705775,0.3666255582259426,-0.05749483022965941,-0.10499265938658223,1.0,0.0
Milwaukee,2000-06-29 15:00:00,0.0,0.34619647541530363,0.3583954550705775,0.3666255582259426,-0.05749483022965941,-0.10499265938658223,1.0,0.0
Milwaukee,2000-06-29 16:00:00,0.0,0.34619647541530363,0.3583954550705775,0.3666255582259426,-0.05749483022965941,-0.10499265938658223,1.0,0.0
Milwaukee,2000-06-29 17:00:00,0.0,0.34619647541530363,0.3583954550705775,0.3666255582259426,-0.05749483022965941,-0.10499265938658223,1.0,0.0
Milwaukee,2000-06-29 18:00:00,0.0,0.34619647541530363,0.3583954550705775,0.3666255582259426,-0.05749483022965941,-0.10499265938658223,1.0,0.0
Milwaukee,2000-06-29 19:00:00,0.0,0.34619647541530363,0.3583954550705775,0.3666255582259426,-0.05749483022965941,-0.10499265938658223,1.0,0.0
Milwaukee,2000-06-29 20:00:00,0.0,0.34619647541530363,0.3583954550705775,0.3666255582259426,-0.05749483022965941,-0.10499265938658223,1.0,0.0
Milwaukee,2000-06-29 21:00:00,0.0,0.34619647541530363,0.3583954550705775,0.3666255582259426,-0.05749483022965941,-0.10499265938658223,1.0,0.0
Milwaukee,2000-06-29 22:00:00,0.0,0.34619647541530363,0.3583954550705775,0.3666255582259426,-0.05749483022965941,-0.10499265938658223,1.0,0.0
Milwaukee,2000-06-29 23:00:00,0.0,0.34619647541530363,0.3583954550705775,0.3666255582259426,-0.05749483022965941,-0.10499265938658223,1.0,0.0
Milwaukee,2000-06-30 00:00:00,0.0,0.34619647541530363,0.3583954550705775,0.3666255582259426,-0.05749483022965941,-0.10499265938658223,1.0,0.0
Milwaukee,2000-06-30 01:00:00,0.0,0.34619647541530363,0.3583954550705775,0.3666255582259426,-0.05749483022965941,-0.10499265938658223,1.0,0.0
Milwaukee,2000-06-30 02:00:00,0.0,0.34619647541530363,0.3583954550705775,0.3666255582259426,-0.05749483022965941,-0.10499265938658223,1.0,0.0
Milwaukee,2000-06-30 03:00:00,0.0,0.34619647541530363,0.3583954550705775,0.3666255582259426,-0.05749483022965941,-0.10499265938658223,1.0,0.0
Milwaukee,2000-06-30 04:00:00,0.0,0.34619647541530363,0.3583954550705775,0.3666255582259426,-0.05749483022965941,-0.10499265938658223,1.0,0.0
Milwaukee,2000-06-30 05:00:00,0.0,0.34619647541530363,0.3583954550705775,0.3666255582259426,-0.05749483022965941,-0.10499265938658223,1.0,0.0
Milwaukee,2000-06-30 06:00:00,0.0,0.34619647541530363,0.3583954550705775,0.3666255582259426,-0.05749483022965941,-0.10499265938658223,1.0,0.0
Milwaukee,2000-06-30 07:00:00,0.0,0.34619647541530363,0.3583954550705775,0.3666255582259426,-0.05749483022965941,-0.10499265938658223,1.0,0.0
Milwaukee,2000-06-30 08:00:00,0.0,0.34619647541530363,0.3583954550705775,0.3666255582259426,-0.05749483022965941,-0.10499265938658223,1.0,0.0
Milwaukee,2000-06-30 09:00:00,0.0,0.34619647541530363,0.3583954550705775,0.3666255582259426,-0.05749483022965941,-0.10499265938658223,1.0,0.0
Milwaukee,2000-06-30 10:00:00,0.0,0.34619647541530363,0.3583954550705775,0.3666255582259426,-0.05749483022965941,-0.10499265938658223,1.0,0.0
Milwaukee,2000-06-30 11:00:00,0.0,0.34619647541530363,0.3583954550705775,0.3666255582259426,-0.05749483022965941,-0.10499265938658223,1.0,0.0
Milwaukee,2000-06-30 12:00:00,0.0,0.34619647541530363,0.3583954550705775,0.3666255582259426,-0.05749483022965941,-0.10499265938658223,1.0,0.0
Milwaukee,2000-06-30 13:00:00,0.0,0.34619647541530363,0.3583954550705775,0.3666255582259426,-0.05749483022965941,-0.10499265938658223,1.0,0.0
Milwaukee,2000-06-30 14:00:00,0.0,0.34619647541530363,0.3583954550705775,0.3666255582259426,-0.05749483022965941,-0.10499265938658223,1.0,0.0
Milwaukee,2000-06-30 15:00:00,0.0,0.34619647541530363,0.3583954550705775,0.3666255582259426,-0.05749483022965941,-0.10499265938658223,1.0,0.0
Milwaukee,2000-06-30 16:00:00,0.0,0.34619647541530363,0.3583954550705775,0.3666255582259426,-0.05749483022965941,-0.10499265938658223,1.0,0.0
Milwaukee,2000-06-30 17:00:00,0.0,0.34619647541530363,0.3583954550705775,0.3666255582259426,-0.05749483022965941,-0.10499265938658223,1.0,0.0
Milwaukee,2000-06-30 18:00:00,0.0,0.34619647541530363,0.3583954550705775,0.3666255582259426,-0.05749483022965941,-0.10499265938658223,1.0,0.0
Milwaukee,2000-06-30 19:00:00,0.0,0.34619647541530363,0.3583954550705775,0.3666255582259426,-0.05749483022965941,-0.10499265938658223,1.0,0.0
Milwaukee,2000-06-30 20:00:00,0.10000000149011612,0.37493462778701603,0.37963028842970437,0.38608798432978486,0.077882847413793,0.04267897886966643,0.5479894519381427,0.05479894601038219
Milwaukee,2000-06-30 21:00:00,0.10000000149011612,0.37493462778701603,0.37963028842970437,0.38608798432978486,0.077882847413793,0.04267897886966643,0.5479894519381427,0.05479894601038219
Milwaukee,2000-06-30 22:00:00,0.0,0.34619647541530363,0.3583954550705775,0.3666255582259426,-0.05749483022965941,-0.10499265938658223,1.0,0.0
Milwaukee,2000-06-30 23:00:00,0.0,0.34619647541530363,0.3583954550705775,0.3666255582259426,-0.05749483022965941,-0.10499265938658223,1.0,0.0
Milwaukee,2000-07-01 00:00:00,0.0,0.34619647541530363,0.3583954550705775,0.3666255582259426,-0.05749483022965941,-0.10499265938658223,1.0,0.0
Milwaukee,2000-07-01 01:00:00,0.0,0.34619647541530363,0.3583954550705775,0.3666255582259426,-0.05749483022965941,-0.10499265938658223,1.0,0.0
Milwaukee,2000-07-01 02:00:00,0.0,0.34619647541530363,0.3583954550705775,0.3666255582259426,-0.05749483022965941,-0.10499265938658223,1.0,0.0
Milwaukee,2000-07-01 03:00:00,0.0,0.34619647541530363,0.3583954550705775,0.3666255582259426,-0.05749483022965941,-0.10499265938658223,1.0,0.0
Milwaukee,2000-07-01 04:00:00,0.0,0.34619647541530363,0.3583954550705775,0.3666255582259426,-0.05749483022965941,-0.10499265938658223,1.0,0.0
Milwaukee,2000-07-01 05:00:00,0.0,0.34619647541530363,0.3583954550705775,0.3666255582259426,-0.05749483022965941,-0.10499265938658223,1.0,0.0
Milwaukee,2000-07-01 06:00:00,0.0,0.34619647541530363,0.3583954550705775,0.3666255582259426,-0.05749483022965941,-0.10499265938658223,1.0,0.0
Milwaukee,2000-07-01 07:00:00,0.0,0.34619647541530363,0.3583954550705775,0.3666255582259426,-0.05749483022965941,-0.10499265938658223,1.0,0.0
Milwaukee,2000-07-01 08:00:00,0.0,0.34619647541530363,0.3583954550705775,0.3666255582259426,-0.05749483022965941,-0.10499265938658223,1.0,0.0
Milwaukee,2000-07-01 09:00:00,0.0,0.34619647541530363,0.3583954550705775,0.3666255582259426,-0.05749483022965941,-0.10499265938658223,1.0,0.0
Milwaukee,2000-07-01 10:00:00,0.0,0.34619647541530363,0.3583954550705775,0.3666255582259426,-0.05749483022965941,-0.10499265938658223,1.0,0.0
Milwaukee,2000-07-01 11:00:00,0.0,0.34619647541530363,0.3583954550705775,0.3666255582259426,-0.05749483022965941,-0.10499265938658223,1.0,0.0
Milwaukee,2000-07-01 12:00:00,0.0,0.34619647541530363,0.3583954550705775,0.3666255582259426,-0.05749483022965941,-0.10499265938658223,1.0,0.0
Milwaukee,2000-07-01 13:00:00,0.0,0.34619647541530363,0.3583954550705775,0.3666255582259426,-0.05749483022965941,-0.10499265938658223,1.0,0.0
Milwaukee,2000-07-01 14:00:00,0.0,0.34619647541530363,0.3583954550705775,0.3666255582259426,-0.05749483022965941,-0.10499265938658223,1.0,0.0
Milwaukee,2000-07-01 15:00:00,0.0,0.34619647541530363,0.3583954550705775,0.3666255582259426,-0.05749483022965941,-0.10499265938658223,1.0,0.0
Milwaukee,2000-07-01 16:00:00,0.0,0.34619647541530363,0.3583954550705775,0.3666255582259426,-0.05749483022965941,-0.10499265938658223,1.0,0.0
Milwaukee,2000-07-01 17:00:00,0.0,0.34619647541530363,0.3583954550705775,0.3666255582259426,-0.05749483022965941,-0.10499265938658223,1.0,0.0
Milwaukee,2000-07-01 18:00:00,0.0,0.34619647541530363,0.3583954550705775,0.3666255582259426,-0.05749483022965941,-0.10499265938658223,1.0,0.0
Milwaukee,2000-07-01 19:00:00,0.0,0.34619647541530363,0.3583954550705775,0.3666255582259426,-0.05749483022965941,-0.10499265938658223,1.0,0.0
Milwaukee,2000-07-01 20:00:00,0.0,0.34619647541530363,0.3583954550705775,0.3666255582259426,-0.05749483022965941,-0.10499265938658223,1.0,0.0
Milwaukee,2000-07-01 21:00:00,0.0,0.34619647541530363,0.3583954550705775,0.3666255582259426,-0.05749483022965941,-0.10499265938658223,1.0,0.0
Milwaukee,2000-07-01 22:00:00,0.0,0.34619647541530363,0.3583954550705775,0.3666255582259426,-0.05749483022965941,-0.10499265938658223,1.0,0.0
Milwaukee,2000-07-01 23:00:00,0.0,0.34619647541530363,0.3583954550705775,0.3666255582259426,-0.05749483022965941,-0.10499265938658223,1.0,0.0
Milwaukee,2000-07-02 00:00:00,0.0,0.34619647541530363,0.3583954550705775,0.3666255582259426,-0.05749483022965941,-0.10499265938658223,1.0,0.0
Milwaukee,2000-07-02 01:00:00,0.0,0.34619647541530363,0.3583954550705775,0.3666255582259426,-0.05749483022965941,-0.10499265938658223,1.0,0.0
Milwaukee,2000-07-02 02:00:00,0.0,0.34619647541530363,0.3583954550705775,0.3666255582259426,-0.05749483022965941,-0.10499265938658223,1.0,0.0
Milwaukee,2000-07-02 03:00:00,0.0,0.34619647541530363,0.3583954550705775,0.3666255582259426,-0.05749483022965941,-0.10499265938658223,1.0,0.0
Milwaukee,2000-07-02 04:00:00,0.0,0.34619647541530363,0.3583954550705775,0.3666255582259426,-0.05749483022965941,-0.10499265938658223,1.0,0.0
Milwaukee,2000-07-02 05:00:00,0.0,0.34619647541530363,0.3583954550705775,0.3666255582259426,-0.05749483022965941,-0.10499265938658223,1.0,0.0
Milwaukee,2000-07-02 06:00:00,0.0,0.34619647541530363,0.3583954550705775,0.3666255582259426,-0.05749483022965941,-0.10499265938658223,1.0,0.0
Milwaukee,2000-07-02 07:00:00,0.0,0.34619647541530363,0.3583954550705775,0.3666255582259426,-0.05749483022965941,-0.10499265938658223,1.0,0.0
Milwaukee,2000-07-02 08:00:00,0.0,0.34619647541530363,0.3583954550705775,0.3666255582259426,-0.05749483022965941,-0.10499265938658223,1.0,0.0
Milwaukee,2000-07-02 09:00:00,0.0,0.34619647541530363,0.3583954550705775,0.3666255582259426,-0.05749483022965941,-0.10499265938658223,1.0,0.0
Milwaukee,2000-07-02 10:00:00,0.0,0.34619647541530363,0.3583954550705775,0.3666255582259426,-0.05749483022965941,-0.10499265938658223,1.0,0.0
Milwaukee,2000-07-02 11:00:00,0.0,0.34619647541530363,0.3583954550705775,0.3666255582259426,-0.05749483022965941,-0.10499265938658223,1.0,0.0
Milwaukee,2000-07-02 12:00:00,0.0,0.34619647541530363,0.3583954550705775,0.3666255582259426,-0.05749483022965941,-0.10499265938658223,1.0,0.0
Milwaukee,2000-07-02 13:00:00,0.0,0.34619647541530363,0.3583954550705775,0.3666255582259426,-0.05749483022965941,-0.10499265938658223,1.0,0.0
Milwaukee,2000-07-02 14:00:00,0.0,0.34619647541530363,0.3583954550705775,0.3666255582259426,-0.05749483022965941,-0.10499265938658223,1.0,0.0
Milwaukee,2000-07-02 15:00:00,0.0,0.34619647541530363,0.3583954550705775,0.3666255582259426,-0.05749483022965941,-0.10499265938658223,1.0,0.0
Milwaukee,2000-07-02 16:00:00,0.0,0.34619647541530363,0.3583954550705775,0.3666255582259426,-0.05749483022965941,-0.10499265938658223,1.0,0.0
Milwaukee,2000-07-02 17:00:00,0.0,0.34619647541530363,0.3583954550705775,0.3666255582259426,-0.05749483022965941,-0.10499265938658223,1.0,0.0
Milwaukee,2000-07-02 18:00:00,0.0,0.34619647541530363,0.3583954550705775,0.3666255582259426,-0.05749483022965941,-0.10499265938658223,1.0,0.0
Milwaukee,2000-07-02 19:00:00,0.6000000089406967,0.5149511800867037,0.4839791863801989,0.48170736485828647,0.7547712356310545,0.7810371701509091,1.0347998615738105,0.6208799261961181
Milwaukee,2000-07-02 20:00:00,1.1000000163912773,0.6382630095217223,0.5805629597505817,0.5708701973896023,1.4316596238483161,1.5193953614321518,1.0612825395941536,1.1674108109493455
Milwaukee,2000-07-02 21:00:00,0.800000011920929,0.5668587624286637,0.5238351948323483,0.518375294178048,1.0255265909179592,1.0763804466634062,1.0495880420808272,0.8396704461767263
Milwaukee,2000-07-02 22:00:00,1.2000000178813934,0.6601755800539598,0.5985443956502143,0.5876076480726564,1.5670373014917685,1.6670669996884002,1.063833642059067,1.2766003894937084
Milwaukee,2000-07-02 23:00:00,9.00000013411045,0.9990653837175048,0.9943313566034218,0.9914691244765802,12.126496157681105,13.185454783675848,1.0873260183506497,9.78593431097763
Milwaukee,2000-07-03 00:00:00,0.20000000298023224,0.4036312859866724,0.40082695074191593,0.4055009521190948,0.2132605250572452,0.1903506171259148,0.8925731429893989,0.17851463125795505
Milwaukee,2000-07-03 01:00:00,3.500000052154064,0.9335051409454329,0.8728052384858033,0.8543593819860247,4.680723887291172,5.063514679582117,1.081780254829873,3.786230948323792
Milwaukee,2000-07-03 02:00:00,12.300000183284283,0.9999290852835413,0.9991544258879218,0.9985070972418577,16.593959519915746,18.058618846132827,1.0882646076398599,13.385654873432074
Milwaukee,2000-07-03 03:00:00,4.300000064074993,0.9638476028189583,0.9178480882473623,0.9020630361574999,5.763745308438788,6.244887785632104,1.0834774007950814,4.658952892842657
Milwaukee,2000-07-03 04:00:00,3.9000000581145287,0.9509101397083827,0.8976356890311029,0.8804058412645218,5.222234597864983,5.654201232607113,1.0827168191407432,4.222595657570476
Milwaukee,2000-07-03 05:00:00,8.900000132620335,0.9989894476931814,0.9939954855201576,0.9910075632551122,11.991118480037631,13.037783145419574,1.0872866586319192,9.6768514060204
Milwaukee,2000-07-03 06:00:00,10.000000149011612,0.9995721181496177,0.9968136046898153,0.9949660399917508,13.480272934115611,14.662171166238315,1.0876761351865198,10.876761513941572
Milwaukee,2000-07-03 07:00:00,9.400000140070915,0.9993162142965727,0.9954975877022668,0.9930910970787957,12.66800686825476,13.776141336700674,1.0874750448093637,10.222265573531644
Milwaukee,2000-07-03 08:00:00,3.7000000551342964,0.942846440847773,0.8858496060902297,0.8679736887586955,4.951479242578076,5.358857956094614,1.0822741434546395,4.004414390452589
Milwaukee,2000-07-03 09:00:00,2.0000000298023224,0.8007431727222116,0.723675472848268,0.7059823071359217,2.650058722639387,2.8484401057383884,1.0748592404403094,2.1497185129139207
Milwaukee,2000-07-03 10:00:00,0.0,0.34619647541530363,0.3583954550705775,0.3666255582259426,-0.05749483022965941,-0.10499265938658223,1.0,0.0
Milwaukee,2000-07-03 11:00:00,0.0,0.34619647541530363,0.3583954550705775,0.3666255582259426,-0.05749483022965941,-0.10499265938658223,1.0,0.0
Milwaukee,2000-07-03 12:00:00,0.0,0.34619647541530363,0.3583954550705775,0.3666255582259426,-0.05749483022965941,-0.10499265938658223,1.0,0.0
Milwaukee,2000-07-03 13:00:00,0.0,0.34619647541530363,0.3583954550705775,0.3666255582259426,-0.05749483022965941,-0.10499265938658223,1.0,0.0
Milwaukee,2000-07-03 14:00:00,0.0,0.34619647541530363,0.3583954550705775,0.3666255582259426,-0.05749483022965941,-0.10499265938658223,1.0,0.0
Milwaukee,2000-07-03 15:00:00,0.0,0.34619647541530363,0.3583954550705775,0.3666255582259426,-0.05749483022965941,-0.10499265938658223,1.0,0.0
Milwaukee,2000-07-03 16:00:00,0.10000000149011612,0.37493462778701603,0.37963028842970437,0.38608798432978486,0.077882847413793,0.04267897886966643,0.5479894519381427,0.05479894601038219
Milwaukee,2000-07-03 17:00:00,0.0,0.34619647541530363,0.3583954550705775,0.3666255582259426,-0.05749483022965941,-0.10499265938658223,1.0,0.0
Milwaukee,2000-07-03 18:00:00,0.0,0.34619647541530363,0.3583954550705775,0.3666255582259426,-0.05749483022965941,-0.10499265938658223,1.0,0.0
Milwaukee,2000-07-03 19:00:00,0.0,0.34619647541530363,0.3583954550705775,0.3666255582259426,-0.05749483022965941,-0.10499265938658223,1.0,0.0
Milwaukee,2000-07-03 20:00:00,0.0,0.34619647541530363,0.3583954550705775,0.3666255582259426,-0.05749483022965941,-0.10499265938658223,1.0,0.0
Milwaukee,2000-07-03 21:00:00,0.0,0.34619647541530363,0.3583954550705775,0.3666255582259426,-0.05749483022965941,-0.10499265938658223,1.0,0.0
Milwaukee,2000-07-03 22:00:00,0.0,0.34619647541530363,0.3583954550705775,0.3666255582259426,-0.05749483022965941,-0.10499265938658223,1.0,0.0
Milwaukee,2000-07-03 23:00:00,0.0,0.34619647541530363,0.3583954550705775,0.3666255582259426,-0.05749483022965941,-0.10499265938658223,1.0,0.0
Milwaukee,2000-07-04 00:00:00,0.0,0.34619647541530363,0.3583954550705775,0.3666255582259426,-0.05749483022965941,-0.10499265938658223,1.0,0.0
Milwaukee,2000-07-04 01:00:00,0.0,0.34619647541530363,0.3583954550705775,0.3666255582259426,-0.05749483022965941,-0.10499265938658223,1.0,0.0
Milwaukee,2000-07-04 02:00:00,0.0,0.34619647541530363,0.3583954550705775,0.3666255582259426,-0.05749483022965941,-0.10499265938658223,1.0,0.0
Milwaukee,2000-07-04 03:00:00,0.0,0.34619647541530363,0.3583954550705775,0.3666255582259426,-0.05749483022965941,-0.10499265938658223,1.0,0.0
Milwaukee,2000-07-04 04:00:00,0.0,0.34619647541530363,0.3583954550705775,0.3666255582259426,-0.05749483022965941,-0.10499265938658223,1.0,0.0
Milwaukee,2000-07-04 05:00:00,0.0,0.34619647541530363,0.3583954550705775,0.3666255582259426,-0.05749483022965941,-0.10499265938658223,1.0,0.0
Milwaukee,2000-07-04 06:00:00,0.0,0.34619647541530363,0.3583954550705775,0.3666255582259426,-0.05749483022965941,-0.10499265938658223,1.0,0.0
Milwaukee,2000-07-04 07:00:00,0.0,0.34619647541530363,0.3583954550705775,0.3666255582259426,-0.05749483022965941,-0.10499265938658223,1.0,0.0
Milwaukee,2000-07-04 08:00:00,0.0,0.34619647541530363,0.3583954550705775,0.3666255582259426,-0.05749483022965941,-0.10499265938658223,1.0,0.0
Milwaukee,2000-07-04 09:00:00,0.0,0.34619647541530363,0.3583954550705775,0.3666255582259426,-0.05749483022965941,-0.10499265938658223,1.0,0.0
Milwaukee,2000-07-04 10:00:00,0.0,0.34619647541530363,0.3583954550705775,0.3666255582259426,-0.05749483022965941,-0.10499265938658223,1.0,0.0
Milwaukee,2000-07-04 11:00:00,0.0,0.34619647541530363,0.3583954550705775,0.3666255582259426,-0.05749483022965941,-0.10499265938658223,1.0,0.0
Milwaukee,2000-07-04 12:00:00,0.0,0.34619647541530363,0.3583954550705775,0.3666255582259426,-0.05749483022965941,-0.10499265938658223,1.0,0.0
Milwaukee,2000-07-04 13:00:00,0.0,0.34619647541530363,0.3583954550705775,0.3666255582259426,-0.05749483022965941,-0.10499265938658223,1.0,0.0
Milwaukee,2000-07-04 14:00:00,0.0,0.34619647541530363,0.3583954550705775,0.3666255582259426,-0.05749483022965941,-0.10499265938658223,1.0,0.0
Milwaukee,2000-07-04 15:00:00,0.0,0.34619647541530363,0.3583954550705775,0.3666255582259426,-0.05749483022965941,-0.10499265938658223,1.0,0.0
Milwaukee,2000-07-04 16:00:00,0.0,0.34619647541530363,0.3583954550705775,0.3666255582259426,-0.05749483022965941,-0.10499265938658223,1.0,0.0
Milwaukee,2000-07-04 17:00:00,0.0,0.34619647541530363,0.3583954550705775,0.3666255582259426,-0.05749483022965941,-0.10499265938658223,1.0,0.0
Milwaukee,2000-07-04 18:00:00,0.0,0.34619647541530363,0.3583954550705775,0.3666255582259426,-0.05749483022965941,-0.10499265938658223,1.0,0.0
Milwaukee,2000-07-04 19:00:00,0.0,0.34619647541530363,0.3583954550705775,0.3666255582259426,-0.05749483022965941,-0.10499265938658223,1.0,0.0
Milwaukee,2000-07-04 20:00:00,0.0,0.34619647541530363,0.3583954550705775,0.3666255582259426,-0.05749483022965941,-0.10499265938658223,1.0,0.0
Milwaukee,2000-07-04 21:00:00,0.0,0.34619647541530363,0.3583954550705775,0.3666255582259426,-0.05749483022965941,-0.10499265938658223,1.0,0.0
Milwaukee,2000-07-04 22:00:00,0.0,0.34619647541530363,0.3583954550705775,0.3666255582259426,-0.05749483022965941,-0.10499265938658223,1.0,0.0
Milwaukee,2000-07-04 23:00:00,0.0,0.34619647541530363,0.3583954550705775,0.3666255582259426,-0.05749483022965941,-0.10499265938658223,1.0,0.0
Milwaukee,2000-07-05 00:00:00,0.0,0.34619647541530363,0.3583954550705775,0.3666255582259426,-0.05749483022965941,-0.10499265938658223,1.0,0.0
Milwaukee,2000-07-05 01:00:00,0.0,0.34619647541530363,0.3583954550705775,0.3666255582259426,-0.05749483022965941,-0.10499265938658223,1.0,0.0
Milwaukee,2000-07-05 02:00:00,0.0,0.34619647541530363,0.3583954550705775,0.3666255582259426,-0.05749483022965941,-0.10499265938658223,1.0,0.0
Milwaukee,2000-07-05 03:00:00,0.0,0.34619647541530363,0.3583954550705775,0.3666255582259426,-0.05749483022965941,-0.10499265938658223,1.0,0.0
Milwaukee,2000-07-05 04:00:00,0.0,0.34619647541530363,0.3583954550705775,0.3666255582259426,-0.05749483022965941,-0.10499265938658223,1.0,0.0
Milwaukee,2000-07-05 05:00:00,0.0,0.34619647541530363,0.3583954550705775,0.3666255582259426,-0.05749483022965941,-0.10499265938658223,1.0,0.0
Milwaukee,2000-07-05 06:00:00,0.0,0.34619647541530363,0.3583954550705775,0.3666255582259426,-0.05749483022965941,-0.10499265938658223,1.0,0.0
Milwaukee,2000-07-05 07:00:00,0.0,0.34619647541530363,0.3583954550705775,0.3666255582259426,-0.05749483022965941,-0.10499265938658223,1.0,0.0
Milwaukee,2000-07-05 08:00:00,0.0,0.34619647541530363,0.3583954550705775,0.3666255582259426,-0.05749483022965941,-0.10499265938658223,1.0,0.0
Milwaukee,2000-07-05 09:00:00,0.0,0.34619647541530363,0.3583954550705775,0.3666255582259426,-0.05749483022965941,-0.10499265938658223,1.0,0.0
Milwaukee,2000-07-05 10:00:00,0.0,0.34619647541530363,0.3583954550705775,0.3666255582259426,-0.05749483022965941,-0.10499265938658223,1.0,0.0
Milwaukee,2000-07-05 11:00:00,0.0,0.34619647541530363,0.3583954550705775,0.3666255582259426,-0.05749483022965941,-0.10499265938658223,1.0,0.0
Milwaukee,2000-07-05 12:00:00,0.0,0.34619647541530363,0.3583954550705775,0.3666255582259426,-0.05749483022965941,-0.10499265938658223,1.0,0.0
Milwaukee,2000-07-05 13:00:00,0.0,0.34619647541530363,0.3583954550705775,0.3666255582259426,-0.05749483022965941,-0.10499265938658223,1.0,0.0
Milwaukee,2000-07-05 14:00:00,0.0,0.34619647541530363,0.3583954550705775,0.3666255582259426,-0.05749483022965941,-0.10499265938658223,1.0,0.0
Milwaukee,2000-07-05 15:00:00,0.0,0.34619647541530363,0.3583954550705775,0.3666255582259426,-0.05749483022965941,-0.10499265938658223,1.0,0.0
Milwaukee,2000-07-05 16:00:00,0.0,0.34619647541530363,0.3583954550705775,0.3666255582259426,-0.05749483022965941,-0.10499265938658223,1.0,0.0
Milwaukee,2000-07-05 17:00:00,0.0,0.34619647541530363,0.3583954550705775,0.3666255582259426,-0.05749483022965941,-0.10499265938658223,1.0,0.0
Milwaukee,2000-07-05 18:00:00,0.0,0.34619647541530363,0.3583954550705775,0.3666255582259426,-0.05749483022965941,-0.10499265938658223,1.0,0.0
Milwaukee,2000-07-05 19:00:00,0.0,0.34619647541530363,0.3583954550705775,0.3666255582259426,-0.05749483022965941,-0.10499265938658223,1.0,0.0
Milwaukee,2000-07-05 20:00:00,0.0,0.34619647541530363,0.3583954550705775,0.3666255582259426,-0.05749483022965941,-0.10499265938658223,1.0,0.0
Milwaukee,2000-07-05 21:00:00,0.0,0.34619647541530363,0.3583954550705775,0.3666255582259426,-0.05749483022965941,-0.10499265938658223,1.0,0.0
Milwaukee,2000-07-05 22:00:00,0.0,0.34619647541530363,0.3583954550705775,0.3666255582259426,-0.05749483022965941,-0.10499265938658223,1.0,0.0
Milwaukee,2000-07-05 23:00:00,0.0,0.34619647541530363,0.3583954550705775,0.3666255582259426,-0.05749483022965941,-0.10499265938658223,1.0,0.0
Milwaukee,2000-07-06 00:00:00,0.10000000149011612,0.37493462778701603,0.37963028842970437,0.38608798432978486,0.077882847413793,0.04267897886966643,0.5479894519381427,0.05479894601038219
Milwaukee,2000-07-06 01:00:00,0.30000000447034836,0.4321218104209064,0.4219192462835154,0.42481437583882836,0.3486382027006978,0.3380222553821637,0.9695502465412611,0.2908650782966057
Milwaukee,2000-07-06 02:00:00,0.20000000298023224,0.4036312859866724,0.40082695074191593,0.4055009521190948,0.2132605250572452,0.1903506171259148,0.8925731429893989,0.17851463125795505
Milwaukee,2000-07-06 03:00:00,0.0,0.34619647541530363,0.3583954550705775,0.3666255582259426,-0.05749483022965941,-0.10499265938658223,1.0,0.0
Milwaukee,2000-07-06 04:00:00,0.0,0.34619647541530363,0.3583954550705775,0.3666255582259426,-0.05749483022965941,-0.10499265938658223,1.0,0.0
Milwaukee,2000-07-06 05:00:00,0.0,0.34619647541530363,0.3583954550705775,0.3666255582259426,-0.05749483022965941,-0.10499265938658223,1.0,0.0
Milwaukee,2000-07-06 06:00:00,0.0,0.34619647541530363,0.3583954550705775,0.3666255582259426,-0.05749483022965941,-0.10499265938658223,1.0,0.0
Milwaukee,2000-07-06 07:00:00,0.0,0.34619647541530363,0.3583954550705775,0.3666255582259426,-0.05749483022965941,-0.10499265938658223,1.0,0.0
Milwaukee,2000-07-06 08:00:00,0.0,0.34619647541530363,0.3583954550705775,0.3666255582259426,-0.05749483022965941,-0.10499265938658223,1.0,0.0
Milwaukee,2000-07-06 09:00:00,0.0,0.34619647541530363,0.3583954550705775,0.3666255582259426,-0.05749483022965941,-0.10499265938658223,1.0,0.0
Milwaukee,2000-07-06 10:00:00,0.0,0.34619647541530363,0.3583954550705775,0.3666255582259426,-0.05749483022965941,-0.10499265938658223,1.0,0.0
Milwaukee,2000-07-06 11:00:00,0.0,0.34619647541530363,0.3583954550705775,0.3666255582259426,-0.05749483022965941,-0.10499265938658223,1.0,0.0
Milwaukee,2000-07-06 12:00:00,0.0,0.34619647541530363,0.3583954550705775,0.3666255582259426,-0.05749483022965941,-0.10499265938658223,1.0,0.0
Milwaukee,2000-07-06 13:00:00,0.0,0.34619647541530363,0.3583954550705775,0.3666255582259426,-0.05749483022965941,-0.10499265938658223,1.0,0.0
Milwaukee,2000-07-06 14:00:00,0.0,0.34619647541530363,0.3583954550705775,0.3666255582259426,-0.05749483022965941,-0.10499265938658223,1.0,0.0
Milwaukee,2000-07-06 15:00:00,0.0,0.34619647541530363,0.3583954550705775,0.3666255582259426,-0.05749483022965941,-0.10499265938658223,1.0,0.0
Milwaukee,2000-07-06 16:00:00,0.0,0.34619647541530363,0.3583954550705775,0.3666255582259426,-0.05749483022965941,-0.10499265938658223,1.0,0.0
Milwaukee,2000-07-06 17:00:00,0.0,0.34619647541530363,0.3583954550705775,0.3666255582259426,-0.05749483022965941,-0.10499265938658223,1.0,0.0
Milwaukee,2000-07-06 18:00:00,0.0,0.34619647541530363,0.3583954550705775,0.3666255582259426,-0.05749483022965941,-0.10499265938658223,1.0,0.0
Milwaukee,2000-07-06 19:00:00,0.0,0.34619647541530363,0.3583954550705775,0.3666255582259426,-0.05749483022965941,-0.10499265938658223,1.0,0.0
Milwaukee,2000-07-06 20:00:00,0.0,0.34619647541530363,0.3583954550705775,0.3666255582259426,-0.05749483022965941,-0.10499265938658223,1.0,0.0
Milwaukee,2000-07-06 21:00:00,0.0,0.34619647541530363,0.3583954550705775,0.3666255582259426,-0.05749483022965941,-0.10499265938658223,1.0,0.0
Milwaukee,2000-07-06 22:00:00,0.0,0.34619647541530363,0.3583954550705775,0.3666255582259426,-0.05749483022965941,-0.10499265938658223,1.0,0.0
Milwaukee,2000-07-06 23:00:00,0.0,0.34619647541530363,0.3583954550705775,0.3666255582259426,-0.05749483022965941,-0.10499265938658223,1.0,0.0
Milwaukee,2000-07-07 00:00:00,0.0,0.34619647541530363,0.3583954550705775,0.3666255582259426,-0.05749483022965941,-0.10499265938658223,1.0,0.0
Milwaukee,2000-07-07 01:00:00,0.0,0.34619647541530363,0.3583954550705775,0.3666255582259426,-0.05749483022965941,-0.10499265938658223,1.0,0.0
Milwaukee,2000-07-07 02:00:00,0.0,0.34619647541530363,0.3583954550705775,0.3666255582259426,-0.05749483022965941,-0.10499265938658223,1.0,0.0
Milwaukee,2000-07-07 03:00:00,0.0,0.34619647541530363,0.3583954550705775,0.3666255582259426,-0.05749483022965941,-0.10499265938658223,1.0,0.0
Milwaukee,2000-07-07 04:00:00,0.0,0.34619647541530363,0.3583954550705775,0.3666255582259426,-0.05749483022965941,-0.10499265938658223,1.0,0.0
Milwaukee,2000-07-07 05:00:00,0.0,0.34619647541530363,0.3583954550705775,0.3666255582259426,-0.05749483022965941,-0.10499265938658223,1.0,0.0
Milwaukee,2000-07-07 06:00:00,0.0,0.34619647541530363,0.3583954550705775,0.3666255582259426,-0.05749483022965941,-0.10499265938658223,1.0,0.0
Milwaukee,2000-07-07 07:00:00,0.0,0.34619647541530363,0.3583954550705775,0.3666255582259426,-0.05749483022965941,-0.10499265938658223,1.0,0.0
Milwaukee,2000-07-07 08:00:00,0.0,0.34619647541530363,0.3583954550705775,0.3666255582259426,-0.05749483022965941,-0.10499265938658223,1.0,0.0
Milwaukee,2000-07-07 09:00:00,0.0,0.34619647541530363,0.3583954550705775,0.3666255582259426,-0.05749483022965941,-0.10499265938658223,1.0,0.0
Milwaukee,2000-07-07 10:00:00,0.0,0.34619647541530363,0.3583954550705775,0.3666255582259426,-0.05749483022965941,-0.10499265938658223,1.0,0.0
Milwaukee,2000-07-07 11:00:00,0.0,0.34619647541530363,0.3583954550705775,0.3666255582259426,-0.05749483022965941,-0.10499265938658223,1.0,0.0
Milwaukee,2000-07-07 12:00:00,0.0,0.34619647541530363,0.3583954550705775,0.3666255582259426,-0.05749483022965941,-0.10499265938658223,1.0,0.0
Milwaukee,2000-07-07 13:00:00,0.0,0.34619647541530363,0.3583954550705775,0.3666255582259426,-0.05749483022965941,-0.10499265938658223,1.0,0.0
Milwaukee,2000-07-07 14:00:00,0.0,0.34619647541530363,0.3583954550705775,0.3666255582259426,-0.05749483022965941,-0.10499265938658223,1.0,0.0
Milwaukee,2000-07-07 15:00:00,0.0,0.34619647541530363,0.3583954550705775,0.3666255582259426,-0.05749483022965941,-0.10499265938658223,1.0,0.0
Milwaukee,2000-07-07 16:00:00,0.0,0.34619647541530363,0.3583954550705775,0.3666255582259426,-0.05749483022965941,-0.10499265938658223,1.0,0.0
Milwaukee,2000-07-07 17:00:00,0.0,0.34619647541530363,0.3583954550705775,0.3666255582259426,-0.05749483022965941,-0.10499265938658223,1.0,0.0
Milwaukee,2000-07-07 18:00:00,0.0,0.34619647541530363,0.3583954550705775,0.3666255582259426,-0.05749483022965941,-0.10499265938658223,1.0,0.0
Milwaukee,2000-07-07 19:00:00,0.0,0.34619647541530363,0.3583954550705775,0.3666255582259426,-0.05749483022965941,-0.10499265938658223,1.0,0.0
Milwaukee,2000-07-07 20:00:00,0.0,0.34619647541530363,0.3583954550705775,0.3666255582259426,-0.05749483022965941,-0.10499265938658223,1.0,0.0
Milwaukee,2000-07-07 21:00:00,0.0,0.34619647541530363,0.3583954550705775,0.3666255582259426,-0.05749483022965941,-0.10499265938658223,1.0,0.0
Milwaukee,2000-07-07 22:00:00,0.0,0.34619647541530363,0.3583954550705775,0.3666255582259426,-0.05749483022965941,-0.10499265938658223,1.0,0.0
Milwaukee,2000-07-07 23:00:00,0.10000000149011612,0.37493462778701603,0.37963028842970437,0.38608798432978486,0.077882847413793,0.04267897886966643,0.5479894519381427,0.05479894601038219
Milwaukee,2000-07-08 00:00:00,0.10000000149011612,0.37493462778701603,0.37963028842970437,0.38608798432978486,0.077882847413793,0.04267897886966643,0.5479894519381427,0.05479894601038219
Milwaukee,2000-07-08 01:00:00,0.0,0.34619647541530363,0.3583954550705775,0.3666255582259426,-0.05749483022965941,-0.10499265938658223,1.0,0.0
Milwaukee,2000-07-08 02:00:00,0.30000000447034836,0.4321218104209064,0.4219192462835154,0.42481437583882836,0.3486382027006978,0.3380222553821637,0.9695502465412611,0.2908650782966057
Milwaukee,2000-07-08 03:00:00,0.10000000149011612,0.37493462778701603,0.37963028842970437,0.38608798432978486,0.077882847413793,0.04267897886966643,0.5479894519381427,0.05479894601038219
Milwaukee,2000-07-08 04:00:00,1.2000000178813934,0.6601755800539598,0.5985443956502143,0.5876076480726564,1.5670373014917685,1.6670669996884002,1.063833642059067,1.2766003894937084
Milwaukee,2000-07-08 05:00:00,0.5000000074505806,0.4879054674974853,0.4635494842166189,0.4629590707286823,0.6193935579876022,0.6333655318946606,1.0225575060103194,0.5112787606238068
Milwaukee,2000-07-08 06:00:00,0.0,0.34619647541530363,0.3583954550705775,0.3666255582259426,-0.05749483022965941,-0.10499265938658223,1.0,0.0
Milwaukee,2000-07-08 07:00:00,0.0,0.34619647541530363,0.3583954550705775,0.3666255582259426,-0.05749483022965941,-0.10499265938658223,1.0,0.0
Milwaukee,2000-07-08 08:00:00,0.0,0.34619647541530363,0.3583954550705775,0.3666255582259426,-0.05749483022965941,-0.10499265938658223,1.0,0.0
Milwaukee,2000-07-08 09:00:00,0.0,0.34619647541530363,0.3583954550705775,0.3666255582259426,-0.05749483022965941,-0.10499265938658223,1.0,0.0
Milwaukee,2000-07-08 10:00:00,0.0,0.34619647541530363,0.3583954550705775,0.3666255582259426,-0.05749483022965941,-0.10499265938658223,1.0,0.0
Milwaukee,2000-07-08 11:00:00,0.0,0.34619647541530363,0.3583954550705775,0.3666255582259426,-0.05749483022965941,-0.10499265938658223,1.0,0.0
Milwaukee,2000-07-08 12:00:00,0.30000000447034836,0.4321218104209064,0.4219192462835154,0.42481437583882836,0.3486382027006978,0.3380222553821637,0.9695502465412611,0.2908650782966057
Milwaukee,2000-07-08 13:00:00,1.5000000223517418,0.7200313458541969,0.6494463612445387,0.6353129630463814,1.9731703344221256,2.110081914457146,1.0693865996496026,1.604079923377057
Milwaukee,2000-07-08 14:00:00,7.700000114738941,0.997420585691744,0.9880315569557868,0.9830972279320194,10.36658634831614,11.265723486344523,1.0867341579780918,8.367853141122033
Milwaukee,2000-07-08 15:00:00,2.0000000298023224,0.8007431727222116,0.723675472848268,0.7059823071359217,2.650058722639387,2.8484401057383884,1.0748592404403094,2.1497185129139207
Milwaukee,2000-07-08 16:00:00,0.0,0.34619647541530363,0.3583954550705775,0.3666255582259426,-0.05749483022965941,-0.10499265938658223,1.0,0.0
Milwaukee,2000-07-08 17:00:00,0.0,0.34619647541530363,0.3583954550705775,0.3666255582259426,-0.05749483022965941,-0.10499265938658223,1.0,0.0
Milwaukee,2000-07-08 18:00:00,0.0,0.34619647541530363,0.3583954550705775,0.3666255582259426,-0.05749483022965941,-0.10499265938658223,1.0,0.0
Milwaukee,2000-07-08 19:00:00,0.0,0.34619647541530363,0.3583954550705775,0.3666255582259426,-0.05749483022965941,-0.10499265938658223,1.0,0.0
Milwaukee,2000-07-08 20:00:00,3.6000000536441803,0.9383466042539913,0.8794914643517111,0.8613197381217397,4.816101564934626,5.211186317838368,1.0820341405962657,3.895322964191391
Milwaukee,2000-07-08 21:00:00,0.0,0.34619647541530363,0.3583954550705775,0.3666255582259426,-0.05749483022965941,-0.10499265938658223,1.0,0.0
Milwaukee,2000-07-08 22:00:00,0.0,0.34619647541530363,0.3583954550705775,0.3666255582259426,-0.05749483022965941,-0.10499265938658223,1.0,0.0
Milwaukee,2000-07-08 23:00:00,0.0,0.34619647541530363,0.3583954550705775,0.3666255582259426,-0.05749483022965941,-0.10499265938658223,1.0,0.0
Milwaukee,2000-07-09 00:00:00,0.0,0.34619647541530363,0.3583954550705775,0.3666255582259426,-0.05749483022965941,-0.10499265938658223,1.0,0.0
Milwaukee,2000-07-09 01:00:00,0.0,0.34619647541530363,0.3583954550705775,0.3666255582259426,-0.05749483022965941,-0.10499265938658223,1.0,0.0
Milwaukee,2000-07-09 02:00:00,0.0,0.34619647541530363,0.3583954550705775,0.3666255582259426,-0.05749483022965941,-0.10499265938658223,1.0,0.0
Milwaukee,2000-07-09 03:00:00,0.0,0.34619647541530363,0.3583954550705775,0.3666255582259426,-0.05749483022965941,-0.10499265938658223,1.0,0.0
Milwaukee,2000-07-09 04:00:00,0.0,0.34619647541530363,0.3583954550705775,0.3666255582259426,-0.05749483022965941,-0.10499265938658223,1.0,0.0
Milwaukee,2000-07-09 05:00:00,0.0,0.34619647541530363,0.3583954550705775,0.3666255582259426,-0.05749483022965941,-0.10499265938658223,1.0,0.0
Milwaukee,2000-07-09 06:00:00,0.0,0.34619647541530363,0.3583954550705775,0.3666255582259426,-0.05749483022965941,-0.10499265938658223,1.0,0.0
Milwaukee,2000-07-09 07:00:00,0.0,0.34619647541530363,0.3583954550705775,0.3666255582259426,-0.05749483022965941,-0.10499265938658223,1.0,0.0
Milwaukee,2000-07-09 08:00:00,0.0,0.34619647541530363,0.3583954550705775,0.3666255582259426,-0.05749483022965941,-0.10499265938658223,1.0,0.0
Milwaukee,2000-07-09 09:00:00,0.0,0.34619647541530363,0.3583954550705775,0.3666255582259426,-0.05749483022965941,-0.10499265938658223,1.0,0.0
Milwaukee,2000-07-09 10:00:00,0.0,0.34619647541530363,0.3583954550705775,0.3666255582259426,-0.05749483022965941,-0.10499265938658223,1.0,0.0
Milwaukee,2000-07-09 11:00:00,0.0,0.34619647541530363,0.3583954550705775,0.3666255582259426,-0.05749483022965941,-0.10499265938658223,1.0,0.0
Milwaukee,2000-07-09 12:00:00,0.0,0.34619647541530363,0.3583954550705775,0.3666255582259426,-0.05749483022965941,-0.10499265938658223,1.0,0.0
Milwaukee,2000-07-09 13:00:00,0.0,0.34619647541530363,0.3583954550705775,0.3666255582259426,-0.05749483022965941,-0.10499265938658223,1.0,0.0
Milwaukee,2000-07-09 14:00:00,0.10000000149011612,0.37493462778701603,0.37963028842970437,0.38608798432978486,0.077882847413793,0.04267897886966643,0.5479894519381427,0.05479894601038219
Milwaukee,2000-07-09 15:00:00,0.4000000059604645,0.4602572840073257,0.44284563734884813,0.44398150563378375,0.4840158803441499,0.4856938936384119,1.0034668558665243,0.40138674832773824
Milwaukee,2000-07-09 16:00:00,0.20000000298023224,0.4036312859866724,0.40082695074191593,0.4055009521190948,0.2132605250572452,0.1903506171259148,0.8925731429893989,0.17851463125795505
Milwaukee,2000-07-09 17:00:00,0.0,0.34619647541530363,0.3583954550705775,0.3666255582259426,-0.05749483022965941,-0.10499265938658223,1.0,0.0
Milwaukee,2000-07-09 18:00:00,0.0,0.34619647541530363,0.3583954550705775,0.3666255582259426,-0.05749483022965941,-0.10499265938658223,1.0,0.0
Milwaukee,2000-07-09 19:00:00,0.10000000149011612,0.37493462778701603,0.37963028842970437,0.38608798432978486,0.077882847413793,0.04267897886966643,0.5479894519381427,0.05479894601038219
Milwaukee,2000-07-09 20:00:00,0.0,0.34619647541530363,0.3583954550705775,0.3666255582259426,-0.05749483022965941,-0.10499265938658223,1.0,0.0
Milwaukee,2000-07-09 21:00:00,0.0,0.34619647541530363,0.3583954550705775,0.3666255582259426,-0.05749483022965941,-0.10499265938658223,1.0,0.0
Milwaukee,2000-07-09 22:00:00,0.0,0.34619647541530363,0.3583954550705775,0.3666255582259426,-0.05749483022965941,-0.10499265938658223,1.0,0.0
Milwaukee,2000-07-09 23:00:00,0.0,0.34619647541530363,0.3583954550705775,0.3666255582259426,-0.05749483022965941,-0.10499265938658223,1.0,0.0
Milwaukee,2000-07-10 00:00:00,0.0,0.34619647541530363,0.3583954550705775,0.3666255582259426,-0.05749483022965941,-0.10499265938658223,1.0,0.0
Milwaukee,2000-07-10 01:00:00,0.0,0.34619647541530363,0.3583954550705775,0.3666255582259426,-0.05749483022965941,-0.10499265938658223,1.0,0.0
Milwaukee,2000-07-10 02:00:00,0.0,0.34619647541530363,0.3583954550705775,0.3666255582259426,-0.05749483022965941,-0.10499265938658223,1.0,0.0
Milwaukee,2000-07-10 03:00:00,0.0,0.34619647541530363,0.3583954550705775,0.3666255582259426,-0.05749483022965941,-0.10499265938658223,1.0,0.0
Milwaukee,2000-07-10 04:00:00,0.0,0.34619647541530363,0.3583954550705775,0.3666255582259426,-0.05749483022965941,-0.10499265938658223,1.0,0.0
Milwaukee,2000-07-10 05:00:00,0.0,0.34619647541530363,0.3583954550705775,0.3666255582259426,-0.05749483022965941,-0.10499265938658223,1.0,0.0
Milwaukee,2000-07-10 06:00:00,0.0,0.34619647541530363,0.3583954550705775,0.3666255582259426,-0.05749483022965941,-0.10499265938658223,1.0,0.0
Milwaukee,2000-07-10 07:00:00,0.0,0.34619647541530363,0.3583954550705775,0.3666255582259426,-0.05749483022965941,-0.10499265938658223,1.0,0.0
Milwaukee,2000-07-10 08:00:00,0.0,0.34619647541530363,0.3583954550705775,0.3666255582259426,-0.05749483022965941,-0.10499265938658223,1.0,0.0
Milwaukee,2000-07-10 09:00:00,0.0,0.34619647541530363,0.3583954550705775,0.3666255582259426,-0.05749483022965941,-0.10499265938658223,1.0,0.0
Milwaukee,2000-07-10 10:00:00,0.5000000074505806,0.4879054674974853,0.4635494842166189,0.4629590707286823,0.6193935579876022,0.6333655318946606,1.0225575060103194,0.5112787606238068
Milwaukee,2000-07-10 11:00:00,1.9000000283122063,0.7864086201584585,0.7098990896847307,0.6927487966650145,2.514681044995935,2.70076846748214,1.074000407668602,2.040600804977665
Milwaukee,2000-07-10 12:00:00,3.500000052154064,0.9335051409454329,0.8728052384858033,0.8543593819860247,4.680723887291172,5.063514679582117,1.081780254829873,3.786230948323792
Milwaukee,2000-07-10 13:00:00,1.0000000149011612,0.6153868482101035,0.562101850089929,0.5537391217635472,1.296281946204864,1.3717237231759034,1.0581985864972592,1.0581986022656469
Milwaukee,2000-07-10 14:00:00,0.9000000134110451,0.5915727882419518,0.543183605811401,0.5362334205342039,1.1609042685614115,1.2240520849196546,1.05439536925512,0.9489558464701519
Milwaukee,2000-07-10 15:00:00,0.5000000074505806,0.4879054674974853,0.4635494842166189,0.4629590707286823,0.6193935579876022,0.6333655318946606,1.0225575060103194,0.5112787606238068
Milwaukee,2000-07-10 16:00:00,0.10000000149011612,0.37493462778701603,0.37963028842970437,0.38608798432978486,0.077882847413793,0.04267897886966643,0.5479894519381427,0.05479894601038219
Milwaukee,2000-07-10 17:00:00,0.0,0.34619647541530363,0.3583954550705775,0.3666255582259426,-0.05749483022965941,-0.10499265938658223,1.0,0.0
Milwaukee,2000-07-10 18:00:00,0.0,0.34619647541530363,0.3583954550705775,0.3666255582259426,-0.05749483022965941,-0.10499265938658223,1.0,0.0
Milwaukee,2000-07-10 19:00:00,0.0,0.34619647541530363,0.3583954550705775,0.3666255582259426,-0.05749483022965941,-0.10499265938658223,1.0,0.0
Milwaukee,2000-07-10 20:00:00,0.0,0.34619647541530363,0.3583954550705775,0.3666255582259426,-0.05749483022965941,-0.10499265938658223,1.0,0.0
Milwaukee,2000-07-10 21:00:00,0.0,0.34619647541530363,0.3583954550705775,0.3666255582259426,-0.05749483022965941,-0.10499265938658223,1.0,0.0
Milwaukee,2000-07-10 22:00:00,0.0,0.34619647541530363,0.3583954550705775,0.3666255582259426,-0.05749483022965941,-0.10499265938658223,1.0,0.0
Milwaukee,2000-07-10 23:00:00,0.0,0.34619647541530363,0.3583954550705775,0.3666255582259426,-0.05749483022965941,-0.10499265938658223,1.0,0.0
Milwaukee,2000-07-11 00:00:00,0.0,0.34619647541530363,0.3583954550705775,0.3666255582259426,-0.05749483022965941,-0.10499265938658223,1.0,0.0
Milwaukee,2000-07-11 01:00:00,0.0,0.34619647541530363,0.3583954550705775,0.3666255582259426,-0.05749483022965941,-0.10499265938658223,1.0,0.0
Milwaukee,2000-07-11 02:00:00,0.0,0.34619647541530363,0.3583954550705775,0.3666255582259426,-0.05749483022965941,-0.10499265938658223,1.0,0.0
Milwaukee,2000-07-11 03:00:00,0.0,0.34619647541530363,0.3583954550705775,0.3666255582259426,-0.05749483022965941,-0.10499265938658223,1.0,0.0
Milwaukee,2000-07-11 04:00:00,0.0,0.34619647541530363,0.3583954550705775,0.3666255582259426,-0.05749483022965941,-0.10499265938658223,1.0,0.0
Milwaukee,2000-07-11 05:00:00,0.0,0.34619647541530363,0.3583954550705775,0.3666255582259426,-0.05749483022965941,-0.10499265938658223,1.0,0.0
Milwaukee,2000-07-11 06:00:00,0.0,0.34619647541530363,0.3583954550705775,0.3666255582259426,-0.05749483022965941,-0.10499265938658223,1.0,0.0
Milwaukee,2000-07-11 07:00:00,0.0,0.34619647541530363,0.3583954550705775,0.3666255582259426,-0.05749483022965941,-0.10499265938658223,1.0,0.0
Milwaukee,2000-07-11 08:00:00,0.0,0.34619647541530363,0.3583954550705775,0.3666255582259426,-0.05749483022965941,-0.10499265938658223,1.0,0.0
Milwaukee,2000-07-11 09:00:00,0.0,0.34619647541530363,0.3583954550705775,0.3666255582259426,-0.05749483022965941,-0.10499265938658223,1.0,0.0
Milwaukee,2000-07-11 10:00:00,0.0,0.34619647541530363,0.3583954550705775,0.3666255582259426,-0.05749483022965941,-0.10499265938658223,1.0,0.0
Milwaukee,2000-07-11 11:00:00,0.0,0.34619647541530363,0.3583954550705775,0.3666255582259426,-0.05749483022965941,-0.10499265938658223,1.0,0.0
Milwaukee,2000-07-11 12:00:00,0.0,0.34619647541530363,0.3583954550705775,0.3666255582259426,-0.05749483022965941,-0.10499265938658223,1.0,0.0
Milwaukee,2000-07-11 13:00:00,0.0,0.34619647541530363,0.3583954550705775,0.3666255582259426,-0.05749483022965941,-0.10499265938658223,1.0,0.0
Milwaukee,2000-07-11 14:00:00,0.0,0.34619647541530363,0.3583954550705775,0.3666255582259426,-0.05749483022965941,-0.10499265938658223,1.0,0.0
Milwaukee,2000-07-11 15:00:00,0.0,0.34619647541530363,0.3583954550705775,0.3666255582259426,-0.05749483022965941,-0.10499265938658223,1.0,0.0
Milwaukee,2000-07-11 16:00:00,0.0,0.34619647541530363,0.3583954550705775,0.3666255582259426,-0.05749483022965941,-0.10499265938658223,1.0,0.0
Milwaukee,2000-07-11 17:00:00,0.0,0.34619647541530363,0.3583954550705775,0.3666255582259426,-0.05749483022965941,-0.10499265938658223,1.0,0.0
Milwaukee,2000-07-11 18:00:00,0.0,0.34619647541530363,0.3583954550705775,0.3666255582259426,-0.05749483022965941,-0.10499265938658223,1.0,0.0
Milwaukee,2000-07-11 19:00:00,0.0,0.34619647541530363,0.3583954550705775,0.3666255582259426,-0.05749483022965941,-0.10499265938658223,1.0,0.0
Milwaukee,2000-07-11 20:00:00,0.0,0.34619647541530363,0.3583954550705775,0.3666255582259426,-0.05749483022965941,-0.10499265938658223,1.0,0.0
Milwaukee,2000-07-11 21:00:00,0.0,0.34619647541530363,0.3583954550705775,0.3666255582259426,-0.05749483022965941,-0.10499265938658223,1.0,0.0
Milwaukee,2000-07-11 22:00:00,0.0,0.34619647541530363,0.3583954550705775,0.3666255582259426,-0.05749483022965941,-0.10499265938658223,1.0,0.0
Milwaukee,2000-07-11 23:00:00,0.0,0.34619647541530363,0.3583954550705775,0.3666255582259426,-0.05749483022965941,-0.10499265938658223,1.0,0.0
Milwaukee,2000-07-12 00:00:00,0.0,0.34619647541530363,0.3583954550705775,0.3666255582259426,-0.05749483022965941,-0.10499265938658223,1.0,0.0
Milwaukee,2000-07-12 01:00:00,0.0,0.34619647541530363,0.3583954550705775,0.3666255582259426,-0.05749483022965941,-0.10499265938658223,1.0,0.0
Milwaukee,2000-07-12 02:00:00,0.0,0.34619647541530363,0.3583954550705775,0.3666255582259426,-0.05749483022965941,-0.10499265938658223,1.0,0.0
Milwaukee,2000-07-12 03:00:00,0.0,0.34619647541530363,0.3583954550705775,0.3666255582259426,-0.05749483022965941,-0.10499265938658223,1.0,0.0
Milwaukee,2000-07-12 04:00:00,0.0,0.34619647541530363,0.3583954550705775,0.3666255582259426,-0.05749483022965941,-0.10499265938658223,1.0,0.0
Milwaukee,2000-07-12 05:00:00,0.0,0.34619647541530363,0.3583954550705775,0.3666255582259426,-0.05749483022965941,-0.10499265938658223,1.0,0.0
Milwaukee,2000-07-12 06:00:00,0.0,0.34619647541530363,0.3583954550705775,0.3666255582259426,-0.05749483022965941,-0.10499265938658223,1.0,0.0
Milwaukee,2000-07-12 07:00:00,0.0,0.34619647541530363,0.3583954550705775,0.3666255582259426,-0.05749483022965941,-0.10499265938658223,1.0,0.0
Milwaukee,2000-07-12 08:00:00,0.0,0.34619647541530363,0.3583954550705775,0.3666255582259426,-0.05749483022965941,-0.10499265938658223,1.0,0.0
Milwaukee,2000-07-12 09:00:00,0.0,0.34619647541530363,0.3583954550705775,0.3666255582259426,-0.05749483022965941,-0.10499265938658223,1.0,0.0
Milwaukee,2000-07-12 10:00:00,0.0,0.34619647541530363,0.3583954550705775,0.3666255582259426,-0.05749483022965941,-0.10499265938658223,1.0,0.0
Milwaukee,2000-07-12 11:00:00,0.0,0.34619647541530363,0.3583954550705775,0.3666255582259426,-0.05749483022965941,-0.10499265938658223,1.0,0.0
Milwaukee,2000-07-12 12:00:00,0.0,0.34619647541530363,0.3583954550705775,0.3666255582259426,-0.05749483022965941,-0.10499265938658223,1.0,0.0
Milwaukee,2000-07-12 13:00:00,0.0,0.34619647541530363,0.3583954550705775,0.3666255582259426,-0.05749483022965941,-0.10499265938658223,1.0,0.0
Milwaukee,2000-07-12 14:00:00,0.0,0.34619647541530363,0.3583954550705775,0.3666255582259426,-0.05749483022965941,-0.10499265938658223,1.0,0.0
Milwaukee,2000-07-12 15:00:00,0.0,0.34619647541530363,0.3583954550705775,0.3666255582259426,-0.05749483022965941,-0.10499265938658223,1.0,0.0
Milwaukee,2000-07-12 16:00:00,0.0,0.34619647541530363,0.3583954550705775,0.3666255582259426,-0.05749483022965941,-0.10499265938658223,1.0,0.0
Milwaukee,2000-07-12 17:00:00,0.0,0.34619647541530363,0.3583954550705775,0.3666255582259426,-0.05749483022965941,-0.10499265938658223,1.0,0.0
Milwaukee,2000-07-12 18:00:00,0.0,0.34619647541530363,0.3583954550705775,0.3666255582259426,-0.05749483022965941,-0.10499265938658223,1.0,0.0
Milwaukee,2000-07-12 19:00:00,0.0,0.34619647541530363,0.3583954550705775,0.3666255582259426,-0.05749483022965941,-0.10499265938658223,1.0,0.0
Milwaukee,2000-07-12 20:00:00,0.0,0.34619647541530363,0.3583954550705775,0.3666255582259426,-0.05749483022965941,-0.10499265938658223,1.0,0.0
Milwaukee,2000-07-12 21:00:00,0.0,0.34619647541530363,0.3583954550705775,0.3666255582259426,-0.05749483022965941,-0.10499265938658223,1.0,0.0
Milwaukee,2000-07-12 22:00:00,0.0,0.34619647541530363,0.3583954550705775,0.3666255582259426,-0.05749483022965941,-0.10499265938658223,1.0,0.0
Milwaukee,2000-07-12 23:00:00,0.0,0.34619647541530363,0.3583954550705775,0.3666255582259426,-0.05749483022965941,-0.10499265938658223,1.0,0.0
Milwaukee,2000-07-13 00:00:00,0.0,0.34619647541530363,0.3583954550705775,0.3666255582259426,-0.05749483022965941,-0.10499265938658223,1.0,0.0
Milwaukee,2000-07-13 01:00:00,0.0,0.34619647541530363,0.3583954550705775,0.3666255582259426,-0.05749483022965941,-0.10499265938658223,1.0,0.0
Milwaukee,2000-07-13 02:00:00,0.0,0.34619647541530363,0.3583954550705775,0.3666255582259426,-0.05749483022965941,-0.10499265938658223,1.0,0.0
Milwaukee,2000-07-13 03:00:00,0.0,0.34619647541530363,0.3583954550705775,0.3666255582259426,-0.05749483022965941,-0.10499265938658223,1.0,0.0
Milwaukee,2000-07-13 04:00:00,0.0,0.34619647541530363,0.3583954550705775,0.3666255582259426,-0.05749483022965941,-0.10499265938658223,1.0,0.0
Milwaukee,2000-07-13 05:00:00,0.0,0.34619647541530363,0.3583954550705775,0.3666255582259426,-0.05749483022965941,-0.10499265938658223,1.0,0.0
Milwaukee,2000-07-13 06:00:00,0.0,0.34619647541530363,0.3583954550705775,0.3666255582259426,-0.05749483022965941,-0.10499265938658223,1.0,0.0
Milwaukee,2000-07-13 07:00:00,0.0,0.34619647541530363,0.3583954550705775,0.3666255582259426,-0.05749483022965941,-0.10499265938658223,1.0,0.0
Milwaukee,2000-07-13 08:00:00,0.0,0.34619647541530363,0.3583954550705775,0.3666255582259426,-0.05749483022965941,-0.10499265938658223,1.0,0.0
Milwaukee,2000-07-13 09:00:00,0.0,0.34619647541530363,0.3583954550705775,0.3666255582259426,-0.05749483022965941,-0.10499265938658223,1.0,0.0
Milwaukee,2000-07-13 10:00:00,0.0,0.34619647541530363,0.3583954550705775,0.3666255582259426,-0.05749483022965941,-0.10499265938658223,1.0,0.0
Milwaukee,2000-07-13 11:00:00,0.0,0.34619647541530363,0.3583954550705775,0.3666255582259426,-0.05749483022965941,-0.10499265938658223,1.0,0.0
Milwaukee,2000-07-13 12:00:00,0.0,0.34619647541530363,0.3583954550705775,0.3666255582259426,-0.05749483022965941,-0.10499265938658223,1.0,0.0
Milwaukee,2000-07-13 13:00:00,0.0,0.34619647541530363,0.3583954550705775,0.3666255582259426,-0.05749483022965941,-0.10499265938658223,1.0,0.0
Milwaukee,2000-07-13 14:00:00,0.0,0.34619647541530363,0.3583954550705775,0.3666255582259426,-0.05749483022965941,-0.10499265938658223,1.0,0.0
Milwaukee,2000-07-13 15:00:00,0.0,0.34619647541530363,0.3583954550705775,0.3666255582259426,-0.05749483022965941,-0.10499265938658223,1.0,0.0
Milwaukee,2000-07-13 16:00:00,0.0,0.34619647541530363,0.3583954550705775,0.3666255582259426,-0.05749483022965941,-0.10499265938658223,1.0,0.0
Milwaukee,2000-07-13 17:00:00,0.0,0.34619647541530363,0.3583954550705775,0.3666255582259426,-0.05749483022965941,-0.10499265938658223,1.0,0.0
Milwaukee,2000-07-13 18:00:00,0.0,0.34619647541530363,0.3583954550705775,0.3666255582259426,-0.05749483022965941,-0.10499265938658223,1.0,0.0
Milwaukee,2000-07-13 19:00:00,0.0,0.34619647541530363,0.3583954550705775,0.3666255582259426,-0.05749483022965941,-0.10499265938658223,1.0,0.0
Milwaukee,2000-07-13 20:00:00,0.0,0.34619647541530363,0.3583954550705775,0.3666255582259426,-0.05749483022965941,-0.10499265938658223,1.0,0.0
Milwaukee,2000-07-13 21:00:00,0.0,0.34619647541530363,0.3583954550705775,0.3666255582259426,-0.05749483022965941,-0.10499265938658223,1.0,0.0
Milwaukee,2000-07-13 22:00:00,0.0,0.34619647541530363,0.3583954550705775,0.3666255582259426,-0.05749483022965941,-0.10499265938658223,1.0,0.0
Milwaukee,2000-07-13 23:00:00,0.0,0.34619647541530363,0.3583954550705775,0.3666255582259426,-0.05749483022965941,-0.10499265938658223,1.0,0.0
Milwaukee,2000-07-14 00:00:00,0.0,0.34619647541530363,0.3583954550705775,0.3666255582259426,-0.05749483022965941,-0.10499265938658223,1.0,0.0
Milwaukee,2000-07-14 01:00:00,0.0,0.34619647541530363,0.3583954550705775,0.3666255582259426,-0.05749483022965941,-0.10499265938658223,1.0,0.0
Milwaukee,2000-07-14 02:00:00,0.0,0.34619647541530363,0.3583954550705775,0.3666255582259426,-0.05749483022965941,-0.10499265938658223,1.0,0.0
Milwaukee,2000-07-14 03:00:00,0.0,0.34619647541530363,0.3583954550705775,0.3666255582259426,-0.05749483022965941,-0.10499265938658223,1.0,0.0
Milwaukee,2000-07-14 04:00:00,0.0,0.34619647541530363,0.3583954550705775,0.3666255582259426,-0.05749483022965941,-0.10499265938658223,1.0,0.0
Milwaukee,2000-07-14 05:00:00,0.0,0.34619647541530363,0.3583954550705775,0.3666255582259426,-0.05749483022965941,-0.10499265938658223,1.0,0.0
Milwaukee,2000-07-14 06:00:00,1.1000000163912773,0.6382630095217223,0.5805629597505817,0.5708701973896023,1.4316596238483161,1.5193953614321518,1.0612825395941536,1.1674108109493455
Milwaukee,2000-07-14 07:00:00,4.100000061094761,0.9578616784811049,0.9082685930305655,0.8917413837685504,5.492989953151886,5.949544509119609,1.0831158549099023,4.440775071303303
Milwaukee,2000-07-14 08:00:00,0.30000000447034836,0.4321218104209064,0.4219192462835154,0.42481437583882836,0.3486382027006978,0.3380222553821637,0.9695502465412611,0.2908650782966057
Milwaukee,2000-07-14 09:00:00,0.0,0.34619647541530363,0.3583954550705775,0.3666255582259426,-0.05749483022965941,-0.10499265938658223,1.0,0.0
Milwaukee,2000-07-14 10:00:00,0.0,0.34619647541530363,0.3583954550705775,0.3666255582259426,-0.05749483022965941,-0.10499265938658223,1.0,0.0
Milwaukee,2000-07-14 11:00:00,0.0,0.34619647541530363,0.3583954550705775,0.3666255582259426,-0.05749483022965941,-0.10499265938658223,1.0,0.0
Milwaukee,2000-07-14 12:00:00,0.0,0.34619647541530363,0.3583954550705775,0.3666255582259426,-0.05749483022965941,-0.10499265938658223,1.0,0.0
Milwaukee,2000-07-14 13:00:00,0.0,0.34619647541530363,0.3583954550705775,0.3666255582259426,-0.05749483022965941,-0.10499265938658223,1.0,0.0
Milwaukee,2000-07-14 14:00:00,0.0,0.34619647541530363,0.3583954550705775,0.3666255582259426,-0.05749483022965941,-0.10499265938658223,1.0,0.0
Milwaukee,2000-07-14 15:00:00,0.0,0.34619647541530363,0.3583954550705775,0.3666255582259426,-0.05749483022965941,-0.10499265938658223,1.0,0.0
Milwaukee,2000-07-14 16:00:00,0.0,0.34619647541530363,0.3583954550705775,0.3666255582259426,-0.05749483022965941,-0.10499265938658223,1.0,0.0
Milwaukee,2000-07-14 17:00:00,0.0,0.34619647541530363,0.3583954550705775,0.3666255582259426,-0.05749483022965941,-0.10499265938658223,1.0,0.0
Milwaukee,2000-07-14 18:00:00,0.0,0.34619647541530363,0.3583954550705775,0.3666255582259426,-0.05749483022965941,-0.10499265938658223,1.0,0.0
Milwaukee,2000-07-14 19:00:00,0.0,0.34619647541530363,0.3583954550705775,0.3666255582259426,-0.05749483022965941,-0.10499265938658223,1.0,0.0
Milwaukee,2000-07-14 20:00:00,0.0,0.34619647541530363,0.3583954550705775,0.3666255582259426,-0.05749483022965941,-0.10499265938658223,1.0,0.0
Milwaukee,2000-07-14 21:00:00,0.0,0.34619647541530363,0.3583954550705775,0.3666255582259426,-0.05749483022965941,-0.10499265938658223,1.0,0.0
Milwaukee,2000-07-14 22:00:00,0.0,0.34619647541530363,0.3583954550705775,0.3666255582259426,-0.05749483022965941,-0.10499265938658223,1.0,0.0
Milwaukee,2000-07-14 23:00:00,0.10000000149011612,0.37493462778701603,0.37963028842970437,0.38608798432978486,0.077882847413793,0.04267897886966643,0.5479894519381427,0.05479894601038219
Milwaukee,2000-07-15 00:00:00,0.10000000149011612,0.37493462778701603,0.37963028842970437,0.38608798432978486,0.077882847413793,0.04267897886966643,0.5479894519381427,0.05479894601038219
Milwaukee,2000-07-15 01:00:00,0.0,0.34619647541530363,0.3583954550705775,0.3666255582259426,-0.05749483022965941,-0.10499265938658223,1.0,0.0
Milwaukee,2000-07-15 02:00:00,0.0,0.34619647541530363,0.3583954550705775,0.3666255582259426,-0.05749483022965941,-0.10499265938658223,1.0,0.0
Milwaukee,2000-07-15 03:00:00,0.0,0.34619647541530363,0.3583954550705775,0.3666255582259426,-0.05749483022965941,-0.10499265938658223,1.0,0.0
Milwaukee,2000-07-15 04:00:00,0.0,0.34619647541530363,0.3583954550705775,0.3666255582259426,-0.05749483022965941,-0.10499265938658223,1.0,0.0
Milwaukee,2000-07-15 05:00:00,0.0,0.34619647541530363,0.3583954550705775,0.3666255582259426,-0.05749483022965941,-0.10499265938658223,1.0,0.0
Milwaukee,2000-07-15 06:00:00,0.0,0.34619647541530363,0.3583954550705775,0.3666255582259426,-0.05749483022965941,-0.10499265938658223,1.0,0.0
Milwaukee,2000-07-15 07:00:00,0.0,0.34619647541530363,0.3583954550705775,0.3666255582259426,-0.05749483022965941,-0.10499265938658223,1.0,0.0
Milwaukee,2000-07-15 08:00:00,0.0,0.34619647541530363,0.3583954550705775,0.3666255582259426,-0.05749483022965941,-0.10499265938658223,1.0,0.0
Milwaukee,2000-07-15 09:00:00,0.0,0.34619647541530363,0.3583954550705775,0.3666255582259426,-0.05749483022965941,-0.10499265938658223,1.0,0.0
Milwaukee,2000-07-15 10:00:00,0.0,0.34619647541530363,0.3583954550705775,0.3666255582259426,-0.05749483022965941,-0.10499265938658223,1.0,0.0
Milwaukee,2000-07-15 11:00:00,0.0,0.34619647541530363,0.3583954550705775,0.3666255582259426,-0.05749483022965941,-0.10499265938658223,1.0,0.0
Milwaukee,2000-07-15 12:00:00,0.0,0.34619647541530363,0.3583954550705775,0.3666255582259426,-0.05749483022965941,-0.10499265938658223,1.0,0.0
Milwaukee,2000-07-15 13:00:00,0.0,0.34619647541530363,0.3583954550705775,0.3666255582259426,-0.05749483022965941,-0.10499265938658223,1.0,0.0
Milwaukee,2000-07-15 14:00:00,0.0,0.34619647541530363,0.3583954550705775,0.3666255582259426,-0.05749483022965941,-0.10499265938658223,1.0,0.0
Milwaukee,2000-07-15 15:00:00,0.0,0.34619647541530363,0.3583954550705775,0.3666255582259426,-0.05749483022965941,-0.10499265938658223,1.0,0.0
Milwaukee,2000-07-15 16:00:00,0.0,0.34619647541530363,0.3583954550705775,0.3666255582259426,-0.05749483022965941,-0.10499265938658223,1.0,0.0
Milwaukee,2000-07-15 17:00:00,0.0,0.34619647541530363,0.3583954550705775,0.3666255582259426,-0.05749483022965941,-0.10499265938658223,1.0,0.0
Milwaukee,2000-07-15 18:00:00,0.0,0.34619647541530363,0.3583954550705775,0.3666255582259426,-0.05749483022965941,-0.10499265938658223,1.0,0.0
Milwaukee,2000-07-15 19:00:00,0.0,0.34619647541530363,0.3583954550705775,0.3666255582259426,-0.05749483022965941,-0.10499265938658223,1.0,0.0
Milwaukee,2000-07-15 20:00:00,0.0,0.34619647541530363,0.3583954550705775,0.3666255582259426,-0.05749483022965941,-0.10499265938658223,1.0,0.0
Milwaukee,2000-07-15 21:00:00,0.0,0.34619647541530363,0.3583954550705775,0.3666255582259426,-0.05749483022965941,-0.10499265938658223,1.0,0.0
Milwaukee,2000-07-15 22:00:00,0.0,0.34619647541530363,0.3583954550705775,0.3666255582259426,-0.05749483022965941,-0.10499265938658223,1.0,0.0
Milwaukee,2000-07-15 23:00:00,0.0,0.34619647541530363,0.3583954550705775,0.3666255582259426,-0.05749483022965941,-0.10499265938658223,1.0,0.0
Milwaukee,2000-07-16 00:00:00,0.0,0.34619647541530363,0.3583954550705775,0.3666255582259426,-0.05749483022965941,-0.10499265938658223,1.0,0.0
Milwaukee,2000-07-16 01:00:00,0.0,0.34619647541530363,0.3583954550705775,0.3666255582259426,-0.05749483022965941,-0.10499265938658223,1.0,0.0
Milwaukee,2000-07-16 02:00:00,0.0,0.34619647541530363,0.3583954550705775,0.3666255582259426,-0.05749483022965941,-0.10499265938658223,1.0,0.0
Milwaukee,2000-07-16 03:00:00,0.0,0.34619647541530363,0.3583954550705775,0.3666255582259426,-0.05749483022965941,-0.10499265938658223,1.0,0.0
Milwaukee,2000-07-16 04:00:00,0.0,0.34619647541530363,0.3583954550705775,0.3666255582259426,-0.05749483022965941,-0.10499265938658223,1.0,0.0
Milwaukee,2000-07-16 05:00:00,0.0,0.34619647541530363,0.3583954550705775,0.3666255582259426,-0.05749483022965941,-0.10499265938658223,1.0,0.0
Milwaukee,2000-07-16 06:00:00,0.0,0.34619647541530363,0.3583954550705775,0.3666255582259426,-0.05749483022965941,-0.10499265938658223,1.0,0.0
Milwaukee,2000-07-16 07:00:00,0.0,0.34619647541530363,0.3583954550705775,0.3666255582259426,-0.05749483022965941,-0.10499265938658223,1.0,0.0
Milwaukee,2000-07-16 08:00:00,0.0,0.34619647541530363,0.3583954550705775,0.3666255582259426,-0.05749483022965941,-0.10499265938658223,1.0,0.0
Milwaukee,2000-07-16 09:00:00,0.0,0.34619647541530363,0.3583954550705775,0.3666255582259426,-0.05749483022965941,-0.10499265938658223,1.0,0.0
Milwaukee,2000-07-16 10:00:00,0.0,0.34619647541530363,0.3583954550705775,0.3666255582259426,-0.05749483022965941,-0.10499265938658223,1.0,0.0
Milwaukee,2000-07-16 11:00:00,0.0,0.34619647541530363,0.3583954550705775,0.3666255582259426,-0.05749483022965941,-0.10499265938658223,1.0,0.0
Milwaukee,2000-07-16 12:00:00,0.0,0.34619647541530363,0.3583954550705775,0.3666255582259426,-0.05749483022965941,-0.10499265938658223,1.0,0.0
Milwaukee,2000-07-16 13:00:00,0.0,0.34619647541530363,0.3583954550705775,0.3666255582259426,-0.05749483022965941,-0.10499265938658223,1.0,0.0
Milwaukee,2000-07-16 14:00:00,0.0,0.34619647541530363,0.3583954550705775,0.3666255582259426,-0.05749483022965941,-0.10499265938658223,1.0,0.0
Milwaukee,2000-07-16 15:00:00,0.0,0.34619647541530363,0.3583954550705775,0.3666255582259426,-0.05749483022965941,-0.10499265938658223,1.0,0.0
Milwaukee,2000-07-16 16:00:00,0.0,0.34619647541530363,0.3583954550705775,0.3666255582259426,-0.05749483022965941,-0.10499265938658223,1.0,0.0
Milwaukee,2000-07-16 17:00:00,0.0,0.34619647541530363,0.3583954550705775,0.3666255582259426,-0.05749483022965941,-0.10499265938658223,1.0,0.0
Milwaukee,2000-07-16 18:00:00,0.0,0.34619647541530363,0.3583954550705775,0.3666255582259426,-0.05749483022965941,-0.10499265938658223,1.0,0.0
Milwaukee,2000-07-16 19:00:00,0.0,0.34619647541530363,0.3583954550705775,0.3666255582259426,-0.05749483022965941,-0.10499265938658223,1.0,0.0
Milwaukee,2000-07-16 20:00:00,0.0,0.34619647541530363,0.3583954550705775,0.3666255582259426,-0.05749483022965941,-0.10499265938658223,1.0,0.0
Milwaukee,2000-07-16 21:00:00,0.0,0.34619647541530363,0.3583954550705775,0.3666255582259426,-0.05749483022965941,-0.10499265938658223,1.0,0.0
Milwaukee,2000-07-16 22:00:00,0.0,0.34619647541530363,0.3583954550705775,0.3666255582259426,-0.05749483022965941,-0.10499265938658223,1.0,0.0
Milwaukee,2000-07-16 23:00:00,0.0,0.34619647541530363,0.3583954550705775,0.3666255582259426,-0.05749483022965941,-0.10499265938658223,1.0,0.0
Milwaukee,2000-07-17 00:00:00,0.0,0.34619647541530363,0.3583954550705775,0.3666255582259426,-0.05749483022965941,-0.10499265938658223,1.0,0.0
Milwaukee,2000-07-17 01:00:00,0.0,0.34619647541530363,0.3583954550705775,0.3666255582259426,-0.05749483022965941,-0.10499265938658223,1.0,0.0
Milwaukee,2000-07-17 02:00:00,0.0,0.34619647541530363,0.3583954550705775,0.3666255582259426,-0.05749483022965941,-0.10499265938658223,1.0,0.0
Milwaukee,2000-07-17 03:00:00,0.0,0.34619647541530363,0.3583954550705775,0.3666255582259426,-0.05749483022965941,-0.10499265938658223,1.0,0.0
Milwaukee,2000-07-17 04:00:00,0.0,0.34619647541530363,0.3583954550705775,0.3666255582259426,-0.05749483022965941,-0.10499265938658223,1.0,0.0
Milwaukee,2000-07-17 05:00:00,0.0,0.34619647541530363,0.3583954550705775,0.3666255582259426,-0.05749483022965941,-0.10499265938658223,1.0,0.0
Milwaukee,2000-07-17 06:00:00,0.0,0.34619647541530363,0.3583954550705775,0.3666255582259426,-0.05749483022965941,-0.10499265938658223,1.0,0.0
Milwaukee,2000-07-17 07:00:00,0.0,0.34619647541530363,0.3583954550705775,0.3666255582259426,-0.05749483022965941,-0.10499265938658223,1.0,0.0
Milwaukee,2000-07-17 08:00:00,0.0,0.34619647541530363,0.3583954550705775,0.3666255582259426,-0.05749483022965941,-0.10499265938658223,1.0,0.0
Milwaukee,2000-07-17 09:00:00,0.0,0.34619647541530363,0.3583954550705775,0.3666255582259426,-0.05749483022965941,-0.10499265938658223,1.0,0.0
Milwaukee,2000-07-17 10:00:00,0.0,0.34619647541530363,0.3583954550705775,0.3666255582259426,-0.05749483022965941,-0.10499265938658223,1.0,0.0
Milwaukee,2000-07-17 11:00:00,0.0,0.34619647541530363,0.3583954550705775,0.3666255582259426,-0.05749483022965941,-0.10499265938658223,1.0,0.0
Milwaukee,2000-07-17 12:00:00,0.0,0.34619647541530363,0.3583954550705775,0.3666255582259426,-0.05749483022965941,-0.10499265938658223,1.0,0.0
Milwaukee,2000-07-17 13:00:00,0.0,0.34619647541530363,0.3583954550705775,0.3666255582259426,-0.05749483022965941,-0.10499265938658223,1.0,0.0
Milwaukee,2000-07-17 14:00:00,0.0,0.34619647541530363,0.3583954550705775,0.3666255582259426,-0.05749483022965941,-0.10499265938658223,1.0,0.0
Milwaukee,2000-07-17 15:00:00,0.0,0.34619647541530363,0.3583954550705775,0.3666255582259426,-0.05749483022965941,-0.10499265938658223,1.0,0.0
Milwaukee,2000-07-17 16:00:00,0.0,0.34619647541530363,0.3583954550705775,0.3666255582259426,-0.05749483022965941,-0.10499265938658223,1.0,0.0
Milwaukee,2000-07-17 17:00:00,0.0,0.34619647541530363,0.3583954550705775,0.3666255582259426,-0.05749483022965941,-0.10499265938658223,1.0,0.0
Milwaukee,2000-07-17 18:00:00,0.0,0.34619647541530363,0.3583954550705775,0.3666255582259426,-0.05749483022965941,-0.10499265938658223,1.0,0.0
Milwaukee,2000-07-17 19:00:00,0.0,0.34619647541530363,0.3583954550705775,0.3666255582259426,-0.05749483022965941,-0.10499265938658223,1.0,0.0
Milwaukee,2000-07-17 20:00:00,0.0,0.34619647541530363,0.3583954550705775,0.3666255582259426,-0.05749483022965941,-0.10499265938658223,1.0,0.0
Milwaukee,2000-07-17 21:00:00,0.0,0.34619647541530363,0.3583954550705775,0.3666255582259426,-0.05749483022965941,-0.10499265938658223,1.0,0.0
Milwaukee,2000-07-17 22:00:00,0.0,0.34619647541530363,0.3583954550705775,0.3666255582259426,-0.05749483022965941,-0.10499265938658223,1.0,0.0
Milwaukee,2000-07-17 23:00:00,0.0,0.34619647541530363,0.3583954550705775,0.3666255582259426,-0.05749483022965941,-0.10499265938658223,1.0,0.0
Milwaukee,2000-07-18 00:00:00,0.0,0.34619647541530363,0.3583954550705775,0.3666255582259426,-0.05749483022965941,-0.10499265938658223,1.0,0.0
Milwaukee,2000-07-18 01:00:00,0.0,0.34619647541530363,0.3583954550705775,0.3666255582259426,-0.05749483022965941,-0.10499265938658223,1.0,0.0
Milwaukee,2000-07-18 02:00:00,0.0,0.34619647541530363,0.3583954550705775,0.3666255582259426,-0.05749483022965941,-0.10499265938658223,1.0,0.0
Milwaukee,2000-07-18 03:00:00,0.0,0.34619647541530363,0.3583954550705775,0.3666255582259426,-0.05749483022965941,-0.10499265938658223,1.0,0.0
Milwaukee,2000-07-18 04:00:00,0.0,0.34619647541530363,0.3583954550705775,0.3666255582259426,-0.05749483022965941,-0.10499265938658223,1.0,0.0
Milwaukee,2000-07-18 05:00:00,0.0,0.34619647541530363,0.3583954550705775,0.3666255582259426,-0.05749483022965941,-0.10499265938658223,1.0,0.0
Milwaukee,2000-07-18 06:00:00,0.0,0.34619647541530363,0.3583954550705775,0.3666255582259426,-0.05749483022965941,-0.10499265938658223,1.0,0.0
Milwaukee,2000-07-18 07:00:00,0.0,0.34619647541530363,0.3583954550705775,0.3666255582259426,-0.05749483022965941,-0.10499265938658223,1.0,0.0
Milwaukee,2000-07-18 08:00:00,0.0,0.34619647541530363,0.3583954550705775,0.3666255582259426,-0.05749483022965941,-0.10499265938658223,1.0,0.0
Milwaukee,2000-07-18 09:00:00,0.0,0.34619647541530363,0.3583954550705775,0.3666255582259426,-0.05749483022965941,-0.10499265938658223,1.0,0.0
Milwaukee,2000-07-18 10:00:00,0.0,0.34619647541530363,0.3583954550705775,0.3666255582259426,-0.05749483022965941,-0.10499265938658223,1.0,0.0
Milwaukee,2000-07-18 11:00:00,0.0,0.34619647541530363,0.3583954550705775,0.3666255582259426,-0.05749483022965941,-0.10499265938658223,1.0,0.0
Milwaukee,2000-07-18 12:00:00,0.0,0.34619647541530363,0.3583954550705775,0.3666255582259426,-0.05749483022965941,-0.10499265938658223,1.0,0.0
Milwaukee,2000-07-18 13:00:00,0.0,0.34619647541530363,0.3583954550705775,0.3666255582259426,-0.05749483022965941,-0.10499265938658223,1.0,0.0
Milwaukee,2000-07-18 14:00:00,0.0,0.34619647541530363,0.3583954550705775,0.3666255582259426,-0.05749483022965941,-0.10499265938658223,1.0,0.0
Milwaukee,2000-07-18 15:00:00,0.0,0.34619647541530363,0.3583954550705775,0.3666255582259426,-0.05749483022965941,-0.10499265938658223,1.0,0.0
Milwaukee,2000-07-18 16:00:00,0.0,0.34619647541530363,0.3583954550705775,0.3666255582259426,-0.05749483022965941,-0.10499265938658223,1.0,0.0
Milwaukee,2000-07-18 17:00:00,0.0,0.34619647541530363,0.3583954550705775,0.3666255582259426,-0.05749483022965941,-0.10499265938658223,1.0,0.0
Milwaukee,2000-07-18 18:00:00,0.0,0.34619647541530363,0.3583954550705775,0.3666255582259426,-0.05749483022965941,-0.10499265938658223,1.0,0.0
Milwaukee,2000-07-18 19:00:00,0.0,0.34619647541530363,0.3583954550705775,0.3666255582259426,-0.05749483022965941,-0.10499265938658223,1.0,0.0
Milwaukee,2000-07-18 20:00:00,0.0,0.34619647541530363,0.3583954550705775,0.3666255582259426,-0.05749483022965941,-0.10499265938658223,1.0,0.0
Milwaukee,2000-07-18 21:00:00,0.0,0.34619647541530363,0.3583954550705775,0.3666255582259426,-0.05749483022965941,-0.10499265938658223,1.0,0.0
Milwaukee,2000-07-18 22:00:00,0.0,0.34619647541530363,0.3583954550705775,0.3666255582259426,-0.05749483022965941,-0.10499265938658223,1.0,0.0
Milwaukee,2000-07-18 23:00:00,0.0,0.34619647541530363,0.3583954550705775,0.3666255582259426,-0.05749483022965941,-0.10499265938658223,1.0,0.0
Milwaukee,2000-07-19 00:00:00,0.0,0.34619647541530363,0.3583954550705775,0.3666255582259426,-0.05749483022965941,-0.10499265938658223,1.0,0.0
Milwaukee,2000-07-19 01:00:00,0.0,0.34619647541530363,0.3583954550705775,0.3666255582259426,-0.05749483022965941,-0.10499265938658223,1.0,0.0
Milwaukee,2000-07-19 02:00:00,0.0,0.34619647541530363,0.3583954550705775,0.3666255582259426,-0.05749483022965941,-0.10499265938658223,1.0,0.0
Milwaukee,2000-07-19 03:00:00,0.0,0.34619647541530363,0.3583954550705775,0.3666255582259426,-0.05749483022965941,-0.10499265938658223,1.0,0.0
Milwaukee,2000-07-19 04:00:00,0.0,0.34619647541530363,0.3583954550705775,0.3666255582259426,-0.05749483022965941,-0.10499265938658223,1.0,0.0
Milwaukee,2000-07-19 05:00:00,0.0,0.34619647541530363,0.3583954550705775,0.3666255582259426,-0.05749483022965941,-0.10499265938658223,1.0,0.0
Milwaukee,2000-07-19 06:00:00,0.0,0.34619647541530363,0.3583954550705775,0.3666255582259426,-0.05749483022965941,-0.10499265938658223,1.0,0.0
Milwaukee,2000-07-19 07:00:00,0.0,0.34619647541530363,0.3583954550705775,0.3666255582259426,-0.05749483022965941,-0.10499265938658223,1.0,0.0
Milwaukee,2000-07-19 08:00:00,0.0,0.34619647541530363,0.3583954550705775,0.3666255582259426,-0.05749483022965941,-0.10499265938658223,1.0,0.0
Milwaukee,2000-07-19 09:00:00,0.0,0.34619647541530363,0.3583954550705775,0.3666255582259426,-0.05749483022965941,-0.10499265938658223,1.0,0.0
Milwaukee,2000-07-19 10:00:00,0.0,0.34619647541530363,0.3583954550705775,0.3666255582259426,-0.05749483022965941,-0.10499265938658223,1.0,0.0
Milwaukee,2000-07-19 11:00:00,0.0,0.34619647541530363,0.3583954550705775,0.3666255582259426,-0.05749483022965941,-0.10499265938658223,1.0,0.0
Milwaukee,2000-07-19 12:00:00,0.0,0.34619647541530363,0.3583954550705775,0.3666255582259426,-0.05749483022965941,-0.10499265938658223,1.0,0.0
Milwaukee,2000-07-19 13:00:00,0.0,0.34619647541530363,0.3583954550705775,0.3666255582259426,-0.05749483022965941,-0.10499265938658223,1.0,0.0
Milwaukee,2000-07-19 14:00:00,0.0,0.34619647541530363,0.3583954550705775,0.3666255582259426,-0.05749483022965941,-0.10499265938658223,1.0,0.0
Milwaukee,2000-07-19 15:00:00,0.0,0.34619647541530363,0.3583954550705775,0.3666255582259426,-0.05749483022965941,-0.10499265938658223,1.0,0.0
Milwaukee,2000-07-19 16:00:00,0.0,0.34619647541530363,0.3583954550705775,0.3666255582259426,-0.05749483022965941,-0.10499265938658223,1.0,0.0
Milwaukee,2000-07-19 17:00:00,0.0,0.34619647541530363,0.3583954550705775,0.3666255582259426,-0.05749483022965941,-0.10499265938658223,1.0,0.0
Milwaukee,2000-07-19 18:00:00,0.0,0.34619647541530363,0.3583954550705775,0.3666255582259426,-0.05749483022965941,-0.10499265938658223,1.0,0.0
Milwaukee,2000-07-19 19:00:00,0.0,0.34619647541530363,0.3583954550705775,0.3666255582259426,-0.05749483022965941,-0.10499265938658223,1.0,0.0
Milwaukee,2000-07-19 20:00:00,0.0,0.34619647541530363,0.3583954550705775,0.3666255582259426,-0.05749483022965941,-0.10499265938658223,1.0,0.0
Milwaukee,2000-07-19 21:00:00,0.0,0.34619647541530363,0.3583954550705775,0.3666255582259426,-0.05749483022965941,-0.10499265938658223,1.0,0.0
Milwaukee,2000-07-19 22:00:00,0.0,0.34619647541530363,0.3583954550705775,0.3666255582259426,-0.05749483022965941,-0.10499265938658223,1.0,0.0
Milwaukee,2000-07-19 23:00:00,0.0,0.34619647541530363,0.3583954550705775,0.3666255582259426,-0.05749483022965941,-0.10499265938658223,1.0,0.0
Milwaukee,2000-07-20 00:00:00,0.0,0.34619647541530363,0.3583954550705775,0.3666255582259426,-0.05749483022965941,-0.10499265938658223,1.0,0.0
Milwaukee,2000-07-20 01:00:00,0.0,0.34619647541530363,0.3583954550705775,0.3666255582259426,-0.05749483022965941,-0.10499265938658223,1.0,0.0
Milwaukee,2000-07-20 02:00:00,0.0,0.34619647541530363,0.3583954550705775,0.3666255582259426,-0.05749483022965941,-0.10499265938658223,1.0,0.0
Milwaukee,2000-07-20 03:00:00,0.0,0.34619647541530363,0.3583954550705775,0.3666255582259426,-0.05749483022965941,-0.10499265938658223,1.0,0.0
Milwaukee,2000-07-20 04:00:00,0.0,0.34619647541530363,0.3583954550705775,0.3666255582259426,-0.05749483022965941,-0.10499265938658223,1.0,0.0
Milwaukee,2000-07-20 05:00:00,0.0,0.34619647541530363,0.3583954550705775,0.3666255582259426,-0.05749483022965941,-0.10499265938658223,1.0,0.0
Milwaukee,2000-07-20 06:00:00,0.0,0.34619647541530363,0.3583954550705775,0.3666255582259426,-0.05749483022965941,-0.10499265938658223,1.0,0.0
Milwaukee,2000-07-20 07:00:00,0.0,0.34619647541530363,0.3583954550705775,0.3666255582259426,-0.05749483022965941,-0.10499265938658223,1.0,0.0
Milwaukee,2000-07-20 08:00:00,0.0,0.34619647541530363,0.3583954550705775,0.3666255582259426,-0.05749483022965941,-0.10499265938658223,1.0,0.0
Milwaukee,2000-07-20 09:00:00,0.0,0.34619647541530363,0.3583954550705775,0.3666255582259426,-0.05749483022965941,-0.10499265938658223,1.0,0.0
Milwaukee,2000-07-20 10:00:00,0.0,0.34619647541530363,0.3583954550705775,0.3666255582259426,-0.05749483022965941,-0.10499265938658223,1.0,0.0
Milwaukee,2000-07-20 11:00:00,0.0,0.34619647541530363,0.3583954550705775,0.3666255582259426,-0.05749483022965941,-0.10499265938658223,1.0,0.0
Milwaukee,2000-07-20 12:00:00,0.0,0.34619647541530363,0.3583954550705775,0.3666255582259426,-0.05749483022965941,-0.10499265938658223,1.0,0.0
Milwaukee,2000-07-20 13:00:00,0.0,0.34619647541530363,0.3583954550705775,0.3666255582259426,-0.05749483022965941,-0.10499265938658223,1.0,0.0
Milwaukee,2000-07-20 14:00:00,0.0,0.34619647541530363,0.3583954550705775,0.3666255582259426,-0.05749483022965941,-0.10499265938658223,1.0,0.0
Milwaukee,2000-07-20 15:00:00,0.0,0.34619647541530363,0.3583954550705775,0.3666255582259426,-0.05749483022965941,-0.10499265938658223,1.0,0.0
Milwaukee,2000-07-20 16:00:00,0.0,0.34619647541530363,0.3583954550705775,0.3666255582259426,-0.05749483022965941,-0.10499265938658223,1.0,0.0
Milwaukee,2000-07-20 17:00:00,0.0,0.34619647541530363,0.3583954550705775,0.3666255582259426,-0.05749483022965941,-0.10499265938658223,1.0,0.0
Milwaukee,2000-07-20 18:00:00,0.0,0.34619647541530363,0.3583954550705775,0.3666255582259426,-0.05749483022965941,-0.10499265938658223,1.0,0.0
Milwaukee,2000-07-20 19:00:00,0.0,0.34619647541530363,0.3583954550705775,0.3666255582259426,-0.05749483022965941,-0.10499265938658223,1.0,0.0
Milwaukee,2000-07-20 20:00:00,0.0,0.34619647541530363,0.3583954550705775,0.3666255582259426,-0.05749483022965941,-0.10499265938658223,1.0,0.0
Milwaukee,2000-07-20 21:00:00,0.0,0.34619647541530363,0.3583954550705775,0.3666255582259426,-0.05749483022965941,-0.10499265938658223,1.0,0.0
Milwaukee,2000-07-20 22:00:00,0.20000000298023224,0.4036312859866724,0.40082695074191593,0.4055009521190948,0.2132605250572452,0.1903506171259148,0.8925731429893989,0.17851463125795505
Milwaukee,2000-07-20 23:00:00,0.6000000089406967,0.5149511800867037,0.4839791863801989,0.48170736485828647,0.7547712356310545,0.7810371701509091,1.0347998615738105,0.6208799261961181
Milwaukee,2000-07-21 00:00:00,0.0,0.34619647541530363,0.3583954550705775,0.3666255582259426,-0.05749483022965941,-0.10499265938658223,1.0,0.0
Milwaukee,2000-07-21 01:00:00,0.0,0.34619647541530363,0.3583954550705775,0.3666255582259426,-0.05749483022965941,-0.10499265938658223,1.0,0.0
Milwaukee,2000-07-21 02:00:00,0.0,0.34619647541530363,0.3583954550705775,0.3666255582259426,-0.05749483022965941,-0.10499265938658223,1.0,0.0
Milwaukee,2000-07-21 03:00:00,0.4000000059604645,0.4602572840073257,0.44284563734884813,0.44398150563378375,0.4840158803441499,0.4856938936384119,1.0034668558665243,0.40138674832773824
Milwaukee,2000-07-21 04:00:00,0.0,0.34619647541530363,0.3583954550705775,0.3666255582259426,-0.05749483022965941,-0.10499265938658223,1.0,0.0
Milwaukee,2000-07-21 05:00:00,0.0,0.34619647541530363,0.3583954550705775,0.3666255582259426,-0.05749483022965941,-0.10499265938658223,1.0,0.0
Milwaukee,2000-07-21 06:00:00,0.0,0.34619647541530363,0.3583954550705775,0.3666255582259426,-0.05749483022965941,-0.10499265938658223,1.0,0.0
Milwaukee,2000-07-21 07:00:00,0.0,0.34619647541530363,0.3583954550705775,0.3666255582259426,-0.05749483022965941,-0.10499265938658223,1.0,0.0
Milwaukee,2000-07-21 08:00:00,0.0,0.34619647541530363,0.3583954550705775,0.3666255582259426,-0.05749483022965941,-0.10499265938658223,1.0,0.0
Milwaukee,2000-07-21 09:00:00,0.0,0.34619647541530363,0.3583954550705775,0.3666255582259426,-0.05749483022965941,-0.10499265938658223,1.0,0.0
Milwaukee,2000-07-21 10:00:00,0.0,0.34619647541530363,0.3583954550705775,0.3666255582259426,-0.05749483022965941,-0.10499265938658223,1.0,0.0
Milwaukee,2000-07-21 11:00:00,0.0,0.34619647541530363,0.3583954550705775,0.3666255582259426,-0.05749483022965941,-0.10499265938658223,1.0,0.0
Milwaukee,2000-07-21 12:00:00,0.0,0.34619647541530363,0.3583954550705775,0.3666255582259426,-0.05749483022965941,-0.10499265938658223,1.0,0.0
Milwaukee,2000-07-21 13:00:00,0.0,0.34619647541530363,0.3583954550705775,0.3666255582259426,-0.05749483022965941,-0.10499265938658223,1.0,0.0
Milwaukee,2000-07-21 14:00:00,0.0,0.34619647541530363,0.3583954550705775,0.3666255582259426,-0.05749483022965941,-0.10499265938658223,1.0,0.0
Milwaukee,2000-07-21 15:00:00,0.0,0.34619647541530363,0.3583954550705775,0.3666255582259426,-0.05749483022965941,-0.10499265938658223,1.0,0.0
Milwaukee,2000-07-21 16:00:00,0.0,0.34619647541530363,0.3583954550705775,0.3666255582259426,-0.05749483022965941,-0.10499265938658223,1.0,0.0
Milwaukee,2000-07-21 17:00:00,0.0,0.34619647541530363,0.3583954550705775,0.3666255582259426,-0.05749483022965941,-0.10499265938658223,1.0,0.0
Milwaukee,2000-07-21 18:00:00,0.0,0.34619647541530363,0.3583954550705775,0.3666255582259426,-0.05749483022965941,-0.10499265938658223,1.0,0.0
Milwaukee,2000-07-21 19:00:00,0.0,0.34619647541530363,0.3583954550705775,0.3666255582259426,-0.05749483022965941,-0.10499265938658223,1.0,0.0
Milwaukee,2000-07-21 20:00:00,0.0,0.34619647541530363,0.3583954550705775,0.3666255582259426,-0.05749483022965941,-0.10499265938658223,1.0,0.0
Milwaukee,2000-07-21 21:00:00,0.0,0.34619647541530363,0.3583954550705775,0.3666255582259426,-0.05749483022965941,-0.10499265938658223,1.0,0.0
Milwaukee,2000-07-21 22:00:00,0.0,0.34619647541530363,0.3583954550705775,0.3666255582259426,-0.05749483022965941,-0.10499265938658223,1.0,0.0
Milwaukee,2000-07-21 23:00:00,0.0,0.34619647541530363,0.3583954550705775,0.3666255582259426,-0.05749483022965941,-0.10499265938658223,1.0,0.0
Milwaukee,2000-07-22 00:00:00,0.0,0.34619647541530363,0.3583954550705775,0.3666255582259426,-0.05749483022965941,-0.10499265938658223,1.0,0.0
Milwaukee,2000-07-22 01:00:00,0.0,0.34619647541530363,0.3583954550705775,0.3666255582259426,-0.05749483022965941,-0.10499265938658223,1.0,0.0
Milwaukee,2000-07-22 02:00:00,0.0,0.34619647541530363,0.3583954550705775,0.3666255582259426,-0.05749483022965941,-0.10499265938658223,1.0,0.0
Milwaukee,2000-07-22 03:00:00,0.0,0.34619647541530363,0.3583954550705775,0.3666255582259426,-0.05749483022965941,-0.10499265938658223,1.0,0.0
Milwaukee,2000-07-22 04:00:00,0.0,0.34619647541530363,0.3583954550705775,0.3666255582259426,-0.05749483022965941,-0.10499265938658223,1.0,0.0
Milwaukee,2000-07-22 05:00:00,0.0,0.34619647541530363,0.3583954550705775,0.3666255582259426,-0.05749483022965941,-0.10499265938658223,1.0,0.0
Milwaukee,2000-07-22 06:00:00,0.0,0.34619647541530363,0.3583954550705775,0.3666255582259426,-0.05749483022965941,-0.10499265938658223,1.0,0.0
Milwaukee,2000-07-22 07:00:00,0.0,0.34619647541530363,0.3583954550705775,0.3666255582259426,-0.05749483022965941,-0.10499265938658223,1.0,0.0
Milwaukee,2000-07-22 08:00:00,0.0,0.34619647541530363,0.3583954550705775,0.3666255582259426,-0.05749483022965941,-0.10499265938658223,1.0,0.0
Milwaukee,2000-07-22 09:00:00,0.0,0.34619647541530363,0.3583954550705775,0.3666255582259426,-0.05749483022965941,-0.10499265938658223,1.0,0.0
Milwaukee,2000-07-22 10:00:00,0.0,0.34619647541530363,0.3583954550705775,0.3666255582259426,-0.05749483022965941,-0.10499265938658223,1.0,0.0
Milwaukee,2000-07-22 11:00:00,0.0,0.34619647541530363,0.3583954550705775,0.3666255582259426,-0.05749483022965941,-0.10499265938658223,1.0,0.0
Milwaukee,2000-07-22 12:00:00,0.0,0.34619647541530363,0.3583954550705775,0.3666255582259426,-0.05749483022965941,-0.10499265938658223,1.0,0.0
Milwaukee,2000-07-22 13:00:00,0.0,0.34619647541530363,0.3583954550705775,0.3666255582259426,-0.05749483022965941,-0.10499265938658223,1.0,0.0
Milwaukee,2000-07-22 14:00:00,0.0,0.34619647541530363,0.3583954550705775,0.3666255582259426,-0.05749483022965941,-0.10499265938658223,1.0,0.0
Milwaukee,2000-07-22 15:00:00,0.0,0.34619647541530363,0.3583954550705775,0.3666255582259426,-0.05749483022965941,-0.10499265938658223,1.0,0.0
Milwaukee,2000-07-22 16:00:00,0.0,0.34619647541530363,0.3583954550705775,0.3666255582259426,-0.05749483022965941,-0.10499265938658223,1.0,0.0
Milwaukee,2000-07-22 17:00:00,0.0,0.34619647541530363,0.3583954550705775,0.3666255582259426,-0.05749483022965941,-0.10499265938658223,1.0,0.0
Milwaukee,2000-07-22 18:00:00,0.0,0.34619647541530363,0.3583954550705775,0.3666255582259426,-0.05749483022965941,-0.10499265938658223,1.0,0.0
Milwaukee,2000-07-22 19:00:00,0.0,0.34619647541530363,0.3583954550705775,0.3666255582259426,-0.05749483022965941,-0.10499265938658223,1.0,0.0
Milwaukee,2000-07-22 20:00:00,0.0,0.34619647541530363,0.3583954550705775,0.3666255582259426,-0.05749483022965941,-0.10499265938658223,1.0,0.0
Milwaukee,2000-07-22 21:00:00,0.0,0.34619647541530363,0.3583954550705775,0.3666255582259426,-0.05749483022965941,-0.10499265938658223,1.0,0.0
Milwaukee,2000-07-22 22:00:00,0.0,0.34619647541530363,0.3583954550705775,0.3666255582259426,-0.05749483022965941,-0.10499265938658223,1.0,0.0
Milwaukee,2000-07-22 23:00:00,0.0,0.34619647541530363,0.3583954550705775,0.3666255582259426,-0.05749483022965941,-0.10499265938658223,1.0,0.0
Milwaukee,2000-07-23 00:00:00,0.0,0.34619647541530363,0.3583954550705775,0.3666255582259426,-0.05749483022965941,-0.10499265938658223,1.0,0.0
Milwaukee,2000-07-23 01:00:00,0.0,0.34619647541530363,0.3583954550705775,0.3666255582259426,-0.05749483022965941,-0.10499265938658223,1.0,0.0
Milwaukee,2000-07-23 02:00:00,0.0,0.34619647541530363,0.3583954550705775,0.3666255582259426,-0.05749483022965941,-0.10499265938658223,1.0,0.0
Milwaukee,2000-07-23 03:00:00,0.0,0.34619647541530363,0.3583954550705775,0.3666255582259426,-0.05749483022965941,-0.10499265938658223,1.0,0.0
Milwaukee,2000-07-23 04:00:00,0.0,0.34619647541530363,0.3583954550705775,0.3666255582259426,-0.05749483022965941,-0.10499265938658223,1.0,0.0
Milwaukee,2000-07-23 05:00:00,0.0,0.34619647541530363,0.3583954550705775,0.3666255582259426,-0.05749483022965941,-0.10499265938658223,1.0,0.0
Milwaukee,2000-07-23 06:00:00,0.0,0.34619647541530363,0.3583954550705775,0.3666255582259426,-0.05749483022965941,-0.10499265938658223,1.0,0.0
Milwaukee,2000-07-23 07:00:00,0.0,0.34619647541530363,0.3583954550705775,0.3666255582259426,-0.05749483022965941,-0.10499265938658223,1.0,0.0
Milwaukee,2000-07-23 08:00:00,0.0,0.34619647541530363,0.3583954550705775,0.3666255582259426,-0.05749483022965941,-0.10499265938658223,1.0,0.0
Milwaukee,2000-07-23 09:00:00,0.0,0.34619647541530363,0.3583954550705775,0.3666255582259426,-0.05749483022965941,-0.10499265938658223,1.0,0.0
Milwaukee,2000-07-23 10:00:00,0.0,0.34619647541530363,0.3583954550705775,0.3666255582259426,-0.05749483022965941,-0.10499265938658223,1.0,0.0
Milwaukee,2000-07-23 11:00:00,0.0,0.34619647541530363,0.3583954550705775,0.3666255582259426,-0.05749483022965941,-0.10499265938658223,1.0,0.0
Milwaukee,2000-07-23 12:00:00,0.0,0.34619647541530363,0.3583954550705775,0.3666255582259426,-0.05749483022965941,-0.10499265938658223,1.0,0.0
Milwaukee,2000-07-23 13:00:00,0.0,0.34619647541530363,0.3583954550705775,0.3666255582259426,-0.05749483022965941,-0.10499265938658223,1.0,0.0
Milwaukee,2000-07-23 14:00:00,0.0,0.34619647541530363,0.3583954550705775,0.3666255582259426,-0.05749483022965941,-0.10499265938658223,1.0,0.0
Milwaukee,2000-07-23 15:00:00,0.0,0.34619647541530363,0.3583954550705775,0.3666255582259426,-0.05749483022965941,-0.10499265938658223,1.0,0.0
Milwaukee,2000-07-23 16:00:00,0.0,0.34619647541530363,0.3583954550705775,0.3666255582259426,-0.05749483022965941,-0.10499265938658223,1.0,0.0
Milwaukee,2000-07-23 17:00:00,0.0,0.34619647541530363,0.3583954550705775,0.3666255582259426,-0.05749483022965941,-0.10499265938658223,1.0,0.0
Milwaukee,2000-07-23 18:00:00,0.0,0.34619647541530363,0.3583954550705775,0.3666255582259426,-0.05749483022965941,-0.10499265938658223,1.0,0.0
Milwaukee,2000-07-23 19:00:00,0.0,0.34619647541530363,0.3583954550705775,0.3666255582259426,-0.05749483022965941,-0.10499265938658223,1.0,0.0
Milwaukee,2000-07-23 20:00:00,0.0,0.34619647541530363,0.3583954550705775,0.3666255582259426,-0.05749483022965941,-0.10499265938658223,1.0,0.0
Milwaukee,2000-07-23 21:00:00,0.0,0.34619647541530363,0.3583954550705775,0.3666255582259426,-0.05749483022965941,-0.10499265938658223,1.0,0.0
Milwaukee,2000-07-23 22:00:00,0.0,0.34619647541530363,0.3583954550705775,0.3666255582259426,-0.05749483022965941,-0.10499265938658223,1.0,0.0
Milwaukee,2000-07-23 23:00:00,0.0,0.34619647541530363,0.3583954550705775,0.3666255582259426,-0.05749483022965941,-0.10499265938658223,1.0,0.0
Milwaukee,2000-07-24 00:00:00,0.0,0.34619647541530363,0.3583954550705775,0.3666255582259426,-0.05749483022965941,-0.10499265938658223,1.0,0.0
Milwaukee,2000-07-24 01:00:00,0.0,0.34619647541530363,0.3583954550705775,0.3666255582259426,-0.05749483022965941,-0.10499265938658223,1.0,0.0
Milwaukee,2000-07-24 02:00:00,0.0,0.34619647541530363,0.3583954550705775,0.3666255582259426,-0.05749483022965941,-0.10499265938658223,1.0,0.0
Milwaukee,2000-07-24 03:00:00,0.0,0.34619647541530363,0.3583954550705775,0.3666255582259426,-0.05749483022965941,-0.10499265938658223,1.0,0.0
Milwaukee,2000-07-24 04:00:00,0.0,0.34619647541530363,0.3583954550705775,0.3666255582259426,-0.05749483022965941,-0.10499265938658223,1.0,0.0
Milwaukee,2000-07-24 05:00:00,0.0,0.34619647541530363,0.3583954550705775,0.3666255582259426,-0.05749483022965941,-0.10499265938658223,1.0,0.0
Milwaukee,2000-07-24 06:00:00,0.0,0.34619647541530363,0.3583954550705775,0.3666255582259426,-0.05749483022965941,-0.10499265938658223,1.0,0.0
Milwaukee,2000-07-24 07:00:00,0.0,0.34619647541530363,0.3583954550705775,0.3666255582259426,-0.05749483022965941,-0.10499265938658223,1.0,0.0
Milwaukee,2000-07-24 08:00:00,0.0,0.34619647541530363,0.3583954550705775,0.3666255582259426,-0.05749483022965941,-0.10499265938658223,1.0,0.0
Milwaukee,2000-07-24 09:00:00,0.0,0.34619647541530363,0.3583954550705775,0.3666255582259426,-0.05749483022965941,-0.10499265938658223,1.0,0.0
Milwaukee,2000-07-24 10:00:00,0.0,0.34619647541530363,0.3583954550705775,0.3666255582259426,-0.05749483022965941,-0.10499265938658223,1.0,0.0
Milwaukee,2000-07-24 11:00:00,0.0,0.34619647541530363,0.3583954550705775,0.3666255582259426,-0.05749483022965941,-0.10499265938658223,1.0,0.0
Milwaukee,2000-07-24 12:00:00,0.0,0.34619647541530363,0.3583954550705775,0.3666255582259426,-0.05749483022965941,-0.10499265938658223,1.0,0.0
Milwaukee,2000-07-24 13:00:00,0.0,0.34619647541530363,0.3583954550705775,0.3666255582259426,-0.05749483022965941,-0.10499265938658223,1.0,0.0
Milwaukee,2000-07-24 14:00:00,0.0,0.34619647541530363,0.3583954550705775,0.3666255582259426,-0.05749483022965941,-0.10499265938658223,1.0,0.0
Milwaukee,2000-07-24 15:00:00,0.0,0.34619647541530363,0.3583954550705775,0.3666255582259426,-0.05749483022965941,-0.10499265938658223,1.0,0.0
Milwaukee,2000-07-24 16:00:00,0.0,0.34619647541530363,0.3583954550705775,0.3666255582259426,-0.05749483022965941,-0.10499265938658223,1.0,0.0
Milwaukee,2000-07-24 17:00:00,0.0,0.34619647541530363,0.3583954550705775,0.3666255582259426,-0.05749483022965941,-0.10499265938658223,1.0,0.0
Milwaukee,2000-07-24 18:00:00,0.0,0.34619647541530363,0.3583954550705775,0.3666255582259426,-0.05749483022965941,-0.10499265938658223,1.0,0.0
Milwaukee,2000-07-24 19:00:00,0.0,0.34619647541530363,0.3583954550705775,0.3666255582259426,-0.05749483022965941,-0.10499265938658223,1.0,0.0
Milwaukee,2000-07-24 20:00:00,0.0,0.34619647541530363,0.3583954550705775,0.3666255582259426,-0.05749483022965941,-0.10499265938658223,1.0,0.0
Milwaukee,2000-07-24 21:00:00,0.0,0.34619647541530363,0.3583954550705775,0.3666255582259426,-0.05749483022965941,-0.10499265938658223,1.0,0.0
Milwaukee,2000-07-24 22:00:00,0.0,0.34619647541530363,0.3583954550705775,0.3666255582259426,-0.05749483022965941,-0.10499265938658223,1.0,0.0
Milwaukee,2000-07-24 23:00:00,0.0,0.34619647541530363,0.3583954550705775,0.3666255582259426,-0.05749483022965941,-0.10499265938658223,1.0,0.0
Milwaukee,2000-07-25 00:00:00,0.0,0.34619647541530363,0.3583954550705775,0.3666255582259426,-0.05749483022965941,-0.10499265938658223,1.0,0.0
Milwaukee,2000-07-25 01:00:00,0.0,0.34619647541530363,0.3583954550705775,0.3666255582259426,-0.05749483022965941,-0.10499265938658223,1.0,0.0
Milwaukee,2000-07-25 02:00:00,0.0,0.34619647541530363,0.3583954550705775,0.3666255582259426,-0.05749483022965941,-0.10499265938658223,1.0,0.0
Milwaukee,2000-07-25 03:00:00,0.0,0.34619647541530363,0.3583954550705775,0.3666255582259426,-0.05749483022965941,-0.10499265938658223,1.0,0.0
Milwaukee,2000-07-25 04:00:00,0.0,0.34619647541530363,0.3583954550705775,0.3666255582259426,-0.05749483022965941,-0.10499265938658223,1.0,0.0
Milwaukee,2000-07-25 05:00:00,0.0,0.34619647541530363,0.3583954550705775,0.3666255582259426,-0.05749483022965941,-0.10499265938658223,1.0,0.0
Milwaukee,2000-07-25 06:00:00,0.0,0.34619647541530363,0.3583954550705775,0.3666255582259426,-0.05749483022965941,-0.10499265938658223,1.0,0.0
Milwaukee,2000-07-25 07:00:00,0.0,0.34619647541530363,0.3583954550705775,0.3666255582259426,-0.05749483022965941,-0.10499265938658223,1.0,0.0
Milwaukee,2000-07-25 08:00:00,0.0,0.34619647541530363,0.3583954550705775,0.3666255582259426,-0.05749483022965941,-0.10499265938658223,1.0,0.0
Milwaukee,2000-07-25 09:00:00,0.0,0.34619647541530363,0.3583954550705775,0.3666255582259426,-0.05749483022965941,-0.10499265938658223,1.0,0.0
Milwaukee,2000-07-25 10:00:00,0.0,0.34619647541530363,0.3583954550705775,0.3666255582259426,-0.05749483022965941,-0.10499265938658223,1.0,0.0
Milwaukee,2000-07-25 11:00:00,0.0,0.34619647541530363,0.3583954550705775,0.3666255582259426,-0.05749483022965941,-0.10499265938658223,1.0,0.0
Milwaukee,2000-07-25 12:00:00,0.0,0.34619647541530363,0.3583954550705775,0.3666255582259426,-0.05749483022965941,-0.10499265938658223,1.0,0.0
Milwaukee,2000-07-25 13:00:00,0.0,0.34619647541530363,0.3583954550705775,0.3666255582259426,-0.05749483022965941,-0.10499265938658223,1.0,0.0
Milwaukee,2000-07-25 14:00:00,0.0,0.34619647541530363,0.3583954550705775,0.3666255582259426,-0.05749483022965941,-0.10499265938658223,1.0,0.0
Milwaukee,2000-07-25 15:00:00,0.0,0.34619647541530363,0.3583954550705775,0.3666255582259426,-0.05749483022965941,-0.10499265938658223,1.0,0.0
Milwaukee,2000-07-25 16:00:00,0.0,0.34619647541530363,0.3583954550705775,0.3666255582259426,-0.05749483022965941,-0.10499265938658223,1.0,0.0
Milwaukee,2000-07-25 17:00:00,0.0,0.34619647541530363,0.3583954550705775,0.3666255582259426,-0.05749483022965941,-0.10499265938658223,1.0,0.0
Milwaukee,2000-07-25 18:00:00,0.0,0.34619647541530363,0.3583954550705775,0.3666255582259426,-0.05749483022965941,-0.10499265938658223,1.0,0.0
Milwaukee,2000-07-25 19:00:00,0.0,0.34619647541530363,0.3583954550705775,0.3666255582259426,-0.05749483022965941,-0.10499265938658223,1.0,0.0
Milwaukee,2000-07-25 20:00:00,0.0,0.34619647541530363,0.3583954550705775,0.3666255582259426,-0.05749483022965941,-0.10499265938658223,1.0,0.0
Milwaukee,2000-07-25 21:00:00,0.0,0.34619647541530363,0.3583954550705775,0.3666255582259426,-0.05749483022965941,-0.10499265938658223,1.0,0.0
Milwaukee,2000-07-25 22:00:00,0.0,0.34619647541530363,0.3583954550705775,0.3666255582259426,-0.05749483022965941,-0.10499265938658223,1.0,0.0
Milwaukee,2000-07-25 23:00:00,0.0,0.34619647541530363,0.3583954550705775,0.3666255582259426,-0.05749483022965941,-0.10499265938658223,1.0,0.0
Milwaukee,2000-07-26 00:00:00,0.0,0.34619647541530363,0.3583954550705775,0.3666255582259426,-0.05749483022965941,-0.10499265938658223,1.0,0.0
Milwaukee,2000-07-26 01:00:00,0.0,0.34619647541530363,0.3583954550705775,0.3666255582259426,-0.05749483022965941,-0.10499265938658223,1.0,0.0
Milwaukee,2000-07-26 02:00:00,0.0,0.34619647541530363,0.3583954550705775,0.3666255582259426,-0.05749483022965941,-0.10499265938658223,1.0,0.0
Milwaukee,2000-07-26 03:00:00,0.0,0.34619647541530363,0.3583954550705775,0.3666255582259426,-0.05749483022965941,-0.10499265938658223,1.0,0.0
Milwaukee,2000-07-26 04:00:00,0.0,0.34619647541530363,0.3583954550705775,0.3666255582259426,-0.05749483022965941,-0.10499265938658223,1.0,0.0
Milwaukee,2000-07-26 05:00:00,0.0,0.34619647541530363,0.3583954550705775,0.3666255582259426,-0.05749483022965941,-0.10499265938658223,1.0,0.0
Milwaukee,2000-07-26 06:00:00,0.0,0.34619647541530363,0.3583954550705775,0.3666255582259426,-0.05749483022965941,-0.10499265938658223,1.0,0.0
Milwaukee,2000-07-26 07:00:00,0.0,0.34619647541530363,0.3583954550705775,0.3666255582259426,-0.05749483022965941,-0.10499265938658223,1.0,0.0
Milwaukee,2000-07-26 08:00:00,0.0,0.34619647541530363,0.3583954550705775,0.3666255582259426,-0.05749483022965941,-0.10499265938658223,1.0,0.0
Milwaukee,2000-07-26 09:00:00,0.0,0.34619647541530363,0.3583954550705775,0.3666255582259426,-0.05749483022965941,-0.10499265938658223,1.0,0.0
Milwaukee,2000-07-26 10:00:00,0.0,0.34619647541530363,0.3583954550705775,0.3666255582259426,-0.05749483022965941,-0.10499265938658223,1.0,0.0
Milwaukee,2000-07-26 11:00:00,0.0,0.34619647541530363,0.3583954550705775,0.3666255582259426,-0.05749483022965941,-0.10499265938658223,1.0,0.0
Milwaukee,2000-07-26 12:00:00,0.0,0.34619647541530363,0.3583954550705775,0.3666255582259426,-0.05749483022965941,-0.10499265938658223,1.0,0.0
Milwaukee,2000-07-26 13:00:00,0.0,0.34619647541530363,0.3583954550705775,0.3666255582259426,-0.05749483022965941,-0.10499265938658223,1.0,0.0
Milwaukee,2000-07-26 14:00:00,0.0,0.34619647541530363,0.3583954550705775,0.3666255582259426,-0.05749483022965941,-0.10499265938658223,1.0,0.0
Milwaukee,2000-07-26 15:00:00,0.0,0.34619647541530363,0.3583954550705775,0.3666255582259426,-0.05749483022965941,-0.10499265938658223,1.0,0.0
Milwaukee,2000-07-26 16:00:00,0.0,0.34619647541530363,0.3583954550705775,0.3666255582259426,-0.05749483022965941,-0.10499265938658223,1.0,0.0
Milwaukee,2000-07-26 17:00:00,0.0,0.34619647541530363,0.3583954550705775,0.3666255582259426,-0.05749483022965941,-0.10499265938658223,1.0,0.0
Milwaukee,2000-07-26 18:00:00,0.0,0.34619647541530363,0.3583954550705775,0.3666255582259426,-0.05749483022965941,-0.10499265938658223,1.0,0.0
Milwaukee,2000-07-26 19:00:00,0.0,0.34619647541530363,0.3583954550705775,0.3666255582259426,-0.05749483022965941,-0.10499265938658223,1.0,0.0
Milwaukee,2000-07-26 20:00:00,0.0,0.34619647541530363,0.3583954550705775,0.3666255582259426,-0.05749483022965941,-0.10499265938658223,1.0,0.0
Milwaukee,2000-07-26 21:00:00,0.0,0.34619647541530363,0.3583954550705775,0.3666255582259426,-0.05749483022965941,-0.10499265938658223,1.0,0.0
Milwaukee,2000-07-26 22:00:00,0.0,0.34619647541530363,0.3583954550705775,0.3666255582259426,-0.05749483022965941,-0.10499265938658223,1.0,0.0
Milwaukee,2000-07-26 23:00:00,0.0,0.34619647541530363,0.3583954550705775,0.3666255582259426,-0.05749483022965941,-0.10499265938658223,1.0,0.0
Milwaukee,2000-07-27 00:00:00,0.0,0.34619647541530363,0.3583954550705775,0.3666255582259426,-0.05749483022965941,-0.10499265938658223,1.0,0.0
Milwaukee,2000-07-27 01:00:00,0.800000011920929,0.5668587624286637,0.5238351948323483,0.518375294178048,1.0255265909179592,1.0763804466634062,1.0495880420808272,0.8396704461767263
Milwaukee,2000-07-27 02:00:00,0.20000000298023224,0.4036312859866724,0.40082695074191593,0.4055009521190948,0.2132605250572452,0.1903506171259148,0.8925731429893989,0.17851463125795505
Milwaukee,2000-07-27 03:00:00,0.0,0.34619647541530363,0.3583954550705775,0.3666255582259426,-0.05749483022965941,-0.10499265938658223,1.0,0.0
Milwaukee,2000-07-27 04:00:00,0.0,0.34619647541530363,0.3583954550705775,0.3666255582259426,-0.05749483022965941,-0.10499265938658223,1.0,0.0
Milwaukee,2000-07-27 05:00:00,0.0,0.34619647541530363,0.3583954550705775,0.3666255582259426,-0.05749483022965941,-0.10499265938658223,1.0,0.0
Milwaukee,2000-07-27 06:00:00,0.0,0.34619647541530363,0.3583954550705775,0.3666255582259426,-0.05749483022965941,-0.10499265938658223,1.0,0.0
Milwaukee,2000-07-27 07:00:00,0.0,0.34619647541530363,0.3583954550705775,0.3666255582259426,-0.05749483022965941,-0.10499265938658223,1.0,0.0
Milwaukee,2000-07-27 08:00:00,0.10000000149011612,0.37493462778701603,0.37963028842970437,0.38608798432978486,0.077882847413793,0.04267897886966643,0.5479894519381427,0.05479894601038219
Milwaukee,2000-07-27 09:00:00,0.5000000074505806,0.4879054674974853,0.4635494842166189,0.4629590707286823,0.6193935579876022,0.6333655318946606,1.0225575060103194,0.5112787606238068
Milwaukee,2000-07-27 10:00:00,4.6000000685453415,0.9712939655109663,0.9304458961842011,0.9158167038768956,6.169878341369146,6.687902700400849,1.0839602226122256,4.986217098316661
Milwaukee,2000-07-27 11:00:00,4.90000007301569,0.9772247337230243,0.9411741103009453,0.9277168536586162,6.576011374299509,7.130917615169601,1.0843834064884357,5.313478770970337
Milwaukee,2000-07-27 12:00:00,0.4000000059604645,0.4602572840073257,0.44284563734884813,0.44398150563378375,0.4840158803441499,0.4856938936384119,1.0034668558665243,0.40138674832773824
Milwaukee,2000-07-27 13:00:00,0.0,0.34619647541530363,0.3583954550705775,0.3666255582259426,-0.05749483022965941,-0.10499265938658223,1.0,0.0
Milwaukee,2000-07-27 14:00:00,0.0,0.34619647541530363,0.3583954550705775,0.3666255582259426,-0.05749483022965941,-0.10499265938658223,1.0,0.0
Milwaukee,2000-07-27 15:00:00,0.0,0.34619647541530363,0.3583954550705775,0.3666255582259426,-0.05749483022965941,-0.10499265938658223,1.0,0.0
Milwaukee,2000-07-27 16:00:00,0.0,0.34619647541530363,0.3583954550705775,0.3666255582259426,-0.05749483022965941,-0.10499265938658223,1.0,0.0
Milwaukee,2000-07-27 17:00:00,0.0,0.34619647541530363,0.3583954550705775,0.3666255582259426,-0.05749483022965941,-0.10499265938658223,1.0,0.0
Milwaukee,2000-07-27 18:00:00,0.0,0.34619647541530363,0.3583954550705775,0.3666255582259426,-0.05749483022965941,-0.10499265938658223,1.0,0.0
Milwaukee,2000-07-27 19:00:00,0.0,0.34619647541530363,0.3583954550705775,0.3666255582259426,-0.05749483022965941,-0.10499265938658223,1.0,0.0
Milwaukee,2000-07-27 20:00:00,0.0,0.34619647541530363,0.3583954550705775,0.3666255582259426,-0.05749483022965941,-0.10499265938658223,1.0,0.0
Milwaukee,2000-07-27 21:00:00,0.0,0.34619647541530363,0.3583954550705775,0.3666255582259426,-0.05749483022965941,-0.10499265938658223,1.0,0.0
Milwaukee,2000-07-27 22:00:00,0.0,0.34619647541530363,0.3583954550705775,0.3666255582259426,-0.05749483022965941,-0.10499265938658223,1.0,0.0
Milwaukee,2000-07-27 23:00:00,0.0,0.34619647541530363,0.3583954550705775,0.3666255582259426,-0.05749483022965941,-0.10499265938658223,1.0,0.0
Milwaukee,2000-07-28 00:00:00,0.0,0.34619647541530363,0.3583954550705775,0.3666255582259426,-0.05749483022965941,-0.10499265938658223,1.0,0.0
Milwaukee,2000-07-28 01:00:00,0.0,0.34619647541530363,0.3583954550705775,0.3666255582259426,-0.05749483022965941,-0.10499265938658223,1.0,0.0
Milwaukee,2000-07-28 02:00:00,0.0,0.34619647541530363,0.3583954550705775,0.3666255582259426,-0.05749483022965941,-0.10499265938658223,1.0,0.0
Milwaukee,2000-07-28 03:00:00,0.0,0.34619647541530363,0.3583954550705775,0.3666255582259426,-0.05749483022965941,-0.10499265938658223,1.0,0.0
Milwaukee,2000-07-28 04:00:00,0.0,0.34619647541530363,0.3583954550705775,0.3666255582259426,-0.05749483022965941,-0.10499265938658223,1.0,0.0
Milwaukee,2000-07-28 05:00:00,0.0,0.34619647541530363,0.3583954550705775,0.3666255582259426,-0.05749483022965941,-0.10499265938658223,1.0,0.0
Milwaukee,2000-07-28 06:00:00,0.0,0.34619647541530363,0.3583954550705775,0.3666255582259426,-0.05749483022965941,-0.10499265938658223,1.0,0.0
Milwaukee,2000-07-28 07:00:00,0.0,0.34619647541530363,0.3583954550705775,0.3666255582259426,-0.05749483022965941,-0.10499265938658223,1.0,0.0
Milwaukee,2000-07-28 08:00:00,0.0,0.34619647541530363,0.3583954550705775,0.3666255582259426,-0.05749483022965941,-0.10499265938658223,1.0,0.0
Milwaukee,2000-07-28 09:00:00,0.0,0.34619647541530363,0.3583954550705775,0.3666255582259426,-0.05749483022965941,-0.10499265938658223,1.0,0.0
Milwaukee,2000-07-28 10:00:00,0.0,0.34619647541530363,0.3583954550705775,0.3666255582259426,-0.05749483022965941,-0.10499265938658223,1.0,0.0
Milwaukee,2000-07-28 11:00:00,0.0,0.34619647541530363,0.3583954550705775,0.3666255582259426,-0.05749483022965941,-0.10499265938658223,1.0,0.0
Milwaukee,2000-07-28 12:00:00,0.0,0.34619647541530363,0.3583954550705775,0.3666255582259426,-0.05749483022965941,-0.10499265938658223,1.0,0.0
Milwaukee,2000-07-28 13:00:00,0.0,0.34619647541530363,0.3583954550705775,0.3666255582259426,-0.05749483022965941,-0.10499265938658223,1.0,0.0
Milwaukee,2000-07-28 14:00:00,0.0,0.34619647541530363,0.3583954550705775,0.3666255582259426,-0.05749483022965941,-0.10499265938658223,1.0,0.0
Milwaukee,2000-07-28 15:00:00,0.0,0.34619647541530363,0.3583954550705775,0.3666255582259426,-0.05749483022965941,-0.10499265938658223,1.0,0.0
Milwaukee,2000-07-28 16:00:00,0.0,0.34619647541530363,0.3583954550705775,0.3666255582259426,-0.05749483022965941,-0.10499265938658223,1.0,0.0
Milwaukee,2000-07-28 17:00:00,2.7000000402331352,0.8793415773745441,0.8058160997574724,0.7863317621801497,3.5977024661435535,3.8821415735321287,1.079061320402482,2.9134656085007213
Milwaukee,2000-07-28 18:00:00,1.8000000268220901,0.7711974276738451,0.6955899734777475,0.6790646040718362,2.379303367352482,2.553096829225891,1.0730438431089155,1.9314789463773268
Milwaukee,2000-07-28 19:00:00,2.3000000342726707,0.8388099444280502,0.7618679141689338,0.7430061347251687,3.056191755569744,3.2914550205071347,1.0769792224289054,2.477052248497437
Milwaukee,2000-07-28 20:00:00,0.5000000074505806,0.4879054674974853,0.4635494842166189,0.4629590707286823,0.6193935579876022,0.6333655318946606,1.0225575060103194,0.5112787606238068
Milwaukee,2000-07-28 21:00:00,0.9000000134110451,0.5915727882419518,0.543183605811401,0.5362334205342039,1.1609042685614115,1.2240520849196546,1.05439536925512,0.9489558464701519
Milwaukee,2000-07-28 22:00:00,1.600000023841858,0.7380324765223832,0.6653632487403472,0.6503443211064838,2.108548012065578,2.2577535527133947,1.0707622211085683,1.71321957930267
Milwaukee,2000-07-28 23:00:00,0.0,0.34619647541530363,0.3583954550705775,0.3666255582259426,-0.05749483022965941,-0.10499265938658223,1.0,0.0
Milwaukee,2000-07-29 00:00:00,0.0,0.34619647541530363,0.3583954550705775,0.3666255582259426,-0.05749483022965941,-0.10499265938658223,1.0,0.0
Milwaukee,2000-07-29 01:00:00,0.0,0.34619647541530363,0.3583954550705775,0.3666255582259426,-0.05749483022965941,-0.10499265938658223,1.0,0.0
Milwaukee,2000-07-29 02:00:00,0.0,0.34619647541530363,0.3583954550705775,0.3666255582259426,-0.05749483022965941,-0.10499265938658223,1.0,0.0
Milwaukee,2000-07-29 03:00:00,0.0,0.34619647541530363,0.3583954550705775,0.3666255582259426,-0.05749483022965941,-0.10499265938658223,1.0,0.0
Milwaukee,2000-07-29 04:00:00,0.0,0.34619647541530363,0.3583954550705775,0.3666255582259426,-0.05749483022965941,-0.10499265938658223,1.0,0.0
Milwaukee,2000-07-29 05:00:00,0.0,0.34619647541530363,0.3583954550705775,0.3666255582259426,-0.05749483022965941,-0.10499265938658223,1.0,0.0
Milwaukee,2000-07-29 06:00:00,0.20000000298023224,0.4036312859866724,0.40082695074191593,0.4055009521190948,0.2132605250572452,0.1903506171259148,0.8925731429893989,0.17851463125795505
Milwaukee,2000-07-29 07:00:00,0.30000000447034836,0.4321218104209064,0.4219192462835154,0.42481437583882836,0.3486382027006978,0.3380222553821637,0.9695502465412611,0.2908650782966057
Milwaukee,2000-07-29 08:00:00,0.0,0.34619647541530363,0.3583954550705775,0.3666255582259426,-0.05749483022965941,-0.10499265938658223,1.0,0.0
Milwaukee,2000-07-29 09:00:00,0.0,0.34619647541530363,0.3583954550705775,0.3666255582259426,-0.05749483022965941,-0.10499265938658223,1.0,0.0
Milwaukee,2000-07-29 10:00:00,0.0,0.34619647541530363,0.3583954550705775,0.3666255582259426,-0.05749483022965941,-0.10499265938658223,1.0,0.0
Milwaukee,2000-07-29 11:00:00,0.0,0.34619647541530363,0.3583954550705775,0.3666255582259426,-0.05749483022965941,-0.10499265938658223,1.0,0.0
Milwaukee,2000-07-29 12:00:00,0.0,0.34619647541530363,0.3583954550705775,0.3666255582259426,-0.05749483022965941,-0.10499265938658223,1.0,0.0
Milwaukee,2000-07-29 13:00:00,0.0,0.34619647541530363,0.3583954550705775,0.3666255582259426,-0.05749483022965941,-0.10499265938658223,1.0,0.0
Milwaukee,2000-07-29 14:00:00,0.0,0.34619647541530363,0.3583954550705775,0.3666255582259426,-0.05749483022965941,-0.10499265938658223,1.0,0.0
Milwaukee,2000-07-29 15:00:00,0.0,0.34619647541530363,0.3583954550705775,0.3666255582259426,-0.05749483022965941,-0.10499265938658223,1.0,0.0
Milwaukee,2000-07-29 16:00:00,0.0,0.34619647541530363,0.3583954550705775,0.3666255582259426,-0.05749483022965941,-0.10499265938658223,1.0,0.0
Milwaukee,2000-07-29 17:00:00,0.0,0.34619647541530363,0.3583954550705775,0.3666255582259426,-0.05749483022965941,-0.10499265938658223,1.0,0.0
Milwaukee,2000-07-29 18:00:00,0.0,0.34619647541530363,0.3583954550705775,0.3666255582259426,-0.05749483022965941,-0.10499265938658223,1.0,0.0
Milwaukee,2000-07-29 19:00:00,0.0,0.34619647541530363,0.3583954550705775,0.3666255582259426,-0.05749483022965941,-0.10499265938658223,1.0,0.0
Milwaukee,2000-07-29 20:00:00,0.0,0.34619647541530363,0.3583954550705775,0.3666255582259426,-0.05749483022965941,-0.10499265938658223,1.0,0.0
Milwaukee,2000-07-29 21:00:00,0.0,0.34619647541530363,0.3583954550705775,0.3666255582259426,-0.05749483022965941,-0.10499265938658223,1.0,0.0
Milwaukee,2000-07-29 22:00:00,0.0,0.34619647541530363,0.3583954550705775,0.3666255582259426,-0.05749483022965941,-0.10499265938658223,1.0,0.0
Milwaukee,2000-07-29 23:00:00,0.0,0.34619647541530363,0.3583954550705775,0.3666255582259426,-0.05749483022965941,-0.10499265938658223,1.0,0.0
Milwaukee,2000-07-30 00:00:00,0.0,0.34619647541530363,0.3583954550705775,0.3666255582259426,-0.05749483022965941,-0.10499265938658223,1.0,0.0
Milwaukee,2000-07-30 01:00:00,0.0,0.34619647541530363,0.3583954550705775,0.3666255582259426,-0.05749483022965941,-0.10499265938658223,1.0,0.0
Milwaukee,2000-07-30 02:00:00,0.0,0.34619647541530363,0.3583954550705775,0.3666255582259426,-0.05749483022965941,-0.10499265938658223,1.0,0.0
Milwaukee,2000-07-30 03:00:00,0.0,0.34619647541530363,0.3583954550705775,0.3666255582259426,-0.05749483022965941,-0.10499265938658223,1.0,0.0
Milwaukee,2000-07-30 04:00:00,0.0,0.34619647541530363,0.3583954550705775,0.3666255582259426,-0.05749483022965941,-0.10499265938658223,1.0,0.0
Milwaukee,2000-07-30 05:00:00,0.0,0.34619647541530363,0.3583954550705775,0.3666255582259426,-0.05749483022965941,-0.10499265938658223,1.0,0.0
Milwaukee,2000-07-30 06:00:00,0.0,0.34619647541530363,0.3583954550705775,0.3666255582259426,-0.05749483022965941,-0.10499265938658223,1.0,0.0
Milwaukee,2000-07-30 07:00:00,0.0,0.34619647541530363,0.3583954550705775,0.3666255582259426,-0.05749483022965941,-0.10499265938658223,1.0,0.0
Milwaukee,2000-07-30 08:00:00,0.0,0.34619647541530363,0.3583954550705775,0.3666255582259426,-0.05749483022965941,-0.10499265938658223,1.0,0.0
Milwaukee,2000-07-30 09:00:00,0.0,0.34619647541530363,0.3583954550705775,0.3666255582259426,-0.05749483022965941,-0.10499265938658223,1.0,0.0
Milwaukee,2000-07-30 10:00:00,0.0,0.34619647541530363,0.3583954550705775,0.3666255582259426,-0.05749483022965941,-0.10499265938658223,1.0,0.0
Milwaukee,2000-07-30 11:00:00,0.0,0.34619647541530363,0.3583954550705775,0.3666255582259426,-0.05749483022965941,-0.10499265938658223,1.0,0.0
Milwaukee,2000-07-30 12:00:00,0.0,0.34619647541530363,0.3583954550705775,0.3666255582259426,-0.05749483022965941,-0.10499265938658223,1.0,0.0
Milwaukee,2000-07-30 13:00:00,0.0,0.34619647541530363,0.3583954550705775,0.3666255582259426,-0.05749483022965941,-0.10499265938658223,1.0,0.0
Milwaukee,2000-07-30 14:00:00,0.0,0.34619647541530363,0.3583954550705775,0.3666255582259426,-0.05749483022965941,-0.10499265938658223,1.0,0.0
Milwaukee,2000-07-30 15:00:00,0.0,0.34619647541530363,0.3583954550705775,0.3666255582259426,-0.05749483022965941,-0.10499265938658223,1.0,0.0
Milwaukee,2000-07-30 16:00:00,0.0,0.34619647541530363,0.3583954550705775,0.3666255582259426,-0.05749483022965941,-0.10499265938658223,1.0,0.0
Milwaukee,2000-07-30 17:00:00,0.0,0.34619647541530363,0.3583954550705775,0.3666255582259426,-0.05749483022965941,-0.10499265938658223,1.0,0.0
Milwaukee,2000-07-30 18:00:00,0.20000000298023224,0.4036312859866724,0.40082695074191593,0.4055009521190948,0.2132605250572452,0.1903506171259148,0.8925731429893989,0.17851463125795505
Milwaukee,2000-07-30 19:00:00,0.10000000149011612,0.37493462778701603,0.37963028842970437,0.38608798432978486,0.077882847413793,0.04267897886966643,0.5479894519381427,0.05479894601038219
Milwaukee,2000-07-30 20:00:00,0.10000000149011612,0.37493462778701603,0.37963028842970437,0.38608798432978486,0.077882847413793,0.04267897886966643,0.5479894519381427,0.05479894601038219
Milwaukee,2000-07-30 21:00:00,0.20000000298023224,0.4036312859866724,0.40082695074191593,0.4055009521190948,0.2132605250572452,0.1903506171259148,0.8925731429893989,0.17851463125795505
Milwaukee,2000-07-30 22:00:00,0.20000000298023224,0.4036312859866724,0.40082695074191593,0.4055009521190948,0.2132605250572452,0.1903506171259148,0.8925731429893989,0.17851463125795505
Milwaukee,2000-07-30 23:00:00,0.6000000089406967,0.5149511800867037,0.4839791863801989,0.48170736485828647,0.7547712356310545,0.7810371701509091,1.0347998615738105,0.6208799261961181
Milwaukee,2000-07-31 00:00:00,0.5000000074505806,0.4879054674974853,0.4635494842166189,0.4629590707286823,0.6193935579876022,0.6333655318946606,1.0225575060103194,0.5112787606238068
Milwaukee,2000-07-31 01:00:00,0.10000000149011612,0.37493462778701603,0.37963028842970437,0.38608798432978486,0.077882847413793,0.04267897886966643,0.5479894519381427,0.05479894601038219
Milwaukee,2000-07-31 02:00:00,0.10000000149011612,0.37493462778701603,0.37963028842970437,0.38608798432978486,0.077882847413793,0.04267897886966643,0.5479894519381427,0.05479894601038219
Milwaukee,2000-07-31 03:00:00,0.5000000074505806,0.4879054674974853,0.4635494842166189,0.4629590707286823,0.6193935579876022,0.6333655318946606,1.0225575060103194,0.5112787606238068
Milwaukee,2000-07-31 04:00:00,0.800000011920929,0.5668587624286637,0.5238351948323483,0.518375294178048,1.0255265909179592,1.0763804466634062,1.0495880420808272,0.8396704461767263
Milwaukee,2000-07-31 05:00:00,0.5000000074505806,0.4879054674974853,0.4635494842166189,0.4629590707286823,0.6193935579876022,0.6333655318946606,1.0225575060103194,0.5112787606238068
Milwaukee,2000-07-31 06:00:00,2.1000000312924385,0.8142325351336319,0.7369242424364661,0.7187671645309853,2.785436400282839,2.996111743994637,1.07563459129435,2.258832675377364
Milwaukee,2000-07-31 07:00:00,0.30000000447034836,0.4321218104209064,0.4219192462835154,0.42481437583882836,0.3486382027006978,0.3380222553821637,0.9695502465412611,0.2908650782966057
Milwaukee,2000-07-31 08:00:00,0.0,0.34619647541530363,0.3583954550705775,0.3666255582259426,-0.05749483022965941,-0.10499265938658223,1.0,0.0
Milwaukee,2000-07-31 09:00:00,0.20000000298023224,0.4036312859866724,0.40082695074191593,0.4055009521190948,0.2132605250572452,0.1903506171259148,0.8925731429893989,0.17851463125795505
Milwaukee,2000-07-31 10:00:00,0.20000000298023224,0.4036312859866724,0.40082695074191593,0.4055009521190948,0.2132605250572452,0.1903506171259148,0.8925731429893989,0.17851463125795505
Milwaukee,2000-07-31 11:00:00,0.0,0.34619647541530363,0.3583954550705775,0.3666255582259426,-0.05749483022965941,-0.10499265938658223,1.0,0.0
Milwaukee,2000-07-31 12:00:00,0.0,0.34619647541530363,0.3583954550705775,0.3666255582259426,-0.05749483022965941,-0.10499265938658223,1.0,0.0
Milwaukee,2000-07-31 13:00:00,0.10000000149011612,0.37493462778701603,0.37963028842970437,0.38608798432978486,0.077882847413793,0.04267897886966643,0.5479894519381427,0.05479894601038219
Milwaukee,2000-07-31 14:00:00,0.10000000149011612,0.37493462778701603,0.37963028842970437,0.38608798432978486,0.077882847413793,0.04267897886966643,0.5479894519381427,0.05479894601038219
Milwaukee,2000-07-31 15:00:00,0.10000000149011612,0.37493462778701603,0.37963028842970437,0.38608798432978486,0.077882847413793,0.04267897886966643,0.5479894519381427,0.05479894601038219
Milwaukee,2000-07-31 16:00:00,0.10000000149011612,0.37493462778701603,0.37963028842970437,0.38608798432978486,0.077882847413793,0.04267897886966643,0.5479894519381427,0.05479894601038219
Milwaukee,2000-07-31 17:00:00,0.7000000104308128,0.5412961978369442,0.5040882360000163,0.5001902799477915,0.8901489132745067,0.9287088084071575,1.0433184768948425,0.7303229447090495
Milwaukee,2000-07-31 18:00:00,0.4000000059604645,0.4602572840073257,0.44284563734884813,0.44398150563378375,0.4840158803441499,0.4856938936384119,1.0034668558665243,0.40138674832773824
Milwaukee,2000-07-31 19:00:00,0.10000000149011612,0.37493462778701603,0.37963028842970437,0.38608798432978486,0.077882847413793,0.04267897886966643,0.5479894519381427,0.05479894601038219
Milwaukee,2000-07-31 20:00:00,0.6000000089406967,0.5149511800867037,0.4839791863801989,0.48170736485828647,0.7547712356310545,0.7810371701509091,1.0347998615738105,0.6208799261961181
Milwaukee,2000-07-31 21:00:00,0.20000000298023224,0.4036312859866724,0.40082695074191593,0.4055009521190948,0.2132605250572452,0.1903506171259148,0.8925731429893989,0.17851463125795505
Milwaukee,2000-07-31 22:00:00,0.10000000149011612,0.37493462778701603,0.37963028842970437,0.38608798432978486,0.077882847413793,0.04267897886966643,0.5479894519381427,0.05479894601038219
Milwaukee,2000-07-31 23:00:00,0.0,0.34619647541530363,0.3583954550705775,0.3666255582259426,-0.05749483022965941,-0.10499265938658223,1.0,0.0
Milwaukee,2000-08-01 00:00:00,0.0,0.34619647541530363,0.3583954550705775,0.3666255582259426,-0.05749483022965941,-0.10499265938658223,1.0,0.0
Milwaukee,2000-08-01 01:00:00,0.0,0.34619647541530363,0.3583954550705775,0.3666255582259426,-0.05749483022965941,-0.10499265938658223,1.0,0.0
Milwaukee,2000-08-01 02:00:00,0.0,0.34619647541530363,0.3583954550705775,0.3666255582259426,-0.05749483022965941,-0.10499265938658223,1.0,0.0
Milwaukee,2000-08-01 03:00:00,0.0,0.34619647541530363,0.3583954550705775,0.3666255582259426,-0.05749483022965941,-0.10499265938658223,1.0,0.0
Milwaukee,2000-08-01 04:00:00,0.0,0.34619647541530363,0.3583954550705775,0.3666255582259426,-0.05749483022965941,-0.10499265938658223,1.0,0.0
Milwaukee,2000-08-01 05:00:00,0.0,0.34619647541530363,0.3583954550705775,0.3666255582259426,-0.05749483022965941,-0.10499265938658223,1.0,0.0
Milwaukee,2000-08-01 06:00:00,0.0,0.34619647541530363,0.3583954550705775,0.3666255582259426,-0.05749483022965941,-0.10499265938658223,1.0,0.0
Milwaukee,2000-08-01 07:00:00,0.0,0.34619647541530363,0.3583954550705775,0.3666255582259426,-0.05749483022965941,-0.10499265938658223,1.0,0.0
Milwaukee,2000-08-01 08:00:00,0.0,0.34619647541530363,0.3583954550705775,0.3666255582259426,-0.05749483022965941,-0.10499265938658223,1.0,0.0
Milwaukee,2000-08-01 09:00:00,0.0,0.34619647541530363,0.3583954550705775,0.3666255582259426,-0.05749483022965941,-0.10499265938658223,1.0,0.0
Milwaukee,2000-08-01 10:00:00,0.0,0.34619647541530363,0.3583954550705775,0.3666255582259426,-0.05749483022965941,-0.10499265938658223,1.0,0.0
Milwaukee,2000-08-01 11:00:00,0.0,0.34619647541530363,0.3583954550705775,0.3666255582259426,-0.05749483022965941,-0.10499265938658223,1.0,0.0
Milwaukee,2000-08-01 12:00:00,0.0,0.34619647541530363,0.3583954550705775,0.3666255582259426,-0.05749483022965941,-0.10499265938658223,1.0,0.0
Milwaukee,2000-08-01 13:00:00,0.0,0.34619647541530363,0.3583954550705775,0.3666255582259426,-0.05749483022965941,-0.10499265938658223,1.0,0.0
Milwaukee,2000-08-01 14:00:00,0.0,0.34619647541530363,0.3583954550705775,0.3666255582259426,-0.05749483022965941,-0.10499265938658223,1.0,0.0
Milwaukee,2000-08-01 15:00:00,0.0,0.34619647541530363,0.3583954550705775,0.3666255582259426,-0.05749483022965941,-0.10499265938658223,1.0,0.0
Milwaukee,2000-08-01 16:00:00,0.0,0.34619647541530363,0.3583954550705775,0.3666255582259426,-0.05749483022965941,-0.10499265938658223,1.0,0.0
Milwaukee,2000-08-01 17:00:00,0.0,0.34619647541530363,0.3583954550705775,0.3666255582259426,-0.05749483022965941,-0.10499265938658223,1.0,0.0
Milwaukee,2000-08-01 18:00:00,0.0,0.34619647541530363,0.3583954550705775,0.3666255582259426,-0.05749483022965941,-0.10499265938658223,1.0,0.0
Milwaukee,2000-08-01 19:00:00,0.0,0.34619647541530363,0.3583954550705775,0.3666255582259426,-0.05749483022965941,-0.10499265938658223,1.0,0.0
Milwaukee,2000-08-01 20:00:00,0.0,0.34619647541530363,0.3583954550705775,0.3666255582259426,-0.05749483022965941,-0.10499265938658223,1.0,0.0
Milwaukee,2000-08-01 21:00:00,0.0,0.34619647541530363,0.3583954550705775,0.3666255582259426,-0.05749483022965941,-0.10499265938658223,1.0,0.0
Milwaukee,2000-08-01 22:00:00,0.0,0.34619647541530363,0.3583954550705775,0.3666255582259426,-0.05749483022965941,-0.10499265938658223,1.0,0.0
Milwaukee,2000-08-01 23:00:00,0.0,0.34619647541530363,0.3583954550705775,0.3666255582259426,-0.05749483022965941,-0.10499265938658223,1.0,0.0
Milwaukee,2000-08-02 00:00:00,0.0,0.34619647541530363,0.3583954550705775,0.3666255582259426,-0.05749483022965941,-0.10499265938658223,1.0,0.0
Milwaukee,2000-08-02 01:00:00,0.0,0.34619647541530363,0.3583954550705775,0.3666255582259426,-0.05749483022965941,-0.10499265938658223,1.0,0.0
Milwaukee,2000-08-02 02:00:00,0.0,0.34619647541530363,0.3583954550705775,0.3666255582259426,-0.05749483022965941,-0.10499265938658223,1.0,0.0
Milwaukee,2000-08-02 03:00:00,0.0,0.34619647541530363,0.3583954550705775,0.3666255582259426,-0.05749483022965941,-0.10499265938658223,1.0,0.0
Milwaukee,2000-08-02 04:00:00,0.0,0.34619647541530363,0.3583954550705775,0.3666255582259426,-0.05749483022965941,-0.10499265938658223,1.0,0.0
Milwaukee,2000-08-02 05:00:00,0.0,0.34619647541530363,0.3583954550705775,0.3666255582259426,-0.05749483022965941,-0.10499265938658223,1.0,0.0
Milwaukee,2000-08-02 06:00:00,0.0,0.34619647541530363,0.3583954550705775,0.3666255582259426,-0.05749483022965941,-0.10499265938658223,1.0,0.0
Milwaukee,2000-08-02 07:00:00,0.0,0.34619647541530363,0.3583954550705775,0.3666255582259426,-0.05749483022965941,-0.10499265938658223,1.0,0.0
Milwaukee,2000-08-02 08:00:00,0.0,0.34619647541530363,0.3583954550705775,0.3666255582259426,-0.05749483022965941,-0.10499265938658223,1.0,0.0
Milwaukee,2000-08-02 09:00:00,0.0,0.34619647541530363,0.3583954550705775,0.3666255582259426,-0.05749483022965941,-0.10499265938658223,1.0,0.0
Milwaukee,2000-08-02 10:00:00,0.0,0.34619647541530363,0.3583954550705775,0.3666255582259426,-0.05749483022965941,-0.10499265938658223,1.0,0.0
Milwaukee,2000-08-02 11:00:00,0.0,0.34619647541530363,0.3583954550705775,0.3666255582259426,-0.05749483022965941,-0.10499265938658223,1.0,0.0
Milwaukee,2000-08-02 12:00:00,0.0,0.34619647541530363,0.3583954550705775,0.3666255582259426,-0.05749483022965941,-0.10499265938658223,1.0,0.0
Milwaukee,2000-08-02 13:00:00,0.0,0.34619647541530363,0.3583954550705775,0.3666255582259426,-0.05749483022965941,-0.10499265938658223,1.0,0.0
Milwaukee,2000-08-02 14:00:00,0.0,0.34619647541530363,0.3583954550705775,0.3666255582259426,-0.05749483022965941,-0.10499265938658223,1.0,0.0
Milwaukee,2000-08-02 15:00:00,0.0,0.34619647541530363,0.3583954550705775,0.3666255582259426,-0.05749483022965941,-0.10499265938658223,1.0,0.0
Milwaukee,2000-08-02 16:00:00,0.0,0.34619647541530363,0.3583954550705775,0.3666255582259426,-0.05749483022965941,-0.10499265938658223,1.0,0.0
Milwaukee,2000-08-02 17:00:00,0.5000000074505806,0.4879054674974853,0.4635494842166189,0.4629590707286823,0.6193935579876022,0.6333655318946606,1.0225575060103194,0.5112787606238068
Milwaukee,2000-08-02 18:00:00,4.500000067055225,0.9689970064826116,0.9264680669827774,0.911450023653049,6.034500663725697,6.5402310621446045,1.0838065030730595,4.877129336503657
Milwaukee,2000-08-02 19:00:00,0.7000000104308128,0.5412961978369442,0.5040882360000163,0.5001902799477915,0.8901489132745067,0.9287088084071575,1.0433184768948425,0.7303229447090495
Milwaukee,2000-08-02 20:00:00,0.5000000074505806,0.4879054674974853,0.4635494842166189,0.4629590707286823,0.6193935579876022,0.6333655318946606,1.0225575060103194,0.5112787606238068
Milwaukee,2000-08-02 21:00:00,0.0,0.34619647541530363,0.3583954550705775,0.3666255582259426,-0.05749483022965941,-0.10499265938658223,1.0,0.0
Milwaukee,2000-08-02 22:00:00,0.0,0.34619647541530363,0.3583954550705775,0.3666255582259426,-0.05749483022965941,-0.10499265938658223,1.0,0.0
Milwaukee,2000-08-02 23:00:00,0.0,0.34619647541530363,0.3583954550705775,0.3666255582259426,-0.05749483022965941,-0.10499265938658223,1.0,0.0
Milwaukee,2000-08-03 00:00:00,0.0,0.34619647541530363,0.3583954550705775,0.3666255582259426,-0.05749483022965941,-0.10499265938658223,1.0,0.0
Milwaukee,2000-08-03 01:00:00,0.0,0.34619647541530363,0.3583954550705775,0.3666255582259426,-0.05749483022965941,-0.10499265938658223,1.0,0.0
Milwaukee,2000-08-03 02:00:00,0.0,0.34619647541530363,0.3583954550705775,0.3666255582259426,-0.05749483022965941,-0.10499265938658223,1.0,0.0
Milwaukee,2000-08-03 03:00:00,0.0,0.34619647541530363,0.3583954550705775,0.3666255582259426,-0.05749483022965941,-0.10499265938658223,1.0,0.0
Milwaukee,2000-08-03 04:00:00,0.0,0.34619647541530363,0.3583954550705775,0.3666255582259426,-0.05749483022965941,-0.10499265938658223,1.0,0.0
Milwaukee,2000-08-03 05:00:00,0.0,0.34619647541530363,0.3583954550705775,0.3666255582259426,-0.05749483022965941,-0.10499265938658223,1.0,0.0
Milwaukee,2000-08-03 06:00:00,0.0,0.34619647541530363,0.3583954550705775,0.3666255582259426,-0.05749483022965941,-0.10499265938658223,1.0,0.0
Milwaukee,2000-08-03 07:00:00,0.0,0.34619647541530363,0.3583954550705775,0.3666255582259426,-0.05749483022965941,-0.10499265938658223,1.0,0.0
Milwaukee,2000-08-03 08:00:00,0.0,0.34619647541530363,0.3583954550705775,0.3666255582259426,-0.05749483022965941,-0.10499265938658223,1.0,0.0
Milwaukee,2000-08-03 09:00:00,0.0,0.34619647541530363,0.3583954550705775,0.3666255582259426,-0.05749483022965941,-0.10499265938658223,1.0,0.0
Milwaukee,2000-08-03 10:00:00,0.0,0.34619647541530363,0.3583954550705775,0.3666255582259426,-0.05749483022965941,-0.10499265938658223,1.0,0.0
Milwaukee,2000-08-03 11:00:00,0.0,0.34619647541530363,0.3583954550705775,0.3666255582259426,-0.05749483022965941,-0.10499265938658223,1.0,0.0
Milwaukee,2000-08-03 12:00:00,0.0,0.34619647541530363,0.3583954550705775,0.3666255582259426,-0.05749483022965941,-0.10499265938658223,1.0,0.0
Milwaukee,2000-08-03 13:00:00,0.0,0.34619647541530363,0.3583954550705775,0.3666255582259426,-0.05749483022965941,-0.10499265938658223,1.0,0.0
Milwaukee,2000-08-03 14:00:00,0.0,0.34619647541530363,0.3583954550705775,0.3666255582259426,-0.05749483022965941,-0.10499265938658223,1.0,0.0
Milwaukee,2000-08-03 15:00:00,0.0,0.34619647541530363,0.3583954550705775,0.3666255582259426,-0.05749483022965941,-0.10499265938658223,1.0,0.0
Milwaukee,2000-08-03 16:00:00,0.0,0.34619647541530363,0.3583954550705775,0.3666255582259426,-0.05749483022965941,-0.10499265938658223,1.0,0.0
Milwaukee,2000-08-03 17:00:00,0.0,0.34619647541530363,0.3583954550705775,0.3666255582259426,-0.05749483022965941,-0.10499265938658223,1.0,0.0
Milwaukee,2000-08-03 18:00:00,0.0,0.34619647541530363,0.3583954550705775,0.3666255582259426,-0.05749483022965941,-0.10499265938658223,1.0,0.0
Milwaukee,2000-08-03 19:00:00,0.0,0.34619647541530363,0.3583954550705775,0.3666255582259426,-0.05749483022965941,-0.10499265938658223,1.0,0.0
Milwaukee,2000-08-03 20:00:00,0.0,0.34619647541530363,0.3583954550705775,0.3666255582259426,-0.05749483022965941,-0.10499265938658223,1.0,0.0
Milwaukee,2000-08-03 21:00:00,0.0,0.34619647541530363,0.3583954550705775,0.3666255582259426,-0.05749483022965941,-0.10499265938658223,1.0,0.0
Milwaukee,2000-08-03 22:00:00,0.0,0.34619647541530363,0.3583954550705775,0.3666255582259426,-0.05749483022965941,-0.10499265938658223,1.0,0.0
Milwaukee,2000-08-03 23:00:00,0.0,0.34619647541530363,0.3583954550705775,0.3666255582259426,-0.05749483022965941,-0.10499265938658223,1.0,0.0
Milwaukee,2000-08-04 00:00:00,0.0,0.34619647541530363,0.3583954550705775,0.3666255582259426,-0.05749483022965941,-0.10499265938658223,1.0,0.0
Milwaukee,2000-08-04 01:00:00,0.0,0.34619647541530363,0.3583954550705775,0.3666255582259426,-0.05749483022965941,-0.10499265938658223,1.0,0.0
Milwaukee,2000-08-04 02:00:00,0.0,0.34619647541530363,0.3583954550705775,0.3666255582259426,-0.05749483022965941,-0.10499265938658223,1.0,0.0
Milwaukee,2000-08-04 03:00:00,0.0,0.34619647541530363,0.3583954550705775,0.3666255582259426,-0.05749483022965941,-0.10499265938658223,1.0,0.0
Milwaukee,2000-08-04 04:00:00,0.0,0.34619647541530363,0.3583954550705775,0.3666255582259426,-0.05749483022965941,-0.10499265938658223,1.0,0.0
Milwaukee,2000-08-04 05:00:00,0.0,0.34619647541530363,0.3583954550705775,0.3666255582259426,-0.05749483022965941,-0.10499265938658223,1.0,0.0
Milwaukee,2000-08-04 06:00:00,0.0,0.34619647541530363,0.3583954550705775,0.3666255582259426,-0.05749483022965941,-0.10499265938658223,1.0,0.0
Milwaukee,2000-08-04 07:00:00,0.0,0.34619647541530363,0.3583954550705775,0.3666255582259426,-0.05749483022965941,-0.10499265938658223,1.0,0.0
Milwaukee,2000-08-04 08:00:00,0.0,0.34619647541530363,0.3583954550705775,0.3666255582259426,-0.05749483022965941,-0.10499265938658223,1.0,0.0
Milwaukee,2000-08-04 09:00:00,0.0,0.34619647541530363,0.3583954550705775,0.3666255582259426,-0.05749483022965941,-0.10499265938658223,1.0,0.0
Milwaukee,2000-08-04 10:00:00,0.0,0.34619647541530363,0.3583954550705775,0.3666255582259426,-0.05749483022965941,-0.10499265938658223,1.0,0.0
Milwaukee,2000-08-04 11:00:00,0.0,0.34619647541530363,0.3583954550705775,0.3666255582259426,-0.05749483022965941,-0.10499265938658223,1.0,0.0
Milwaukee,2000-08-04 12:00:00,0.0,0.34619647541530363,0.3583954550705775,0.3666255582259426,-0.05749483022965941,-0.10499265938658223,1.0,0.0
Milwaukee,2000-08-04 13:00:00,0.0,0.34619647541530363,0.3583954550705775,0.3666255582259426,-0.05749483022965941,-0.10499265938658223,1.0,0.0
Milwaukee,2000-08-04 14:00:00,0.0,0.34619647541530363,0.3583954550705775,0.3666255582259426,-0.05749483022965941,-0.10499265938658223,1.0,0.0
Milwaukee,2000-08-04 15:00:00,0.0,0.34619647541530363,0.3583954550705775,0.3666255582259426,-0.05749483022965941,-0.10499265938658223,1.0,0.0
Milwaukee,2000-08-04 16:00:00,0.0,0.34619647541530363,0.3583954550705775,0.3666255582259426,-0.05749483022965941,-0.10499265938658223,1.0,0.0
Milwaukee,2000-08-04 17:00:00,0.0,0.34619647541530363,0.3583954550705775,0.3666255582259426,-0.05749483022965941,-0.10499265938658223,1.0,0.0
Milwaukee,2000-08-04 18:00:00,0.0,0.34619647541530363,0.3583954550705775,0.3666255582259426,-0.05749483022965941,-0.10499265938658223,1.0,0.0
Milwaukee,2000-08-04 19:00:00,0.0,0.34619647541530363,0.3583954550705775,0.3666255582259426,-0.05749483022965941,-0.10499265938658223,1.0,0.0
Milwaukee,2000-08-04 20:00:00,0.0,0.34619647541530363,0.3583954550705775,0.3666255582259426,-0.05749483022965941,-0.10499265938658223,1.0,0.0
Milwaukee,2000-08-04 21:00:00,0.0,0.34619647541530363,0.3583954550705775,0.3666255582259426,-0.05749483022965941,-0.10499265938658223,1.0,0.0
Milwaukee,2000-08-04 22:00:00,0.0,0.34619647541530363,0.3583954550705775,0.3666255582259426,-0.05749483022965941,-0.10499265938658223,1.0,0.0
Milwaukee,2000-08-04 23:00:00,0.0,0.34619647541530363,0.3583954550705775,0.3666255582259426,-0.05749483022965941,-0.10499265938658223,1.0,0.0
Milwaukee,2000-08-05 00:00:00,0.0,0.34619647541530363,0.3583954550705775,0.3666255582259426,-0.05749483022965941,-0.10499265938658223,1.0,0.0
Milwaukee,2000-08-05 01:00:00,0.0,0.34619647541530363,0.3583954550705775,0.3666255582259426,-0.05749483022965941,-0.10499265938658223,1.0,0.0
Milwaukee,2000-08-05 02:00:00,0.0,0.34619647541530363,0.3583954550705775,0.3666255582259426,-0.05749483022965941,-0.10499265938658223,1.0,0.0
Milwaukee,2000-08-05 03:00:00,0.0,0.34619647541530363,0.3583954550705775,0.3666255582259426,-0.05749483022965941,-0.10499265938658223,1.0,0.0
Milwaukee,2000-08-05 04:00:00,0.0,0.34619647541530363,0.3583954550705775,0.3666255582259426,-0.05749483022965941,-0.10499265938658223,1.0,0.0
Milwaukee,2000-08-05 05:00:00,0.0,0.34619647541530363,0.3583954550705775,0.3666255582259426,-0.05749483022965941,-0.10499265938658223,1.0,0.0
Milwaukee,2000-08-05 06:00:00,0.0,0.34619647541530363,0.3583954550705775,0.3666255582259426,-0.05749483022965941,-0.10499265938658223,1.0,0.0
Milwaukee,2000-08-05 07:00:00,0.0,0.34619647541530363,0.3583954550705775,0.3666255582259426,-0.05749483022965941,-0.10499265938658223,1.0,0.0
Milwaukee,2000-08-05 08:00:00,0.0,0.34619647541530363,0.3583954550705775,0.3666255582259426,-0.05749483022965941,-0.10499265938658223,1.0,0.0
Milwaukee,2000-08-05 09:00:00,0.0,0.34619647541530363,0.3583954550705775,0.3666255582259426,-0.05749483022965941,-0.10499265938658223,1.0,0.0
Milwaukee,2000-08-05 10:00:00,0.0,0.34619647541530363,0.3583954550705775,0.3666255582259426,-0.05749483022965941,-0.10499265938658223,1.0,0.0
Milwaukee,2000-08-05 11:00:00,0.0,0.34619647541530363,0.3583954550705775,0.3666255582259426,-0.05749483022965941,-0.10499265938658223,1.0,0.0
Milwaukee,2000-08-05 12:00:00,0.0,0.34619647541530363,0.3583954550705775,0.3666255582259426,-0.05749483022965941,-0.10499265938658223,1.0,0.0
Milwaukee,2000-08-05 13:00:00,0.0,0.34619647541530363,0.3583954550705775,0.3666255582259426,-0.05749483022965941,-0.10499265938658223,1.0,0.0
Milwaukee,2000-08-05 14:00:00,0.0,0.34619647541530363,0.3583954550705775,0.3666255582259426,-0.05749483022965941,-0.10499265938658223,1.0,0.0
Milwaukee,2000-08-05 15:00:00,0.0,0.34619647541530363,0.3583954550705775,0.3666255582259426,-0.05749483022965941,-0.10499265938658223,1.0,0.0
Milwaukee,2000-08-05 16:00:00,0.0,0.34619647541530363,0.3583954550705775,0.3666255582259426,-0.05749483022965941,-0.10499265938658223,1.0,0.0
Milwaukee,2000-08-05 17:00:00,0.0,0.34619647541530363,0.3583954550705775,0.3666255582259426,-0.05749483022965941,-0.10499265938658223,1.0,0.0
Milwaukee,2000-08-05 18:00:00,0.20000000298023224,0.4036312859866724,0.40082695074191593,0.4055009521190948,0.2132605250572452,0.1903506171259148,0.8925731429893989,0.17851463125795505
Milwaukee,2000-08-05 19:00:00,3.300000049173832,0.9227007116023274,0.8583930063245581,0.8394754790993102,4.409968532004268,4.768171403069621,1.0812257204253914,3.5680449305718036
Milwaukee,2000-08-05 20:00:00,2.7000000402331352,0.8793415773745441,0.8058160997574724,0.7863317621801497,3.5977024661435535,3.8821415735321287,1.079061320402482,2.9134656085007213
Milwaukee,2000-08-05 21:00:00,9.200000137090683,0.9992005730133899,0.9949479280579125,0.9923226611813087,12.397251512968054,13.480798060188393,1.087402158945223,10.004100011368756
Milwaukee,2000-08-05 22:00:00,11.400000169873238,0.9998567158099646,0.998578735219017,0.9975973174151025,15.375560421124568,16.729574101826476,1.0880627205523918,12.403915199130005
Milwaukee,2000-08-05 23:00:00,9.500000141561031,0.9993676038403202,0.9957496162713496,0.9934460691369467,12.80338454589831,13.923812974957029,1.0875103317440902,10.33134830551794
Milwaukee,2000-08-06 00:00:00,11.000000163912773,0.9998041359708133,0.9982098765254923,0.997031669193329,14.83404971054983,16.13888754880047,1.087962347687338,11.967586002891643
Milwaukee,2000-08-06 01:00:00,6.100000090897083,0.9910216571284968,0.9701300812245102,0.9610232166306489,8.200543506020932,8.902977274244577,1.0856569772122922,6.622507659678035
Milwaukee,2000-08-06 02:00:00,0.10000000149011612,0.37493462778701603,0.37963028842970437,0.38608798432978486,0.077882847413793,0.04267897886966643,0.5479894519381427,0.05479894601038219
Milwaukee,2000-08-06 03:00:00,0.10000000149011612,0.37493462778701603,0.37963028842970437,0.38608798432978486,0.077882847413793,0.04267897886966643,0.5479894519381427,0.05479894601038219
Milwaukee,2000-08-06 04:00:00,0.10000000149011612,0.37493462778701603,0.37963028842970437,0.38608798432978486,0.077882847413793,0.04267897886966643,0.5479894519381427,0.05479894601038219
Milwaukee,2000-08-06 05:00:00,0.0,0.34619647541530363,0.3583954550705775,0.3666255582259426,-0.05749483022965941,-0.10499265938658223,1.0,0.0
Milwaukee,2000-08-06 06:00:00,0.0,0.34619647541530363,0.3583954550705775,0.3666255582259426,-0.05749483022965941,-0.10499265938658223,1.0,0.0
Milwaukee,2000-08-06 07:00:00,0.0,0.34619647541530363,0.3583954550705775,0.3666255582259426,-0.05749483022965941,-0.10499265938658223,1.0,0.0
Milwaukee,2000-08-06 08:00:00,0.0,0.34619647541530363,0.3583954550705775,0.3666255582259426,-0.05749483022965941,-0.10499265938658223,1.0,0.0
Milwaukee,2000-08-06 09:00:00,0.0,0.34619647541530363,0.3583954550705775,0.3666255582259426,-0.05749483022965941,-0.10499265938658223,1.0,0.0
Milwaukee,2000-08-06 10:00:00,0.0,0.34619647541530363,0.3583954550705775,0.3666255582259426,-0.05749483022965941,-0.10499265938658223,1.0,0.0
Milwaukee,2000-08-06 11:00:00,0.0,0.34619647541530363,0.3583954550705775,0.3666255582259426,-0.05749483022965941,-0.10499265938658223,1.0,0.0
Milwaukee,2000-08-06 12:00:00,0.0,0.34619647541530363,0.3583954550705775,0.3666255582259426,-0.05749483022965941,-0.10499265938658223,1.0,0.0
Milwaukee,2000-08-06 13:00:00,0.0,0.34619647541530363,0.3583954550705775,0.3666255582259426,-0.05749483022965941,-0.10499265938658223,1.0,0.0
Milwaukee,2000-08-06 14:00:00,0.0,0.34619647541530363,0.3583954550705775,0.3666255582259426,-0.05749483022965941,-0.10499265938658223,1.0,0.0
Milwaukee,2000-08-06 15:00:00,0.0,0.34619647541530363,0.3583954550705775,0.3666255582259426,-0.05749483022965941,-0.10499265938658223,1.0,0.0
Milwaukee,2000-08-06 16:00:00,0.0,0.34619647541530363,0.3583954550705775,0.3666255582259426,-0.05749483022965941,-0.10499265938658223,1.0,0.0
Milwaukee,2000-08-06 17:00:00,0.0,0.34619647541530363,0.3583954550705775,0.3666255582259426,-0.05749483022965941,-0.10499265938658223,1.0,0.0
Milwaukee,2000-08-06 18:00:00,0.0,0.34619647541530363,0.3583954550705775,0.3666255582259426,-0.05749483022965941,-0.10499265938658223,1.0,0.0
Milwaukee,2000-08-06 19:00:00,0.0,0.34619647541530363,0.3583954550705775,0.3666255582259426,-0.05749483022965941,-0.10499265938658223,1.0,0.0
Milwaukee,2000-08-06 20:00:00,0.0,0.34619647541530363,0.3583954550705775,0.3666255582259426,-0.05749483022965941,-0.10499265938658223,1.0,0.0
Milwaukee,2000-08-06 21:00:00,0.0,0.34619647541530363,0.3583954550705775,0.3666255582259426,-0.05749483022965941,-0.10499265938658223,1.0,0.0
Milwaukee,2000-08-06 22:00:00,0.0,0.34619647541530363,0.3583954550705775,0.3666255582259426,-0.05749483022965941,-0.10499265938658223,1.0,0.0
Milwaukee,2000-08-06 23:00:00,0.0,0.34619647541530363,0.3583954550705775,0.3666255582259426,-0.05749483022965941,-0.10499265938658223,1.0,0.0
Milwaukee,2000-08-07 00:00:00,0.0,0.34619647541530363,0.3583954550705775,0.3666255582259426,-0.05749483022965941,-0.10499265938658223,1.0,0.0
Milwaukee,2000-08-07 01:00:00,0.0,0.34619647541530363,0.3583954550705775,0.3666255582259426,-0.05749483022965941,-0.10499265938658223,1.0,0.0
Milwaukee,2000-08-07 02:00:00,0.0,0.34619647541530363,0.3583954550705775,0.3666255582259426,-0.05749483022965941,-0.10499265938658223,1.0,0.0
Milwaukee,2000-08-07 03:00:00,0.0,0.34619647541530363,0.3583954550705775,0.3666255582259426,-0.05749483022965941,-0.10499265938658223,1.0,0.0
Milwaukee,2000-08-07 04:00:00,0.0,0.34619647541530363,0.3583954550705775,0.3666255582259426,-0.05749483022965941,-0.10499265938658223,1.0,0.0
Milwaukee,2000-08-07 05:00:00,0.0,0.34619647541530363,0.3583954550705775,0.3666255582259426,-0.05749483022965941,-0.10499265938658223,1.0,0.0
Milwaukee,2000-08-07 06:00:00,0.0,0.34619647541530363,0.3583954550705775,0.3666255582259426,-0.05749483022965941,-0.10499265938658223,1.0,0.0
Milwaukee,2000-08-07 07:00:00,0.0,0.34619647541530363,0.3583954550705775,0.3666255582259426,-0.05749483022965941,-0.10499265938658223,1.0,0.0
Milwaukee,2000-08-07 08:00:00,0.0,0.34619647541530363,0.3583954550705775,0.3666255582259426,-0.05749483022965941,-0.10499265938658223,1.0,0.0
Milwaukee,2000-08-07 09:00:00,0.0,0.34619647541530363,0.3583954550705775,0.3666255582259426,-0.05749483022965941,-0.10499265938658223,1.0,0.0
Milwaukee,2000-08-07 10:00:00,0.0,0.34619647541530363,0.3583954550705775,0.3666255582259426,-0.05749483022965941,-0.10499265938658223,1.0,0.0
Milwaukee,2000-08-07 11:00:00,0.0,0.34619647541530363,0.3583954550705775,0.3666255582259426,-0.05749483022965941,-0.10499265938658223,1.0,0.0
Milwaukee,2000-08-07 12:00:00,0.0,0.34619647541530363,0.3583954550705775,0.3666255582259426,-0.05749483022965941,-0.10499265938658223,1.0,0.0
Milwaukee,2000-08-07 13:00:00,0.0,0.34619647541530363,0.3583954550705775,0.3666255582259426,-0.05749483022965941,-0.10499265938658223,1.0,0.0
Milwaukee,2000-08-07 14:00:00,0.0,0.34619647541530363,0.3583954550705775,0.3666255582259426,-0.05749483022965941,-0.10499265938658223,1.0,0.0
Milwaukee,2000-08-07 15:00:00,0.0,0.34619647541530363,0.3583954550705775,0.3666255582259426,-0.05749483022965941,-0.10499265938658223,1.0,0.0
Milwaukee,2000-08-07 16:00:00,0.0,0.34619647541530363,0.3583954550705775,0.3666255582259426,-0.05749483022965941,-0.10499265938658223,1.0,0.0
Milwaukee,2000-08-07 17:00:00,0.0,0.34619647541530363,0.3583954550705775,0.3666255582259426,-0.05749483022965941,-0.10499265938658223,1.0,0.0
Milwaukee,2000-08-07 18:00:00,0.0,0.34619647541530363,0.3583954550705775,0.3666255582259426,-0.05749483022965941,-0.10499265938658223,1.0,0.0
Milwaukee,2000-08-07 19:00:00,0.0,0.34619647541530363,0.3583954550705775,0.3666255582259426,-0.05749483022965941,-0.10499265938658223,1.0,0.0
Milwaukee,2000-08-07 20:00:00,0.0,0.34619647541530363,0.3583954550705775,0.3666255582259426,-0.05749483022965941,-0.10499265938658223,1.0,0.0
Milwaukee,2000-08-07 21:00:00,0.0,0.34619647541530363,0.3583954550705775,0.3666255582259426,-0.05749483022965941,-0.10499265938658223,1.0,0.0
Milwaukee,2000-08-07 22:00:00,0.0,0.34619647541530363,0.3583954550705775,0.3666255582259426,-0.05749483022965941,-0.10499265938658223,1.0,0.0
Milwaukee,2000-08-07 23:00:00,0.0,0.34619647541530363,0.3583954550705775,0.3666255582259426,-0.05749483022965941,-0.10499265938658223,1.0,0.0
Milwaukee,2000-08-08 00:00:00,0.0,0.34619647541530363,0.3583954550705775,0.3666255582259426,-0.05749483022965941,-0.10499265938658223,1.0,0.0
Milwaukee,2000-08-08 01:00:00,0.0,0.34619647541530363,0.3583954550705775,0.3666255582259426,-0.05749483022965941,-0.10499265938658223,1.0,0.0
Milwaukee,2000-08-08 02:00:00,0.0,0.34619647541530363,0.3583954550705775,0.3666255582259426,-0.05749483022965941,-0.10499265938658223,1.0,0.0
Milwaukee,2000-08-08 03:00:00,0.0,0.34619647541530363,0.3583954550705775,0.3666255582259426,-0.05749483022965941,-0.10499265938658223,1.0,0.0
Milwaukee,2000-08-08 04:00:00,0.0,0.34619647541530363,0.3583954550705775,0.3666255582259426,-0.05749483022965941,-0.10499265938658223,1.0,0.0
Milwaukee,2000-08-08 05:00:00,0.0,0.34619647541530363,0.3583954550705775,0.3666255582259426,-0.05749483022965941,-0.10499265938658223,1.0,0.0
Milwaukee,2000-08-08 06:00:00,0.0,0.34619647541530363,0.3583954550705775,0.3666255582259426,-0.05749483022965941,-0.10499265938658223,1.0,0.0
Milwaukee,2000-08-08 07:00:00,0.0,0.34619647541530363,0.3583954550705775,0.3666255582259426,-0.05749483022965941,-0.10499265938658223,1.0,0.0
Milwaukee,2000-08-08 08:00:00,0.0,0.34619647541530363,0.3583954550705775,0.3666255582259426,-0.05749483022965941,-0.10499265938658223,1.0,0.0
Milwaukee,2000-08-08 09:00:00,0.0,0.34619647541530363,0.3583954550705775,0.3666255582259426,-0.05749483022965941,-0.10499265938658223,1.0,0.0
Milwaukee,2000-08-08 10:00:00,0.0,0.34619647541530363,0.3583954550705775,0.3666255582259426,-0.05749483022965941,-0.10499265938658223,1.0,0.0
Milwaukee,2000-08-08 11:00:00,0.0,0.34619647541530363,0.3583954550705775,0.3666255582259426,-0.05749483022965941,-0.10499265938658223,1.0,0.0
Milwaukee,2000-08-08 12:00:00,0.0,0.34619647541530363,0.3583954550705775,0.3666255582259426,-0.05749483022965941,-0.10499265938658223,1.0,0.0
Milwaukee,2000-08-08 13:00:00,0.0,0.34619647541530363,0.3583954550705775,0.3666255582259426,-0.05749483022965941,-0.10499265938658223,1.0,0.0
Milwaukee,2000-08-08 14:00:00,0.0,0.34619647541530363,0.3583954550705775,0.3666255582259426,-0.05749483022965941,-0.10499265938658223,1.0,0.0
Milwaukee,2000-08-08 15:00:00,0.0,0.34619647541530363,0.3583954550705775,0.3666255582259426,-0.05749483022965941,-0.10499265938658223,1.0,0.0
Milwaukee,2000-08-08 16:00:00,0.0,0.34619647541530363,0.3583954550705775,0.3666255582259426,-0.05749483022965941,-0.10499265938658223,1.0,0.0
Milwaukee,2000-08-08 17:00:00,0.0,0.34619647541530363,0.3583954550705775,0.3666255582259426,-0.05749483022965941,-0.10499265938658223,1.0,0.0
Milwaukee,2000-08-08 18:00:00,0.0,0.34619647541530363,0.3583954550705775,0.3666255582259426,-0.05749483022965941,-0.10499265938658223,1.0,0.0
Milwaukee,2000-08-08 19:00:00,0.0,0.34619647541530363,0.3583954550705775,0.3666255582259426,-0.05749483022965941,-0.10499265938658223,1.0,0.0
Milwaukee,2000-08-08 20:00:00,0.0,0.34619647541530363,0.3583954550705775,0.3666255582259426,-0.05749483022965941,-0.10499265938658223,1.0,0.0
Milwaukee,2000-08-08 21:00:00,0.0,0.34619647541530363,0.3583954550705775,0.3666255582259426,-0.05749483022965941,-0.10499265938658223,1.0,0.0
Milwaukee,2000-08-08 22:00:00,0.0,0.34619647541530363,0.3583954550705775,0.3666255582259426,-0.05749483022965941,-0.10499265938658223,1.0,0.0
Milwaukee,2000-08-08 23:00:00,0.0,0.34619647541530363,0.3583954550705775,0.3666255582259426,-0.05749483022965941,-0.10499265938658223,1.0,0.0
Milwaukee,2000-08-09 00:00:00,0.0,0.34619647541530363,0.3583954550705775,0.3666255582259426,-0.05749483022965941,-0.10499265938658223,1.0,0.0
Milwaukee,2000-08-09 01:00:00,0.0,0.34619647541530363,0.3583954550705775,0.3666255582259426,-0.05749483022965941,-0.10499265938658223,1.0,0.0
Milwaukee,2000-08-09 02:00:00,0.0,0.34619647541530363,0.3583954550705775,0.3666255582259426,-0.05749483022965941,-0.10499265938658223,1.0,0.0
Milwaukee,2000-08-09 03:00:00,0.0,0.34619647541530363,0.3583954550705775,0.3666255582259426,-0.05749483022965941,-0.10499265938658223,1.0,0.0
Milwaukee,2000-08-09 04:00:00,0.0,0.34619647541530363,0.3583954550705775,0.3666255582259426,-0.05749483022965941,-0.10499265938658223,1.0,0.0
Milwaukee,2000-08-09 05:00:00,0.0,0.34619647541530363,0.3583954550705775,0.3666255582259426,-0.05749483022965941,-0.10499265938658223,1.0,0.0
Milwaukee,2000-08-09 06:00:00,0.0,0.34619647541530363,0.3583954550705775,0.3666255582259426,-0.05749483022965941,-0.10499265938658223,1.0,0.0
Milwaukee,2000-08-09 07:00:00,0.0,0.34619647541530363,0.3583954550705775,0.3666255582259426,-0.05749483022965941,-0.10499265938658223,1.0,0.0
Milwaukee,2000-08-09 08:00:00,0.0,0.34619647541530363,0.3583954550705775,0.3666255582259426,-0.05749483022965941,-0.10499265938658223,1.0,0.0
Milwaukee,2000-08-09 09:00:00,0.0,0.34619647541530363,0.3583954550705775,0.3666255582259426,-0.05749483022965941,-0.10499265938658223,1.0,0.0
Milwaukee,2000-08-09 10:00:00,0.0,0.34619647541530363,0.3583954550705775,0.3666255582259426,-0.05749483022965941,-0.10499265938658223,1.0,0.0
Milwaukee,2000-08-09 11:00:00,0.0,0.34619647541530363,0.3583954550705775,0.3666255582259426,-0.05749483022965941,-0.10499265938658223,1.0,0.0
Milwaukee,2000-08-09 12:00:00,0.0,0.34619647541530363,0.3583954550705775,0.3666255582259426,-0.05749483022965941,-0.10499265938658223,1.0,0.0
Milwaukee,2000-08-09 13:00:00,0.0,0.34619647541530363,0.3583954550705775,0.3666255582259426,-0.05749483022965941,-0.10499265938658223,1.0,0.0
Milwaukee,2000-08-09 14:00:00,0.0,0.34619647541530363,0.3583954550705775,0.3666255582259426,-0.05749483022965941,-0.10499265938658223,1.0,0.0
Milwaukee,2000-08-09 15:00:00,0.0,0.34619647541530363,0.3583954550705775,0.3666255582259426,-0.05749483022965941,-0.10499265938658223,1.0,0.0
Milwaukee,2000-08-09 16:00:00,0.0,0.34619647541530363,0.3583954550705775,0.3666255582259426,-0.05749483022965941,-0.10499265938658223,1.0,0.0
Milwaukee,2000-08-09 17:00:00,0.0,0.34619647541530363,0.3583954550705775,0.3666255582259426,-0.05749483022965941,-0.10499265938658223,1.0,0.0
Milwaukee,2000-08-09 18:00:00,0.0,0.34619647541530363,0.3583954550705775,0.3666255582259426,-0.05749483022965941,-0.10499265938658223,1.0,0.0
Milwaukee,2000-08-09 19:00:00,0.0,0.34619647541530363,0.3583954550705775,0.3666255582259426,-0.05749483022965941,-0.10499265938658223,1.0,0.0
Milwaukee,2000-08-09 20:00:00,0.0,0.34619647541530363,0.3583954550705775,0.3666255582259426,-0.05749483022965941,-0.10499265938658223,1.0,0.0
Milwaukee,2000-08-09 21:00:00,0.0,0.34619647541530363,0.3583954550705775,0.3666255582259426,-0.05749483022965941,-0.10499265938658223,1.0,0.0
Milwaukee,2000-08-09 22:00:00,0.0,0.34619647541530363,0.3583954550705775,0.3666255582259426,-0.05749483022965941,-0.10499265938658223,1.0,0.0
Milwaukee,2000-08-09 23:00:00,0.0,0.34619647541530363,0.3583954550705775,0.3666255582259426,-0.05749483022965941,-0.10499265938658223,1.0,0.0
Milwaukee,2000-08-10 00:00:00,0.0,0.34619647541530363,0.3583954550705775,0.3666255582259426,-0.05749483022965941,-0.10499265938658223,1.0,0.0
Milwaukee,2000-08-10 01:00:00,0.0,0.34619647541530363,0.3583954550705775,0.3666255582259426,-0.05749483022965941,-0.10499265938658223,1.0,0.0
Milwaukee,2000-08-10 02:00:00,0.0,0.34619647541530363,0.3583954550705775,0.3666255582259426,-0.05749483022965941,-0.10499265938658223,1.0,0.0
Milwaukee,2000-08-10 03:00:00,0.0,0.34619647541530363,0.3583954550705775,0.3666255582259426,-0.05749483022965941,-0.10499265938658223,1.0,0.0
Milwaukee,2000-08-10 04:00:00,0.0,0.34619647541530363,0.3583954550705775,0.3666255582259426,-0.05749483022965941,-0.10499265938658223,1.0,0.0
Milwaukee,2000-08-10 05:00:00,0.0,0.34619647541530363,0.3583954550705775,0.3666255582259426,-0.05749483022965941,-0.10499265938658223,1.0,0.0
Milwaukee,2000-08-10 06:00:00,0.0,0.34619647541530363,0.3583954550705775,0.3666255582259426,-0.05749483022965941,-0.10499265938658223,1.0,0.0
Milwaukee,2000-08-10 07:00:00,0.0,0.34619647541530363,0.3583954550705775,0.3666255582259426,-0.05749483022965941,-0.10499265938658223,1.0,0.0
Milwaukee,2000-08-10 08:00:00,0.0,0.34619647541530363,0.3583954550705775,0.3666255582259426,-0.05749483022965941,-0.10499265938658223,1.0,0.0
Milwaukee,2000-08-10 09:00:00,0.0,0.34619647541530363,0.3583954550705775,0.3666255582259426,-0.05749483022965941,-0.10499265938658223,1.0,0.0
Milwaukee,2000-08-10 10:00:00,0.0,0.34619647541530363,0.3583954550705775,0.3666255582259426,-0.05749483022965941,-0.10499265938658223,1.0,0.0
Milwaukee,2000-08-10 11:00:00,0.0,0.34619647541530363,0.3583954550705775,0.3666255582259426,-0.05749483022965941,-0.10499265938658223,1.0,0.0
Milwaukee,2000-08-10 12:00:00,0.0,0.34619647541530363,0.3583954550705775,0.3666255582259426,-0.05749483022965941,-0.10499265938658223,1.0,0.0
Milwaukee,2000-08-10 13:00:00,0.0,0.34619647541530363,0.3583954550705775,0.3666255582259426,-0.05749483022965941,-0.10499265938658223,1.0,0.0
Milwaukee,2000-08-10 14:00:00,0.0,0.34619647541530363,0.3583954550705775,0.3666255582259426,-0.05749483022965941,-0.10499265938658223,1.0,0.0
Milwaukee,2000-08-10 15:00:00,0.0,0.34619647541530363,0.3583954550705775,0.3666255582259426,-0.05749483022965941,-0.10499265938658223,1.0,0.0
Milwaukee,2000-08-10 16:00:00,0.0,0.34619647541530363,0.3583954550705775,0.3666255582259426,-0.05749483022965941,-0.10499265938658223,1.0,0.0
Milwaukee,2000-08-10 17:00:00,0.0,0.34619647541530363,0.3583954550705775,0.3666255582259426,-0.05749483022965941,-0.10499265938658223,1.0,0.0
Milwaukee,2000-08-10 18:00:00,0.0,0.34619647541530363,0.3583954550705775,0.3666255582259426,-0.05749483022965941,-0.10499265938658223,1.0,0.0
Milwaukee,2000-08-10 19:00:00,0.0,0.34619647541530363,0.3583954550705775,0.3666255582259426,-0.05749483022965941,-0.10499265938658223,1.0,0.0
Milwaukee,2000-08-10 20:00:00,0.0,0.34619647541530363,0.3583954550705775,0.3666255582259426,-0.05749483022965941,-0.10499265938658223,1.0,0.0
Milwaukee,2000-08-10 21:00:00,0.0,0.34619647541530363,0.3583954550705775,0.3666255582259426,-0.05749483022965941,-0.10499265938658223,1.0,0.0
Milwaukee,2000-08-10 22:00:00,0.0,0.34619647541530363,0.3583954550705775,0.3666255582259426,-0.05749483022965941,-0.10499265938658223,1.0,0.0
Milwaukee,2000-08-10 23:00:00,0.0,0.34619647541530363,0.3583954550705775,0.3666255582259426,-0.05749483022965941,-0.10499265938658223,1.0,0.0
Milwaukee,2000-08-11 00:00:00,0.0,0.34619647541530363,0.3583954550705775,0.3666255582259426,-0.05749483022965941,-0.10499265938658223,1.0,0.0
Milwaukee,2000-08-11 01:00:00,0.0,0.34619647541530363,0.3583954550705775,0.3666255582259426,-0.05749483022965941,-0.10499265938658223,1.0,0.0
Milwaukee,2000-08-11 02:00:00,0.0,0.34619647541530363,0.3583954550705775,0.3666255582259426,-0.05749483022965941,-0.10499265938658223,1.0,0.0
Milwaukee,2000-08-11 03:00:00,0.0,0.34619647541530363,0.3583954550705775,0.3666255582259426,-0.05749483022965941,-0.10499265938658223,1.0,0.0
Milwaukee,2000-08-11 04:00:00,0.0,0.34619647541530363,0.3583954550705775,0.3666255582259426,-0.05749483022965941,-0.10499265938658223,1.0,0.0
Milwaukee,2000-08-11 05:00:00,0.0,0.34619647541530363,0.3583954550705775,0.3666255582259426,-0.05749483022965941,-0.10499265938658223,1.0,0.0
Milwaukee,2000-08-11 06:00:00,0.0,0.34619647541530363,0.3583954550705775,0.3666255582259426,-0.05749483022965941,-0.10499265938658223,1.0,0.0
Milwaukee,2000-08-11 07:00:00,0.0,0.34619647541530363,0.3583954550705775,0.3666255582259426,-0.05749483022965941,-0.10499265938658223,1.0,0.0
Milwaukee,2000-08-11 08:00:00,0.0,0.34619647541530363,0.3583954550705775,0.3666255582259426,-0.05749483022965941,-0.10499265938658223,1.0,0.0
Milwaukee,2000-08-11 09:00:00,0.0,0.34619647541530363,0.3583954550705775,0.3666255582259426,-0.05749483022965941,-0.10499265938658223,1.0,0.0
Milwaukee,2000-08-11 10:00:00,0.0,0.34619647541530363,0.3583954550705775,0.3666255582259426,-0.05749483022965941,-0.10499265938658223,1.0,0.0
Milwaukee,2000-08-11 11:00:00,0.0,0.34619647541530363,0.3583954550705775,0.3666255582259426,-0.05749483022965941,-0.10499265938658223,1.0,0.0
Milwaukee,2000-08-11 12:00:00,0.0,0.34619647541530363,0.3583954550705775,0.3666255582259426,-0.05749483022965941,-0.10499265938658223,1.0,0.0
Milwaukee,2000-08-11 13:00:00,0.0,0.34619647541530363,0.3583954550705775,0.3666255582259426,-0.05749483022965941,-0.10499265938658223,1.0,0.0
Milwaukee,2000-08-11 14:00:00,0.0,0.34619647541530363,0.3583954550705775,0.3666255582259426,-0.05749483022965941,-0.10499265938658223,1.0,0.0
Milwaukee,2000-08-11 15:00:00,0.0,0.34619647541530363,0.3583954550705775,0.3666255582259426,-0.05749483022965941,-0.10499265938658223,1.0,0.0
Milwaukee,2000-08-11 16:00:00,0.0,0.34619647541530363,0.3583954550705775,0.3666255582259426,-0.05749483022965941,-0.10499265938658223,1.0,0.0
Milwaukee,2000-08-11 17:00:00,0.0,0.34619647541530363,0.3583954550705775,0.3666255582259426,-0.05749483022965941,-0.10499265938658223,1.0,0.0
Milwaukee,2000-08-11 18:00:00,0.0,0.34619647541530363,0.3583954550705775,0.3666255582259426,-0.05749483022965941,-0.10499265938658223,1.0,0.0
Milwaukee,2000-08-11 19:00:00,0.0,0.34619647541530363,0.3583954550705775,0.3666255582259426,-0.05749483022965941,-0.10499265938658223,1.0,0.0
Milwaukee,2000-08-11 20:00:00,0.0,0.34619647541530363,0.3583954550705775,0.3666255582259426,-0.05749483022965941,-0.10499265938658223,1.0,0.0
Milwaukee,2000-08-11 21:00:00,0.0,0.34619647541530363,0.3583954550705775,0.3666255582259426,-0.05749483022965941,-0.10499265938658223,1.0,0.0
Milwaukee,2000-08-11 22:00:00,0.0,0.34619647541530363,0.3583954550705775,0.3666255582259426,-0.05749483022965941,-0.10499265938658223,1.0,0.0
Milwaukee,2000-08-11 23:00:00,0.0,0.34619647541530363,0.3583954550705775,0.3666255582259426,-0.05749483022965941,-0.10499265938658223,1.0,0.0
Milwaukee,2000-08-12 00:00:00,0.0,0.34619647541530363,0.3583954550705775,0.3666255582259426,-0.05749483022965941,-0.10499265938658223,1.0,0.0
Milwaukee,2000-08-12 01:00:00,0.0,0.34619647541530363,0.3583954550705775,0.3666255582259426,-0.05749483022965941,-0.10499265938658223,1.0,0.0
Milwaukee,2000-08-12 02:00:00,0.0,0.34619647541530363,0.3583954550705775,0.3666255582259426,-0.05749483022965941,-0.10499265938658223,1.0,0.0
Milwaukee,2000-08-12 03:00:00,0.0,0.34619647541530363,0.3583954550705775,0.3666255582259426,-0.05749483022965941,-0.10499265938658223,1.0,0.0
Milwaukee,2000-08-12 04:00:00,0.0,0.34619647541530363,0.3583954550705775,0.3666255582259426,-0.05749483022965941,-0.10499265938658223,1.0,0.0
Milwaukee,2000-08-12 05:00:00,0.0,0.34619647541530363,0.3583954550705775,0.3666255582259426,-0.05749483022965941,-0.10499265938658223,1.0,0.0
Milwaukee,2000-08-12 06:00:00,0.0,0.34619647541530363,0.3583954550705775,0.3666255582259426,-0.05749483022965941,-0.10499265938658223,1.0,0.0
Milwaukee,2000-08-12 07:00:00,0.0,0.34619647541530363,0.3583954550705775,0.3666255582259426,-0.05749483022965941,-0.10499265938658223,1.0,0.0
Milwaukee,2000-08-12 08:00:00,0.0,0.34619647541530363,0.3583954550705775,0.3666255582259426,-0.05749483022965941,-0.10499265938658223,1.0,0.0
Milwaukee,2000-08-12 09:00:00,0.0,0.34619647541530363,0.3583954550705775,0.3666255582259426,-0.05749483022965941,-0.10499265938658223,1.0,0.0
Milwaukee,2000-08-12 10:00:00,0.0,0.34619647541530363,0.3583954550705775,0.3666255582259426,-0.05749483022965941,-0.10499265938658223,1.0,0.0
Milwaukee,2000-08-12 11:00:00,0.0,0.34619647541530363,0.3583954550705775,0.3666255582259426,-0.05749483022965941,-0.10499265938658223,1.0,0.0
Milwaukee,2000-08-12 12:00:00,0.0,0.34619647541530363,0.3583954550705775,0.3666255582259426,-0.05749483022965941,-0.10499265938658223,1.0,0.0
Milwaukee,2000-08-12 13:00:00,0.0,0.34619647541530363,0.3583954550705775,0.3666255582259426,-0.05749483022965941,-0.10499265938658223,1.0,0.0
Milwaukee,2000-08-12 14:00:00,0.0,0.34619647541530363,0.3583954550705775,0.3666255582259426,-0.05749483022965941,-0.10499265938658223,1.0,0.0
Milwaukee,2000-08-12 15:00:00,0.0,0.34619647541530363,0.3583954550705775,0.3666255582259426,-0.05749483022965941,-0.10499265938658223,1.0,0.0
Milwaukee,2000-08-12 16:00:00,0.0,0.34619647541530363,0.3583954550705775,0.3666255582259426,-0.05749483022965941,-0.10499265938658223,1.0,0.0
Milwaukee,2000-08-12 17:00:00,0.0,0.34619647541530363,0.3583954550705775,0.3666255582259426,-0.05749483022965941,-0.10499265938658223,1.0,0.0
Milwaukee,2000-08-12 18:00:00,0.0,0.34619647541530363,0.3583954550705775,0.3666255582259426,-0.05749483022965941,-0.10499265938658223,1.0,0.0
Milwaukee,2000-08-12 19:00:00,0.0,0.34619647541530363,0.3583954550705775,0.3666255582259426,-0.05749483022965941,-0.10499265938658223,1.0,0.0
Milwaukee,2000-08-12 20:00:00,0.0,0.34619647541530363,0.3583954550705775,0.3666255582259426,-0.05749483022965941,-0.10499265938658223,1.0,0.0
Milwaukee,2000-08-12 21:00:00,0.0,0.34619647541530363,0.3583954550705775,0.3666255582259426,-0.05749483022965941,-0.10499265938658223,1.0,0.0
Milwaukee,2000-08-12 22:00:00,0.0,0.34619647541530363,0.3583954550705775,0.3666255582259426,-0.05749483022965941,-0.10499265938658223,1.0,0.0
Milwaukee,2000-08-12 23:00:00,0.0,0.34619647541530363,0.3583954550705775,0.3666255582259426,-0.05749483022965941,-0.10499265938658223,1.0,0.0
Milwaukee,2000-08-13 00:00:00,0.0,0.34619647541530363,0.3583954550705775,0.3666255582259426,-0.05749483022965941,-0.10499265938658223,1.0,0.0
Milwaukee,2000-08-13 01:00:00,0.0,0.34619647541530363,0.3583954550705775,0.3666255582259426,-0.05749483022965941,-0.10499265938658223,1.0,0.0
Milwaukee,2000-08-13 02:00:00,0.0,0.34619647541530363,0.3583954550705775,0.3666255582259426,-0.05749483022965941,-0.10499265938658223,1.0,0.0
Milwaukee,2000-08-13 03:00:00,0.20000000298023224,0.4036312859866724,0.40082695074191593,0.4055009521190948,0.2132605250572452,0.1903506171259148,0.8925731429893989,0.17851463125795505
Milwaukee,2000-08-13 04:00:00,0.0,0.34619647541530363,0.3583954550705775,0.3666255582259426,-0.05749483022965941,-0.10499265938658223,1.0,0.0
Milwaukee,2000-08-13 05:00:00,0.0,0.34619647541530363,0.3583954550705775,0.3666255582259426,-0.05749483022965941,-0.10499265938658223,1.0,0.0
Milwaukee,2000-08-13 06:00:00,0.10000000149011612,0.37493462778701603,0.37963028842970437,0.38608798432978486,0.077882847413793,0.04267897886966643,0.5479894519381427,0.05479894601038219
Milwaukee,2000-08-13 07:00:00,0.0,0.34619647541530363,0.3583954550705775,0.3666255582259426,-0.05749483022965941,-0.10499265938658223,1.0,0.0
Milwaukee,2000-08-13 08:00:00,0.0,0.34619647541530363,0.3583954550705775,0.3666255582259426,-0.05749483022965941,-0.10499265938658223,1.0,0.0
Milwaukee,2000-08-13 09:00:00,0.0,0.34619647541530363,0.3583954550705775,0.3666255582259426,-0.05749483022965941,-0.10499265938658223,1.0,0.0
Milwaukee,2000-08-13 10:00:00,0.0,0.34619647541530363,0.3583954550705775,0.3666255582259426,-0.05749483022965941,-0.10499265938658223,1.0,0.0
Milwaukee,2000-08-13 11:00:00,0.0,0.34619647541530363,0.3583954550705775,0.3666255582259426,-0.05749483022965941,-0.10499265938658223,1.0,0.0
Milwaukee,2000-08-13 12:00:00,0.0,0.34619647541530363,0.3583954550705775,0.3666255582259426,-0.05749483022965941,-0.10499265938658223,1.0,0.0
Milwaukee,2000-08-13 13:00:00,0.0,0.34619647541530363,0.3583954550705775,0.3666255582259426,-0.05749483022965941,-0.10499265938658223,1.0,0.0
Milwaukee,2000-08-13 14:00:00,0.0,0.34619647541530363,0.3583954550705775,0.3666255582259426,-0.05749483022965941,-0.10499265938658223,1.0,0.0
Milwaukee,2000-08-13 15:00:00,0.0,0.34619647541530363,0.3583954550705775,0.3666255582259426,-0.05749483022965941,-0.10499265938658223,1.0,0.0
Milwaukee,2000-08-13 16:00:00,0.0,0.34619647541530363,0.3583954550705775,0.3666255582259426,-0.05749483022965941,-0.10499265938658223,1.0,0.0
Milwaukee,2000-08-13 17:00:00,1.9000000283122063,0.7864086201584585,0.7098990896847307,0.6927487966650145,2.514681044995935,2.70076846748214,1.074000407668602,2.040600804977665
Milwaukee,2000-08-13 18:00:00,0.6000000089406967,0.5149511800867037,0.4839791863801989,0.48170736485828647,0.7547712356310545,0.7810371701509091,1.0347998615738105,0.6208799261961181
Milwaukee,2000-08-13 19:00:00,0.0,0.34619647541530363,0.3583954550705775,0.3666255582259426,-0.05749483022965941,-0.10499265938658223,1.0,0.0
Milwaukee,2000-08-13 20:00:00,0.0,0.34619647541530363,0.3583954550705775,0.3666255582259426,-0.05749483022965941,-0.10499265938658223,1.0,0.0
Milwaukee,2000-08-13 21:00:00,0.0,0.34619647541530363,0.3583954550705775,0.3666255582259426,-0.05749483022965941,-0.10499265938658223,1.0,0.0
Milwaukee,2000-08-13 22:00:00,0.0,0.34619647541530363,0.3583954550705775,0.3666255582259426,-0.05749483022965941,-0.10499265938658223,1.0,0.0
Milwaukee,2000-08-13 23:00:00,0.0,0.34619647541530363,0.3583954550705775,0.3666255582259426,-0.05749483022965941,-0.10499265938658223,1.0,0.0
Milwaukee,2000-08-14 00:00:00,0.0,0.34619647541530363,0.3583954550705775,0.3666255582259426,-0.05749483022965941,-0.10499265938658223,1.0,0.0
Milwaukee,2000-08-14 01:00:00,0.0,0.34619647541530363,0.3583954550705775,0.3666255582259426,-0.05749483022965941,-0.10499265938658223,1.0,0.0
Milwaukee,2000-08-14 02:00:00,0.0,0.34619647541530363,0.3583954550705775,0.3666255582259426,-0.05749483022965941,-0.10499265938658223,1.0,0.0
Milwaukee,2000-08-14 03:00:00,0.0,0.34619647541530363,0.3583954550705775,0.3666255582259426,-0.05749483022965941,-0.10499265938658223,1.0,0.0
Milwaukee,2000-08-14 04:00:00,0.0,0.34619647541530363,0.3583954550705775,0.3666255582259426,-0.05749483022965941,-0.10499265938658223,1.0,0.0
Milwaukee,2000-08-14 05:00:00,0.0,0.34619647541530363,0.3583954550705775,0.3666255582259426,-0.05749483022965941,-0.10499265938658223,1.0,0.0
Milwaukee,2000-08-14 06:00:00,0.0,0.34619647541530363,0.3583954550705775,0.3666255582259426,-0.05749483022965941,-0.10499265938658223,1.0,0.0
Milwaukee,2000-08-14 07:00:00,0.0,0.34619647541530363,0.3583954550705775,0.3666255582259426,-0.05749483022965941,-0.10499265938658223,1.0,0.0
Milwaukee,2000-08-14 08:00:00,0.0,0.34619647541530363,0.3583954550705775,0.3666255582259426,-0.05749483022965941,-0.10499265938658223,1.0,0.0
Milwaukee,2000-08-14 09:00:00,0.0,0.34619647541530363,0.3583954550705775,0.3666255582259426,-0.05749483022965941,-0.10499265938658223,1.0,0.0
Milwaukee,2000-08-14 10:00:00,0.0,0.34619647541530363,0.3583954550705775,0.3666255582259426,-0.05749483022965941,-0.10499265938658223,1.0,0.0
Milwaukee,2000-08-14 11:00:00,0.0,0.34619647541530363,0.3583954550705775,0.3666255582259426,-0.05749483022965941,-0.10499265938658223,1.0,0.0
Milwaukee,2000-08-14 12:00:00,0.0,0.34619647541530363,0.3583954550705775,0.3666255582259426,-0.05749483022965941,-0.10499265938658223,1.0,0.0
Milwaukee,2000-08-14 13:00:00,0.0,0.34619647541530363,0.3583954550705775,0.3666255582259426,-0.05749483022965941,-0.10499265938658223,1.0,0.0
Milwaukee,2000-08-14 14:00:00,0.0,0.34619647541530363,0.3583954550705775,0.3666255582259426,-0.05749483022965941,-0.10499265938658223,1.0,0.0
Milwaukee,2000-08-14 15:00:00,0.0,0.34619647541530363,0.3583954550705775,0.3666255582259426,-0.05749483022965941,-0.10499265938658223,1.0,0.0
Milwaukee,2000-08-14 16:00:00,0.0,0.34619647541530363,0.3583954550705775,0.3666255582259426,-0.05749483022965941,-0.10499265938658223,1.0,0.0
Milwaukee,2000-08-14 17:00:00,0.0,0.34619647541530363,0.3583954550705775,0.3666255582259426,-0.05749483022965941,-0.10499265938658223,1.0,0.0
Milwaukee,2000-08-14 18:00:00,0.0,0.34619647541530363,0.3583954550705775,0.3666255582259426,-0.05749483022965941,-0.10499265938658223,1.0,0.0
Milwaukee,2000-08-14 19:00:00,0.0,0.34619647541530363,0.3583954550705775,0.3666255582259426,-0.05749483022965941,-0.10499265938658223,1.0,0.0
Milwaukee,2000-08-14 20:00:00,0.0,0.34619647541530363,0.3583954550705775,0.3666255582259426,-0.05749483022965941,-0.10499265938658223,1.0,0.0
Milwaukee,2000-08-14 21:00:00,0.0,0.34619647541530363,0.3583954550705775,0.3666255582259426,-0.05749483022965941,-0.10499265938658223,1.0,0.0
Milwaukee,2000-08-14 22:00:00,0.0,0.34619647541530363,0.3583954550705775,0.3666255582259426,-0.05749483022965941,-0.10499265938658223,1.0,0.0
Milwaukee,2000-08-14 23:00:00,0.0,0.34619647541530363,0.3583954550705775,0.3666255582259426,-0.05749483022965941,-0.10499265938658223,1.0,0.0
Milwaukee,2000-08-15 00:00:00,0.0,0.34619647541530363,0.3583954550705775,0.3666255582259426,-0.05749483022965941,-0.10499265938658223,1.0,0.0
Milwaukee,2000-08-15 01:00:00,0.0,0.34619647541530363,0.3583954550705775,0.3666255582259426,-0.05749483022965941,-0.10499265938658223,1.0,0.0
Milwaukee,2000-08-15 02:00:00,0.0,0.34619647541530363,0.3583954550705775,0.3666255582259426,-0.05749483022965941,-0.10499265938658223,1.0,0.0
Milwaukee,2000-08-15 03:00:00,0.0,0.34619647541530363,0.3583954550705775,0.3666255582259426,-0.05749483022965941,-0.10499265938658223,1.0,0.0
Milwaukee,2000-08-15 04:00:00,0.0,0.34619647541530363,0.3583954550705775,0.3666255582259426,-0.05749483022965941,-0.10499265938658223,1.0,0.0
Milwaukee,2000-08-15 05:00:00,0.0,0.34619647541530363,0.3583954550705775,0.3666255582259426,-0.05749483022965941,-0.10499265938658223,1.0,0.0
Milwaukee,2000-08-15 06:00:00,0.0,0.34619647541530363,0.3583954550705775,0.3666255582259426,-0.05749483022965941,-0.10499265938658223,1.0,0.0
Milwaukee,2000-08-15 07:00:00,0.0,0.34619647541530363,0.3583954550705775,0.3666255582259426,-0.05749483022965941,-0.10499265938658223,1.0,0.0
Milwaukee,2000-08-15 08:00:00,0.0,0.34619647541530363,0.3583954550705775,0.3666255582259426,-0.05749483022965941,-0.10499265938658223,1.0,0.0
Milwaukee,2000-08-15 09:00:00,0.0,0.34619647541530363,0.3583954550705775,0.3666255582259426,-0.05749483022965941,-0.10499265938658223,1.0,0.0
Milwaukee,2000-08-15 10:00:00,0.0,0.34619647541530363,0.3583954550705775,0.3666255582259426,-0.05749483022965941,-0.10499265938658223,1.0,0.0
Milwaukee,2000-08-15 11:00:00,0.0,0.34619647541530363,0.3583954550705775,0.3666255582259426,-0.05749483022965941,-0.10499265938658223,1.0,0.0
Milwaukee,2000-08-15 12:00:00,0.0,0.34619647541530363,0.3583954550705775,0.3666255582259426,-0.05749483022965941,-0.10499265938658223,1.0,0.0
Milwaukee,2000-08-15 13:00:00,0.0,0.34619647541530363,0.3583954550705775,0.3666255582259426,-0.05749483022965941,-0.10499265938658223,1.0,0.0
Milwaukee,2000-08-15 14:00:00,0.0,0.34619647541530363,0.3583954550705775,0.3666255582259426,-0.05749483022965941,-0.10499265938658223,1.0,0.0
Milwaukee,2000-08-15 15:00:00,0.0,0.34619647541530363,0.3583954550705775,0.3666255582259426,-0.05749483022965941,-0.10499265938658223,1.0,0.0
Milwaukee,2000-08-15 16:00:00,0.0,0.34619647541530363,0.3583954550705775,0.3666255582259426,-0.05749483022965941,-0.10499265938658223,1.0,0.0
Milwaukee,2000-08-15 17:00:00,0.0,0.34619647541530363,0.3583954550705775,0.3666255582259426,-0.05749483022965941,-0.10499265938658223,1.0,0.0
Milwaukee,2000-08-15 18:00:00,0.0,0.34619647541530363,0.3583954550705775,0.3666255582259426,-0.05749483022965941,-0.10499265938658223,1.0,0.0
Milwaukee,2000-08-15 19:00:00,0.0,0.34619647541530363,0.3583954550705775,0.3666255582259426,-0.05749483022965941,-0.10499265938658223,1.0,0.0
Milwaukee,2000-08-15 20:00:00,0.0,0.34619647541530363,0.3583954550705775,0.3666255582259426,-0.05749483022965941,-0.10499265938658223,1.0,0.0
Milwaukee,2000-08-15 21:00:00,0.0,0.34619647541530363,0.3583954550705775,0.3666255582259426,-0.05749483022965941,-0.10499265938658223,1.0,0.0
Milwaukee,2000-08-15 22:00:00,0.0,0.34619647541530363,0.3583954550705775,0.3666255582259426,-0.05749483022965941,-0.10499265938658223,1.0,0.0
Milwaukee,2000-08-15 23:00:00,0.0,0.34619647541530363,0.3583954550705775,0.3666255582259426,-0.05749483022965941,-0.10499265938658223,1.0,0.0
Milwaukee,2000-08-16 00:00:00,0.0,0.34619647541530363,0.3583954550705775,0.3666255582259426,-0.05749483022965941,-0.10499265938658223,1.0,0.0
Milwaukee,2000-08-16 01:00:00,0.0,0.34619647541530363,0.3583954550705775,0.3666255582259426,-0.05749483022965941,-0.10499265938658223,1.0,0.0
Milwaukee,2000-08-16 02:00:00,0.0,0.34619647541530363,0.3583954550705775,0.3666255582259426,-0.05749483022965941,-0.10499265938658223,1.0,0.0
Milwaukee,2000-08-16 03:00:00,0.0,0.34619647541530363,0.3583954550705775,0.3666255582259426,-0.05749483022965941,-0.10499265938658223,1.0,0.0
Milwaukee,2000-08-16 04:00:00,0.0,0.34619647541530363,0.3583954550705775,0.3666255582259426,-0.05749483022965941,-0.10499265938658223,1.0,0.0
Milwaukee,2000-08-16 05:00:00,0.0,0.34619647541530363,0.3583954550705775,0.3666255582259426,-0.05749483022965941,-0.10499265938658223,1.0,0.0
Milwaukee,2000-08-16 06:00:00,0.0,0.34619647541530363,0.3583954550705775,0.3666255582259426,-0.05749483022965941,-0.10499265938658223,1.0,0.0
Milwaukee,2000-08-16 07:00:00,0.0,0.34619647541530363,0.3583954550705775,0.3666255582259426,-0.05749483022965941,-0.10499265938658223,1.0,0.0
Milwaukee,2000-08-16 08:00:00,0.0,0.34619647541530363,0.3583954550705775,0.3666255582259426,-0.05749483022965941,-0.10499265938658223,1.0,0.0
Milwaukee,2000-08-16 09:00:00,0.0,0.34619647541530363,0.3583954550705775,0.3666255582259426,-0.05749483022965941,-0.10499265938658223,1.0,0.0
Milwaukee,2000-08-16 10:00:00,0.0,0.34619647541530363,0.3583954550705775,0.3666255582259426,-0.05749483022965941,-0.10499265938658223,1.0,0.0
Milwaukee,2000-08-16 11:00:00,0.0,0.34619647541530363,0.3583954550705775,0.3666255582259426,-0.05749483022965941,-0.10499265938658223,1.0,0.0
Milwaukee,2000-08-16 12:00:00,0.0,0.34619647541530363,0.3583954550705775,0.3666255582259426,-0.05749483022965941,-0.10499265938658223,1.0,0.0
Milwaukee,2000-08-16 13:00:00,0.0,0.34619647541530363,0.3583954550705775,0.3666255582259426,-0.05749483022965941,-0.10499265938658223,1.0,0.0
Milwaukee,2000-08-16 14:00:00,0.0,0.34619647541530363,0.3583954550705775,0.3666255582259426,-0.05749483022965941,-0.10499265938658223,1.0,0.0
Milwaukee,2000-08-16 15:00:00,0.0,0.34619647541530363,0.3583954550705775,0.3666255582259426,-0.05749483022965941,-0.10499265938658223,1.0,0.0
Milwaukee,2000-08-16 16:00:00,0.0,0.34619647541530363,0.3583954550705775,0.3666255582259426,-0.05749483022965941,-0.10499265938658223,1.0,0.0
Milwaukee,2000-08-16 17:00:00,0.0,0.34619647541530363,0.3583954550705775,0.3666255582259426,-0.05749483022965941,-0.10499265938658223,1.0,0.0
Milwaukee,2000-08-16 18:00:00,0.0,0.34619647541530363,0.3583954550705775,0.3666255582259426,-0.05749483022965941,-0.10499265938658223,1.0,0.0
Milwaukee,2000-08-16 19:00:00,0.0,0.34619647541530363,0.3583954550705775,0.3666255582259426,-0.05749483022965941,-0.10499265938658223,1.0,0.0
Milwaukee,2000-08-16 20:00:00,0.0,0.34619647541530363,0.3583954550705775,0.3666255582259426,-0.05749483022965941,-0.10499265938658223,1.0,0.0
Milwaukee,2000-08-16 21:00:00,0.0,0.34619647541530363,0.3583954550705775,0.3666255582259426,-0.05749483022965941,-0.10499265938658223,1.0,0.0
Milwaukee,2000-08-16 22:00:00,0.0,0.34619647541530363,0.3583954550705775,0.3666255582259426,-0.05749483022965941,-0.10499265938658223,1.0,0.0
Milwaukee,2000-08-16 23:00:00,0.0,0.34619647541530363,0.3583954550705775,0.3666255582259426,-0.05749483022965941,-0.10499265938658223,1.0,0.0
Milwaukee,2000-08-17 00:00:00,0.0,0.34619647541530363,0.3583954550705775,0.3666255582259426,-0.05749483022965941,-0.10499265938658223,1.0,0.0
Milwaukee,2000-08-17 01:00:00,0.0,0.34619647541530363,0.3583954550705775,0.3666255582259426,-0.05749483022965941,-0.10499265938658223,1.0,0.0
Milwaukee,2000-08-17 02:00:00,0.0,0.34619647541530363,0.3583954550705775,0.3666255582259426,-0.05749483022965941,-0.10499265938658223,1.0,0.0
Milwaukee,2000-08-17 03:00:00,0.10000000149011612,0.37493462778701603,0.37963028842970437,0.38608798432978486,0.077882847413793,0.04267897886966643,0.5479894519381427,0.05479894601038219
Milwaukee,2000-08-17 04:00:00,0.30000000447034836,0.4321218104209064,0.4219192462835154,0.42481437583882836,0.3486382027006978,0.3380222553821637,0.9695502465412611,0.2908650782966057
Milwaukee,2000-08-17 05:00:00,2.2000000327825546,0.826909965244609,0.7496522624557936,0.7311068494232176,2.920814077926292,3.143783382250886,1.0763380682151795,2.3679437853585066
Milwaukee,2000-08-17 06:00:00,0.10000000149011612,0.37493462778701603,0.37963028842970437,0.38608798432978486,0.077882847413793,0.04267897886966643,0.5479894519381427,0.05479894601038219
Milwaukee,2000-08-17 07:00:00,0.0,0.34619647541530363,0.3583954550705775,0.3666255582259426,-0.05749483022965941,-0.10499265938658223,1.0,0.0
Milwaukee,2000-08-17 08:00:00,0.30000000447034836,0.4321218104209064,0.4219192462835154,0.42481437583882836,0.3486382027006978,0.3380222553821637,0.9695502465412611,0.2908650782966057
Milwaukee,2000-08-17 09:00:00,2.600000038743019,0.8701982627178487,0.7955428773150836,0.77612559840673,3.4623247885001014,3.7344699352758806,1.078601853783242,2.8043648616247214
Milwaukee,2000-08-17 10:00:00,5.000000074505806,0.9789187569407131,0.944380420192685,0.9313118364617434,6.71138905194296,7.2785892534258485,1.0845130862021304,5.422565511813174
Milwaukee,2000-08-17 11:00:00,5.300000078976154,0.9832877754382945,0.9530138008376132,0.941092404423934,7.117522084873312,7.721604168194589,1.0848725267189712,5.749824477289607
Milwaukee,2000-08-17 12:00:00,3.200000047683716,0.9166861556275947,0.8506387739112362,0.8315298808812748,4.274590854360816,4.620499764813372,1.0809221097967003,3.458950802891824
Milwaukee,2000-08-17 13:00:00,15.500000230967999,0.9999941842214173,0.9998666476050302,0.9997253470752713,20.92604520450468,22.7841112703311,1.0887920315409834,16.87627674036136
Milwaukee,2000-08-17 14:00:00,7.400000110268593,0.996740140666423,0.9857845540651563,0.9802176817891203,9.960453315385829,10.822708571575827,1.0865678728555537,8.040602378945408
Milwaukee,2000-08-17 15:00:00,0.20000000298023224,0.4036312859866724,0.40082695074191593,0.4055009521190948,0.2132605250572452,0.1903506171259148,0.8925731429893989,0.17851463125795505
Milwaukee,2000-08-17 16:00:00,0.0,0.34619647541530363,0.3583954550705775,0.3666255582259426,-0.05749483022965941,-0.10499265938658223,1.0,0.0
Milwaukee,2000-08-17 17:00:00,0.0,0.34619647541530363,0.3583954550705775,0.3666255582259426,-0.05749483022965941,-0.10499265938658223,1.0,0.0
Milwaukee,2000-08-17 18:00:00,0.0,0.34619647541530363,0.3583954550705775,0.3666255582259426,-0.05749483022965941,-0.10499265938658223,1.0,0.0
Milwaukee,2000-08-17 19:00:00,0.0,0.34619647541530363,0.3583954550705775,0.3666255582259426,-0.05749483022965941,-0.10499265938658223,1.0,0.0
Milwaukee,2000-08-17 20:00:00,0.0,0.34619647541530363,0.3583954550705775,0.3666255582259426,-0.05749483022965941,-0.10499265938658223,1.0,0.0
Milwaukee,2000-08-17 21:00:00,0.0,0.34619647541530363,0.3583954550705775,0.3666255582259426,-0.05749483022965941,-0.10499265938658223,1.0,0.0
Milwaukee,2000-08-17 22:00:00,0.0,0.34619647541530363,0.3583954550705775,0.3666255582259426,-0.05749483022965941,-0.10499265938658223,1.0,0.0
Milwaukee,2000-08-17 23:00:00,0.0,0.34619647541530363,0.3583954550705775,0.3666255582259426,-0.05749483022965941,-0.10499265938658223,1.0,0.0
Milwaukee,2000-08-18 00:00:00,0.0,0.34619647541530363,0.3583954550705775,0.3666255582259426,-0.05749483022965941,-0.10499265938658223,1.0,0.0
Milwaukee,2000-08-18 01:00:00,0.0,0.34619647541530363,0.3583954550705775,0.3666255582259426,-0.05749483022965941,-0.10499265938658223,1.0,0.0
Milwaukee,2000-08-18 02:00:00,0.0,0.34619647541530363,0.3583954550705775,0.3666255582259426,-0.05749483022965941,-0.10499265938658223,1.0,0.0
Milwaukee,2000-08-18 03:00:00,0.0,0.34619647541530363,0.3583954550705775,0.3666255582259426,-0.05749483022965941,-0.10499265938658223,1.0,0.0
Milwaukee,2000-08-18 04:00:00,0.0,0.34619647541530363,0.3583954550705775,0.3666255582259426,-0.05749483022965941,-0.10499265938658223,1.0,0.0
Milwaukee,2000-08-18 05:00:00,0.0,0.34619647541530363,0.3583954550705775,0.3666255582259426,-0.05749483022965941,-0.10499265938658223,1.0,0.0
Milwaukee,2000-08-18 06:00:00,0.0,0.34619647541530363,0.3583954550705775,0.3666255582259426,-0.05749483022965941,-0.10499265938658223,1.0,0.0
Milwaukee,2000-08-18 07:00:00,0.0,0.34619647541530363,0.3583954550705775,0.3666255582259426,-0.05749483022965941,-0.10499265938658223,1.0,0.0
Milwaukee,2000-08-18 08:00:00,0.0,0.34619647541530363,0.3583954550705775,0.3666255582259426,-0.05749483022965941,-0.10499265938658223,1.0,0.0
Milwaukee,2000-08-18 09:00:00,0.0,0.34619647541530363,0.3583954550705775,0.3666255582259426,-0.05749483022965941,-0.10499265938658223,1.0,0.0
Milwaukee,2000-08-18 10:00:00,0.0,0.34619647541530363,0.3583954550705775,0.3666255582259426,-0.05749483022965941,-0.10499265938658223,1.0,0.0
Milwaukee,2000-08-18 11:00:00,0.0,0.34619647541530363,0.3583954550705775,0.3666255582259426,-0.05749483022965941,-0.10499265938658223,1.0,0.0
Milwaukee,2000-08-18 12:00:00,0.0,0.34619647541530363,0.3583954550705775,0.3666255582259426,-0.05749483022965941,-0.10499265938658223,1.0,0.0
Milwaukee,2000-08-18 13:00:00,0.0,0.34619647541530363,0.3583954550705775,0.3666255582259426,-0.05749483022965941,-0.10499265938658223,1.0,0.0
Milwaukee,2000-08-18 14:00:00,0.0,0.34619647541530363,0.3583954550705775,0.3666255582259426,-0.05749483022965941,-0.10499265938658223,1.0,0.0
Milwaukee,2000-08-18 15:00:00,0.0,0.34619647541530363,0.3583954550705775,0.3666255582259426,-0.05749483022965941,-0.10499265938658223,1.0,0.0
Milwaukee,2000-08-18 16:00:00,0.0,0.34619647541530363,0.3583954550705775,0.3666255582259426,-0.05749483022965941,-0.10499265938658223,1.0,0.0
Milwaukee,2000-08-18 17:00:00,0.0,0.34619647541530363,0.3583954550705775,0.3666255582259426,-0.05749483022965941,-0.10499265938658223,1.0,0.0
Milwaukee,2000-08-18 18:00:00,0.0,0.34619647541530363,0.3583954550705775,0.3666255582259426,-0.05749483022965941,-0.10499265938658223,1.0,0.0
Milwaukee,2000-08-18 19:00:00,0.0,0.34619647541530363,0.3583954550705775,0.3666255582259426,-0.05749483022965941,-0.10499265938658223,1.0,0.0
Milwaukee,2000-08-18 20:00:00,0.0,0.34619647541530363,0.3583954550705775,0.3666255582259426,-0.05749483022965941,-0.10499265938658223,1.0,0.0
Milwaukee,2000-08-18 21:00:00,0.0,0.34619647541530363,0.3583954550705775,0.3666255582259426,-0.05749483022965941,-0.10499265938658223,1.0,0.0
Milwaukee,2000-08-18 22:00:00,0.0,0.34619647541530363,0.3583954550705775,0.3666255582259426,-0.05749483022965941,-0.10499265938658223,1.0,0.0
Milwaukee,2000-08-18 23:00:00,0.0,0.34619647541530363,0.3583954550705775,0.3666255582259426,-0.05749483022965941,-0.10499265938658223,1.0,0.0
Milwaukee,2000-08-19 00:00:00,0.0,0.34619647541530363,0.3583954550705775,0.3666255582259426,-0.05749483022965941,-0.10499265938658223,1.0,0.0
Milwaukee,2000-08-19 01:00:00,0.0,0.34619647541530363,0.3583954550705775,0.3666255582259426,-0.05749483022965941,-0.10499265938658223,1.0,0.0
Milwaukee,2000-08-19 02:00:00,0.0,0.34619647541530363,0.3583954550705775,0.3666255582259426,-0.05749483022965941,-0.10499265938658223,1.0,0.0
Milwaukee,2000-08-19 03:00:00,0.0,0.34619647541530363,0.3583954550705775,0.3666255582259426,-0.05749483022965941,-0.10499265938658223,1.0,0.0
Milwaukee,2000-08-19 04:00:00,0.0,0.34619647541530363,0.3583954550705775,0.3666255582259426,-0.05749483022965941,-0.10499265938658223,1.0,0.0
Milwaukee,2000-08-19 05:00:00,0.0,0.34619647541530363,0.3583954550705775,0.3666255582259426,-0.05749483022965941,-0.10499265938658223,1.0,0.0
Milwaukee,2000-08-19 06:00:00,0.0,0.34619647541530363,0.3583954550705775,0.3666255582259426,-0.05749483022965941,-0.10499265938658223,1.0,0.0
Milwaukee,2000-08-19 07:00:00,0.0,0.34619647541530363,0.3583954550705775,0.3666255582259426,-0.05749483022965941,-0.10499265938658223,1.0,0.0
Milwaukee,2000-08-19 08:00:00,0.0,0.34619647541530363,0.3583954550705775,0.3666255582259426,-0.05749483022965941,-0.10499265938658223,1.0,0.0
Milwaukee,2000-08-19 09:00:00,0.0,0.34619647541530363,0.3583954550705775,0.3666255582259426,-0.05749483022965941,-0.10499265938658223,1.0,0.0
Milwaukee,2000-08-19 10:00:00,0.0,0.34619647541530363,0.3583954550705775,0.3666255582259426,-0.05749483022965941,-0.10499265938658223,1.0,0.0
Milwaukee,2000-08-19 11:00:00,0.0,0.34619647541530363,0.3583954550705775,0.3666255582259426,-0.05749483022965941,-0.10499265938658223,1.0,0.0
Milwaukee,2000-08-19 12:00:00,0.0,0.34619647541530363,0.3583954550705775,0.3666255582259426,-0.05749483022965941,-0.10499265938658223,1.0,0.0
Milwaukee,2000-08-19 13:00:00,0.0,0.34619647541530363,0.3583954550705775,0.3666255582259426,-0.05749483022965941,-0.10499265938658223,1.0,0.0
Milwaukee,2000-08-19 14:00:00,0.0,0.34619647541530363,0.3583954550705775,0.3666255582259426,-0.05749483022965941,-0.10499265938658223,1.0,0.0
Milwaukee,2000-08-19 15:00:00,0.0,0.34619647541530363,0.3583954550705775,0.3666255582259426,-0.05749483022965941,-0.10499265938658223,1.0,0.0
Milwaukee,2000-08-19 16:00:00,0.0,0.34619647541530363,0.3583954550705775,0.3666255582259426,-0.05749483022965941,-0.10499265938658223,1.0,0.0
Milwaukee,2000-08-19 17:00:00,0.0,0.34619647541530363,0.3583954550705775,0.3666255582259426,-0.05749483022965941,-0.10499265938658223,1.0,0.0
Milwaukee,2000-08-19 18:00:00,0.0,0.34619647541530363,0.3583954550705775,0.3666255582259426,-0.05749483022965941,-0.10499265938658223,1.0,0.0
Milwaukee,2000-08-19 19:00:00,0.0,0.34619647541530363,0.3583954550705775,0.3666255582259426,-0.05749483022965941,-0.10499265938658223,1.0,0.0
Milwaukee,2000-08-19 20:00:00,0.0,0.34619647541530363,0.3583954550705775,0.3666255582259426,-0.05749483022965941,-0.10499265938658223,1.0,0.0
Milwaukee,2000-08-19 21:00:00,0.0,0.34619647541530363,0.3583954550705775,0.3666255582259426,-0.05749483022965941,-0.10499265938658223,1.0,0.0
Milwaukee,2000-08-19 22:00:00,0.0,0.34619647541530363,0.3583954550705775,0.3666255582259426,-0.05749483022965941,-0.10499265938658223,1.0,0.0
Milwaukee,2000-08-19 23:00:00,0.0,0.34619647541530363,0.3583954550705775,0.3666255582259426,-0.05749483022965941,-0.10499265938658223,1.0,0.0
Milwaukee,2000-08-20 00:00:00,0.0,0.34619647541530363,0.3583954550705775,0.3666255582259426,-0.05749483022965941,-0.10499265938658223,1.0,0.0
Milwaukee,2000-08-20 01:00:00,0.0,0.34619647541530363,0.3583954550705775,0.3666255582259426,-0.05749483022965941,-0.10499265938658223,1.0,0.0
Milwaukee,2000-08-20 02:00:00,0.0,0.34619647541530363,0.3583954550705775,0.3666255582259426,-0.05749483022965941,-0.10499265938658223,1.0,0.0
Milwaukee,2000-08-20 03:00:00,0.0,0.34619647541530363,0.3583954550705775,0.3666255582259426,-0.05749483022965941,-0.10499265938658223,1.0,0.0
Milwaukee,2000-08-20 04:00:00,0.0,0.34619647541530363,0.3583954550705775,0.3666255582259426,-0.05749483022965941,-0.10499265938658223,1.0,0.0
Milwaukee,2000-08-20 05:00:00,0.0,0.34619647541530363,0.3583954550705775,0.3666255582259426,-0.05749483022965941,-0.10499265938658223,1.0,0.0
Milwaukee,2000-08-20 06:00:00,0.0,0.34619647541530363,0.3583954550705775,0.3666255582259426,-0.05749483022965941,-0.10499265938658223,1.0,0.0
Milwaukee,2000-08-20 07:00:00,0.0,0.34619647541530363,0.3583954550705775,0.3666255582259426,-0.05749483022965941,-0.10499265938658223,1.0,0.0
Milwaukee,2000-08-20 08:00:00,0.0,0.34619647541530363,0.3583954550705775,0.3666255582259426,-0.05749483022965941,-0.10499265938658223,1.0,0.0
Milwaukee,2000-08-20 09:00:00,0.0,0.34619647541530363,0.3583954550705775,0.3666255582259426,-0.05749483022965941,-0.10499265938658223,1.0,0.0
Milwaukee,2000-08-20 10:00:00,0.0,0.34619647541530363,0.3583954550705775,0.3666255582259426,-0.05749483022965941,-0.10499265938658223,1.0,0.0
Milwaukee,2000-08-20 11:00:00,0.0,0.34619647541530363,0.3583954550705775,0.3666255582259426,-0.05749483022965941,-0.10499265938658223,1.0,0.0
Milwaukee,2000-08-20 12:00:00,0.0,0.34619647541530363,0.3583954550705775,0.3666255582259426,-0.05749483022965941,-0.10499265938658223,1.0,0.0
Milwaukee,2000-08-20 13:00:00,0.0,0.34619647541530363,0.3583954550705775,0.3666255582259426,-0.05749483022965941,-0.10499265938658223,1.0,0.0
Milwaukee,2000-08-20 14:00:00,0.0,0.34619647541530363,0.3583954550705775,0.3666255582259426,-0.05749483022965941,-0.10499265938658223,1.0,0.0
Milwaukee,2000-08-20 15:00:00,0.0,0.34619647541530363,0.3583954550705775,0.3666255582259426,-0.05749483022965941,-0.10499265938658223,1.0,0.0
Milwaukee,2000-08-20 16:00:00,0.0,0.34619647541530363,0.3583954550705775,0.3666255582259426,-0.05749483022965941,-0.10499265938658223,1.0,0.0
Milwaukee,2000-08-20 17:00:00,0.0,0.34619647541530363,0.3583954550705775,0.3666255582259426,-0.05749483022965941,-0.10499265938658223,1.0,0.0
Milwaukee,2000-08-20 18:00:00,0.0,0.34619647541530363,0.3583954550705775,0.3666255582259426,-0.05749483022965941,-0.10499265938658223,1.0,0.0
Milwaukee,2000-08-20 19:00:00,0.0,0.34619647541530363,0.3583954550705775,0.3666255582259426,-0.05749483022965941,-0.10499265938658223,1.0,0.0
Milwaukee,2000-08-20 20:00:00,0.0,0.34619647541530363,0.3583954550705775,0.3666255582259426,-0.05749483022965941,-0.10499265938658223,1.0,0.0
Milwaukee,2000-08-20 21:00:00,0.0,0.34619647541530363,0.3583954550705775,0.3666255582259426,-0.05749483022965941,-0.10499265938658223,1.0,0.0
Milwaukee,2000-08-20 22:00:00,0.0,0.34619647541530363,0.3583954550705775,0.3666255582259426,-0.05749483022965941,-0.10499265938658223,1.0,0.0
Milwaukee,2000-08-20 23:00:00,0.0,0.34619647541530363,0.3583954550705775,0.3666255582259426,-0.05749483022965941,-0.10499265938658223,1.0,0.0
Milwaukee,2000-08-21 00:00:00,0.0,0.34619647541530363,0.3583954550705775,0.3666255582259426,-0.05749483022965941,-0.10499265938658223,1.0,0.0
Milwaukee,2000-08-21 01:00:00,0.0,0.34619647541530363,0.3583954550705775,0.3666255582259426,-0.05749483022965941,-0.10499265938658223,1.0,0.0
Milwaukee,2000-08-21 02:00:00,0.0,0.34619647541530363,0.3583954550705775,0.3666255582259426,-0.05749483022965941,-0.10499265938658223,1.0,0.0
Milwaukee,2000-08-21 03:00:00,0.0,0.34619647541530363,0.3583954550705775,0.3666255582259426,-0.05749483022965941,-0.10499265938658223,1.0,0.0
Milwaukee,2000-08-21 04:00:00,0.0,0.34619647541530363,0.3583954550705775,0.3666255582259426,-0.05749483022965941,-0.10499265938658223,1.0,0.0
Milwaukee,2000-08-21 05:00:00,0.0,0.34619647541530363,0.3583954550705775,0.3666255582259426,-0.05749483022965941,-0.10499265938658223,1.0,0.0
Milwaukee,2000-08-21 06:00:00,0.0,0.34619647541530363,0.3583954550705775,0.3666255582259426,-0.05749483022965941,-0.10499265938658223,1.0,0.0
Milwaukee,2000-08-21 07:00:00,0.0,0.34619647541530363,0.3583954550705775,0.3666255582259426,-0.05749483022965941,-0.10499265938658223,1.0,0.0
Milwaukee,2000-08-21 08:00:00,0.0,0.34619647541530363,0.3583954550705775,0.3666255582259426,-0.05749483022965941,-0.10499265938658223,1.0,0.0
Milwaukee,2000-08-21 09:00:00,0.0,0.34619647541530363,0.3583954550705775,0.3666255582259426,-0.05749483022965941,-0.10499265938658223,1.0,0.0
Milwaukee,2000-08-21 10:00:00,0.0,0.34619647541530363,0.3583954550705775,0.3666255582259426,-0.05749483022965941,-0.10499265938658223,1.0,0.0
Milwaukee,2000-08-21 11:00:00,0.0,0.34619647541530363,0.3583954550705775,0.3666255582259426,-0.05749483022965941,-0.10499265938658223,1.0,0.0
Milwaukee,2000-08-21 12:00:00,0.0,0.34619647541530363,0.3583954550705775,0.3666255582259426,-0.05749483022965941,-0.10499265938658223,1.0,0.0
Milwaukee,2000-08-21 13:00:00,0.0,0.34619647541530363,0.3583954550705775,0.3666255582259426,-0.05749483022965941,-0.10499265938658223,1.0,0.0
Milwaukee,2000-08-21 14:00:00,0.0,0.34619647541530363,0.3583954550705775,0.3666255582259426,-0.05749483022965941,-0.10499265938658223,1.0,0.0
Milwaukee,2000-08-21 15:00:00,0.0,0.34619647541530363,0.3583954550705775,0.3666255582259426,-0.05749483022965941,-0.10499265938658223,1.0,0.0
Milwaukee,2000-08-21 16:00:00,0.0,0.34619647541530363,0.3583954550705775,0.3666255582259426,-0.05749483022965941,-0.10499265938658223,1.0,0.0
Milwaukee,2000-08-21 17:00:00,0.0,0.34619647541530363,0.3583954550705775,0.3666255582259426,-0.05749483022965941,-0.10499265938658223,1.0,0.0
Milwaukee,2000-08-21 18:00:00,0.0,0.34619647541530363,0.3583954550705775,0.3666255582259426,-0.05749483022965941,-0.10499265938658223,1.0,0.0
Milwaukee,2000-08-21 19:00:00,0.0,0.34619647541530363,0.3583954550705775,0.3666255582259426,-0.05749483022965941,-0.10499265938658223,1.0,0.0
Milwaukee,2000-08-21 20:00:00,0.0,0.34619647541530363,0.3583954550705775,0.3666255582259426,-0.05749483022965941,-0.10499265938658223,1.0,0.0
Milwaukee,2000-08-21 21:00:00,0.0,0.34619647541530363,0.3583954550705775,0.3666255582259426,-0.05749483022965941,-0.10499265938658223,1.0,0.0
Milwaukee,2000-08-21 22:00:00,0.0,0.34619647541530363,0.3583954550705775,0.3666255582259426,-0.05749483022965941,-0.10499265938658223,1.0,0.0
Milwaukee,2000-08-21 23:00:00,0.0,0.34619647541530363,0.3583954550705775,0.3666255582259426,-0.05749483022965941,-0.10499265938658223,1.0,0.0
Milwaukee,2000-08-22 00:00:00,0.0,0.34619647541530363,0.3583954550705775,0.3666255582259426,-0.05749483022965941,-0.10499265938658223,1.0,0.0
Milwaukee,2000-08-22 01:00:00,0.0,0.34619647541530363,0.3583954550705775,0.3666255582259426,-0.05749483022965941,-0.10499265938658223,1.0,0.0
Milwaukee,2000-08-22 02:00:00,0.0,0.34619647541530363,0.3583954550705775,0.3666255582259426,-0.05749483022965941,-0.10499265938658223,1.0,0.0
Milwaukee,2000-08-22 03:00:00,0.0,0.34619647541530363,0.3583954550705775,0.3666255582259426,-0.05749483022965941,-0.10499265938658223,1.0,0.0
Milwaukee,2000-08-22 04:00:00,0.0,0.34619647541530363,0.3583954550705775,0.3666255582259426,-0.05749483022965941,-0.10499265938658223,1.0,0.0
Milwaukee,2000-08-22 05:00:00,0.0,0.34619647541530363,0.3583954550705775,0.3666255582259426,-0.05749483022965941,-0.10499265938658223,1.0,0.0
Milwaukee,2000-08-22 06:00:00,0.0,0.34619647541530363,0.3583954550705775,0.3666255582259426,-0.05749483022965941,-0.10499265938658223,1.0,0.0
Milwaukee,2000-08-22 07:00:00,0.0,0.34619647541530363,0.3583954550705775,0.3666255582259426,-0.05749483022965941,-0.10499265938658223,1.0,0.0
Milwaukee,2000-08-22 08:00:00,0.0,0.34619647541530363,0.3583954550705775,0.3666255582259426,-0.05749483022965941,-0.10499265938658223,1.0,0.0
Milwaukee,2000-08-22 09:00:00,0.0,0.34619647541530363,0.3583954550705775,0.3666255582259426,-0.05749483022965941,-0.10499265938658223,1.0,0.0
Milwaukee,2000-08-22 10:00:00,0.0,0.34619647541530363,0.3583954550705775,0.3666255582259426,-0.05749483022965941,-0.10499265938658223,1.0,0.0
Milwaukee,2000-08-22 11:00:00,0.0,0.34619647541530363,0.3583954550705775,0.3666255582259426,-0.05749483022965941,-0.10499265938658223,1.0,0.0
Milwaukee,2000-08-22 12:00:00,0.0,0.34619647541530363,0.3583954550705775,0.3666255582259426,-0.05749483022965941,-0.10499265938658223,1.0,0.0
Milwaukee,2000-08-22 13:00:00,0.0,0.34619647541530363,0.3583954550705775,0.3666255582259426,-0.05749483022965941,-0.10499265938658223,1.0,0.0
Milwaukee,2000-08-22 14:00:00,0.0,0.34619647541530363,0.3583954550705775,0.3666255582259426,-0.05749483022965941,-0.10499265938658223,1.0,0.0
Milwaukee,2000-08-22 15:00:00,0.0,0.34619647541530363,0.3583954550705775,0.3666255582259426,-0.05749483022965941,-0.10499265938658223,1.0,0.0
Milwaukee,2000-08-22 16:00:00,0.0,0.34619647541530363,0.3583954550705775,0.3666255582259426,-0.05749483022965941,-0.10499265938658223,1.0,0.0
Milwaukee,2000-08-22 17:00:00,0.0,0.34619647541530363,0.3583954550705775,0.3666255582259426,-0.05749483022965941,-0.10499265938658223,1.0,0.0
Milwaukee,2000-08-22 18:00:00,0.0,0.34619647541530363,0.3583954550705775,0.3666255582259426,-0.05749483022965941,-0.10499265938658223,1.0,0.0
Milwaukee,2000-08-22 19:00:00,0.0,0.34619647541530363,0.3583954550705775,0.3666255582259426,-0.05749483022965941,-0.10499265938658223,1.0,0.0
Milwaukee,2000-08-22 20:00:00,0.0,0.34619647541530363,0.3583954550705775,0.3666255582259426,-0.05749483022965941,-0.10499265938658223,1.0,0.0
Milwaukee,2000-08-22 21:00:00,1.5000000223517418,0.7200313458541969,0.6494463612445387,0.6353129630463814,1.9731703344221256,2.110081914457146,1.0693865996496026,1.604079923377057
Milwaukee,2000-08-22 22:00:00,0.800000011920929,0.5668587624286637,0.5238351948323483,0.518375294178048,1.0255265909179592,1.0763804466634062,1.0495880420808272,0.8396704461767263
Milwaukee,2000-08-22 23:00:00,1.1000000163912773,0.6382630095217223,0.5805629597505817,0.5708701973896023,1.4316596238483161,1.5193953614321518,1.0612825395941536,1.1674108109493455
Milwaukee,2000-08-23 00:00:00,0.30000000447034836,0.4321218104209064,0.4219192462835154,0.42481437583882836,0.3486382027006978,0.3380222553821637,0.9695502465412611,0.2908650782966057
Milwaukee,2000-08-23 01:00:00,0.4000000059604645,0.4602572840073257,0.44284563734884813,0.44398150563378375,0.4840158803441499,0.4856938936384119,1.0034668558665243,0.40138674832773824
Milwaukee,2000-08-23 02:00:00,0.0,0.34619647541530363,0.3583954550705775,0.3666255582259426,-0.05749483022965941,-0.10499265938658223,1.0,0.0
Milwaukee,2000-08-23 03:00:00,0.10000000149011612,0.37493462778701603,0.37963028842970437,0.38608798432978486,0.077882847413793,0.04267897886966643,0.5479894519381427,0.05479894601038219
Milwaukee,2000-08-23 04:00:00,0.0,0.34619647541530363,0.3583954550705775,0.3666255582259426,-0.05749483022965941,-0.10499265938658223,1.0,0.0
Milwaukee,2000-08-23 05:00:00,0.0,0.34619647541530363,0.3583954550705775,0.3666255582259426,-0.05749483022965941,-0.10499265938658223,1.0,0.0
Milwaukee,2000-08-23 06:00:00,0.0,0.34619647541530363,0.3583954550705775,0.3666255582259426,-0.05749483022965941,-0.10499265938658223,1.0,0.0
Milwaukee,2000-08-23 07:00:00,0.0,0.34619647541530363,0.3583954550705775,0.3666255582259426,-0.05749483022965941,-0.10499265938658223,1.0,0.0
Milwaukee,2000-08-23 08:00:00,0.0,0.34619647541530363,0.3583954550705775,0.3666255582259426,-0.05749483022965941,-0.10499265938658223,1.0,0.0
Milwaukee,2000-08-23 09:00:00,0.0,0.34619647541530363,0.3583954550705775,0.3666255582259426,-0.05749483022965941,-0.10499265938658223,1.0,0.0
Milwaukee,2000-08-23 10:00:00,0.0,0.34619647541530363,0.3583954550705775,0.3666255582259426,-0.05749483022965941,-0.10499265938658223,1.0,0.0
Milwaukee,2000-08-23 11:00:00,0.0,0.34619647541530363,0.3583954550705775,0.3666255582259426,-0.05749483022965941,-0.10499265938658223,1.0,0.0
Milwaukee,2000-08-23 12:00:00,0.0,0.34619647541530363,0.3583954550705775,0.3666255582259426,-0.05749483022965941,-0.10499265938658223,1.0,0.0
Milwaukee,2000-08-23 13:00:00,0.0,0.34619647541530363,0.3583954550705775,0.3666255582259426,-0.05749483022965941,-0.10499265938658223,1.0,0.0
Milwaukee,2000-08-23 14:00:00,0.0,0.34619647541530363,0.3583954550705775,0.3666255582259426,-0.05749483022965941,-0.10499265938658223,1.0,0.0
Milwaukee,2000-08-23 15:00:00,0.0,0.34619647541530363,0.3583954550705775,0.3666255582259426,-0.05749483022965941,-0.10499265938658223,1.0,0.0
Milwaukee,2000-08-23 16:00:00,0.0,0.34619647541530363,0.3583954550705775,0.3666255582259426,-0.05749483022965941,-0.10499265938658223,1.0,0.0
Milwaukee,2000-08-23 17:00:00,0.0,0.34619647541530363,0.3583954550705775,0.3666255582259426,-0.05749483022965941,-0.10499265938658223,1.0,0.0
Milwaukee,2000-08-23 18:00:00,0.0,0.34619647541530363,0.3583954550705775,0.3666255582259426,-0.05749483022965941,-0.10499265938658223,1.0,0.0
Milwaukee,2000-08-23 19:00:00,0.0,0.34619647541530363,0.3583954550705775,0.3666255582259426,-0.05749483022965941,-0.10499265938658223,1.0,0.0
Milwaukee,2000-08-23 20:00:00,0.0,0.34619647541530363,0.3583954550705775,0.3666255582259426,-0.05749483022965941,-0.10499265938658223,1.0,0.0
Milwaukee,2000-08-23 21:00:00,0.0,0.34619647541530363,0.3583954550705775,0.3666255582259426,-0.05749483022965941,-0.10499265938658223,1.0,0.0
Milwaukee,2000-08-23 22:00:00,0.0,0.34619647541530363,0.3583954550705775,0.3666255582259426,-0.05749483022965941,-0.10499265938658223,1.0,0.0
Milwaukee,2000-08-23 23:00:00,0.0,0.34619647541530363,0.3583954550705775,0.3666255582259426,-0.05749483022965941,-0.10499265938658223,1.0,0.0
Milwaukee,2000-08-24 00:00:00,0.0,0.34619647541530363,0.3583954550705775,0.3666255582259426,-0.05749483022965941,-0.10499265938658223,1.0,0.0
Milwaukee,2000-08-24 01:00:00,0.0,0.34619647541530363,0.3583954550705775,0.3666255582259426,-0.05749483022965941,-0.10499265938658223,1.0,0.0
Milwaukee,2000-08-24 02:00:00,0.0,0.34619647541530363,0.3583954550705775,0.3666255582259426,-0.05749483022965941,-0.10499265938658223,1.0,0.0
Milwaukee,2000-08-24 03:00:00,0.0,0.34619647541530363,0.3583954550705775,0.3666255582259426,-0.05749483022965941,-0.10499265938658223,1.0,0.0
Milwaukee,2000-08-24 04:00:00,0.0,0.34619647541530363,0.3583954550705775,0.3666255582259426,-0.05749483022965941,-0.10499265938658223,1.0,0.0
Milwaukee,2000-08-24 05:00:00,0.0,0.34619647541530363,0.3583954550705775,0.3666255582259426,-0.05749483022965941,-0.10499265938658223,1.0,0.0
Milwaukee,2000-08-24 06:00:00,0.0,0.34619647541530363,0.3583954550705775,0.3666255582259426,-0.05749483022965941,-0.10499265938658223,1.0,0.0
Milwaukee,2000-08-24 07:00:00,0.0,0.34619647541530363,0.3583954550705775,0.3666255582259426,-0.05749483022965941,-0.10499265938658223,1.0,0.0
Milwaukee,2000-08-24 08:00:00,0.0,0.34619647541530363,0.3583954550705775,0.3666255582259426,-0.05749483022965941,-0.10499265938658223,1.0,0.0
Milwaukee,2000-08-24 09:00:00,0.0,0.34619647541530363,0.3583954550705775,0.3666255582259426,-0.05749483022965941,-0.10499265938658223,1.0,0.0
Milwaukee,2000-08-24 10:00:00,0.0,0.34619647541530363,0.3583954550705775,0.3666255582259426,-0.05749483022965941,-0.10499265938658223,1.0,0.0
Milwaukee,2000-08-24 11:00:00,0.0,0.34619647541530363,0.3583954550705775,0.3666255582259426,-0.05749483022965941,-0.10499265938658223,1.0,0.0
Milwaukee,2000-08-24 12:00:00,0.0,0.34619647541530363,0.3583954550705775,0.3666255582259426,-0.05749483022965941,-0.10499265938658223,1.0,0.0
Milwaukee,2000-08-24 13:00:00,0.0,0.34619647541530363,0.3583954550705775,0.3666255582259426,-0.05749483022965941,-0.10499265938658223,1.0,0.0
Milwaukee,2000-08-24 14:00:00,0.0,0.34619647541530363,0.3583954550705775,0.3666255582259426,-0.05749483022965941,-0.10499265938658223,1.0,0.0
Milwaukee,2000-08-24 15:00:00,0.0,0.34619647541530363,0.3583954550705775,0.3666255582259426,-0.05749483022965941,-0.10499265938658223,1.0,0.0
Milwaukee,2000-08-24 16:00:00,0.0,0.34619647541530363,0.3583954550705775,0.3666255582259426,-0.05749483022965941,-0.10499265938658223,1.0,0.0
Milwaukee,2000-08-24 17:00:00,0.0,0.34619647541530363,0.3583954550705775,0.3666255582259426,-0.05749483022965941,-0.10499265938658223,1.0,0.0
Milwaukee,2000-08-24 18:00:00,0.0,0.34619647541530363,0.3583954550705775,0.3666255582259426,-0.05749483022965941,-0.10499265938658223,1.0,0.0
Milwaukee,2000-08-24 19:00:00,0.0,0.34619647541530363,0.3583954550705775,0.3666255582259426,-0.05749483022965941,-0.10499265938658223,1.0,0.0
Milwaukee,2000-08-24 20:00:00,0.0,0.34619647541530363,0.3583954550705775,0.3666255582259426,-0.05749483022965941,-0.10499265938658223,1.0,0.0
Milwaukee,2000-08-24 21:00:00,0.0,0.34619647541530363,0.3583954550705775,0.3666255582259426,-0.05749483022965941,-0.10499265938658223,1.0,0.0
Milwaukee,2000-08-24 22:00:00,0.0,0.34619647541530363,0.3583954550705775,0.3666255582259426,-0.05749483022965941,-0.10499265938658223,1.0,0.0
Milwaukee,2000-08-24 23:00:00,0.0,0.34619647541530363,0.3583954550705775,0.3666255582259426,-0.05749483022965941,-0.10499265938658223,1.0,0.0
Milwaukee,2000-08-25 00:00:00,0.0,0.34619647541530363,0.3583954550705775,0.3666255582259426,-0.05749483022965941,-0.10499265938658223,1.0,0.0
Milwaukee,2000-08-25 01:00:00,0.0,0.34619647541530363,0.3583954550705775,0.3666255582259426,-0.05749483022965941,-0.10499265938658223,1.0,0.0
Milwaukee,2000-08-25 02:00:00,0.0,0.34619647541530363,0.3583954550705775,0.3666255582259426,-0.05749483022965941,-0.10499265938658223,1.0,0.0
Milwaukee,2000-08-25 03:00:00,0.0,0.34619647541530363,0.3583954550705775,0.3666255582259426,-0.05749483022965941,-0.10499265938658223,1.0,0.0
Milwaukee,2000-08-25 04:00:00,0.0,0.34619647541530363,0.3583954550705775,0.3666255582259426,-0.05749483022965941,-0.10499265938658223,1.0,0.0
Milwaukee,2000-08-25 05:00:00,0.0,0.34619647541530363,0.3583954550705775,0.3666255582259426,-0.05749483022965941,-0.10499265938658223,1.0,0.0
Milwaukee,2000-08-25 06:00:00,0.0,0.34619647541530363,0.3583954550705775,0.3666255582259426,-0.05749483022965941,-0.10499265938658223,1.0,0.0
Milwaukee,2000-08-25 07:00:00,0.0,0.34619647541530363,0.3583954550705775,0.3666255582259426,-0.05749483022965941,-0.10499265938658223,1.0,0.0
Milwaukee,2000-08-25 08:00:00,0.0,0.34619647541530363,0.3583954550705775,0.3666255582259426,-0.05749483022965941,-0.10499265938658223,1.0,0.0
Milwaukee,2000-08-25 09:00:00,0.0,0.34619647541530363,0.3583954550705775,0.3666255582259426,-0.05749483022965941,-0.10499265938658223,1.0,0.0
Milwaukee,2000-08-25 10:00:00,0.0,0.34619647541530363,0.3583954550705775,0.3666255582259426,-0.05749483022965941,-0.10499265938658223,1.0,0.0
Milwaukee,2000-08-25 11:00:00,0.0,0.34619647541530363,0.3583954550705775,0.3666255582259426,-0.05749483022965941,-0.10499265938658223,1.0,0.0
Milwaukee,2000-08-25 12:00:00,0.0,0.34619647541530363,0.3583954550705775,0.3666255582259426,-0.05749483022965941,-0.10499265938658223,1.0,0.0
Milwaukee,2000-08-25 13:00:00,0.0,0.34619647541530363,0.3583954550705775,0.3666255582259426,-0.05749483022965941,-0.10499265938658223,1.0,0.0
Milwaukee,2000-08-25 14:00:00,0.0,0.34619647541530363,0.3583954550705775,0.3666255582259426,-0.05749483022965941,-0.10499265938658223,1.0,0.0
Milwaukee,2000-08-25 15:00:00,0.0,0.34619647541530363,0.3583954550705775,0.3666255582259426,-0.05749483022965941,-0.10499265938658223,1.0,0.0
Milwaukee,2000-08-25 16:00:00,0.0,0.34619647541530363,0.3583954550705775,0.3666255582259426,-0.05749483022965941,-0.10499265938658223,1.0,0.0
Milwaukee,2000-08-25 17:00:00,0.0,0.34619647541530363,0.3583954550705775,0.3666255582259426,-0.05749483022965941,-0.10499265938658223,1.0,0.0
Milwaukee,2000-08-25 18:00:00,0.0,0.34619647541530363,0.3583954550705775,0.3666255582259426,-0.05749483022965941,-0.10499265938658223,1.0,0.0
Milwaukee,2000-08-25 19:00:00,0.0,0.34619647541530363,0.3583954550705775,0.3666255582259426,-0.05749483022965941,-0.10499265938658223,1.0,0.0
Milwaukee,2000-08-25 20:00:00,0.0,0.34619647541530363,0.3583954550705775,0.3666255582259426,-0.05749483022965941,-0.10499265938658223,1.0,0.0
Milwaukee,2000-08-25 21:00:00,0.0,0.34619647541530363,0.3583954550705775,0.3666255582259426,-0.05749483022965941,-0.10499265938658223,1.0,0.0
Milwaukee,2000-08-25 22:00:00,0.0,0.34619647541530363,0.3583954550705775,0.3666255582259426,-0.05749483022965941,-0.10499265938658223,1.0,0.0
Milwaukee,2000-08-25 23:00:00,0.0,0.34619647541530363,0.3583954550705775,0.3666255582259426,-0.05749483022965941,-0.10499265938658223,1.0,0.0
Milwaukee,2000-08-26 00:00:00,0.0,0.34619647541530363,0.3583954550705775,0.3666255582259426,-0.05749483022965941,-0.10499265938658223,1.0,0.0
Milwaukee,2000-08-26 01:00:00,0.0,0.34619647541530363,0.3583954550705775,0.3666255582259426,-0.05749483022965941,-0.10499265938658223,1.0,0.0
Milwaukee,2000-08-26 02:00:00,0.0,0.34619647541530363,0.3583954550705775,0.3666255582259426,-0.05749483022965941,-0.10499265938658223,1.0,0.0
Milwaukee,2000-08-26 03:00:00,0.0,0.34619647541530363,0.3583954550705775,0.3666255582259426,-0.05749483022965941,-0.10499265938658223,1.0,0.0
Milwaukee,2000-08-26 04:00:00,0.0,0.34619647541530363,0.3583954550705775,0.3666255582259426,-0.05749483022965941,-0.10499265938658223,1.0,0.0
Milwaukee,2000-08-26 05:00:00,0.0,0.34619647541530363,0.3583954550705775,0.3666255582259426,-0.05749483022965941,-0.10499265938658223,1.0,0.0
Milwaukee,2000-08-26 06:00:00,0.0,0.34619647541530363,0.3583954550705775,0.3666255582259426,-0.05749483022965941,-0.10499265938658223,1.0,0.0
Milwaukee,2000-08-26 07:00:00,0.0,0.34619647541530363,0.3583954550705775,0.3666255582259426,-0.05749483022965941,-0.10499265938658223,1.0,0.0
Milwaukee,2000-08-26 08:00:00,0.0,0.34619647541530363,0.3583954550705775,0.3666255582259426,-0.05749483022965941,-0.10499265938658223,1.0,0.0
Milwaukee,2000-08-26 09:00:00,0.0,0.34619647541530363,0.3583954550705775,0.3666255582259426,-0.05749483022965941,-0.10499265938658223,1.0,0.0
Milwaukee,2000-08-26 10:00:00,0.0,0.34619647541530363,0.3583954550705775,0.3666255582259426,-0.05749483022965941,-0.10499265938658223,1.0,0.0
Milwaukee,2000-08-26 11:00:00,0.0,0.34619647541530363,0.3583954550705775,0.3666255582259426,-0.05749483022965941,-0.10499265938658223,1.0,0.0
Milwaukee,2000-08-26 12:00:00,0.0,0.34619647541530363,0.3583954550705775,0.3666255582259426,-0.05749483022965941,-0.10499265938658223,1.0,0.0
Milwaukee,2000-08-26 13:00:00,0.0,0.34619647541530363,0.3583954550705775,0.3666255582259426,-0.05749483022965941,-0.10499265938658223,1.0,0.0
Milwaukee,2000-08-26 14:00:00,0.10000000149011612,0.37493462778701603,0.37963028842970437,0.38608798432978486,0.077882847413793,0.04267897886966643,0.5479894519381427,0.05479894601038219
Milwaukee,2000-08-26 15:00:00,1.4000000208616257,0.7010606324789257,0.6329987244436568,0.619840749115852,1.8377926567786733,1.9624102762008975,1.067808312848881,1.4949316602646505
Milwaukee,2000-08-26 16:00:00,9.100000135600567,0.9991356161431184,0.9946484908722556,0.9919070916656122,12.261873835324401,13.333126421931924,1.0873645089644801,9.895017179024013
Milwaukee,2000-08-26 17:00:00,1.8000000268220901,0.7711974276738451,0.6955899734777475,0.6790646040718362,2.379303367352482,2.553096829225891,1.0730438431089155,1.9314789463773268
Milwaukee,2000-08-26 18:00:00,0.20000000298023224,0.4036312859866724,0.40082695074191593,0.4055009521190948,0.2132605250572452,0.1903506171259148,0.8925731429893989,0.17851463125795505
Milwaukee,2000-08-26 19:00:00,0.0,0.34619647541530363,0.3583954550705775,0.3666255582259426,-0.05749483022965941,-0.10499265938658223,1.0,0.0
Milwaukee,2000-08-26 20:00:00,0.0,0.34619647541530363,0.3583954550705775,0.3666255582259426,-0.05749483022965941,-0.10499265938658223,1.0,0.0
Milwaukee,2000-08-26 21:00:00,0.0,0.34619647541530363,0.3583954550705775,0.3666255582259426,-0.05749483022965941,-0.10499265938658223,1.0,0.0
Milwaukee,2000-08-26 22:00:00,0.0,0.34619647541530363,0.3583954550705775,0.3666255582259426,-0.05749483022965941,-0.10499265938658223,1.0,0.0
Milwaukee,2000-08-26 23:00:00,0.0,0.34619647541530363,0.3583954550705775,0.3666255582259426,-0.05749483022965941,-0.10499265938658223,1.0,0.0
Milwaukee,2000-08-27 00:00:00,0.0,0.34619647541530363,0.3583954550705775,0.3666255582259426,-0.05749483022965941,-0.10499265938658223,1.0,0.0
Milwaukee,2000-08-27 01:00:00,0.0,0.34619647541530363,0.3583954550705775,0.3666255582259426,-0.05749483022965941,-0.10499265938658223,1.0,0.0
Milwaukee,2000-08-27 02:00:00,0.0,0.34619647541530363,0.3583954550705775,0.3666255582259426,-0.05749483022965941,-0.10499265938658223,1.0,0.0
Milwaukee,2000-08-27 03:00:00,0.0,0.34619647541530363,0.3583954550705775,0.3666255582259426,-0.05749483022965941,-0.10499265938658223,1.0,0.0
Milwaukee,2000-08-27 04:00:00,0.0,0.34619647541530363,0.3583954550705775,0.3666255582259426,-0.05749483022965941,-0.10499265938658223,1.0,0.0
Milwaukee,2000-08-27 05:00:00,0.0,0.34619647541530363,0.3583954550705775,0.3666255582259426,-0.05749483022965941,-0.10499265938658223,1.0,0.0
Milwaukee,2000-08-27 06:00:00,0.0,0.34619647541530363,0.3583954550705775,0.3666255582259426,-0.05749483022965941,-0.10499265938658223,1.0,0.0
Milwaukee,2000-08-27 07:00:00,0.0,0.34619647541530363,0.3583954550705775,0.3666255582259426,-0.05749483022965941,-0.10499265938658223,1.0,0.0
Milwaukee,2000-08-27 08:00:00,0.0,0.34619647541530363,0.3583954550705775,0.3666255582259426,-0.05749483022965941,-0.10499265938658223,1.0,0.0
Milwaukee,2000-08-27 09:00:00,0.0,0.34619647541530363,0.3583954550705775,0.3666255582259426,-0.05749483022965941,-0.10499265938658223,1.0,0.0
Milwaukee,2000-08-27 10:00:00,0.0,0.34619647541530363,0.3583954550705775,0.3666255582259426,-0.05749483022965941,-0.10499265938658223,1.0,0.0
Milwaukee,2000-08-27 11:00:00,0.0,0.34619647541530363,0.3583954550705775,0.3666255582259426,-0.05749483022965941,-0.10499265938658223,1.0,0.0
Milwaukee,2000-08-27 12:00:00,0.0,0.34619647541530363,0.3583954550705775,0.3666255582259426,-0.05749483022965941,-0.10499265938658223,1.0,0.0
Milwaukee,2000-08-27 13:00:00,0.0,0.34619647541530363,0.3583954550705775,0.3666255582259426,-0.05749483022965941,-0.10499265938658223,1.0,0.0
Milwaukee,2000-08-27 14:00:00,0.0,0.34619647541530363,0.3583954550705775,0.3666255582259426,-0.05749483022965941,-0.10499265938658223,1.0,0.0
Milwaukee,2000-08-27 15:00:00,0.0,0.34619647541530363,0.3583954550705775,0.3666255582259426,-0.05749483022965941,-0.10499265938658223,1.0,0.0
Milwaukee,2000-08-27 16:00:00,0.0,0.34619647541530363,0.3583954550705775,0.3666255582259426,-0.05749483022965941,-0.10499265938658223,1.0,0.0
Milwaukee,2000-08-27 17:00:00,0.0,0.34619647541530363,0.3583954550705775,0.3666255582259426,-0.05749483022965941,-0.10499265938658223,1.0,0.0
Milwaukee,2000-08-27 18:00:00,0.0,0.34619647541530363,0.3583954550705775,0.3666255582259426,-0.05749483022965941,-0.10499265938658223,1.0,0.0
Milwaukee,2000-08-27 19:00:00,0.0,0.34619647541530363,0.3583954550705775,0.3666255582259426,-0.05749483022965941,-0.10499265938658223,1.0,0.0
Milwaukee,2000-08-27 20:00:00,0.0,0.34619647541530363,0.3583954550705775,0.3666255582259426,-0.05749483022965941,-0.10499265938658223,1.0,0.0
Milwaukee,2000-08-27 21:00:00,0.0,0.34619647541530363,0.3583954550705775,0.3666255582259426,-0.05749483022965941,-0.10499265938658223,1.0,0.0
Milwaukee,2000-08-27 22:00:00,0.0,0.34619647541530363,0.3583954550705775,0.3666255582259426,-0.05749483022965941,-0.10499265938658223,1.0,0.0
Milwaukee,2000-08-27 23:00:00,0.0,0.34619647541530363,0.3583954550705775,0.3666255582259426,-0.05749483022965941,-0.10499265938658223,1.0,0.0
Milwaukee,2000-08-28 00:00:00,0.0,0.34619647541530363,0.3583954550705775,0.3666255582259426,-0.05749483022965941,-0.10499265938658223,1.0,0.0
Milwaukee,2000-08-28 01:00:00,0.0,0.34619647541530363,0.3583954550705775,0.3666255582259426,-0.05749483022965941,-0.10499265938658223,1.0,0.0
Milwaukee,2000-08-28 02:00:00,0.0,0.34619647541530363,0.3583954550705775,0.3666255582259426,-0.05749483022965941,-0.10499265938658223,1.0,0.0
Milwaukee,2000-08-28 03:00:00,0.0,0.34619647541530363,0.3583954550705775,0.3666255582259426,-0.05749483022965941,-0.10499265938658223,1.0,0.0
Milwaukee,2000-08-28 04:00:00,0.0,0.34619647541530363,0.3583954550705775,0.3666255582259426,-0.05749483022965941,-0.10499265938658223,1.0,0.0
Milwaukee,2000-08-28 05:00:00,0.0,0.34619647541530363,0.3583954550705775,0.3666255582259426,-0.05749483022965941,-0.10499265938658223,1.0,0.0
Milwaukee,2000-08-28 06:00:00,0.0,0.34619647541530363,0.3583954550705775,0.3666255582259426,-0.05749483022965941,-0.10499265938658223,1.0,0.0
Milwaukee,2000-08-28 07:00:00,0.0,0.34619647541530363,0.3583954550705775,0.3666255582259426,-0.05749483022965941,-0.10499265938658223,1.0,0.0
Milwaukee,2000-08-28 08:00:00,0.0,0.34619647541530363,0.3583954550705775,0.3666255582259426,-0.05749483022965941,-0.10499265938658223,1.0,0.0
Milwaukee,2000-08-28 09:00:00,0.0,0.34619647541530363,0.3583954550705775,0.3666255582259426,-0.05749483022965941,-0.10499265938658223,1.0,0.0
Milwaukee,2000-08-28 10:00:00,0.0,0.34619647541530363,0.3583954550705775,0.3666255582259426,-0.05749483022965941,-0.10499265938658223,1.0,0.0
Milwaukee,2000-08-28 11:00:00,0.0,0.34619647541530363,0.3583954550705775,0.3666255582259426,-0.05749483022965941,-0.10499265938658223,1.0,0.0
Milwaukee,2000-08-28 12:00:00,0.0,0.34619647541530363,0.3583954550705775,0.3666255582259426,-0.05749483022965941,-0.10499265938658223,1.0,0.0
Milwaukee,2000-08-28 13:00:00,0.0,0.34619647541530363,0.3583954550705775,0.3666255582259426,-0.05749483022965941,-0.10499265938658223,1.0,0.0
Milwaukee,2000-08-28 14:00:00,0.0,0.34619647541530363,0.3583954550705775,0.3666255582259426,-0.05749483022965941,-0.10499265938658223,1.0,0.0
Milwaukee,2000-08-28 15:00:00,0.0,0.34619647541530363,0.3583954550705775,0.3666255582259426,-0.05749483022965941,-0.10499265938658223,1.0,0.0
Milwaukee,2000-08-28 16:00:00,0.0,0.34619647541530363,0.3583954550705775,0.3666255582259426,-0.05749483022965941,-0.10499265938658223,1.0,0.0
Milwaukee,2000-08-28 17:00:00,0.0,0.34619647541530363,0.3583954550705775,0.3666255582259426,-0.05749483022965941,-0.10499265938658223,1.0,0.0
Milwaukee,2000-08-28 18:00:00,0.0,0.34619647541530363,0.3583954550705775,0.3666255582259426,-0.05749483022965941,-0.10499265938658223,1.0,0.0
Milwaukee,2000-08-28 19:00:00,0.0,0.34619647541530363,0.3583954550705775,0.3666255582259426,-0.05749483022965941,-0.10499265938658223,1.0,0.0
Milwaukee,2000-08-28 20:00:00,0.0,0.34619647541530363,0.3583954550705775,0.3666255582259426,-0.05749483022965941,-0.10499265938658223,1.0,0.0
Milwaukee,2000-08-28 21:00:00,0.0,0.34619647541530363,0.3583954550705775,0.3666255582259426,-0.05749483022965941,-0.10499265938658223,1.0,0.0
Milwaukee,2000-08-28 22:00:00,0.0,0.34619647541530363,0.3583954550705775,0.3666255582259426,-0.05749483022965941,-0.10499265938658223,1.0,0.0
Milwaukee,2000-08-28 23:00:00,0.0,0.34619647541530363,0.3583954550705775,0.3666255582259426,-0.05749483022965941,-0.10499265938658223,1.0,0.0
Milwaukee,2000-08-29 00:00:00,0.0,0.34619647541530363,0.3583954550705775,0.3666255582259426,-0.05749483022965941,-0.10499265938658223,1.0,0.0
Milwaukee,2000-08-29 01:00:00,0.0,0.34619647541530363,0.3583954550705775,0.3666255582259426,-0.05749483022965941,-0.10499265938658223,1.0,0.0
Milwaukee,2000-08-29 02:00:00,0.0,0.34619647541530363,0.3583954550705775,0.3666255582259426,-0.05749483022965941,-0.10499265938658223,1.0,0.0
Milwaukee,2000-08-29 03:00:00,0.0,0.34619647541530363,0.3583954550705775,0.3666255582259426,-0.05749483022965941,-0.10499265938658223,1.0,0.0
Milwaukee,2000-08-29 04:00:00,0.0,0.34619647541530363,0.3583954550705775,0.3666255582259426,-0.05749483022965941,-0.10499265938658223,1.0,0.0
Milwaukee,2000-08-29 05:00:00,0.0,0.34619647541530363,0.3583954550705775,0.3666255582259426,-0.05749483022965941,-0.10499265938658223,1.0,0.0
Milwaukee,2000-08-29 06:00:00,0.0,0.34619647541530363,0.3583954550705775,0.3666255582259426,-0.05749483022965941,-0.10499265938658223,1.0,0.0
Milwaukee,2000-08-29 07:00:00,0.0,0.34619647541530363,0.3583954550705775,0.3666255582259426,-0.05749483022965941,-0.10499265938658223,1.0,0.0
Milwaukee,2000-08-29 08:00:00,0.0,0.34619647541530363,0.3583954550705775,0.3666255582259426,-0.05749483022965941,-0.10499265938658223,1.0,0.0
Milwaukee,2000-08-29 09:00:00,0.0,0.34619647541530363,0.3583954550705775,0.3666255582259426,-0.05749483022965941,-0.10499265938658223,1.0,0.0
Milwaukee,2000-08-29 10:00:00,0.0,0.34619647541530363,0.3583954550705775,0.3666255582259426,-0.05749483022965941,-0.10499265938658223,1.0,0.0
Milwaukee,2000-08-29 11:00:00,0.0,0.34619647541530363,0.3583954550705775,0.3666255582259426,-0.05749483022965941,-0.10499265938658223,1.0,0.0
Milwaukee,2000-08-29 12:00:00,0.0,0.34619647541530363,0.3583954550705775,0.3666255582259426,-0.05749483022965941,-0.10499265938658223,1.0,0.0
Milwaukee,2000-08-29 13:00:00,0.0,0.34619647541530363,0.3583954550705775,0.3666255582259426,-0.05749483022965941,-0.10499265938658223,1.0,0.0
Milwaukee,2000-08-29 14:00:00,0.0,0.34619647541530363,0.3583954550705775,0.3666255582259426,-0.05749483022965941,-0.10499265938658223,1.0,0.0
Milwaukee,2000-08-29 15:00:00,0.0,0.34619647541530363,0.3583954550705775,0.3666255582259426,-0.05749483022965941,-0.10499265938658223,1.0,0.0
Milwaukee,2000-08-29 16:00:00,0.0,0.34619647541530363,0.3583954550705775,0.3666255582259426,-0.05749483022965941,-0.10499265938658223,1.0,0.0
Milwaukee,2000-08-29 17:00:00,0.0,0.34619647541530363,0.3583954550705775,0.3666255582259426,-0.05749483022965941,-0.10499265938658223,1.0,0.0
Milwaukee,2000-08-29 18:00:00,0.0,0.34619647541530363,0.3583954550705775,0.3666255582259426,-0.05749483022965941,-0.10499265938658223,1.0,0.0
Milwaukee,2000-08-29 19:00:00,0.0,0.34619647541530363,0.3583954550705775,0.3666255582259426,-0.05749483022965941,-0.10499265938658223,1.0,0.0
Milwaukee,2000-08-29 20:00:00,0.0,0.34619647541530363,0.3583954550705775,0.3666255582259426,-0.05749483022965941,-0.10499265938658223,1.0,0.0
Milwaukee,2000-08-29 21:00:00,0.0,0.34619647541530363,0.3583954550705775,0.3666255582259426,-0.05749483022965941,-0.10499265938658223,1.0,0.0
Milwaukee,2000-08-29 22:00:00,0.0,0.34619647541530363,0.3583954550705775,0.3666255582259426,-0.05749483022965941,-0.10499265938658223,1.0,0.0
Milwaukee,2000-08-29 23:00:00,0.0,0.34619647541530363,0.3583954550705775,0.3666255582259426,-0.05749483022965941,-0.10499265938658223,1.0,0.0
Milwaukee,2000-08-30 00:00:00,0.0,0.34619647541530363,0.3583954550705775,0.3666255582259426,-0.05749483022965941,-0.10499265938658223,1.0,0.0
Milwaukee,2000-08-30 01:00:00,0.0,0.34619647541530363,0.3583954550705775,0.3666255582259426,-0.05749483022965941,-0.10499265938658223,1.0,0.0
Milwaukee,2000-08-30 02:00:00,0.0,0.34619647541530363,0.3583954550705775,0.3666255582259426,-0.05749483022965941,-0.10499265938658223,1.0,0.0
Milwaukee,2000-08-30 03:00:00,0.0,0.34619647541530363,0.3583954550705775,0.3666255582259426,-0.05749483022965941,-0.10499265938658223,1.0,0.0
Milwaukee,2000-08-30 04:00:00,0.0,0.34619647541530363,0.3583954550705775,0.3666255582259426,-0.05749483022965941,-0.10499265938658223,1.0,0.0
Milwaukee,2000-08-30 05:00:00,0.0,0.34619647541530363,0.3583954550705775,0.3666255582259426,-0.05749483022965941,-0.10499265938658223,1.0,0.0
Milwaukee,2000-08-30 06:00:00,0.0,0.34619647541530363,0.3583954550705775,0.3666255582259426,-0.05749483022965941,-0.10499265938658223,1.0,0.0
Milwaukee,2000-08-30 07:00:00,0.0,0.34619647541530363,0.3583954550705775,0.3666255582259426,-0.05749483022965941,-0.10499265938658223,1.0,0.0
Milwaukee,2000-08-30 08:00:00,0.0,0.34619647541530363,0.3583954550705775,0.3666255582259426,-0.05749483022965941,-0.10499265938658223,1.0,0.0
Milwaukee,2000-08-30 09:00:00,0.0,0.34619647541530363,0.3583954550705775,0.3666255582259426,-0.05749483022965941,-0.10499265938658223,1.0,0.0
Milwaukee,2000-08-30 10:00:00,0.0,0.34619647541530363,0.3583954550705775,0.3666255582259426,-0.05749483022965941,-0.10499265938658223,1.0,0.0
Milwaukee,2000-08-30 11:00:00,0.0,0.34619647541530363,0.3583954550705775,0.3666255582259426,-0.05749483022965941,-0.10499265938658223,1.0,0.0
Milwaukee,2000-08-30 12:00:00,0.0,0.34619647541530363,0.3583954550705775,0.3666255582259426,-0.05749483022965941,-0.10499265938658223,1.0,0.0
Milwaukee,2000-08-30 13:00:00,0.0,0.34619647541530363,0.3583954550705775,0.3666255582259426,-0.05749483022965941,-0.10499265938658223,1.0,0.0
Milwaukee,2000-08-30 14:00:00,0.0,0.34619647541530363,0.3583954550705775,0.3666255582259426,-0.05749483022965941,-0.10499265938658223,1.0,0.0
Milwaukee,2000-08-30 15:00:00,0.0,0.34619647541530363,0.3583954550705775,0.3666255582259426,-0.05749483022965941,-0.10499265938658223,1.0,0.0
Milwaukee,2000-08-30 16:00:00,0.0,0.34619647541530363,0.3583954550705775,0.3666255582259426,-0.05749483022965941,-0.10499265938658223,1.0,0.0
Milwaukee,2000-08-30 17:00:00,0.0,0.34619647541530363,0.3583954550705775,0.3666255582259426,-0.05749483022965941,-0.10499265938658223,1.0,0.0
Milwaukee,2000-08-30 18:00:00,0.0,0.34619647541530363,0.3583954550705775,0.3666255582259426,-0.05749483022965941,-0.10499265938658223,1.0,0.0
Milwaukee,2000-08-30 19:00:00,0.0,0.34619647541530363,0.3583954550705775,0.3666255582259426,-0.05749483022965941,-0.10499265938658223,1.0,0.0
Milwaukee,2000-08-30 20:00:00,0.0,0.34619647541530363,0.3583954550705775,0.3666255582259426,-0.05749483022965941,-0.10499265938658223,1.0,0.0
Milwaukee,2000-08-30 21:00:00,0.0,0.34619647541530363,0.3583954550705775,0.3666255582259426,-0.05749483022965941,-0.10499265938658223,1.0,0.0
Milwaukee,2000-08-30 22:00:00,0.0,0.34619647541530363,0.3583954550705775,0.3666255582259426,-0.05749483022965941,-0.10499265938658223,1.0,0.0
Milwaukee,2000-08-30 23:00:00,0.0,0.34619647541530363,0.3583954550705775,0.3666255582259426,-0.05749483022965941,-0.10499265938658223,1.0,0.0
Milwaukee,2000-08-31 00:00:00,0.0,0.34619647541530363,0.3583954550705775,0.3666255582259426,-0.05749483022965941,-0.10499265938658223,1.0,0.0
Milwaukee,2000-08-31 01:00:00,0.0,0.34619647541530363,0.3583954550705775,0.3666255582259426,-0.05749483022965941,-0.10499265938658223,1.0,0.0
Milwaukee,2000-08-31 02:00:00,0.0,0.34619647541530363,0.3583954550705775,0.3666255582259426,-0.05749483022965941,-0.10499265938658223,1.0,0.0
Milwaukee,2000-08-31 03:00:00,0.0,0.34619647541530363,0.3583954550705775,0.3666255582259426,-0.05749483022965941,-0.10499265938658223,1.0,0.0
Milwaukee,2000-08-31 04:00:00,0.0,0.34619647541530363,0.3583954550705775,0.3666255582259426,-0.05749483022965941,-0.10499265938658223,1.0,0.0
Milwaukee,2000-08-31 05:00:00,0.0,0.34619647541530363,0.3583954550705775,0.3666255582259426,-0.05749483022965941,-0.10499265938658223,1.0,0.0
Milwaukee,2000-08-31 06:00:00,0.0,0.34619647541530363,0.3583954550705775,0.3666255582259426,-0.05749483022965941,-0.10499265938658223,1.0,0.0
Milwaukee,2000-08-31 07:00:00,0.0,0.34619647541530363,0.3583954550705775,0.3666255582259426,-0.05749483022965941,-0.10499265938658223,1.0,0.0
Milwaukee,2000-08-31 08:00:00,0.0,0.34619647541530363,0.3583954550705775,0.3666255582259426,-0.05749483022965941,-0.10499265938658223,1.0,0.0
Milwaukee,2000-08-31 09:00:00,0.0,0.34619647541530363,0.3583954550705775,0.3666255582259426,-0.05749483022965941,-0.10499265938658223,1.0,0.0
Milwaukee,2000-08-31 10:00:00,0.0,0.34619647541530363,0.3583954550705775,0.3666255582259426,-0.05749483022965941,-0.10499265938658223,1.0,0.0
Milwaukee,2000-08-31 11:00:00,0.0,0.34619647541530363,0.3583954550705775,0.3666255582259426,-0.05749483022965941,-0.10499265938658223,1.0,0.0
Milwaukee,2000-08-31 12:00:00,0.0,0.34619647541530363,0.3583954550705775,0.3666255582259426,-0.05749483022965941,-0.10499265938658223,1.0,0.0
Milwaukee,2000-08-31 13:00:00,0.0,0.34619647541530363,0.3583954550705775,0.3666255582259426,-0.05749483022965941,-0.10499265938658223,1.0,0.0
Milwaukee,2000-08-31 14:00:00,0.0,0.34619647541530363,0.3583954550705775,0.3666255582259426,-0.05749483022965941,-0.10499265938658223,1.0,0.0
Milwaukee,2000-08-31 15:00:00,0.0,0.34619647541530363,0.3583954550705775,0.3666255582259426,-0.05749483022965941,-0.10499265938658223,1.0,0.0
Milwaukee,2000-08-31 16:00:00,0.0,0.34619647541530363,0.3583954550705775,0.3666255582259426,-0.05749483022965941,-0.10499265938658223,1.0,0.0
Milwaukee,2000-08-31 17:00:00,0.0,0.34619647541530363,0.3583954550705775,0.3666255582259426,-0.05749483022965941,-0.10499265938658223,1.0,0.0
Milwaukee,2000-08-31 18:00:00,0.0,0.34619647541530363,0.3583954550705775,0.3666255582259426,-0.05749483022965941,-0.10499265938658223,1.0,0.0
Milwaukee,2000-08-31 19:00:00,0.0,0.34619647541530363,0.3583954550705775,0.3666255582259426,-0.05749483022965941,-0.10499265938658223,1.0,0.0
Milwaukee,2000-08-31 20:00:00,0.0,0.34619647541530363,0.3583954550705775,0.3666255582259426,-0.05749483022965941,-0.10499265938658223,1.0,0.0
Milwaukee,2000-08-31 21:00:00,0.0,0.34619647541530363,0.3583954550705775,0.3666255582259426,-0.05749483022965941,-0.10499265938658223,1.0,0.0
Milwaukee,2000-08-31 22:00:00,0.0,0.34619647541530363,0.3583954550705775,0.3666255582259426,-0.05749483022965941,-0.10499265938658223,1.0,0.0
Milwaukee,2000-08-31 23:00:00,0.0,0.34619647541530363,0.3583954550705775,0.3666255582259426,-0.05749483022965941,-0.10499265938658223,1.0,0.0
Milwaukee,2000-09-01 00:00:00,0.0,0.34619647541530363,0.3583954550705775,0.3666255582259426,-0.05749483022965941,-0.10499265938658223,1.0,0.0
Milwaukee,2000-09-01 01:00:00,0.0,0.34619647541530363,0.3583954550705775,0.3666255582259426,-0.05749483022965941,-0.10499265938658223,1.0,0.0
Milwaukee,2000-09-01 02:00:00,0.0,0.34619647541530363,0.3583954550705775,0.3666255582259426,-0.05749483022965941,-0.10499265938658223,1.0,0.0
Milwaukee,2000-09-01 03:00:00,0.0,0.34619647541530363,0.3583954550705775,0.3666255582259426,-0.05749483022965941,-0.10499265938658223,1.0,0.0
Milwaukee,2000-09-01 04:00:00,0.0,0.34619647541530363,0.3583954550705775,0.3666255582259426,-0.05749483022965941,-0.10499265938658223,1.0,0.0
Milwaukee,2000-09-01 05:00:00,0.0,0.34619647541530363,0.3583954550705775,0.3666255582259426,-0.05749483022965941,-0.10499265938658223,1.0,0.0
Milwaukee,2000-09-01 06:00:00,0.0,0.34619647541530363,0.3583954550705775,0.3666255582259426,-0.05749483022965941,-0.10499265938658223,1.0,0.0
Milwaukee,2000-09-01 07:00:00,0.0,0.34619647541530363,0.3583954550705775,0.3666255582259426,-0.05749483022965941,-0.10499265938658223,1.0,0.0
Milwaukee,2000-09-01 08:00:00,0.0,0.34619647541530363,0.3583954550705775,0.3666255582259426,-0.05749483022965941,-0.10499265938658223,1.0,0.0
Milwaukee,2000-09-01 09:00:00,0.0,0.34619647541530363,0.3583954550705775,0.3666255582259426,-0.05749483022965941,-0.10499265938658223,1.0,0.0
Milwaukee,2000-09-01 10:00:00,0.0,0.34619647541530363,0.3583954550705775,0.3666255582259426,-0.05749483022965941,-0.10499265938658223,1.0,0.0
Milwaukee,2000-09-01 11:00:00,0.0,0.34619647541530363,0.3583954550705775,0.3666255582259426,-0.05749483022965941,-0.10499265938658223,1.0,0.0
Milwaukee,2000-09-01 12:00:00,0.0,0.34619647541530363,0.3583954550705775,0.3666255582259426,-0.05749483022965941,-0.10499265938658223,1.0,0.0
Milwaukee,2000-09-01 13:00:00,0.0,0.34619647541530363,0.3583954550705775,0.3666255582259426,-0.05749483022965941,-0.10499265938658223,1.0,0.0
Milwaukee,2000-09-01 14:00:00,0.0,0.34619647541530363,0.3583954550705775,0.3666255582259426,-0.05749483022965941,-0.10499265938658223,1.0,0.0
Milwaukee,2000-09-01 15:00:00,0.0,0.34619647541530363,0.3583954550705775,0.3666255582259426,-0.05749483022965941,-0.10499265938658223,1.0,0.0
Milwaukee,2000-09-01 16:00:00,0.0,0.34619647541530363,0.3583954550705775,0.3666255582259426,-0.05749483022965941,-0.10499265938658223,1.0,0.0
Milwaukee,2000-09-01 17:00:00,0.0,0.34619647541530363,0.3583954550705775,0.3666255582259426,-0.05749483022965941,-0.10499265938658223,1.0,0.0
Milwaukee,2000-09-01 18:00:00,0.0,0.34619647541530363,0.3583954550705775,0.3666255582259426,-0.05749483022965941,-0.10499265938658223,1.0,0.0
Milwaukee,2000-09-01 19:00:00,0.0,0.34619647541530363,0.3583954550705775,0.3666255582259426,-0.05749483022965941,-0.10499265938658223,1.0,0.0
Milwaukee,2000-09-01 20:00:00,0.0,0.34619647541530363,0.3583954550705775,0.3666255582259426,-0.05749483022965941,-0.10499265938658223,1.0,0.0
Milwaukee,2000-09-01 21:00:00,0.0,0.34619647541530363,0.3583954550705775,0.3666255582259426,-0.05749483022965941,-0.10499265938658223,1.0,0.0
Milwaukee,2000-09-01 22:00:00,0.0,0.34619647541530363,0.3583954550705775,0.3666255582259426,-0.05749483022965941,-0.10499265938658223,1.0,0.0
Milwaukee,2000-09-01 23:00:00,0.0,0.34619647541530363,0.3583954550705775,0.3666255582259426,-0.05749483022965941,-0.10499265938658223,1.0,0.0
Milwaukee,2000-09-02 00:00:00,0.0,0.34619647541530363,0.3583954550705775,0.3666255582259426,-0.05749483022965941,-0.10499265938658223,1.0,0.0
Milwaukee,2000-09-02 01:00:00,0.0,0.34619647541530363,0.3583954550705775,0.3666255582259426,-0.05749483022965941,-0.10499265938658223,1.0,0.0
Milwaukee,2000-09-02 02:00:00,0.0,0.34619647541530363,0.3583954550705775,0.3666255582259426,-0.05749483022965941,-0.10499265938658223,1.0,0.0
Milwaukee,2000-09-02 03:00:00,0.0,0.34619647541530363,0.3583954550705775,0.3666255582259426,-0.05749483022965941,-0.10499265938658223,1.0,0.0
Milwaukee,2000-09-02 04:00:00,0.0,0.34619647541530363,0.3583954550705775,0.3666255582259426,-0.05749483022965941,-0.10499265938658223,1.0,0.0
Milwaukee,2000-09-02 05:00:00,0.0,0.34619647541530363,0.3583954550705775,0.3666255582259426,-0.05749483022965941,-0.10499265938658223,1.0,0.0
Milwaukee,2000-09-02 06:00:00,0.0,0.34619647541530363,0.3583954550705775,0.3666255582259426,-0.05749483022965941,-0.10499265938658223,1.0,0.0
Milwaukee,2000-09-02 07:00:00,0.0,0.34619647541530363,0.3583954550705775,0.3666255582259426,-0.05749483022965941,-0.10499265938658223,1.0,0.0
Milwaukee,2000-09-02 08:00:00,0.0,0.34619647541530363,0.3583954550705775,0.3666255582259426,-0.05749483022965941,-0.10499265938658223,1.0,0.0
Milwaukee,2000-09-02 09:00:00,0.10000000149011612,0.37493462778701603,0.37963028842970437,0.38608798432978486,0.077882847413793,0.04267897886966643,0.5479894519381427,0.05479894601038219
Milwaukee,2000-09-02 10:00:00,0.30000000447034836,0.4321218104209064,0.4219192462835154,0.42481437583882836,0.3486382027006978,0.3380222553821637,0.9695502465412611,0.2908650782966057
Milwaukee,2000-09-02 11:00:00,1.1000000163912773,0.6382630095217223,0.5805629597505817,0.5708701973896023,1.4316596238483161,1.5193953614321518,1.0612825395941536,1.1674108109493455
Milwaukee,2000-09-02 12:00:00,5.200000077486038,0.9819415863639875,0.9502919837254442,0.9379921100419069,6.98214440722986,7.573932529938341,1.0847573593716706,5.640738352786237
Milwaukee,2000-09-02 13:00:00,10.400000154972076,0.9996869735881321,0.997469803277188,0.9959245114219184,14.021783644689222,15.252857719263092,1.0877972521734167,11.313091591181733
Milwaukee,2000-09-02 14:00:00,1.2000000178813934,0.6601755800539598,0.5985443956502143,0.5876076480726564,1.5670373014917685,1.6670669996884002,1.063833642059067,1.2766003894937084
Milwaukee,2000-09-02 15:00:00,0.0,0.34619647541530363,0.3583954550705775,0.3666255582259426,-0.05749483022965941,-0.10499265938658223,1.0,0.0
Milwaukee,2000-09-02 16:00:00,0.0,0.34619647541530363,0.3583954550705775,0.3666255582259426,-0.05749483022965941,-0.10499265938658223,1.0,0.0
Milwaukee,2000-09-02 17:00:00,0.0,0.34619647541530363,0.3583954550705775,0.3666255582259426,-0.05749483022965941,-0.10499265938658223,1.0,0.0
Milwaukee,2000-09-02 18:00:00,0.0,0.34619647541530363,0.3583954550705775,0.3666255582259426,-0.05749483022965941,-0.10499265938658223,1.0,0.0
Milwaukee,2000-09-02 19:00:00,0.0,0.34619647541530363,0.3583954550705775,0.3666255582259426,-0.05749483022965941,-0.10499265938658223,1.0,0.0
Milwaukee,2000-09-02 20:00:00,0.0,0.34619647541530363,0.3583954550705775,0.3666255582259426,-0.05749483022965941,-0.10499265938658223,1.0,0.0
Milwaukee,2000-09-02 21:00:00,0.0,0.34619647541530363,0.3583954550705775,0.3666255582259426,-0.05749483022965941,-0.10499265938658223,1.0,0.0
Milwaukee,2000-09-02 22:00:00,0.0,0.34619647541530363,0.3583954550705775,0.3666255582259426,-0.05749483022965941,-0.10499265938658223,1.0,0.0
Milwaukee,2000-09-02 23:00:00,0.0,0.34619647541530363,0.3583954550705775,0.3666255582259426,-0.05749483022965941,-0.10499265938658223,1.0,0.0
Milwaukee,2000-09-03 00:00:00,0.0,0.34619647541530363,0.3583954550705775,0.3666255582259426,-0.05749483022965941,-0.10499265938658223,1.0,0.0
Milwaukee,2000-09-03 01:00:00,0.0,0.34619647541530363,0.3583954550705775,0.3666255582259426,-0.05749483022965941,-0.10499265938658223,1.0,0.0
Milwaukee,2000-09-03 02:00:00,0.0,0.34619647541530363,0.3583954550705775,0.3666255582259426,-0.05749483022965941,-0.10499265938658223,1.0,0.0
Milwaukee,2000-09-03 03:00:00,0.0,0.34619647541530363,0.3583954550705775,0.3666255582259426,-0.05749483022965941,-0.10499265938658223,1.0,0.0
Milwaukee,2000-09-03 04:00:00,0.0,0.34619647541530363,0.3583954550705775,0.3666255582259426,-0.05749483022965941,-0.10499265938658223,1.0,0.0
Milwaukee,2000-09-03 05:00:00,0.0,0.34619647541530363,0.3583954550705775,0.3666255582259426,-0.05749483022965941,-0.10499265938658223,1.0,0.0
Milwaukee,2000-09-03 06:00:00,0.0,0.34619647541530363,0.3583954550705775,0.3666255582259426,-0.05749483022965941,-0.10499265938658223,1.0,0.0
Milwaukee,2000-09-03 07:00:00,0.0,0.34619647541530363,0.3583954550705775,0.3666255582259426,-0.05749483022965941,-0.10499265938658223,1.0,0.0
Milwaukee,2000-09-03 08:00:00,0.0,0.34619647541530363,0.3583954550705775,0.3666255582259426,-0.05749483022965941,-0.10499265938658223,1.0,0.0
Milwaukee,2000-09-03 09:00:00,0.0,0.34619647541530363,0.3583954550705775,0.3666255582259426,-0.05749483022965941,-0.10499265938658223,1.0,0.0
Milwaukee,2000-09-03 10:00:00,0.0,0.34619647541530363,0.3583954550705775,0.3666255582259426,-0.05749483022965941,-0.10499265938658223,1.0,0.0
Milwaukee,2000-09-03 11:00:00,0.6000000089406967,0.5149511800867037,0.4839791863801989,0.48170736485828647,0.7547712356310545,0.7810371701509091,1.0347998615738105,0.6208799261961181
Milwaukee,2000-09-03 12:00:00,1.3000000193715096,0.6811098161440119,0.6160277990081728,0.6039355221962737,1.7024149791352212,1.8147386379446493,1.0659790122773034,1.3857727366101171
Milwaukee,2000-09-03 13:00:00,2.9000000432133675,0.8958561197330512,0.8250122870779494,0.8055473839823588,3.868457821430459,4.177484850044627,1.0798837787250057,3.131663004967931
Milwaukee,2000-09-03 14:00:00,0.10000000149011612,0.37493462778701603,0.37963028842970437,0.38608798432978486,0.077882847413793,0.04267897886966643,0.5479894519381427,0.05479894601038219
Milwaukee,2000-09-03 15:00:00,2.400000035762787,0.8499676732192906,0.7735808836991981,0.7544709347358688,3.191569433213197,3.4391266587633837,1.0775659846137051,2.586158401609655
Milwaukee,2000-09-03 16:00:00,0.4000000059604645,0.4602572840073257,0.44284563734884813,0.44398150563378375,0.4840158803441499,0.4856938936384119,1.0034668558665243,0.40138674832773824
Milwaukee,2000-09-03 17:00:00,0.0,0.34619647541530363,0.3583954550705775,0.3666255582259426,-0.05749483022965941,-0.10499265938658223,1.0,0.0
Milwaukee,2000-09-03 18:00:00,0.0,0.34619647541530363,0.3583954550705775,0.3666255582259426,-0.05749483022965941,-0.10499265938658223,1.0,0.0
Milwaukee,2000-09-03 19:00:00,0.0,0.34619647541530363,0.3583954550705775,0.3666255582259426,-0.05749483022965941,-0.10499265938658223,1.0,0.0
Milwaukee,2000-09-03 20:00:00,0.0,0.34619647541530363,0.3583954550705775,0.3666255582259426,-0.05749483022965941,-0.10499265938658223,1.0,0.0
Milwaukee,2000-09-03 21:00:00,0.0,0.34619647541530363,0.3583954550705775,0.3666255582259426,-0.05749483022965941,-0.10499265938658223,1.0,0.0
Milwaukee,2000-09-03 22:00:00,0.0,0.34619647541530363,0.3583954550705775,0.3666255582259426,-0.05749483022965941,-0.10499265938658223,1.0,0.0
Milwaukee,2000-09-03 23:00:00,0.0,0.34619647541530363,0.3583954550705775,0.3666255582259426,-0.05749483022965941,-0.10499265938658223,1.0,0.0
Milwaukee,2000-09-04 00:00:00,0.0,0.34619647541530363,0.3583954550705775,0.3666255582259426,-0.05749483022965941,-0.10499265938658223,1.0,0.0
Milwaukee,2000-09-04 01:00:00,0.0,0.34619647541530363,0.3583954550705775,0.3666255582259426,-0.05749483022965941,-0.10499265938658223,1.0,0.0
Milwaukee,2000-09-04 02:00:00,0.0,0.34619647541530363,0.3583954550705775,0.3666255582259426,-0.05749483022965941,-0.10499265938658223,1.0,0.0
Milwaukee,2000-09-04 03:00:00,0.0,0.34619647541530363,0.3583954550705775,0.3666255582259426,-0.05749483022965941,-0.10499265938658223,1.0,0.0
Milwaukee,2000-09-04 04:00:00,0.0,0.34619647541530363,0.3583954550705775,0.3666255582259426,-0.05749483022965941,-0.10499265938658223,1.0,0.0
Milwaukee,2000-09-04 05:00:00,0.0,0.34619647541530363,0.3583954550705775,0.3666255582259426,-0.05749483022965941,-0.10499265938658223,1.0,0.0
Milwaukee,2000-09-04 06:00:00,0.0,0.34619647541530363,0.3583954550705775,0.3666255582259426,-0.05749483022965941,-0.10499265938658223,1.0,0.0
Milwaukee,2000-09-04 07:00:00,0.0,0.34619647541530363,0.3583954550705775,0.3666255582259426,-0.05749483022965941,-0.10499265938658223,1.0,0.0
Milwaukee,2000-09-04 08:00:00,0.0,0.34619647541530363,0.3583954550705775,0.3666255582259426,-0.05749483022965941,-0.10499265938658223,1.0,0.0
Milwaukee,2000-09-04 09:00:00,0.0,0.34619647541530363,0.3583954550705775,0.3666255582259426,-0.05749483022965941,-0.10499265938658223,1.0,0.0
Milwaukee,2000-09-04 10:00:00,0.0,0.34619647541530363,0.3583954550705775,0.3666255582259426,-0.05749483022965941,-0.10499265938658223,1.0,0.0
Milwaukee,2000-09-04 11:00:00,0.0,0.34619647541530363,0.3583954550705775,0.3666255582259426,-0.05749483022965941,-0.10499265938658223,1.0,0.0
Milwaukee,2000-09-04 12:00:00,0.0,0.34619647541530363,0.3583954550705775,0.3666255582259426,-0.05749483022965941,-0.10499265938658223,1.0,0.0
Milwaukee,2000-09-04 13:00:00,0.0,0.34619647541530363,0.3583954550705775,0.3666255582259426,-0.05749483022965941,-0.10499265938658223,1.0,0.0
Milwaukee,2000-09-04 14:00:00,0.0,0.34619647541530363,0.3583954550705775,0.3666255582259426,-0.05749483022965941,-0.10499265938658223,1.0,0.0
Milwaukee,2000-09-04 15:00:00,0.0,0.34619647541530363,0.3583954550705775,0.3666255582259426,-0.05749483022965941,-0.10499265938658223,1.0,0.0
Milwaukee,2000-09-04 16:00:00,0.0,0.34619647541530363,0.3583954550705775,0.3666255582259426,-0.05749483022965941,-0.10499265938658223,1.0,0.0
Milwaukee,2000-09-04 17:00:00,0.0,0.34619647541530363,0.3583954550705775,0.3666255582259426,-0.05749483022965941,-0.10499265938658223,1.0,0.0
Milwaukee,2000-09-04 18:00:00,0.0,0.34619647541530363,0.3583954550705775,0.3666255582259426,-0.05749483022965941,-0.10499265938658223,1.0,0.0
Milwaukee,2000-09-04 19:00:00,0.0,0.34619647541530363,0.3583954550705775,0.3666255582259426,-0.05749483022965941,-0.10499265938658223,1.0,0.0
Milwaukee,2000-09-04 20:00:00,0.0,0.34619647541530363,0.3583954550705775,0.3666255582259426,-0.05749483022965941,-0.10499265938658223,1.0,0.0
Milwaukee,2000-09-04 21:00:00,0.0,0.34619647541530363,0.3583954550705775,0.3666255582259426,-0.05749483022965941,-0.10499265938658223,1.0,0.0
Milwaukee,2000-09-04 22:00:00,0.0,0.34619647541530363,0.3583954550705775,0.3666255582259426,-0.05749483022965941,-0.10499265938658223,1.0,0.0
Milwaukee,2000-09-04 23:00:00,0.0,0.34619647541530363,0.3583954550705775,0.3666255582259426,-0.05749483022965941,-0.10499265938658223,1.0,0.0
Milwaukee,2000-09-05 00:00:00,0.0,0.34619647541530363,0.3583954550705775,0.3666255582259426,-0.05749483022965941,-0.10499265938658223,1.0,0.0
Milwaukee,2000-09-05 01:00:00,0.0,0.34619647541530363,0.3583954550705775,0.3666255582259426,-0.05749483022965941,-0.10499265938658223,1.0,0.0
Milwaukee,2000-09-05 02:00:00,0.0,0.34619647541530363,0.3583954550705775,0.3666255582259426,-0.05749483022965941,-0.10499265938658223,1.0,0.0
Milwaukee,2000-09-05 03:00:00,0.0,0.34619647541530363,0.3583954550705775,0.3666255582259426,-0.05749483022965941,-0.10499265938658223,1.0,0.0
Milwaukee,2000-09-05 04:00:00,0.0,0.34619647541530363,0.3583954550705775,0.3666255582259426,-0.05749483022965941,-0.10499265938658223,1.0,0.0
Milwaukee,2000-09-05 05:00:00,0.0,0.34619647541530363,0.3583954550705775,0.3666255582259426,-0.05749483022965941,-0.10499265938658223,1.0,0.0
Milwaukee,2000-09-05 06:00:00,0.0,0.34619647541530363,0.3583954550705775,0.3666255582259426,-0.05749483022965941,-0.10499265938658223,1.0,0.0
Milwaukee,2000-09-05 07:00:00,0.0,0.34619647541530363,0.3583954550705775,0.3666255582259426,-0.05749483022965941,-0.10499265938658223,1.0,0.0
Milwaukee,2000-09-05 08:00:00,0.0,0.34619647541530363,0.3583954550705775,0.3666255582259426,-0.05749483022965941,-0.10499265938658223,1.0,0.0
Milwaukee,2000-09-05 09:00:00,0.0,0.34619647541530363,0.3583954550705775,0.3666255582259426,-0.05749483022965941,-0.10499265938658223,1.0,0.0
Milwaukee,2000-09-05 10:00:00,0.0,0.34619647541530363,0.3583954550705775,0.3666255582259426,-0.05749483022965941,-0.10499265938658223,1.0,0.0
Milwaukee,2000-09-05 11:00:00,0.4000000059604645,0.4602572840073257,0.44284563734884813,0.44398150563378375,0.4840158803441499,0.4856938936384119,1.0034668558665243,0.40138674832773824
Milwaukee,2000-09-05 12:00:00,0.0,0.34619647541530363,0.3583954550705775,0.3666255582259426,-0.05749483022965941,-0.10499265938658223,1.0,0.0
Milwaukee,2000-09-05 13:00:00,0.0,0.34619647541530363,0.3583954550705775,0.3666255582259426,-0.05749483022965941,-0.10499265938658223,1.0,0.0
Milwaukee,2000-09-05 14:00:00,0.0,0.34619647541530363,0.3583954550705775,0.3666255582259426,-0.05749483022965941,-0.10499265938658223,1.0,0.0
Milwaukee,2000-09-05 15:00:00,0.0,0.34619647541530363,0.3583954550705775,0.3666255582259426,-0.05749483022965941,-0.10499265938658223,1.0,0.0
Milwaukee,2000-09-05 16:00:00,0.0,0.34619647541530363,0.3583954550705775,0.3666255582259426,-0.05749483022965941,-0.10499265938658223,1.0,0.0
Milwaukee,2000-09-05 17:00:00,0.0,0.34619647541530363,0.3583954550705775,0.3666255582259426,-0.05749483022965941,-0.10499265938658223,1.0,0.0
Milwaukee,2000-09-05 18:00:00,0.0,0.34619647541530363,0.3583954550705775,0.3666255582259426,-0.05749483022965941,-0.10499265938658223,1.0,0.0
Milwaukee,2000-09-05 19:00:00,0.0,0.34619647541530363,0.3583954550705775,0.3666255582259426,-0.05749483022965941,-0.10499265938658223,1.0,0.0
Milwaukee,2000-09-05 20:00:00,0.0,0.34619647541530363,0.3583954550705775,0.3666255582259426,-0.05749483022965941,-0.10499265938658223,1.0,0.0
Milwaukee,2000-09-05 21:00:00,0.0,0.34619647541530363,0.3583954550705775,0.3666255582259426,-0.05749483022965941,-0.10499265938658223,1.0,0.0
Milwaukee,2000-09-05 22:00:00,0.0,0.34619647541530363,0.3583954550705775,0.3666255582259426,-0.05749483022965941,-0.10499265938658223,1.0,0.0
Milwaukee,2000-09-05 23:00:00,0.0,0.34619647541530363,0.3583954550705775,0.3666255582259426,-0.05749483022965941,-0.10499265938658223,1.0,0.0
Milwaukee,2000-09-06 00:00:00,0.0,0.34619647541530363,0.3583954550705775,0.3666255582259426,-0.05749483022965941,-0.10499265938658223,1.0,0.0
Milwaukee,2000-09-06 01:00:00,0.0,0.34619647541530363,0.3583954550705775,0.3666255582259426,-0.05749483022965941,-0.10499265938658223,1.0,0.0
Milwaukee,2000-09-06 02:00:00,0.0,0.34619647541530363,0.3583954550705775,0.3666255582259426,-0.05749483022965941,-0.10499265938658223,1.0,0.0
Milwaukee,2000-09-06 03:00:00,0.0,0.34619647541530363,0.3583954550705775,0.3666255582259426,-0.05749483022965941,-0.10499265938658223,1.0,0.0
Milwaukee,2000-09-06 04:00:00,0.0,0.34619647541530363,0.3583954550705775,0.3666255582259426,-0.05749483022965941,-0.10499265938658223,1.0,0.0
Milwaukee,2000-09-06 05:00:00,0.0,0.34619647541530363,0.3583954550705775,0.3666255582259426,-0.05749483022965941,-0.10499265938658223,1.0,0.0
Milwaukee,2000-09-06 06:00:00,0.0,0.34619647541530363,0.3583954550705775,0.3666255582259426,-0.05749483022965941,-0.10499265938658223,1.0,0.0
Milwaukee,2000-09-06 07:00:00,0.0,0.34619647541530363,0.3583954550705775,0.3666255582259426,-0.05749483022965941,-0.10499265938658223,1.0,0.0
Milwaukee,2000-09-06 08:00:00,0.0,0.34619647541530363,0.3583954550705775,0.3666255582259426,-0.05749483022965941,-0.10499265938658223,1.0,0.0
Milwaukee,2000-09-06 09:00:00,0.0,0.34619647541530363,0.3583954550705775,0.3666255582259426,-0.05749483022965941,-0.10499265938658223,1.0,0.0
Milwaukee,2000-09-06 10:00:00,0.0,0.34619647541530363,0.3583954550705775,0.3666255582259426,-0.05749483022965941,-0.10499265938658223,1.0,0.0
Milwaukee,2000-09-06 11:00:00,0.0,0.34619647541530363,0.3583954550705775,0.3666255582259426,-0.05749483022965941,-0.10499265938658223,1.0,0.0
Milwaukee,2000-09-06 12:00:00,0.0,0.34619647541530363,0.3583954550705775,0.3666255582259426,-0.05749483022965941,-0.10499265938658223,1.0,0.0
Milwaukee,2000-09-06 13:00:00,0.0,0.34619647541530363,0.3583954550705775,0.3666255582259426,-0.05749483022965941,-0.10499265938658223,1.0,0.0
Milwaukee,2000-09-06 14:00:00,0.0,0.34619647541530363,0.3583954550705775,0.3666255582259426,-0.05749483022965941,-0.10499265938658223,1.0,0.0
Milwaukee,2000-09-06 15:00:00,0.0,0.34619647541530363,0.3583954550705775,0.3666255582259426,-0.05749483022965941,-0.10499265938658223,1.0,0.0
Milwaukee,2000-09-06 16:00:00,0.0,0.34619647541530363,0.3583954550705775,0.3666255582259426,-0.05749483022965941,-0.10499265938658223,1.0,0.0
Milwaukee,2000-09-06 17:00:00,0.0,0.34619647541530363,0.3583954550705775,0.3666255582259426,-0.05749483022965941,-0.10499265938658223,1.0,0.0
Milwaukee,2000-09-06 18:00:00,0.0,0.34619647541530363,0.3583954550705775,0.3666255582259426,-0.05749483022965941,-0.10499265938658223,1.0,0.0
Milwaukee,2000-09-06 19:00:00,0.0,0.34619647541530363,0.3583954550705775,0.3666255582259426,-0.05749483022965941,-0.10499265938658223,1.0,0.0
Milwaukee,2000-09-06 20:00:00,0.0,0.34619647541530363,0.3583954550705775,0.3666255582259426,-0.05749483022965941,-0.10499265938658223,1.0,0.0
Milwaukee,2000-09-06 21:00:00,0.0,0.34619647541530363,0.3583954550705775,0.3666255582259426,-0.05749483022965941,-0.10499265938658223,1.0,0.0
Milwaukee,2000-09-06 22:00:00,0.0,0.34619647541530363,0.3583954550705775,0.3666255582259426,-0.05749483022965941,-0.10499265938658223,1.0,0.0
Milwaukee,2000-09-06 23:00:00,0.0,0.34619647541530363,0.3583954550705775,0.3666255582259426,-0.05749483022965941,-0.10499265938658223,1.0,0.0
Milwaukee,2000-09-07 00:00:00,0.0,0.34619647541530363,0.3583954550705775,0.3666255582259426,-0.05749483022965941,-0.10499265938658223,1.0,0.0
Milwaukee,2000-09-07 01:00:00,0.0,0.34619647541530363,0.3583954550705775,0.3666255582259426,-0.05749483022965941,-0.10499265938658223,1.0,0.0
Milwaukee,2000-09-07 02:00:00,0.0,0.34619647541530363,0.3583954550705775,0.3666255582259426,-0.05749483022965941,-0.10499265938658223,1.0,0.0
Milwaukee,2000-09-07 03:00:00,0.0,0.34619647541530363,0.3583954550705775,0.3666255582259426,-0.05749483022965941,-0.10499265938658223,1.0,0.0
Milwaukee,2000-09-07 04:00:00,0.0,0.34619647541530363,0.3583954550705775,0.3666255582259426,-0.05749483022965941,-0.10499265938658223,1.0,0.0
Milwaukee,2000-09-07 05:00:00,0.0,0.34619647541530363,0.3583954550705775,0.3666255582259426,-0.05749483022965941,-0.10499265938658223,1.0,0.0
Milwaukee,2000-09-07 06:00:00,0.0,0.34619647541530363,0.3583954550705775,0.3666255582259426,-0.05749483022965941,-0.10499265938658223,1.0,0.0
Milwaukee,2000-09-07 07:00:00,0.0,0.34619647541530363,0.3583954550705775,0.3666255582259426,-0.05749483022965941,-0.10499265938658223,1.0,0.0
Milwaukee,2000-09-07 08:00:00,0.0,0.34619647541530363,0.3583954550705775,0.3666255582259426,-0.05749483022965941,-0.10499265938658223,1.0,0.0
Milwaukee,2000-09-07 09:00:00,0.0,0.34619647541530363,0.3583954550705775,0.3666255582259426,-0.05749483022965941,-0.10499265938658223,1.0,0.0
Milwaukee,2000-09-07 10:00:00,0.0,0.34619647541530363,0.3583954550705775,0.3666255582259426,-0.05749483022965941,-0.10499265938658223,1.0,0.0
Milwaukee,2000-09-07 11:00:00,0.0,0.34619647541530363,0.3583954550705775,0.3666255582259426,-0.05749483022965941,-0.10499265938658223,1.0,0.0
Milwaukee,2000-09-07 12:00:00,0.0,0.34619647541530363,0.3583954550705775,0.3666255582259426,-0.05749483022965941,-0.10499265938658223,1.0,0.0
Milwaukee,2000-09-07 13:00:00,0.0,0.34619647541530363,0.3583954550705775,0.3666255582259426,-0.05749483022965941,-0.10499265938658223,1.0,0.0
Milwaukee,2000-09-07 14:00:00,0.0,0.34619647541530363,0.3583954550705775,0.3666255582259426,-0.05749483022965941,-0.10499265938658223,1.0,0.0
Milwaukee,2000-09-07 15:00:00,0.0,0.34619647541530363,0.3583954550705775,0.3666255582259426,-0.05749483022965941,-0.10499265938658223,1.0,0.0
Milwaukee,2000-09-07 16:00:00,0.0,0.34619647541530363,0.3583954550705775,0.3666255582259426,-0.05749483022965941,-0.10499265938658223,1.0,0.0
Milwaukee,2000-09-07 17:00:00,0.0,0.34619647541530363,0.3583954550705775,0.3666255582259426,-0.05749483022965941,-0.10499265938658223,1.0,0.0
Milwaukee,2000-09-07 18:00:00,0.0,0.34619647541530363,0.3583954550705775,0.3666255582259426,-0.05749483022965941,-0.10499265938658223,1.0,0.0
Milwaukee,2000-09-07 19:00:00,0.0,0.34619647541530363,0.3583954550705775,0.3666255582259426,-0.05749483022965941,-0.10499265938658223,1.0,0.0
Milwaukee,2000-09-07 20:00:00,0.0,0.34619647541530363,0.3583954550705775,0.3666255582259426,-0.05749483022965941,-0.10499265938658223,1.0,0.0
Milwaukee,2000-09-07 21:00:00,0.0,0.34619647541530363,0.3583954550705775,0.3666255582259426,-0.05749483022965941,-0.10499265938658223,1.0,0.0
Milwaukee,2000-09-07 22:00:00,0.0,0.34619647541530363,0.3583954550705775,0.3666255582259426,-0.05749483022965941,-0.10499265938658223,1.0,0.0
Milwaukee,2000-09-07 23:00:00,0.0,0.34619647541530363,0.3583954550705775,0.3666255582259426,-0.05749483022965941,-0.10499265938658223,1.0,0.0
Milwaukee,2000-09-08 00:00:00,0.0,0.34619647541530363,0.3583954550705775,0.3666255582259426,-0.05749483022965941,-0.10499265938658223,1.0,0.0
Milwaukee,2000-09-08 01:00:00,0.0,0.34619647541530363,0.3583954550705775,0.3666255582259426,-0.05749483022965941,-0.10499265938658223,1.0,0.0
Milwaukee,2000-09-08 02:00:00,0.0,0.34619647541530363,0.3583954550705775,0.3666255582259426,-0.05749483022965941,-0.10499265938658223,1.0,0.0
Milwaukee,2000-09-08 03:00:00,0.0,0.34619647541530363,0.3583954550705775,0.3666255582259426,-0.05749483022965941,-0.10499265938658223,1.0,0.0
Milwaukee,2000-09-08 04:00:00,0.0,0.34619647541530363,0.3583954550705775,0.3666255582259426,-0.05749483022965941,-0.10499265938658223,1.0,0.0
Milwaukee,2000-09-08 05:00:00,0.5000000074505806,0.4879054674974853,0.4635494842166189,0.4629590707286823,0.6193935579876022,0.6333655318946606,1.0225575060103194,0.5112787606238068
Milwaukee,2000-09-08 06:00:00,3.7000000551342964,0.942846440847773,0.8858496060902297,0.8679736887586955,4.951479242578076,5.358857956094614,1.0822741434546395,4.004414390452589
Milwaukee,2000-09-08 07:00:00,0.5000000074505806,0.4879054674974853,0.4635494842166189,0.4629590707286823,0.6193935579876022,0.6333655318946606,1.0225575060103194,0.5112787606238068
Milwaukee,2000-09-08 08:00:00,0.7000000104308128,0.5412961978369442,0.5040882360000163,0.5001902799477915,0.8901489132745067,0.9287088084071575,1.0433184768948425,0.7303229447090495
Milwaukee,2000-09-08 09:00:00,0.10000000149011612,0.37493462778701603,0.37963028842970437,0.38608798432978486,0.077882847413793,0.04267897886966643,0.5479894519381427,0.05479894601038219
Milwaukee,2000-09-08 10:00:00,1.5000000223517418,0.7200313458541969,0.6494463612445387,0.6353129630463814,1.9731703344221256,2.110081914457146,1.0693865996496026,1.604079923377057
Milwaukee,2000-09-08 11:00:00,0.4000000059604645,0.4602572840073257,0.44284563734884813,0.44398150563378375,0.4840158803441499,0.4856938936384119,1.0034668558665243,0.40138674832773824
Milwaukee,2000-09-08 12:00:00,0.0,0.34619647541530363,0.3583954550705775,0.3666255582259426,-0.05749483022965941,-0.10499265938658223,1.0,0.0
Milwaukee,2000-09-08 13:00:00,0.0,0.34619647541530363,0.3583954550705775,0.3666255582259426,-0.05749483022965941,-0.10499265938658223,1.0,0.0
Milwaukee,2000-09-08 14:00:00,0.0,0.34619647541530363,0.3583954550705775,0.3666255582259426,-0.05749483022965941,-0.10499265938658223,1.0,0.0
Milwaukee,2000-09-08 15:00:00,0.0,0.34619647541530363,0.3583954550705775,0.3666255582259426,-0.05749483022965941,-0.10499265938658223,1.0,0.0
Milwaukee,2000-09-08 16:00:00,0.0,0.34619647541530363,0.3583954550705775,0.3666255582259426,-0.05749483022965941,-0.10499265938658223,1.0,0.0
Milwaukee,2000-09-08 17:00:00,0.0,0.34619647541530363,0.3583954550705775,0.3666255582259426,-0.05749483022965941,-0.10499265938658223,1.0,0.0
Milwaukee,2000-09-08 18:00:00,0.0,0.34619647541530363,0.3583954550705775,0.3666255582259426,-0.05749483022965941,-0.10499265938658223,1.0,0.0
Milwaukee,2000-09-08 19:00:00,0.0,0.34619647541530363,0.3583954550705775,0.3666255582259426,-0.05749483022965941,-0.10499265938658223,1.0,0.0
Milwaukee,2000-09-08 20:00:00,0.0,0.34619647541530363,0.3583954550705775,0.3666255582259426,-0.05749483022965941,-0.10499265938658223,1.0,0.0
Milwaukee,2000-09-08 21:00:00,0.0,0.34619647541530363,0.3583954550705775,0.3666255582259426,-0.05749483022965941,-0.10499265938658223,1.0,0.0
Milwaukee,2000-09-08 22:00:00,0.0,0.34619647541530363,0.3583954550705775,0.3666255582259426,-0.05749483022965941,-0.10499265938658223,1.0,0.0
Milwaukee,2000-09-08 23:00:00,0.0,0.34619647541530363,0.3583954550705775,0.3666255582259426,-0.05749483022965941,-0.10499265938658223,1.0,0.0
Milwaukee,2000-09-09 00:00:00,0.0,0.34619647541530363,0.3583954550705775,0.3666255582259426,-0.05749483022965941,-0.10499265938658223,1.0,0.0
Milwaukee,2000-09-09 01:00:00,0.0,0.34619647541530363,0.3583954550705775,0.3666255582259426,-0.05749483022965941,-0.10499265938658223,1.0,0.0
Milwaukee,2000-09-09 02:00:00,0.0,0.34619647541530363,0.3583954550705775,0.3666255582259426,-0.05749483022965941,-0.10499265938658223,1.0,0.0
Milwaukee,2000-09-09 03:00:00,0.0,0.34619647541530363,0.3583954550705775,0.3666255582259426,-0.05749483022965941,-0.10499265938658223,1.0,0.0
Milwaukee,2000-09-09 04:00:00,0.0,0.34619647541530363,0.3583954550705775,0.3666255582259426,-0.05749483022965941,-0.10499265938658223,1.0,0.0
Milwaukee,2000-09-09 05:00:00,0.0,0.34619647541530363,0.3583954550705775,0.3666255582259426,-0.05749483022965941,-0.10499265938658223,1.0,0.0
Milwaukee,2000-09-09 06:00:00,0.0,0.34619647541530363,0.3583954550705775,0.3666255582259426,-0.05749483022965941,-0.10499265938658223,1.0,0.0
Milwaukee,2000-09-09 07:00:00,0.0,0.34619647541530363,0.3583954550705775,0.3666255582259426,-0.05749483022965941,-0.10499265938658223,1.0,0.0
Milwaukee,2000-09-09 08:00:00,0.0,0.34619647541530363,0.3583954550705775,0.3666255582259426,-0.05749483022965941,-0.10499265938658223,1.0,0.0
Milwaukee,2000-09-09 09:00:00,0.0,0.34619647541530363,0.3583954550705775,0.3666255582259426,-0.05749483022965941,-0.10499265938658223,1.0,0.0
Milwaukee,2000-09-09 10:00:00,0.0,0.34619647541530363,0.3583954550705775,0.3666255582259426,-0.05749483022965941,-0.10499265938658223,1.0,0.0
Milwaukee,2000-09-09 11:00:00,0.0,0.34619647541530363,0.3583954550705775,0.3666255582259426,-0.05749483022965941,-0.10499265938658223,1.0,0.0
Milwaukee,2000-09-09 12:00:00,0.0,0.34619647541530363,0.3583954550705775,0.3666255582259426,-0.05749483022965941,-0.10499265938658223,1.0,0.0
Milwaukee,2000-09-09 13:00:00,0.0,0.34619647541530363,0.3583954550705775,0.3666255582259426,-0.05749483022965941,-0.10499265938658223,1.0,0.0
Milwaukee,2000-09-09 14:00:00,0.0,0.34619647541530363,0.3583954550705775,0.3666255582259426,-0.05749483022965941,-0.10499265938658223,1.0,0.0
Milwaukee,2000-09-09 15:00:00,0.0,0.34619647541530363,0.3583954550705775,0.3666255582259426,-0.05749483022965941,-0.10499265938658223,1.0,0.0
Milwaukee,2000-09-09 16:00:00,0.0,0.34619647541530363,0.3583954550705775,0.3666255582259426,-0.05749483022965941,-0.10499265938658223,1.0,0.0
Milwaukee,2000-09-09 17:00:00,0.0,0.34619647541530363,0.3583954550705775,0.3666255582259426,-0.05749483022965941,-0.10499265938658223,1.0,0.0
Milwaukee,2000-09-09 18:00:00,0.0,0.34619647541530363,0.3583954550705775,0.3666255582259426,-0.05749483022965941,-0.10499265938658223,1.0,0.0
Milwaukee,2000-09-09 19:00:00,0.0,0.34619647541530363,0.3583954550705775,0.3666255582259426,-0.05749483022965941,-0.10499265938658223,1.0,0.0
Milwaukee,2000-09-09 20:00:00,0.0,0.34619647541530363,0.3583954550705775,0.3666255582259426,-0.05749483022965941,-0.10499265938658223,1.0,0.0
Milwaukee,2000-09-09 21:00:00,0.0,0.34619647541530363,0.3583954550705775,0.3666255582259426,-0.05749483022965941,-0.10499265938658223,1.0,0.0
Milwaukee,2000-09-09 22:00:00,0.0,0.34619647541530363,0.3583954550705775,0.3666255582259426,-0.05749483022965941,-0.10499265938658223,1.0,0.0
Milwaukee,2000-09-09 23:00:00,0.0,0.34619647541530363,0.3583954550705775,0.3666255582259426,-0.05749483022965941,-0.10499265938658223,1.0,0.0
Milwaukee,2000-09-10 00:00:00,0.0,0.34619647541530363,0.3583954550705775,0.3666255582259426,-0.05749483022965941,-0.10499265938658223,1.0,0.0
Milwaukee,2000-09-10 01:00:00,0.0,0.34619647541530363,0.3583954550705775,0.3666255582259426,-0.05749483022965941,-0.10499265938658223,1.0,0.0
Milwaukee,2000-09-10 02:00:00,0.0,0.34619647541530363,0.3583954550705775,0.3666255582259426,-0.05749483022965941,-0.10499265938658223,1.0,0.0
Milwaukee,2000-09-10 03:00:00,0.0,0.34619647541530363,0.3583954550705775,0.3666255582259426,-0.05749483022965941,-0.10499265938658223,1.0,0.0
Milwaukee,2000-09-10 04:00:00,0.0,0.34619647541530363,0.3583954550705775,0.3666255582259426,-0.05749483022965941,-0.10499265938658223,1.0,0.0
Milwaukee,2000-09-10 05:00:00,0.0,0.34619647541530363,0.3583954550705775,0.3666255582259426,-0.05749483022965941,-0.10499265938658223,1.0,0.0
Milwaukee,2000-09-10 06:00:00,0.0,0.34619647541530363,0.3583954550705775,0.3666255582259426,-0.05749483022965941,-0.10499265938658223,1.0,0.0
Milwaukee,2000-09-10 07:00:00,0.0,0.34619647541530363,0.3583954550705775,0.3666255582259426,-0.05749483022965941,-0.10499265938658223,1.0,0.0
Milwaukee,2000-09-10 08:00:00,0.0,0.34619647541530363,0.3583954550705775,0.3666255582259426,-0.05749483022965941,-0.10499265938658223,1.0,0.0
Milwaukee,2000-09-10 09:00:00,0.0,0.34619647541530363,0.3583954550705775,0.3666255582259426,-0.05749483022965941,-0.10499265938658223,1.0,0.0
Milwaukee,2000-09-10 10:00:00,0.0,0.34619647541530363,0.3583954550705775,0.3666255582259426,-0.05749483022965941,-0.10499265938658223,1.0,0.0
Milwaukee,2000-09-10 11:00:00,0.0,0.34619647541530363,0.3583954550705775,0.3666255582259426,-0.05749483022965941,-0.10499265938658223,1.0,0.0
Milwaukee,2000-09-10 12:00:00,0.0,0.34619647541530363,0.3583954550705775,0.3666255582259426,-0.05749483022965941,-0.10499265938658223,1.0,0.0
Milwaukee,2000-09-10 13:00:00,5.000000074505806,0.9789187569407131,0.944380420192685,0.9313118364617434,6.71138905194296,7.2785892534258485,1.0845130862021304,5.422565511813174
Milwaukee,2000-09-10 14:00:00,5.000000074505806,0.9789187569407131,0.944380420192685,0.9313118364617434,6.71138905194296,7.2785892534258485,1.0845130862021304,5.422565511813174
Milwaukee,2000-09-10 15:00:00,0.10000000149011612,0.37493462778701603,0.37963028842970437,0.38608798432978486,0.077882847413793,0.04267897886966643,0.5479894519381427,0.05479894601038219
Milwaukee,2000-09-10 16:00:00,0.0,0.34619647541530363,0.3583954550705775,0.3666255582259426,-0.05749483022965941,-0.10499265938658223,1.0,0.0
Milwaukee,2000-09-10 17:00:00,0.0,0.34619647541530363,0.3583954550705775,0.3666255582259426,-0.05749483022965941,-0.10499265938658223,1.0,0.0
Milwaukee,2000-09-10 18:00:00,0.10000000149011612,0.37493462778701603,0.37963028842970437,0.38608798432978486,0.077882847413793,0.04267897886966643,0.5479894519381427,0.05479894601038219
Milwaukee,2000-09-10 19:00:00,0.30000000447034836,0.4321218104209064,0.4219192462835154,0.42481437583882836,0.3486382027006978,0.3380222553821637,0.9695502465412611,0.2908650782966057
Milwaukee,2000-09-10 20:00:00,0.4000000059604645,0.4602572840073257,0.44284563734884813,0.44398150563378375,0.4840158803441499,0.4856938936384119,1.0034668558665243,0.40138674832773824
Milwaukee,2000-09-10 21:00:00,0.10000000149011612,0.37493462778701603,0.37963028842970437,0.38608798432978486,0.077882847413793,0.04267897886966643,0.5479894519381427,0.05479894601038219
Milwaukee,2000-09-10 22:00:00,0.0,0.34619647541530363,0.3583954550705775,0.3666255582259426,-0.05749483022965941,-0.10499265938658223,1.0,0.0
Milwaukee,2000-09-10 23:00:00,0.0,0.34619647541530363,0.3583954550705775,0.3666255582259426,-0.05749483022965941,-0.10499265938658223,1.0,0.0
Milwaukee,2000-09-11 00:00:00,0.0,0.34619647541530363,0.3583954550705775,0.3666255582259426,-0.05749483022965941,-0.10499265938658223,1.0,0.0
Milwaukee,2000-09-11 01:00:00,0.0,0.34619647541530363,0.3583954550705775,0.3666255582259426,-0.05749483022965941,-0.10499265938658223,1.0,0.0
Milwaukee,2000-09-11 02:00:00,0.0,0.34619647541530363,0.3583954550705775,0.3666255582259426,-0.05749483022965941,-0.10499265938658223,1.0,0.0
Milwaukee,2000-09-11 03:00:00,0.0,0.34619647541530363,0.3583954550705775,0.3666255582259426,-0.05749483022965941,-0.10499265938658223,1.0,0.0
Milwaukee,2000-09-11 04:00:00,0.0,0.34619647541530363,0.3583954550705775,0.3666255582259426,-0.05749483022965941,-0.10499265938658223,1.0,0.0
Milwaukee,2000-09-11 05:00:00,0.0,0.34619647541530363,0.3583954550705775,0.3666255582259426,-0.05749483022965941,-0.10499265938658223,1.0,0.0
Milwaukee,2000-09-11 06:00:00,0.0,0.34619647541530363,0.3583954550705775,0.3666255582259426,-0.05749483022965941,-0.10499265938658223,1.0,0.0
Milwaukee,2000-09-11 07:00:00,0.0,0.34619647541530363,0.3583954550705775,0.3666255582259426,-0.05749483022965941,-0.10499265938658223,1.0,0.0
Milwaukee,2000-09-11 08:00:00,0.0,0.34619647541530363,0.3583954550705775,0.3666255582259426,-0.05749483022965941,-0.10499265938658223,1.0,0.0
Milwaukee,2000-09-11 09:00:00,0.0,0.34619647541530363,0.3583954550705775,0.3666255582259426,-0.05749483022965941,-0.10499265938658223,1.0,0.0
Milwaukee,2000-09-11 10:00:00,0.0,0.34619647541530363,0.3583954550705775,0.3666255582259426,-0.05749483022965941,-0.10499265938658223,1.0,0.0
Milwaukee,2000-09-11 11:00:00,0.0,0.34619647541530363,0.3583954550705775,0.3666255582259426,-0.05749483022965941,-0.10499265938658223,1.0,0.0
Milwaukee,2000-09-11 12:00:00,0.0,0.34619647541530363,0.3583954550705775,0.3666255582259426,-0.05749483022965941,-0.10499265938658223,1.0,0.0
Milwaukee,2000-09-11 13:00:00,0.0,0.34619647541530363,0.3583954550705775,0.3666255582259426,-0.05749483022965941,-0.10499265938658223,1.0,0.0
Milwaukee,2000-09-11 14:00:00,0.0,0.34619647541530363,0.3583954550705775,0.3666255582259426,-0.05749483022965941,-0.10499265938658223,1.0,0.0
Milwaukee,2000-09-11 15:00:00,0.10000000149011612,0.37493462778701603,0.37963028842970437,0.38608798432978486,0.077882847413793,0.04267897886966643,0.5479894519381427,0.05479894601038219
Milwaukee,2000-09-11 16:00:00,9.80000014603138,0.999499744285209,0.9964243172343817,0.9944055549386273,13.209517578828816,14.366827889725936,1.0876118528924907,10.658596317171869
Milwaukee,2000-09-11 17:00:00,6.70000009983778,0.9943730036294474,0.978781179067234,0.971474529660898,9.012809571881634,9.789007103782057,1.0861215945715774,7.277014792065538
Milwaukee,2000-09-11 18:00:00,2.7000000402331352,0.8793415773745441,0.8058160997574724,0.7863317621801497,3.5977024661435535,3.8821415735321287,1.079061320402482,2.9134656085007213
Milwaukee,2000-09-11 19:00:00,2.3000000342726707,0.8388099444280502,0.7618679141689338,0.7430061347251687,3.056191755569744,3.2914550205071347,1.0769792224289054,2.477052248497437
Milwaukee,2000-09-11 20:00:00,1.2000000178813934,0.6601755800539598,0.5985443956502143,0.5876076480726564,1.5670373014917685,1.6670669996884002,1.063833642059067,1.2766003894937084
Milwaukee,2000-09-11 21:00:00,0.800000011920929,0.5668587624286637,0.5238351948323483,0.518375294178048,1.0255265909179592,1.0763804466634062,1.0495880420808272,0.8396704461767263
Milwaukee,2000-09-11 22:00:00,4.300000064074993,0.9638476028189583,0.9178480882473623,0.9020630361574999,5.763745308438788,6.244887785632104,1.0834774007950814,4.658952892842657
Milwaukee,2000-09-11 23:00:00,0.800000011920929,0.5668587624286637,0.5238351948323483,0.518375294178048,1.0255265909179592,1.0763804466634062,1.0495880420808272,0.8396704461767263
Milwaukee,2000-09-12 00:00:00,4.400000065565109,0.9665194408101795,0.9222723879023521,0.9068685617526685,5.899122986082243,6.392559423888354,1.0836457281820149,4.768041275050216
Milwaukee,2000-09-12 01:00:00,2.9000000432133675,0.8958561197330512,0.8250122870779494,0.8055473839823588,3.868457821430459,4.177484850044627,1.0798837787250057,3.131663004967931
Milwaukee,2000-09-12 02:00:00,24.400000363588333,0.9999999944566168,0.9999992172605575,0.9999975271343992,32.97465850347015,35.926887062809094,1.0895302239150788,26.5845378596684
Milwaukee,2000-09-12 03:00:00,4.200000062584877,0.9609668830329627,0.9131840062241885,0.8970239064404741,5.62836763079534,6.097216147375859,1.0833009759375412,4.549864166735931
Milwaukee,2000-09-12 04:00:00,2.3000000342726707,0.8388099444280502,0.7618679141689338,0.7430061347251687,3.056191755569744,3.2914550205071347,1.0769792224289054,2.477052248497437
Milwaukee,2000-09-12 05:00:00,1.9000000283122063,0.7864086201584585,0.7098990896847307,0.6927487966650145,2.514681044995935,2.70076846748214,1.074000407668602,2.040600804977665
Milwaukee,2000-09-12 06:00:00,1.1000000163912773,0.6382630095217223,0.5805629597505817,0.5708701973896023,1.4316596238483161,1.5193953614321518,1.0612825395941536,1.1674108109493455
Milwaukee,2000-09-12 07:00:00,0.4000000059604645,0.4602572840073257,0.44284563734884813,0.44398150563378375,0.4840158803441499,0.4856938936384119,1.0034668558665243,0.40138674832773824
Milwaukee,2000-09-12 08:00:00,0.20000000298023224,0.4036312859866724,0.40082695074191593,0.4055009521190948,0.2132605250572452,0.1903506171259148,0.8925731429893989,0.17851463125795505
Milwaukee,2000-09-12 09:00:00,0.10000000149011612,0.37493462778701603,0.37963028842970437,0.38608798432978486,0.077882847413793,0.04267897886966643,0.5479894519381427,0.05479894601038219
Milwaukee,2000-09-12 10:00:00,0.10000000149011612,0.37493462778701603,0.37963028842970437,0.38608798432978486,0.077882847413793,0.04267897886966643,0.5479894519381427,0.05479894601038219
Milwaukee,2000-09-12 11:00:00,0.0,0.34619647541530363,0.3583954550705775,0.3666255582259426,-0.05749483022965941,-0.10499265938658223,1.0,0.0
Milwaukee,2000-09-12 12:00:00,0.0,0.34619647541530363,0.3583954550705775,0.3666255582259426,-0.05749483022965941,-0.10499265938658223,1.0,0.0
Milwaukee,2000-09-12 13:00:00,0.0,0.34619647541530363,0.3583954550705775,0.3666255582259426,-0.05749483022965941,-0.10499265938658223,1.0,0.0
Milwaukee,2000-09-12 14:00:00,0.0,0.34619647541530363,0.3583954550705775,0.3666255582259426,-0.05749483022965941,-0.10499265938658223,1.0,0.0
Milwaukee,2000-09-12 15:00:00,0.0,0.34619647541530363,0.3583954550705775,0.3666255582259426,-0.05749483022965941,-0.10499265938658223,1.0,0.0
Milwaukee,2000-09-12 16:00:00,0.0,0.34619647541530363,0.3583954550705775,0.3666255582259426,-0.05749483022965941,-0.10499265938658223,1.0,0.0
Milwaukee,2000-09-12 17:00:00,0.0,0.34619647541530363,0.3583954550705775,0.3666255582259426,-0.05749483022965941,-0.10499265938658223,1.0,0.0
Milwaukee,2000-09-12 18:00:00,0.0,0.34619647541530363,0.3583954550705775,0.3666255582259426,-0.05749483022965941,-0.10499265938658223,1.0,0.0
Milwaukee,2000-09-12 19:00:00,0.0,0.34619647541530363,0.3583954550705775,0.3666255582259426,-0.05749483022965941,-0.10499265938658223,1.0,0.0
Milwaukee,2000-09-12 20:00:00,0.0,0.34619647541530363,0.3583954550705775,0.3666255582259426,-0.05749483022965941,-0.10499265938658223,1.0,0.0
Milwaukee,2000-09-12 21:00:00,0.0,0.34619647541530363,0.3583954550705775,0.3666255582259426,-0.05749483022965941,-0.10499265938658223,1.0,0.0
Milwaukee,2000-09-12 22:00:00,0.0,0.34619647541530363,0.3583954550705775,0.3666255582259426,-0.05749483022965941,-0.10499265938658223,1.0,0.0
Milwaukee,2000-09-12 23:00:00,0.0,0.34619647541530363,0.3583954550705775,0.3666255582259426,-0.05749483022965941,-0.10499265938658223,1.0,0.0
Milwaukee,2000-09-13 00:00:00,0.0,0.34619647541530363,0.3583954550705775,0.3666255582259426,-0.05749483022965941,-0.10499265938658223,1.0,0.0
Milwaukee,2000-09-13 01:00:00,0.0,0.34619647541530363,0.3583954550705775,0.3666255582259426,-0.05749483022965941,-0.10499265938658223,1.0,0.0
Milwaukee,2000-09-13 02:00:00,0.0,0.34619647541530363,0.3583954550705775,0.3666255582259426,-0.05749483022965941,-0.10499265938658223,1.0,0.0
Milwaukee,2000-09-13 03:00:00,0.0,0.34619647541530363,0.3583954550705775,0.3666255582259426,-0.05749483022965941,-0.10499265938658223,1.0,0.0
Milwaukee,2000-09-13 04:00:00,0.0,0.34619647541530363,0.3583954550705775,0.3666255582259426,-0.05749483022965941,-0.10499265938658223,1.0,0.0
Milwaukee,2000-09-13 05:00:00,0.0,0.34619647541530363,0.3583954550705775,0.3666255582259426,-0.05749483022965941,-0.10499265938658223,1.0,0.0
Milwaukee,2000-09-13 06:00:00,0.0,0.34619647541530363,0.3583954550705775,0.3666255582259426,-0.05749483022965941,-0.10499265938658223,1.0,0.0
Milwaukee,2000-09-13 07:00:00,0.0,0.34619647541530363,0.3583954550705775,0.3666255582259426,-0.05749483022965941,-0.10499265938658223,1.0,0.0
Milwaukee,2000-09-13 08:00:00,0.0,0.34619647541530363,0.3583954550705775,0.3666255582259426,-0.05749483022965941,-0.10499265938658223,1.0,0.0
Milwaukee,2000-09-13 09:00:00,0.0,0.34619647541530363,0.3583954550705775,0.3666255582259426,-0.05749483022965941,-0.10499265938658223,1.0,0.0
Milwaukee,2000-09-13 10:00:00,0.0,0.34619647541530363,0.3583954550705775,0.3666255582259426,-0.05749483022965941,-0.10499265938658223,1.0,0.0
Milwaukee,2000-09-13 11:00:00,0.0,0.34619647541530363,0.3583954550705775,0.3666255582259426,-0.05749483022965941,-0.10499265938658223,1.0,0.0
Milwaukee,2000-09-13 12:00:00,0.0,0.34619647541530363,0.3583954550705775,0.3666255582259426,-0.05749483022965941,-0.10499265938658223,1.0,0.0
Milwaukee,2000-09-13 13:00:00,0.0,0.34619647541530363,0.3583954550705775,0.3666255582259426,-0.05749483022965941,-0.10499265938658223,1.0,0.0
Milwaukee,2000-09-13 14:00:00,0.0,0.34619647541530363,0.3583954550705775,0.3666255582259426,-0.05749483022965941,-0.10499265938658223,1.0,0.0
Milwaukee,2000-09-13 15:00:00,0.0,0.34619647541530363,0.3583954550705775,0.3666255582259426,-0.05749483022965941,-0.10499265938658223,1.0,0.0
Milwaukee,2000-09-13 16:00:00,0.0,0.34619647541530363,0.3583954550705775,0.3666255582259426,-0.05749483022965941,-0.10499265938658223,1.0,0.0
Milwaukee,2000-09-13 17:00:00,0.0,0.34619647541530363,0.3583954550705775,0.3666255582259426,-0.05749483022965941,-0.10499265938658223,1.0,0.0
Milwaukee,2000-09-13 18:00:00,0.0,0.34619647541530363,0.3583954550705775,0.3666255582259426,-0.05749483022965941,-0.10499265938658223,1.0,0.0
Milwaukee,2000-09-13 19:00:00,0.0,0.34619647541530363,0.3583954550705775,0.3666255582259426,-0.05749483022965941,-0.10499265938658223,1.0,0.0
Milwaukee,2000-09-13 20:00:00,0.0,0.34619647541530363,0.3583954550705775,0.3666255582259426,-0.05749483022965941,-0.10499265938658223,1.0,0.0
Milwaukee,2000-09-13 21:00:00,0.0,0.34619647541530363,0.3583954550705775,0.3666255582259426,-0.05749483022965941,-0.10499265938658223,1.0,0.0
Milwaukee,2000-09-13 22:00:00,0.0,0.34619647541530363,0.3583954550705775,0.3666255582259426,-0.05749483022965941,-0.10499265938658223,1.0,0.0
Milwaukee,2000-09-13 23:00:00,0.0,0.34619647541530363,0.3583954550705775,0.3666255582259426,-0.05749483022965941,-0.10499265938658223,1.0,0.0
Milwaukee,2000-09-14 00:00:00,0.0,0.34619647541530363,0.3583954550705775,0.3666255582259426,-0.05749483022965941,-0.10499265938658223,1.0,0.0
Milwaukee,2000-09-14 01:00:00,0.0,0.34619647541530363,0.3583954550705775,0.3666255582259426,-0.05749483022965941,-0.10499265938658223,1.0,0.0
Milwaukee,2000-09-14 02:00:00,0.0,0.34619647541530363,0.3583954550705775,0.3666255582259426,-0.05749483022965941,-0.10499265938658223,1.0,0.0
Milwaukee,2000-09-14 03:00:00,0.0,0.34619647541530363,0.3583954550705775,0.3666255582259426,-0.05749483022965941,-0.10499265938658223,1.0,0.0
Milwaukee,2000-09-14 04:00:00,0.0,0.34619647541530363,0.3583954550705775,0.3666255582259426,-0.05749483022965941,-0.10499265938658223,1.0,0.0
Milwaukee,2000-09-14 05:00:00,0.10000000149011612,0.37493462778701603,0.37963028842970437,0.38608798432978486,0.077882847413793,0.04267897886966643,0.5479894519381427,0.05479894601038219
Milwaukee,2000-09-14 06:00:00,1.0000000149011612,0.6153868482101035,0.562101850089929,0.5537391217635472,1.296281946204864,1.3717237231759034,1.0581985864972592,1.0581986022656469
Milwaukee,2000-09-14 07:00:00,3.500000052154064,0.9335051409454329,0.8728052384858033,0.8543593819860247,4.680723887291172,5.063514679582117,1.081780254829873,3.786230948323792
Milwaukee,2000-09-14 08:00:00,3.200000047683716,0.9166861556275947,0.8506387739112362,0.8315298808812748,4.274590854360816,4.620499764813372,1.0809221097967003,3.458950802891824
Milwaukee,2000-09-14 09:00:00,3.8000000566244125,0.9470271918910264,0.8918932473426652,0.8743321310747451,5.08685692022153,5.506529594350864,1.0825013718119396,4.1135052741813745
Milwaukee,2000-09-14 10:00:00,1.8000000268220901,0.7711974276738451,0.6955899734777475,0.6790646040718362,2.379303367352482,2.553096829225891,1.0730438431089155,1.9314789463773268
Milwaukee,2000-09-14 11:00:00,1.5000000223517418,0.7200313458541969,0.6494463612445387,0.6353129630463814,1.9731703344221256,2.110081914457146,1.0693865996496026,1.604079923377057
Milwaukee,2000-09-14 12:00:00,3.500000052154064,0.9335051409454329,0.8728052384858033,0.8543593819860247,4.680723887291172,5.063514679582117,1.081780254829873,3.786230948323792
Milwaukee,2000-09-14 13:00:00,2.9000000432133675,0.8958561197330512,0.8250122870779494,0.8055473839823588,3.868457821430459,4.177484850044627,1.0798837787250057,3.131663004967931
Milwaukee,2000-09-14 14:00:00,0.9000000134110451,0.5915727882419518,0.543183605811401,0.5362334205342039,1.1609042685614115,1.2240520849196546,1.05439536925512,0.9489558464701519
Milwaukee,2000-09-14 15:00:00,0.0,0.34619647541530363,0.3583954550705775,0.3666255582259426,-0.05749483022965941,-0.10499265938658223,1.0,0.0
Milwaukee,2000-09-14 16:00:00,0.0,0.34619647541530363,0.3583954550705775,0.3666255582259426,-0.05749483022965941,-0.10499265938658223,1.0,0.0
Milwaukee,2000-09-14 17:00:00,0.0,0.34619647541530363,0.3583954550705775,0.3666255582259426,-0.05749483022965941,-0.10499265938658223,1.0,0.0
Milwaukee,2000-09-14 18:00:00,0.0,0.34619647541530363,0.3583954550705775,0.3666255582259426,-0.05749483022965941,-0.10499265938658223,1.0,0.0
Milwaukee,2000-09-14 19:00:00,0.0,0.34619647541530363,0.3583954550705775,0.3666255582259426,-0.05749483022965941,-0.10499265938658223,1.0,0.0
Milwaukee,2000-09-14 20:00:00,0.0,0.34619647541530363,0.3583954550705775,0.3666255582259426,-0.05749483022965941,-0.10499265938658223,1.0,0.0
Milwaukee,2000-09-14 21:00:00,0.0,0.34619647541530363,0.3583954550705775,0.3666255582259426,-0.05749483022965941,-0.10499265938658223,1.0,0.0
Milwaukee,2000-09-14 22:00:00,0.6000000089406967,0.5149511800867037,0.4839791863801989,0.48170736485828647,0.7547712356310545,0.7810371701509091,1.0347998615738105,0.6208799261961181
Milwaukee,2000-09-14 23:00:00,0.30000000447034836,0.4321218104209064,0.4219192462835154,0.42481437583882836,0.3486382027006978,0.3380222553821637,0.9695502465412611,0.2908650782966057
Milwaukee,2000-09-15 00:00:00,0.0,0.34619647541530363,0.3583954550705775,0.3666255582259426,-0.05749483022965941,-0.10499265938658223,1.0,0.0
Milwaukee,2000-09-15 01:00:00,0.0,0.34619647541530363,0.3583954550705775,0.3666255582259426,-0.05749483022965941,-0.10499265938658223,1.0,0.0
Milwaukee,2000-09-15 02:00:00,0.0,0.34619647541530363,0.3583954550705775,0.3666255582259426,-0.05749483022965941,-0.10499265938658223,1.0,0.0
Milwaukee,2000-09-15 03:00:00,0.0,0.34619647541530363,0.3583954550705775,0.3666255582259426,-0.05749483022965941,-0.10499265938658223,1.0,0.0
Milwaukee,2000-09-15 04:00:00,0.0,0.34619647541530363,0.3583954550705775,0.3666255582259426,-0.05749483022965941,-0.10499265938658223,1.0,0.0
Milwaukee,2000-09-15 05:00:00,0.10000000149011612,0.37493462778701603,0.37963028842970437,0.38608798432978486,0.077882847413793,0.04267897886966643,0.5479894519381427,0.05479894601038219
Milwaukee,2000-09-15 06:00:00,0.0,0.34619647541530363,0.3583954550705775,0.3666255582259426,-0.05749483022965941,-0.10499265938658223,1.0,0.0
Milwaukee,2000-09-15 07:00:00,0.0,0.34619647541530363,0.3583954550705775,0.3666255582259426,-0.05749483022965941,-0.10499265938658223,1.0,0.0
Milwaukee,2000-09-15 08:00:00,0.0,0.34619647541530363,0.3583954550705775,0.3666255582259426,-0.05749483022965941,-0.10499265938658223,1.0,0.0
Milwaukee,2000-09-15 09:00:00,0.0,0.34619647541530363,0.3583954550705775,0.3666255582259426,-0.05749483022965941,-0.10499265938658223,1.0,0.0
Milwaukee,2000-09-15 10:00:00,0.0,0.34619647541530363,0.3583954550705775,0.3666255582259426,-0.05749483022965941,-0.10499265938658223,1.0,0.0
Milwaukee,2000-09-15 11:00:00,0.0,0.34619647541530363,0.3583954550705775,0.3666255582259426,-0.05749483022965941,-0.10499265938658223,1.0,0.0
Milwaukee,2000-09-15 12:00:00,0.0,0.34619647541530363,0.3583954550705775,0.3666255582259426,-0.05749483022965941,-0.10499265938658223,1.0,0.0
Milwaukee,2000-09-15 13:00:00,0.0,0.34619647541530363,0.3583954550705775,0.3666255582259426,-0.05749483022965941,-0.10499265938658223,1.0,0.0
Milwaukee,2000-09-15 14:00:00,0.0,0.34619647541530363,0.3583954550705775,0.3666255582259426,-0.05749483022965941,-0.10499265938658223,1.0,0.0
Milwaukee,2000-09-15 15:00:00,0.0,0.34619647541530363,0.3583954550705775,0.3666255582259426,-0.05749483022965941,-0.10499265938658223,1.0,0.0
Milwaukee,2000-09-15 16:00:00,0.0,0.34619647541530363,0.3583954550705775,0.3666255582259426,-0.05749483022965941,-0.10499265938658223,1.0,0.0
Milwaukee,2000-09-15 17:00:00,0.0,0.34619647541530363,0.3583954550705775,0.3666255582259426,-0.05749483022965941,-0.10499265938658223,1.0,0.0
Milwaukee,2000-09-15 18:00:00,0.0,0.34619647541530363,0.3583954550705775,0.3666255582259426,-0.05749483022965941,-0.10499265938658223,1.0,0.0
Milwaukee,2000-09-15 19:00:00,0.0,0.34619647541530363,0.3583954550705775,0.3666255582259426,-0.05749483022965941,-0.10499265938658223,1.0,0.0
Milwaukee,2000-09-15 20:00:00,0.0,0.34619647541530363,0.3583954550705775,0.3666255582259426,-0.05749483022965941,-0.10499265938658223,1.0,0.0
Milwaukee,2000-09-15 21:00:00,0.0,0.34619647541530363,0.3583954550705775,0.3666255582259426,-0.05749483022965941,-0.10499265938658223,1.0,0.0
Milwaukee,2000-09-15 22:00:00,0.0,0.34619647541530363,0.3583954550705775,0.3666255582259426,-0.05749483022965941,-0.10499265938658223,1.0,0.0
Milwaukee,2000-09-15 23:00:00,0.0,0.34619647541530363,0.3583954550705775,0.3666255582259426,-0.05749483022965941,-0.10499265938658223,1.0,0.0
Milwaukee,2000-09-16 00:00:00,0.0,0.34619647541530363,0.3583954550705775,0.3666255582259426,-0.05749483022965941,-0.10499265938658223,1.0,0.0
Milwaukee,2000-09-16 01:00:00,0.0,0.34619647541530363,0.3583954550705775,0.3666255582259426,-0.05749483022965941,-0.10499265938658223,1.0,0.0
Milwaukee,2000-09-16 02:00:00,0.0,0.34619647541530363,0.3583954550705775,0.3666255582259426,-0.05749483022965941,-0.10499265938658223,1.0,0.0
Milwaukee,2000-09-16 03:00:00,0.0,0.34619647541530363,0.3583954550705775,0.3666255582259426,-0.05749483022965941,-0.10499265938658223,1.0,0.0
Milwaukee,2000-09-16 04:00:00,0.0,0.34619647541530363,0.3583954550705775,0.3666255582259426,-0.05749483022965941,-0.10499265938658223,1.0,0.0
Milwaukee,2000-09-16 05:00:00,0.0,0.34619647541530363,0.3583954550705775,0.3666255582259426,-0.05749483022965941,-0.10499265938658223,1.0,0.0
Milwaukee,2000-09-16 06:00:00,0.0,0.34619647541530363,0.3583954550705775,0.3666255582259426,-0.05749483022965941,-0.10499265938658223,1.0,0.0
Milwaukee,2000-09-16 07:00:00,0.0,0.34619647541530363,0.3583954550705775,0.3666255582259426,-0.05749483022965941,-0.10499265938658223,1.0,0.0
Milwaukee,2000-09-16 08:00:00,0.0,0.34619647541530363,0.3583954550705775,0.3666255582259426,-0.05749483022965941,-0.10499265938658223,1.0,0.0
Milwaukee,2000-09-16 09:00:00,0.0,0.34619647541530363,0.3583954550705775,0.3666255582259426,-0.05749483022965941,-0.10499265938658223,1.0,0.0
Milwaukee,2000-09-16 10:00:00,0.0,0.34619647541530363,0.3583954550705775,0.3666255582259426,-0.05749483022965941,-0.10499265938658223,1.0,0.0
Milwaukee,2000-09-16 11:00:00,0.0,0.34619647541530363,0.3583954550705775,0.3666255582259426,-0.05749483022965941,-0.10499265938658223,1.0,0.0
Milwaukee,2000-09-16 12:00:00,0.0,0.34619647541530363,0.3583954550705775,0.3666255582259426,-0.05749483022965941,-0.10499265938658223,1.0,0.0
Milwaukee,2000-09-16 13:00:00,0.0,0.34619647541530363,0.3583954550705775,0.3666255582259426,-0.05749483022965941,-0.10499265938658223,1.0,0.0
Milwaukee,2000-09-16 14:00:00,0.0,0.34619647541530363,0.3583954550705775,0.3666255582259426,-0.05749483022965941,-0.10499265938658223,1.0,0.0
Milwaukee,2000-09-16 15:00:00,0.0,0.34619647541530363,0.3583954550705775,0.3666255582259426,-0.05749483022965941,-0.10499265938658223,1.0,0.0
Milwaukee,2000-09-16 16:00:00,0.0,0.34619647541530363,0.3583954550705775,0.3666255582259426,-0.05749483022965941,-0.10499265938658223,1.0,0.0
Milwaukee,2000-09-16 17:00:00,0.0,0.34619647541530363,0.3583954550705775,0.3666255582259426,-0.05749483022965941,-0.10499265938658223,1.0,0.0
Milwaukee,2000-09-16 18:00:00,0.0,0.34619647541530363,0.3583954550705775,0.3666255582259426,-0.05749483022965941,-0.10499265938658223,1.0,0.0
Milwaukee,2000-09-16 19:00:00,0.0,0.34619647541530363,0.3583954550705775,0.3666255582259426,-0.05749483022965941,-0.10499265938658223,1.0,0.0
Milwaukee,2000-09-16 20:00:00,0.0,0.34619647541530363,0.3583954550705775,0.3666255582259426,-0.05749483022965941,-0.10499265938658223,1.0,0.0
Milwaukee,2000-09-16 21:00:00,0.0,0.34619647541530363,0.3583954550705775,0.3666255582259426,-0.05749483022965941,-0.10499265938658223,1.0,0.0
Milwaukee,2000-09-16 22:00:00,0.0,0.34619647541530363,0.3583954550705775,0.3666255582259426,-0.05749483022965941,-0.10499265938658223,1.0,0.0
Milwaukee,2000-09-16 23:00:00,0.0,0.34619647541530363,0.3583954550705775,0.3666255582259426,-0.05749483022965941,-0.10499265938658223,1.0,0.0
Milwaukee,2000-09-17 00:00:00,0.0,0.34619647541530363,0.3583954550705775,0.3666255582259426,-0.05749483022965941,-0.10499265938658223,1.0,0.0
Milwaukee,2000-09-17 01:00:00,0.0,0.34619647541530363,0.3583954550705775,0.3666255582259426,-0.05749483022965941,-0.10499265938658223,1.0,0.0
Milwaukee,2000-09-17 02:00:00,0.0,0.34619647541530363,0.3583954550705775,0.3666255582259426,-0.05749483022965941,-0.10499265938658223,1.0,0.0
Milwaukee,2000-09-17 03:00:00,0.0,0.34619647541530363,0.3583954550705775,0.3666255582259426,-0.05749483022965941,-0.10499265938658223,1.0,0.0
Milwaukee,2000-09-17 04:00:00,0.0,0.34619647541530363,0.3583954550705775,0.3666255582259426,-0.05749483022965941,-0.10499265938658223,1.0,0.0
Milwaukee,2000-09-17 05:00:00,0.0,0.34619647541530363,0.3583954550705775,0.3666255582259426,-0.05749483022965941,-0.10499265938658223,1.0,0.0
Milwaukee,2000-09-17 06:00:00,0.0,0.34619647541530363,0.3583954550705775,0.3666255582259426,-0.05749483022965941,-0.10499265938658223,1.0,0.0
Milwaukee,2000-09-17 07:00:00,0.0,0.34619647541530363,0.3583954550705775,0.3666255582259426,-0.05749483022965941,-0.10499265938658223,1.0,0.0
Milwaukee,2000-09-17 08:00:00,0.0,0.34619647541530363,0.3583954550705775,0.3666255582259426,-0.05749483022965941,-0.10499265938658223,1.0,0.0
Milwaukee,2000-09-17 09:00:00,0.0,0.34619647541530363,0.3583954550705775,0.3666255582259426,-0.05749483022965941,-0.10499265938658223,1.0,0.0
Milwaukee,2000-09-17 10:00:00,0.0,0.34619647541530363,0.3583954550705775,0.3666255582259426,-0.05749483022965941,-0.10499265938658223,1.0,0.0
Milwaukee,2000-09-17 11:00:00,0.0,0.34619647541530363,0.3583954550705775,0.3666255582259426,-0.05749483022965941,-0.10499265938658223,1.0,0.0
Milwaukee,2000-09-17 12:00:00,0.0,0.34619647541530363,0.3583954550705775,0.3666255582259426,-0.05749483022965941,-0.10499265938658223,1.0,0.0
Milwaukee,2000-09-17 13:00:00,0.0,0.34619647541530363,0.3583954550705775,0.3666255582259426,-0.05749483022965941,-0.10499265938658223,1.0,0.0
Milwaukee,2000-09-17 14:00:00,0.0,0.34619647541530363,0.3583954550705775,0.3666255582259426,-0.05749483022965941,-0.10499265938658223,1.0,0.0
Milwaukee,2000-09-17 15:00:00,0.0,0.34619647541530363,0.3583954550705775,0.3666255582259426,-0.05749483022965941,-0.10499265938658223,1.0,0.0
Milwaukee,2000-09-17 16:00:00,0.0,0.34619647541530363,0.3583954550705775,0.3666255582259426,-0.05749483022965941,-0.10499265938658223,1.0,0.0
Milwaukee,2000-09-17 17:00:00,0.0,0.34619647541530363,0.3583954550705775,0.3666255582259426,-0.05749483022965941,-0.10499265938658223,1.0,0.0
Milwaukee,2000-09-17 18:00:00,0.0,0.34619647541530363,0.3583954550705775,0.3666255582259426,-0.05749483022965941,-0.10499265938658223,1.0,0.0
Milwaukee,2000-09-17 19:00:00,0.0,0.34619647541530363,0.3583954550705775,0.3666255582259426,-0.05749483022965941,-0.10499265938658223,1.0,0.0
Milwaukee,2000-09-17 20:00:00,0.0,0.34619647541530363,0.3583954550705775,0.3666255582259426,-0.05749483022965941,-0.10499265938658223,1.0,0.0
Milwaukee,2000-09-17 21:00:00,0.0,0.34619647541530363,0.3583954550705775,0.3666255582259426,-0.05749483022965941,-0.10499265938658223,1.0,0.0
Milwaukee,2000-09-17 22:00:00,0.0,0.34619647541530363,0.3583954550705775,0.3666255582259426,-0.05749483022965941,-0.10499265938658223,1.0,0.0
Milwaukee,2000-09-17 23:00:00,0.0,0.34619647541530363,0.3583954550705775,0.3666255582259426,-0.05749483022965941,-0.10499265938658223,1.0,0.0
Milwaukee,2000-09-18 00:00:00,0.0,0.34619647541530363,0.3583954550705775,0.3666255582259426,-0.05749483022965941,-0.10499265938658223,1.0,0.0
Milwaukee,2000-09-18 01:00:00,0.0,0.34619647541530363,0.3583954550705775,0.3666255582259426,-0.05749483022965941,-0.10499265938658223,1.0,0.0
Milwaukee,2000-09-18 02:00:00,0.0,0.34619647541530363,0.3583954550705775,0.3666255582259426,-0.05749483022965941,-0.10499265938658223,1.0,0.0
Milwaukee,2000-09-18 03:00:00,0.0,0.34619647541530363,0.3583954550705775,0.3666255582259426,-0.05749483022965941,-0.10499265938658223,1.0,0.0
Milwaukee,2000-09-18 04:00:00,0.0,0.34619647541530363,0.3583954550705775,0.3666255582259426,-0.05749483022965941,-0.10499265938658223,1.0,0.0
Milwaukee,2000-09-18 05:00:00,0.0,0.34619647541530363,0.3583954550705775,0.3666255582259426,-0.05749483022965941,-0.10499265938658223,1.0,0.0
Milwaukee,2000-09-18 06:00:00,0.0,0.34619647541530363,0.3583954550705775,0.3666255582259426,-0.05749483022965941,-0.10499265938658223,1.0,0.0
Milwaukee,2000-09-18 07:00:00,0.0,0.34619647541530363,0.3583954550705775,0.3666255582259426,-0.05749483022965941,-0.10499265938658223,1.0,0.0
Milwaukee,2000-09-18 08:00:00,0.0,0.34619647541530363,0.3583954550705775,0.3666255582259426,-0.05749483022965941,-0.10499265938658223,1.0,0.0
Milwaukee,2000-09-18 09:00:00,0.0,0.34619647541530363,0.3583954550705775,0.3666255582259426,-0.05749483022965941,-0.10499265938658223,1.0,0.0
Milwaukee,2000-09-18 10:00:00,0.0,0.34619647541530363,0.3583954550705775,0.3666255582259426,-0.05749483022965941,-0.10499265938658223,1.0,0.0
Milwaukee,2000-09-18 11:00:00,0.0,0.34619647541530363,0.3583954550705775,0.3666255582259426,-0.05749483022965941,-0.10499265938658223,1.0,0.0
Milwaukee,2000-09-18 12:00:00,0.0,0.34619647541530363,0.3583954550705775,0.3666255582259426,-0.05749483022965941,-0.10499265938658223,1.0,0.0
Milwaukee,2000-09-18 13:00:00,0.0,0.34619647541530363,0.3583954550705775,0.3666255582259426,-0.05749483022965941,-0.10499265938658223,1.0,0.0
Milwaukee,2000-09-18 14:00:00,0.0,0.34619647541530363,0.3583954550705775,0.3666255582259426,-0.05749483022965941,-0.10499265938658223,1.0,0.0
Milwaukee,2000-09-18 15:00:00,0.0,0.34619647541530363,0.3583954550705775,0.3666255582259426,-0.05749483022965941,-0.10499265938658223,1.0,0.0
Milwaukee,2000-09-18 16:00:00,0.0,0.34619647541530363,0.3583954550705775,0.3666255582259426,-0.05749483022965941,-0.10499265938658223,1.0,0.0
Milwaukee,2000-09-18 17:00:00,0.0,0.34619647541530363,0.3583954550705775,0.3666255582259426,-0.05749483022965941,-0.10499265938658223,1.0,0.0
Milwaukee,2000-09-18 18:00:00,0.0,0.34619647541530363,0.3583954550705775,0.3666255582259426,-0.05749483022965941,-0.10499265938658223,1.0,0.0
Milwaukee,2000-09-18 19:00:00,0.0,0.34619647541530363,0.3583954550705775,0.3666255582259426,-0.05749483022965941,-0.10499265938658223,1.0,0.0
Milwaukee,2000-09-18 20:00:00,0.0,0.34619647541530363,0.3583954550705775,0.3666255582259426,-0.05749483022965941,-0.10499265938658223,1.0,0.0
Milwaukee,2000-09-18 21:00:00,0.0,0.34619647541530363,0.3583954550705775,0.3666255582259426,-0.05749483022965941,-0.10499265938658223,1.0,0.0
Milwaukee,2000-09-18 22:00:00,0.0,0.34619647541530363,0.3583954550705775,0.3666255582259426,-0.05749483022965941,-0.10499265938658223,1.0,0.0
Milwaukee,2000-09-18 23:00:00,0.0,0.34619647541530363,0.3583954550705775,0.3666255582259426,-0.05749483022965941,-0.10499265938658223,1.0,0.0
Milwaukee,2000-09-19 00:00:00,0.0,0.34619647541530363,0.3583954550705775,0.3666255582259426,-0.05749483022965941,-0.10499265938658223,1.0,0.0
Milwaukee,2000-09-19 01:00:00,0.0,0.34619647541530363,0.3583954550705775,0.3666255582259426,-0.05749483022965941,-0.10499265938658223,1.0,0.0
Milwaukee,2000-09-19 02:00:00,0.0,0.34619647541530363,0.3583954550705775,0.3666255582259426,-0.05749483022965941,-0.10499265938658223,1.0,0.0
Milwaukee,2000-09-19 03:00:00,0.0,0.34619647541530363,0.3583954550705775,0.3666255582259426,-0.05749483022965941,-0.10499265938658223,1.0,0.0
Milwaukee,2000-09-19 04:00:00,0.0,0.34619647541530363,0.3583954550705775,0.3666255582259426,-0.05749483022965941,-0.10499265938658223,1.0,0.0
Milwaukee,2000-09-19 05:00:00,0.0,0.34619647541530363,0.3583954550705775,0.3666255582259426,-0.05749483022965941,-0.10499265938658223,1.0,0.0
Milwaukee,2000-09-19 06:00:00,0.0,0.34619647541530363,0.3583954550705775,0.3666255582259426,-0.05749483022965941,-0.10499265938658223,1.0,0.0
Milwaukee,2000-09-19 07:00:00,0.0,0.34619647541530363,0.3583954550705775,0.3666255582259426,-0.05749483022965941,-0.10499265938658223,1.0,0.0
Milwaukee,2000-09-19 08:00:00,0.0,0.34619647541530363,0.3583954550705775,0.3666255582259426,-0.05749483022965941,-0.10499265938658223,1.0,0.0
Milwaukee,2000-09-19 09:00:00,0.0,0.34619647541530363,0.3583954550705775,0.3666255582259426,-0.05749483022965941,-0.10499265938658223,1.0,0.0
Milwaukee,2000-09-19 10:00:00,0.0,0.34619647541530363,0.3583954550705775,0.3666255582259426,-0.05749483022965941,-0.10499265938658223,1.0,0.0
Milwaukee,2000-09-19 11:00:00,0.0,0.34619647541530363,0.3583954550705775,0.3666255582259426,-0.05749483022965941,-0.10499265938658223,1.0,0.0
Milwaukee,2000-09-19 12:00:00,0.0,0.34619647541530363,0.3583954550705775,0.3666255582259426,-0.05749483022965941,-0.10499265938658223,1.0,0.0
Milwaukee,2000-09-19 13:00:00,0.0,0.34619647541530363,0.3583954550705775,0.3666255582259426,-0.05749483022965941,-0.10499265938658223,1.0,0.0
Milwaukee,2000-09-19 14:00:00,0.0,0.34619647541530363,0.3583954550705775,0.3666255582259426,-0.05749483022965941,-0.10499265938658223,1.0,0.0
Milwaukee,2000-09-19 15:00:00,0.0,0.34619647541530363,0.3583954550705775,0.3666255582259426,-0.05749483022965941,-0.10499265938658223,1.0,0.0
Milwaukee,2000-09-19 16:00:00,0.0,0.34619647541530363,0.3583954550705775,0.3666255582259426,-0.05749483022965941,-0.10499265938658223,1.0,0.0
Milwaukee,2000-09-19 17:00:00,0.0,0.34619647541530363,0.3583954550705775,0.3666255582259426,-0.05749483022965941,-0.10499265938658223,1.0,0.0
Milwaukee,2000-09-19 18:00:00,0.10000000149011612,0.37493462778701603,0.37963028842970437,0.38608798432978486,0.077882847413793,0.04267897886966643,0.5479894519381427,0.05479894601038219
Milwaukee,2000-09-19 19:00:00,0.0,0.34619647541530363,0.3583954550705775,0.3666255582259426,-0.05749483022965941,-0.10499265938658223,1.0,0.0
Milwaukee,2000-09-19 20:00:00,0.0,0.34619647541530363,0.3583954550705775,0.3666255582259426,-0.05749483022965941,-0.10499265938658223,1.0,0.0
Milwaukee,2000-09-19 21:00:00,0.20000000298023224,0.4036312859866724,0.40082695074191593,0.4055009521190948,0.2132605250572452,0.1903506171259148,0.8925731429893989,0.17851463125795505
Milwaukee,2000-09-19 22:00:00,0.20000000298023224,0.4036312859866724,0.40082695074191593,0.4055009521190948,0.2132605250572452,0.1903506171259148,0.8925731429893989,0.17851463125795505
Milwaukee,2000-09-19 23:00:00,0.10000000149011612,0.37493462778701603,0.37963028842970437,0.38608798432978486,0.077882847413793,0.04267897886966643,0.5479894519381427,0.05479894601038219
Milwaukee,2000-09-20 00:00:00,0.4000000059604645,0.4602572840073257,0.44284563734884813,0.44398150563378375,0.4840158803441499,0.4856938936384119,1.0034668558665243,0.40138674832773824
Milwaukee,2000-09-20 01:00:00,0.30000000447034836,0.4321218104209064,0.4219192462835154,0.42481437583882836,0.3486382027006978,0.3380222553821637,0.9695502465412611,0.2908650782966057
Milwaukee,2000-09-20 02:00:00,0.30000000447034836,0.4321218104209064,0.4219192462835154,0.42481437583882836,0.3486382027006978,0.3380222553821637,0.9695502465412611,0.2908650782966057
Milwaukee,2000-09-20 03:00:00,0.20000000298023224,0.4036312859866724,0.40082695074191593,0.4055009521190948,0.2132605250572452,0.1903506171259148,0.8925731429893989,0.17851463125795505
Milwaukee,2000-09-20 04:00:00,0.0,0.34619647541530363,0.3583954550705775,0.3666255582259426,-0.05749483022965941,-0.10499265938658223,1.0,0.0
Milwaukee,2000-09-20 05:00:00,0.30000000447034836,0.4321218104209064,0.4219192462835154,0.42481437583882836,0.3486382027006978,0.3380222553821637,0.9695502465412611,0.2908650782966057
Milwaukee,2000-09-20 06:00:00,0.0,0.34619647541530363,0.3583954550705775,0.3666255582259426,-0.05749483022965941,-0.10499265938658223,1.0,0.0
Milwaukee,2000-09-20 07:00:00,0.10000000149011612,0.37493462778701603,0.37963028842970437,0.38608798432978486,0.077882847413793,0.04267897886966643,0.5479894519381427,0.05479894601038219
Milwaukee,2000-09-20 08:00:00,0.20000000298023224,0.4036312859866724,0.40082695074191593,0.4055009521190948,0.2132605250572452,0.1903506171259148,0.8925731429893989,0.17851463125795505
Milwaukee,2000-09-20 09:00:00,0.10000000149011612,0.37493462778701603,0.37963028842970437,0.38608798432978486,0.077882847413793,0.04267897886966643,0.5479894519381427,0.05479894601038219
Milwaukee,2000-09-20 10:00:00,0.0,0.34619647541530363,0.3583954550705775,0.3666255582259426,-0.05749483022965941,-0.10499265938658223,1.0,0.0
Milwaukee,2000-09-20 11:00:00,0.0,0.34619647541530363,0.3583954550705775,0.3666255582259426,-0.05749483022965941,-0.10499265938658223,1.0,0.0
Milwaukee,2000-09-20 12:00:00,0.9000000134110451,0.5915727882419518,0.543183605811401,0.5362334205342039,1.1609042685614115,1.2240520849196546,1.05439536925512,0.9489558464701519
Milwaukee,2000-09-20 13:00:00,2.600000038743019,0.8701982627178487,0.7955428773150836,0.77612559840673,3.4623247885001014,3.7344699352758806,1.078601853783242,2.8043648616247214
Milwaukee,2000-09-20 14:00:00,1.4000000208616257,0.7010606324789257,0.6329987244436568,0.619840749115852,1.8377926567786733,1.9624102762008975,1.067808312848881,1.4949316602646505
Milwaukee,2000-09-20 15:00:00,1.4000000208616257,0.7010606324789257,0.6329987244436568,0.619840749115852,1.8377926567786733,1.9624102762008975,1.067808312848881,1.4949316602646505
Milwaukee,2000-09-20 16:00:00,1.0000000149011612,0.6153868482101035,0.562101850089929,0.5537391217635472,1.296281946204864,1.3717237231759034,1.0581985864972592,1.0581986022656469
Milwaukee,2000-09-20 17:00:00,1.4000000208616257,0.7010606324789257,0.6329987244436568,0.619840749115852,1.8377926567786733,1.9624102762008975,1.067808312848881,1.4949316602646505
Milwaukee,2000-09-20 18:00:00,0.9000000134110451,0.5915727882419518,0.543183605811401,0.5362334205342039,1.1609042685614115,1.2240520849196546,1.05439536925512,0.9489558464701519
Milwaukee,2000-09-20 19:00:00,0.7000000104308128,0.5412961978369442,0.5040882360000163,0.5001902799477915,0.8901489132745067,0.9287088084071575,1.0433184768948425,0.7303229447090495
Milwaukee,2000-09-20 20:00:00,0.30000000447034836,0.4321218104209064,0.4219192462835154,0.42481437583882836,0.3486382027006978,0.3380222553821637,0.9695502465412611,0.2908650782966057
Milwaukee,2000-09-20 21:00:00,0.20000000298023224,0.4036312859866724,0.40082695074191593,0.4055009521190948,0.2132605250572452,0.1903506171259148,0.8925731429893989,0.17851463125795505
Milwaukee,2000-09-20 22:00:00,0.10000000149011612,0.37493462778701603,0.37963028842970437,0.38608798432978486,0.077882847413793,0.04267897886966643,0.5479894519381427,0.05479894601038219
Milwaukee,2000-09-20 23:00:00,0.0,0.34619647541530363,0.3583954550705775,0.3666255582259426,-0.05749483022965941,-0.10499265938658223,1.0,0.0
Milwaukee,2000-09-21 00:00:00,0.0,0.34619647541530363,0.3583954550705775,0.3666255582259426,-0.05749483022965941,-0.10499265938658223,1.0,0.0
Milwaukee,2000-09-21 01:00:00,0.4000000059604645,0.4602572840073257,0.44284563734884813,0.44398150563378375,0.4840158803441499,0.4856938936384119,1.0034668558665243,0.40138674832773824
Milwaukee,2000-09-21 02:00:00,0.10000000149011612,0.37493462778701603,0.37963028842970437,0.38608798432978486,0.077882847413793,0.04267897886966643,0.5479894519381427,0.05479894601038219
Milwaukee,2000-09-21 03:00:00,0.0,0.34619647541530363,0.3583954550705775,0.3666255582259426,-0.05749483022965941,-0.10499265938658223,1.0,0.0
Milwaukee,2000-09-21 04:00:00,0.0,0.34619647541530363,0.3583954550705775,0.3666255582259426,-0.05749483022965941,-0.10499265938658223,1.0,0.0
Milwaukee,2000-09-21 05:00:00,0.0,0.34619647541530363,0.3583954550705775,0.3666255582259426,-0.05749483022965941,-0.10499265938658223,1.0,0.0
Milwaukee,2000-09-21 06:00:00,0.0,0.34619647541530363,0.3583954550705775,0.3666255582259426,-0.05749483022965941,-0.10499265938658223,1.0,0.0
Milwaukee,2000-09-21 07:00:00,0.0,0.34619647541530363,0.3583954550705775,0.3666255582259426,-0.05749483022965941,-0.10499265938658223,1.0,0.0
Milwaukee,2000-09-21 08:00:00,0.0,0.34619647541530363,0.3583954550705775,0.3666255582259426,-0.05749483022965941,-0.10499265938658223,1.0,0.0
Milwaukee,2000-09-21 09:00:00,0.0,0.34619647541530363,0.3583954550705775,0.3666255582259426,-0.05749483022965941,-0.10499265938658223,1.0,0.0
Milwaukee,2000-09-21 10:00:00,0.0,0.34619647541530363,0.3583954550705775,0.3666255582259426,-0.05749483022965941,-0.10499265938658223,1.0,0.0
Milwaukee,2000-09-21 11:00:00,0.0,0.34619647541530363,0.3583954550705775,0.3666255582259426,-0.05749483022965941,-0.10499265938658223,1.0,0.0
Milwaukee,2000-09-21 12:00:00,0.0,0.34619647541530363,0.3583954550705775,0.3666255582259426,-0.05749483022965941,-0.10499265938658223,1.0,0.0
Milwaukee,2000-09-21 13:00:00,0.0,0.34619647541530363,0.3583954550705775,0.3666255582259426,-0.05749483022965941,-0.10499265938658223,1.0,0.0
Milwaukee,2000-09-21 14:00:00,0.0,0.34619647541530363,0.3583954550705775,0.3666255582259426,-0.05749483022965941,-0.10499265938658223,1.0,0.0
Milwaukee,2000-09-21 15:00:00,0.0,0.34619647541530363,0.3583954550705775,0.3666255582259426,-0.05749483022965941,-0.10499265938658223,1.0,0.0
Milwaukee,2000-09-21 16:00:00,0.0,0.34619647541530363,0.3583954550705775,0.3666255582259426,-0.05749483022965941,-0.10499265938658223,1.0,0.0
Milwaukee,2000-09-21 17:00:00,0.0,0.34619647541530363,0.3583954550705775,0.3666255582259426,-0.05749483022965941,-0.10499265938658223,1.0,0.0
Milwaukee,2000-09-21 18:00:00,0.0,0.34619647541530363,0.3583954550705775,0.3666255582259426,-0.05749483022965941,-0.10499265938658223,1.0,0.0
Milwaukee,2000-09-21 19:00:00,0.0,0.34619647541530363,0.3583954550705775,0.3666255582259426,-0.05749483022965941,-0.10499265938658223,1.0,0.0
Milwaukee,2000-09-21 20:00:00,0.0,0.34619647541530363,0.3583954550705775,0.3666255582259426,-0.05749483022965941,-0.10499265938658223,1.0,0.0
Milwaukee,2000-09-21 21:00:00,0.0,0.34619647541530363,0.3583954550705775,0.3666255582259426,-0.05749483022965941,-0.10499265938658223,1.0,0.0
Milwaukee,2000-09-21 22:00:00,0.0,0.34619647541530363,0.3583954550705775,0.3666255582259426,-0.05749483022965941,-0.10499265938658223,1.0,0.0
Milwaukee,2000-09-21 23:00:00,0.0,0.34619647541530363,0.3583954550705775,0.3666255582259426,-0.05749483022965941,-0.10499265938658223,1.0,0.0
Milwaukee,2000-09-22 00:00:00,0.0,0.34619647541530363,0.3583954550705775,0.3666255582259426,-0.05749483022965941,-0.10499265938658223,1.0,0.0
Milwaukee,2000-09-22 01:00:00,0.0,0.34619647541530363,0.3583954550705775,0.3666255582259426,-0.05749483022965941,-0.10499265938658223,1.0,0.0
Milwaukee,2000-09-22 02:00:00,0.0,0.34619647541530363,0.3583954550705775,0.3666255582259426,-0.05749483022965941,-0.10499265938658223,1.0,0.0
Milwaukee,2000-09-22 03:00:00,0.0,0.34619647541530363,0.3583954550705775,0.3666255582259426,-0.05749483022965941,-0.10499265938658223,1.0,0.0
Milwaukee,2000-09-22 04:00:00,0.0,0.34619647541530363,0.3583954550705775,0.3666255582259426,-0.05749483022965941,-0.10499265938658223,1.0,0.0
Milwaukee,2000-09-22 05:00:00,0.0,0.34619647541530363,0.3583954550705775,0.3666255582259426,-0.05749483022965941,-0.10499265938658223,1.0,0.0
Milwaukee,2000-09-22 06:00:00,0.0,0.34619647541530363,0.3583954550705775,0.3666255582259426,-0.05749483022965941,-0.10499265938658223,1.0,0.0
Milwaukee,2000-09-22 07:00:00,0.0,0.34619647541530363,0.3583954550705775,0.3666255582259426,-0.05749483022965941,-0.10499265938658223,1.0,0.0
Milwaukee,2000-09-22 08:00:00,0.0,0.34619647541530363,0.3583954550705775,0.3666255582259426,-0.05749483022965941,-0.10499265938658223,1.0,0.0
Milwaukee,2000-09-22 09:00:00,0.0,0.34619647541530363,0.3583954550705775,0.3666255582259426,-0.05749483022965941,-0.10499265938658223,1.0,0.0
Milwaukee,2000-09-22 10:00:00,0.0,0.34619647541530363,0.3583954550705775,0.3666255582259426,-0.05749483022965941,-0.10499265938658223,1.0,0.0
Milwaukee,2000-09-22 11:00:00,0.0,0.34619647541530363,0.3583954550705775,0.3666255582259426,-0.05749483022965941,-0.10499265938658223,1.0,0.0
Milwaukee,2000-09-22 12:00:00,0.0,0.34619647541530363,0.3583954550705775,0.3666255582259426,-0.05749483022965941,-0.10499265938658223,1.0,0.0
Milwaukee,2000-09-22 13:00:00,0.0,0.34619647541530363,0.3583954550705775,0.3666255582259426,-0.05749483022965941,-0.10499265938658223,1.0,0.0
Milwaukee,2000-09-22 14:00:00,0.0,0.34619647541530363,0.3583954550705775,0.3666255582259426,-0.05749483022965941,-0.10499265938658223,1.0,0.0
Milwaukee,2000-09-22 15:00:00,0.0,0.34619647541530363,0.3583954550705775,0.3666255582259426,-0.05749483022965941,-0.10499265938658223,1.0,0.0
Milwaukee,2000-09-22 16:00:00,0.4000000059604645,0.4602572840073257,0.44284563734884813,0.44398150563378375,0.4840158803441499,0.4856938936384119,1.0034668558665243,0.40138674832773824
Milwaukee,2000-09-22 17:00:00,0.6000000089406967,0.5149511800867037,0.4839791863801989,0.48170736485828647,0.7547712356310545,0.7810371701509091,1.0347998615738105,0.6208799261961181
Milwaukee,2000-09-22 18:00:00,2.1000000312924385,0.8142325351336319,0.7369242424364661,0.7187671645309853,2.785436400282839,2.996111743994637,1.07563459129435,2.258832675377364
Milwaukee,2000-09-22 19:00:00,1.8000000268220901,0.7711974276738451,0.6955899734777475,0.6790646040718362,2.379303367352482,2.553096829225891,1.0730438431089155,1.9314789463773268
Milwaukee,2000-09-22 20:00:00,2.500000037252903,0.8604186409353325,0.7848019648665834,0.7655081628792283,3.3269471108566484,3.586798297019631,1.0781049946105317,2.69526252668887
Milwaukee,2000-09-22 21:00:00,9.700000144541264,0.9994590897834188,0.9962122192523274,0.9941023958767532,13.074139901185239,14.219156251469553,1.0875787133179224,10.54951367638385
Milwaukee,2000-09-22 22:00:00,2.7000000402331352,0.8793415773745441,0.8058160997574724,0.7863317621801497,3.5977024661435535,3.8821415735321287,1.079061320402482,2.9134656085007213
Milwaukee,2000-09-22 23:00:00,0.7000000104308128,0.5412961978369442,0.5040882360000163,0.5001902799477915,0.8901489132745067,0.9287088084071575,1.0433184768948425,0.7303229447090495
Milwaukee,2000-09-23 00:00:00,0.0,0.34619647541530363,0.3583954550705775,0.3666255582259426,-0.05749483022965941,-0.10499265938658223,1.0,0.0
Milwaukee,2000-09-23 01:00:00,0.0,0.34619647541530363,0.3583954550705775,0.3666255582259426,-0.05749483022965941,-0.10499265938658223,1.0,0.0
Milwaukee,2000-09-23 02:00:00,0.30000000447034836,0.4321218104209064,0.4219192462835154,0.42481437583882836,0.3486382027006978,0.3380222553821637,0.9695502465412611,0.2908650782966057
Milwaukee,2000-09-23 03:00:00,0.20000000298023224,0.4036312859866724,0.40082695074191593,0.4055009521190948,0.2132605250572452,0.1903506171259148,0.8925731429893989,0.17851463125795505
Milwaukee,2000-09-23 04:00:00,1.5000000223517418,0.7200313458541969,0.6494463612445387,0.6353129630463814,1.9731703344221256,2.110081914457146,1.0693865996496026,1.604079923377057
Milwaukee,2000-09-23 05:00:00,2.2000000327825546,0.826909965244609,0.7496522624557936,0.7311068494232176,2.920814077926292,3.143783382250886,1.0763380682151795,2.3679437853585066
Milwaukee,2000-09-23 06:00:00,0.800000011920929,0.5668587624286637,0.5238351948323483,0.518375294178048,1.0255265909179592,1.0763804466634062,1.0495880420808272,0.8396704461767263
Milwaukee,2000-09-23 07:00:00,3.0000000447034836,0.9032935469566277,0.8339627073715806,0.8145765998878909,4.003835499073912,4.325156488300875,1.0802532944476078,3.240759931633909
Milwaukee,2000-09-23 08:00:00,5.900000087916851,0.9895106324894797,0.9665361027800494,0.9567667058651629,7.929788150734036,8.607633997732092,1.085480952846806,6.404337717228222
Milwaukee,2000-09-23 09:00:00,7.000000104308128,0.9955464467718097,0.9821251145827906,0.9756108292095895,9.418942604811988,10.232022018550799,1.0863238526714687,7.604267082012688
Milwaukee,2000-09-23 10:00:00,1.5000000223517418,0.7200313458541969,0.6494463612445387,0.6353129630463814,1.9731703344221256,2.110081914457146,1.0693865996496026,1.604079923377057
Milwaukee,2000-09-23 11:00:00,0.0,0.34619647541530363,0.3583954550705775,0.3666255582259426,-0.05749483022965941,-0.10499265938658223,1.0,0.0
Milwaukee,2000-09-23 12:00:00,0.0,0.34619647541530363,0.3583954550705775,0.3666255582259426,-0.05749483022965941,-0.10499265938658223,1.0,0.0
Milwaukee,2000-09-23 13:00:00,0.0,0.34619647541530363,0.3583954550705775,0.3666255582259426,-0.05749483022965941,-0.10499265938658223,1.0,0.0
Milwaukee,2000-09-23 14:00:00,0.0,0.34619647541530363,0.3583954550705775,0.3666255582259426,-0.05749483022965941,-0.10499265938658223,1.0,0.0
Milwaukee,2000-09-23 15:00:00,0.0,0.34619647541530363,0.3583954550705775,0.3666255582259426,-0.05749483022965941,-0.10499265938658223,1.0,0.0
Milwaukee,2000-09-23 16:00:00,0.0,0.34619647541530363,0.3583954550705775,0.3666255582259426,-0.05749483022965941,-0.10499265938658223,1.0,0.0
Milwaukee,2000-09-23 17:00:00,0.0,0.34619647541530363,0.3583954550705775,0.3666255582259426,-0.05749483022965941,-0.10499265938658223,1.0,0.0
Milwaukee,2000-09-23 18:00:00,0.0,0.34619647541530363,0.3583954550705775,0.3666255582259426,-0.05749483022965941,-0.10499265938658223,1.0,0.0
Milwaukee,2000-09-23 19:00:00,0.0,0.34619647541530363,0.3583954550705775,0.3666255582259426,-0.05749483022965941,-0.10499265938658223,1.0,0.0
Milwaukee,2000-09-23 20:00:00,0.0,0.34619647541530363,0.3583954550705775,0.3666255582259426,-0.05749483022965941,-0.10499265938658223,1.0,0.0
Milwaukee,2000-09-23 21:00:00,0.0,0.34619647541530363,0.3583954550705775,0.3666255582259426,-0.05749483022965941,-0.10499265938658223,1.0,0.0
Milwaukee,2000-09-23 22:00:00,0.10000000149011612,0.37493462778701603,0.37963028842970437,0.38608798432978486,0.077882847413793,0.04267897886966643,0.5479894519381427,0.05479894601038219
Milwaukee,2000-09-23 23:00:00,0.0,0.34619647541530363,0.3583954550705775,0.3666255582259426,-0.05749483022965941,-0.10499265938658223,1.0,0.0
Milwaukee,2000-09-24 00:00:00,0.0,0.34619647541530363,0.3583954550705775,0.3666255582259426,-0.05749483022965941,-0.10499265938658223,1.0,0.0
Milwaukee,2000-09-24 01:00:00,0.0,0.34619647541530363,0.3583954550705775,0.3666255582259426,-0.05749483022965941,-0.10499265938658223,1.0,0.0
Milwaukee,2000-09-24 02:00:00,0.0,0.34619647541530363,0.3583954550705775,0.3666255582259426,-0.05749483022965941,-0.10499265938658223,1.0,0.0
Milwaukee,2000-09-24 03:00:00,0.0,0.34619647541530363,0.3583954550705775,0.3666255582259426,-0.05749483022965941,-0.10499265938658223,1.0,0.0
Milwaukee,2000-09-24 04:00:00,0.0,0.34619647541530363,0.3583954550705775,0.3666255582259426,-0.05749483022965941,-0.10499265938658223,1.0,0.0
Milwaukee,2000-09-24 05:00:00,0.0,0.34619647541530363,0.3583954550705775,0.3666255582259426,-0.05749483022965941,-0.10499265938658223,1.0,0.0
Milwaukee,2000-09-24 06:00:00,0.0,0.34619647541530363,0.3583954550705775,0.3666255582259426,-0.05749483022965941,-0.10499265938658223,1.0,0.0
Milwaukee,2000-09-24 07:00:00,0.0,0.34619647541530363,0.3583954550705775,0.3666255582259426,-0.05749483022965941,-0.10499265938658223,1.0,0.0
Milwaukee,2000-09-24 08:00:00,0.0,0.34619647541530363,0.3583954550705775,0.3666255582259426,-0.05749483022965941,-0.10499265938658223,1.0,0.0
Milwaukee,2000-09-24 09:00:00,0.0,0.34619647541530363,0.3583954550705775,0.3666255582259426,-0.05749483022965941,-0.10499265938658223,1.0,0.0
Milwaukee,2000-09-24 10:00:00,0.0,0.34619647541530363,0.3583954550705775,0.3666255582259426,-0.05749483022965941,-0.10499265938658223,1.0,0.0
Milwaukee,2000-09-24 11:00:00,0.0,0.34619647541530363,0.3583954550705775,0.3666255582259426,-0.05749483022965941,-0.10499265938658223,1.0,0.0
Milwaukee,2000-09-24 12:00:00,0.0,0.34619647541530363,0.3583954550705775,0.3666255582259426,-0.05749483022965941,-0.10499265938658223,1.0,0.0
Milwaukee,2000-09-24 13:00:00,0.0,0.34619647541530363,0.3583954550705775,0.3666255582259426,-0.05749483022965941,-0.10499265938658223,1.0,0.0
Milwaukee,2000-09-24 14:00:00,0.0,0.34619647541530363,0.3583954550705775,0.3666255582259426,-0.05749483022965941,-0.10499265938658223,1.0,0.0
Milwaukee,2000-09-24 15:00:00,0.0,0.34619647541530363,0.3583954550705775,0.3666255582259426,-0.05749483022965941,-0.10499265938658223,1.0,0.0
Milwaukee,2000-09-24 16:00:00,0.0,0.34619647541530363,0.3583954550705775,0.3666255582259426,-0.05749483022965941,-0.10499265938658223,1.0,0.0
Milwaukee,2000-09-24 17:00:00,0.0,0.34619647541530363,0.3583954550705775,0.3666255582259426,-0.05749483022965941,-0.10499265938658223,1.0,0.0
Milwaukee,2000-09-24 18:00:00,0.0,0.34619647541530363,0.3583954550705775,0.3666255582259426,-0.05749483022965941,-0.10499265938658223,1.0,0.0
Milwaukee,2000-09-24 19:00:00,0.0,0.34619647541530363,0.3583954550705775,0.3666255582259426,-0.05749483022965941,-0.10499265938658223,1.0,0.0
Milwaukee,2000-09-24 20:00:00,0.0,0.34619647541530363,0.3583954550705775,0.3666255582259426,-0.05749483022965941,-0.10499265938658223,1.0,0.0
Milwaukee,2000-09-24 21:00:00,0.0,0.34619647541530363,0.3583954550705775,0.3666255582259426,-0.05749483022965941,-0.10499265938658223,1.0,0.0
Milwaukee,2000-09-24 22:00:00,0.0,0.34619647541530363,0.3583954550705775,0.3666255582259426,-0.05749483022965941,-0.10499265938658223,1.0,0.0
Milwaukee,2000-09-24 23:00:00,0.0,0.34619647541530363,0.3583954550705775,0.3666255582259426,-0.05749483022965941,-0.10499265938658223,1.0,0.0
Milwaukee,2000-09-25 00:00:00,0.0,0.34619647541530363,0.3583954550705775,0.3666255582259426,-0.05749483022965941,-0.10499265938658223,1.0,0.0
Milwaukee,2000-09-25 01:00:00,0.0,0.34619647541530363,0.3583954550705775,0.3666255582259426,-0.05749483022965941,-0.10499265938658223,1.0,0.0
Milwaukee,2000-09-25 02:00:00,0.0,0.34619647541530363,0.3583954550705775,0.3666255582259426,-0.05749483022965941,-0.10499265938658223,1.0,0.0
Milwaukee,2000-09-25 03:00:00,0.0,0.34619647541530363,0.3583954550705775,0.3666255582259426,-0.05749483022965941,-0.10499265938658223,1.0,0.0
Milwaukee,2000-09-25 04:00:00,0.0,0.34619647541530363,0.3583954550705775,0.3666255582259426,-0.05749483022965941,-0.10499265938658223,1.0,0.0
Milwaukee,2000-09-25 05:00:00,0.0,0.34619647541530363,0.3583954550705775,0.3666255582259426,-0.05749483022965941,-0.10499265938658223,1.0,0.0
Milwaukee,2000-09-25 06:00:00,0.0,0.34619647541530363,0.3583954550705775,0.3666255582259426,-0.05749483022965941,-0.10499265938658223,1.0,0.0
Milwaukee,2000-09-25 07:00:00,0.0,0.34619647541530363,0.3583954550705775,0.3666255582259426,-0.05749483022965941,-0.10499265938658223,1.0,0.0
Milwaukee,2000-09-25 08:00:00,0.0,0.34619647541530363,0.3583954550705775,0.3666255582259426,-0.05749483022965941,-0.10499265938658223,1.0,0.0
Milwaukee,2000-09-25 09:00:00,0.0,0.34619647541530363,0.3583954550705775,0.3666255582259426,-0.05749483022965941,-0.10499265938658223,1.0,0.0
Milwaukee,2000-09-25 10:00:00,0.0,0.34619647541530363,0.3583954550705775,0.3666255582259426,-0.05749483022965941,-0.10499265938658223,1.0,0.0
Milwaukee,2000-09-25 11:00:00,0.0,0.34619647541530363,0.3583954550705775,0.3666255582259426,-0.05749483022965941,-0.10499265938658223,1.0,0.0
Milwaukee,2000-09-25 12:00:00,0.0,0.34619647541530363,0.3583954550705775,0.3666255582259426,-0.05749483022965941,-0.10499265938658223,1.0,0.0
Milwaukee,2000-09-25 13:00:00,0.0,0.34619647541530363,0.3583954550705775,0.3666255582259426,-0.05749483022965941,-0.10499265938658223,1.0,0.0
Milwaukee,2000-09-25 14:00:00,0.0,0.34619647541530363,0.3583954550705775,0.3666255582259426,-0.05749483022965941,-0.10499265938658223,1.0,0.0
Milwaukee,2000-09-25 15:00:00,0.0,0.34619647541530363,0.3583954550705775,0.3666255582259426,-0.05749483022965941,-0.10499265938658223,1.0,0.0
Milwaukee,2000-09-25 16:00:00,0.0,0.34619647541530363,0.3583954550705775,0.3666255582259426,-0.05749483022965941,-0.10499265938658223,1.0,0.0
Milwaukee,2000-09-25 17:00:00,0.0,0.34619647541530363,0.3583954550705775,0.3666255582259426,-0.05749483022965941,-0.10499265938658223,1.0,0.0
Milwaukee,2000-09-25 18:00:00,0.0,0.34619647541530363,0.3583954550705775,0.3666255582259426,-0.05749483022965941,-0.10499265938658223,1.0,0.0
Milwaukee,2000-09-25 19:00:00,0.0,0.34619647541530363,0.3583954550705775,0.3666255582259426,-0.05749483022965941,-0.10499265938658223,1.0,0.0
Milwaukee,2000-09-25 20:00:00,0.0,0.34619647541530363,0.3583954550705775,0.3666255582259426,-0.05749483022965941,-0.10499265938658223,1.0,0.0
Milwaukee,2000-09-25 21:00:00,0.0,0.34619647541530363,0.3583954550705775,0.3666255582259426,-0.05749483022965941,-0.10499265938658223,1.0,0.0
Milwaukee,2000-09-25 22:00:00,0.0,0.34619647541530363,0.3583954550705775,0.3666255582259426,-0.05749483022965941,-0.10499265938658223,1.0,0.0
Milwaukee,2000-09-25 23:00:00,0.0,0.34619647541530363,0.3583954550705775,0.3666255582259426,-0.05749483022965941,-0.10499265938658223,1.0,0.0
Milwaukee,2000-09-26 00:00:00,0.0,0.34619647541530363,0.3583954550705775,0.3666255582259426,-0.05749483022965941,-0.10499265938658223,1.0,0.0
Milwaukee,2000-09-26 01:00:00,0.0,0.34619647541530363,0.3583954550705775,0.3666255582259426,-0.05749483022965941,-0.10499265938658223,1.0,0.0
Milwaukee,2000-09-26 02:00:00,0.0,0.34619647541530363,0.3583954550705775,0.3666255582259426,-0.05749483022965941,-0.10499265938658223,1.0,0.0
Milwaukee,2000-09-26 03:00:00,0.0,0.34619647541530363,0.3583954550705775,0.3666255582259426,-0.05749483022965941,-0.10499265938658223,1.0,0.0
Milwaukee,2000-09-26 04:00:00,0.0,0.34619647541530363,0.3583954550705775,0.3666255582259426,-0.05749483022965941,-0.10499265938658223,1.0,0.0
Milwaukee,2000-09-26 05:00:00,0.0,0.34619647541530363,0.3583954550705775,0.3666255582259426,-0.05749483022965941,-0.10499265938658223,1.0,0.0
Milwaukee,2000-09-26 06:00:00,0.0,0.34619647541530363,0.3583954550705775,0.3666255582259426,-0.05749483022965941,-0.10499265938658223,1.0,0.0
Milwaukee,2000-09-26 07:00:00,0.0,0.34619647541530363,0.3583954550705775,0.3666255582259426,-0.05749483022965941,-0.10499265938658223,1.0,0.0
Milwaukee,2000-09-26 08:00:00,0.0,0.34619647541530363,0.3583954550705775,0.3666255582259426,-0.05749483022965941,-0.10499265938658223,1.0,0.0
Milwaukee,2000-09-26 09:00:00,0.0,0.34619647541530363,0.3583954550705775,0.3666255582259426,-0.05749483022965941,-0.10499265938658223,1.0,0.0
Milwaukee,2000-09-26 10:00:00,0.0,0.34619647541530363,0.3583954550705775,0.3666255582259426,-0.05749483022965941,-0.10499265938658223,1.0,0.0
Milwaukee,2000-09-26 11:00:00,0.0,0.34619647541530363,0.3583954550705775,0.3666255582259426,-0.05749483022965941,-0.10499265938658223,1.0,0.0
Milwaukee,2000-09-26 12:00:00,0.0,0.34619647541530363,0.3583954550705775,0.3666255582259426,-0.05749483022965941,-0.10499265938658223,1.0,0.0
Milwaukee,2000-09-26 13:00:00,0.0,0.34619647541530363,0.3583954550705775,0.3666255582259426,-0.05749483022965941,-0.10499265938658223,1.0,0.0
Milwaukee,2000-09-26 14:00:00,0.0,0.34619647541530363,0.3583954550705775,0.3666255582259426,-0.05749483022965941,-0.10499265938658223,1.0,0.0
Milwaukee,2000-09-26 15:00:00,0.0,0.34619647541530363,0.3583954550705775,0.3666255582259426,-0.05749483022965941,-0.10499265938658223,1.0,0.0
Milwaukee,2000-09-26 16:00:00,0.0,0.34619647541530363,0.3583954550705775,0.3666255582259426,-0.05749483022965941,-0.10499265938658223,1.0,0.0
Milwaukee,2000-09-26 17:00:00,0.0,0.34619647541530363,0.3583954550705775,0.3666255582259426,-0.05749483022965941,-0.10499265938658223,1.0,0.0
Milwaukee,2000-09-26 18:00:00,0.0,0.34619647541530363,0.3583954550705775,0.3666255582259426,-0.05749483022965941,-0.10499265938658223,1.0,0.0
Milwaukee,2000-09-26 19:00:00,0.0,0.34619647541530363,0.3583954550705775,0.3666255582259426,-0.05749483022965941,-0.10499265938658223,1.0,0.0
Milwaukee,2000-09-26 20:00:00,0.0,0.34619647541530363,0.3583954550705775,0.3666255582259426,-0.05749483022965941,-0.10499265938658223,1.0,0.0
Milwaukee,2000-09-26 21:00:00,0.0,0.34619647541530363,0.3583954550705775,0.3666255582259426,-0.05749483022965941,-0.10499265938658223,1.0,0.0
Milwaukee,2000-09-26 22:00:00,0.0,0.34619647541530363,0.3583954550705775,0.3666255582259426,-0.05749483022965941,-0.10499265938658223,1.0,0.0
Milwaukee,2000-09-26 23:00:00,0.0,0.34619647541530363,0.3583954550705775,0.3666255582259426,-0.05749483022965941,-0.10499265938658223,1.0,0.0
Milwaukee,2000-09-27 00:00:00,0.0,0.34619647541530363,0.3583954550705775,0.3666255582259426,-0.05749483022965941,-0.10499265938658223,1.0,0.0
Milwaukee,2000-09-27 01:00:00,0.0,0.34619647541530363,0.3583954550705775,0.3666255582259426,-0.05749483022965941,-0.10499265938658223,1.0,0.0
Milwaukee,2000-09-27 02:00:00,0.0,0.34619647541530363,0.3583954550705775,0.3666255582259426,-0.05749483022965941,-0.10499265938658223,1.0,0.0
Milwaukee,2000-09-27 03:00:00,0.0,0.34619647541530363,0.3583954550705775,0.3666255582259426,-0.05749483022965941,-0.10499265938658223,1.0,0.0
Milwaukee,2000-09-27 04:00:00,0.0,0.34619647541530363,0.3583954550705775,0.3666255582259426,-0.05749483022965941,-0.10499265938658223,1.0,0.0
Milwaukee,2000-09-27 05:00:00,0.0,0.34619647541530363,0.3583954550705775,0.3666255582259426,-0.05749483022965941,-0.10499265938658223,1.0,0.0
Milwaukee,2000-09-27 06:00:00,0.0,0.34619647541530363,0.3583954550705775,0.3666255582259426,-0.05749483022965941,-0.10499265938658223,1.0,0.0
Milwaukee,2000-09-27 07:00:00,0.0,0.34619647541530363,0.3583954550705775,0.3666255582259426,-0.05749483022965941,-0.10499265938658223,1.0,0.0
Milwaukee,2000-09-27 08:00:00,0.0,0.34619647541530363,0.3583954550705775,0.3666255582259426,-0.05749483022965941,-0.10499265938658223,1.0,0.0
Milwaukee,2000-09-27 09:00:00,0.0,0.34619647541530363,0.3583954550705775,0.3666255582259426,-0.05749483022965941,-0.10499265938658223,1.0,0.0
Milwaukee,2000-09-27 10:00:00,0.0,0.34619647541530363,0.3583954550705775,0.3666255582259426,-0.05749483022965941,-0.10499265938658223,1.0,0.0
Milwaukee,2000-09-27 11:00:00,0.0,0.34619647541530363,0.3583954550705775,0.3666255582259426,-0.05749483022965941,-0.10499265938658223,1.0,0.0
Milwaukee,2000-09-27 12:00:00,0.0,0.34619647541530363,0.3583954550705775,0.3666255582259426,-0.05749483022965941,-0.10499265938658223,1.0,0.0
Milwaukee,2000-09-27 13:00:00,0.0,0.34619647541530363,0.3583954550705775,0.3666255582259426,-0.05749483022965941,-0.10499265938658223,1.0,0.0
Milwaukee,2000-09-27 14:00:00,0.0,0.34619647541530363,0.3583954550705775,0.3666255582259426,-0.05749483022965941,-0.10499265938658223,1.0,0.0
Milwaukee,2000-09-27 15:00:00,0.0,0.34619647541530363,0.3583954550705775,0.3666255582259426,-0.05749483022965941,-0.10499265938658223,1.0,0.0
Milwaukee,2000-09-27 16:00:00,0.0,0.34619647541530363,0.3583954550705775,0.3666255582259426,-0.05749483022965941,-0.10499265938658223,1.0,0.0
Milwaukee,2000-09-27 17:00:00,0.0,0.34619647541530363,0.3583954550705775,0.3666255582259426,-0.05749483022965941,-0.10499265938658223,1.0,0.0
Milwaukee,2000-09-27 18:00:00,0.0,0.34619647541530363,0.3583954550705775,0.3666255582259426,-0.05749483022965941,-0.10499265938658223,1.0,0.0
Milwaukee,2000-09-27 19:00:00,0.0,0.34619647541530363,0.3583954550705775,0.3666255582259426,-0.05749483022965941,-0.10499265938658223,1.0,0.0
Milwaukee,2000-09-27 20:00:00,0.0,0.34619647541530363,0.3583954550705775,0.3666255582259426,-0.05749483022965941,-0.10499265938658223,1.0,0.0
Milwaukee,2000-09-27 21:00:00,0.0,0.34619647541530363,0.3583954550705775,0.3666255582259426,-0.05749483022965941,-0.10499265938658223,1.0,0.0
Milwaukee,2000-09-27 22:00:00,0.0,0.34619647541530363,0.3583954550705775,0.3666255582259426,-0.05749483022965941,-0.10499265938658223,1.0,0.0
Milwaukee,2000-09-27 23:00:00,0.0,0.34619647541530363,0.3583954550705775,0.3666255582259426,-0.05749483022965941,-0.10499265938658223,1.0,0.0
Milwaukee,2000-09-28 00:00:00,0.0,0.34619647541530363,0.3583954550705775,0.3666255582259426,-0.05749483022965941,-0.10499265938658223,1.0,0.0
Milwaukee,2000-09-28 01:00:00,0.0,0.34619647541530363,0.3583954550705775,0.3666255582259426,-0.05749483022965941,-0.10499265938658223,1.0,0.0
Milwaukee,2000-09-28 02:00:00,0.0,0.34619647541530363,0.3583954550705775,0.3666255582259426,-0.05749483022965941,-0.10499265938658223,1.0,0.0
Milwaukee,2000-09-28 03:00:00,0.0,0.34619647541530363,0.3583954550705775,0.3666255582259426,-0.05749483022965941,-0.10499265938658223,1.0,0.0
Milwaukee,2000-09-28 04:00:00,0.0,0.34619647541530363,0.3583954550705775,0.3666255582259426,-0.05749483022965941,-0.10499265938658223,1.0,0.0
Milwaukee,2000-09-28 05:00:00,0.0,0.34619647541530363,0.3583954550705775,0.3666255582259426,-0.05749483022965941,-0.10499265938658223,1.0,0.0
Milwaukee,2000-09-28 06:00:00,0.0,0.34619647541530363,0.3583954550705775,0.3666255582259426,-0.05749483022965941,-0.10499265938658223,1.0,0.0
Milwaukee,2000-09-28 07:00:00,0.0,0.34619647541530363,0.3583954550705775,0.3666255582259426,-0.05749483022965941,-0.10499265938658223,1.0,0.0
Milwaukee,2000-09-28 08:00:00,0.0,0.34619647541530363,0.3583954550705775,0.3666255582259426,-0.05749483022965941,-0.10499265938658223,1.0,0.0
Milwaukee,2000-09-28 09:00:00,0.0,0.34619647541530363,0.3583954550705775,0.3666255582259426,-0.05749483022965941,-0.10499265938658223,1.0,0.0
Milwaukee,2000-09-28 10:00:00,0.0,0.34619647541530363,0.3583954550705775,0.3666255582259426,-0.05749483022965941,-0.10499265938658223,1.0,0.0
Milwaukee,2000-09-28 11:00:00,0.0,0.34619647541530363,0.3583954550705775,0.3666255582259426,-0.05749483022965941,-0.10499265938658223,1.0,0.0
Milwaukee,2000-09-28 12:00:00,0.0,0.34619647541530363,0.3583954550705775,0.3666255582259426,-0.05749483022965941,-0.10499265938658223,1.0,0.0
Milwaukee,2000-09-28 13:00:00,0.0,0.34619647541530363,0.3583954550705775,0.3666255582259426,-0.05749483022965941,-0.10499265938658223,1.0,0.0
Milwaukee,2000-09-28 14:00:00,0.0,0.34619647541530363,0.3583954550705775,0.3666255582259426,-0.05749483022965941,-0.10499265938658223,1.0,0.0
Milwaukee,2000-09-28 15:00:00,0.0,0.34619647541530363,0.3583954550705775,0.3666255582259426,-0.05749483022965941,-0.10499265938658223,1.0,0.0
Milwaukee,2000-09-28 16:00:00,0.0,0.34619647541530363,0.3583954550705775,0.3666255582259426,-0.05749483022965941,-0.10499265938658223,1.0,0.0
Milwaukee,2000-09-28 17:00:00,0.0,0.34619647541530363,0.3583954550705775,0.3666255582259426,-0.05749483022965941,-0.10499265938658223,1.0,0.0
Milwaukee,2000-09-28 18:00:00,0.0,0.34619647541530363,0.3583954550705775,0.3666255582259426,-0.05749483022965941,-0.10499265938658223,1.0,0.0
Milwaukee,2000-09-28 19:00:00,0.0,0.34619647541530363,0.3583954550705775,0.3666255582259426,-0.05749483022965941,-0.10499265938658223,1.0,0.0
Milwaukee,2000-09-28 20:00:00,0.0,0.34619647541530363,0.3583954550705775,0.3666255582259426,-0.05749483022965941,-0.10499265938658223,1.0,0.0
Milwaukee,2000-09-28 21:00:00,0.0,0.34619647541530363,0.3583954550705775,0.3666255582259426,-0.05749483022965941,-0.10499265938658223,1.0,0.0
Milwaukee,2000-09-28 22:00:00,0.0,0.34619647541530363,0.3583954550705775,0.3666255582259426,-0.05749483022965941,-0.10499265938658223,1.0,0.0
Milwaukee,2000-09-28 23:00:00,0.0,0.34619647541530363,0.3583954550705775,0.3666255582259426,-0.05749483022965941,-0.10499265938658223,1.0,0.0
Milwaukee,2000-09-29 00:00:00,0.0,0.34619647541530363,0.3583954550705775,0.3666255582259426,-0.05749483022965941,-0.10499265938658223,1.0,0.0
Milwaukee,2000-09-29 01:00:00,0.0,0.34619647541530363,0.3583954550705775,0.3666255582259426,-0.05749483022965941,-0.10499265938658223,1.0,0.0
Milwaukee,2000-09-29 02:00:00,0.0,0.34619647541530363,0.3583954550705775,0.3666255582259426,-0.05749483022965941,-0.10499265938658223,1.0,0.0
Milwaukee,2000-09-29 03:00:00,0.0,0.34619647541530363,0.3583954550705775,0.3666255582259426,-0.05749483022965941,-0.10499265938658223,1.0,0.0
Milwaukee,2000-09-29 04:00:00,0.0,0.34619647541530363,0.3583954550705775,0.3666255582259426,-0.05749483022965941,-0.10499265938658223,1.0,0.0
Milwaukee,2000-09-29 05:00:00,0.0,0.34619647541530363,0.3583954550705775,0.3666255582259426,-0.05749483022965941,-0.10499265938658223,1.0,0.0
Milwaukee,2000-09-29 06:00:00,0.0,0.34619647541530363,0.3583954550705775,0.3666255582259426,-0.05749483022965941,-0.10499265938658223,1.0,0.0
Milwaukee,2000-09-29 07:00:00,0.0,0.34619647541530363,0.3583954550705775,0.3666255582259426,-0.05749483022965941,-0.10499265938658223,1.0,0.0
Milwaukee,2000-09-29 08:00:00,0.0,0.34619647541530363,0.3583954550705775,0.3666255582259426,-0.05749483022965941,-0.10499265938658223,1.0,0.0
Milwaukee,2000-09-29 09:00:00,0.0,0.34619647541530363,0.3583954550705775,0.3666255582259426,-0.05749483022965941,-0.10499265938658223,1.0,0.0
Milwaukee,2000-09-29 10:00:00,0.0,0.34619647541530363,0.3583954550705775,0.3666255582259426,-0.05749483022965941,-0.10499265938658223,1.0,0.0
Milwaukee,2000-09-29 11:00:00,0.0,0.34619647541530363,0.3583954550705775,0.3666255582259426,-0.05749483022965941,-0.10499265938658223,1.0,0.0
Milwaukee,2000-09-29 12:00:00,0.0,0.34619647541530363,0.3583954550705775,0.3666255582259426,-0.05749483022965941,-0.10499265938658223,1.0,0.0
Milwaukee,2000-09-29 13:00:00,0.0,0.34619647541530363,0.3583954550705775,0.3666255582259426,-0.05749483022965941,-0.10499265938658223,1.0,0.0
Milwaukee,2000-09-29 14:00:00,0.0,0.34619647541530363,0.3583954550705775,0.3666255582259426,-0.05749483022965941,-0.10499265938658223,1.0,0.0
Milwaukee,2000-09-29 15:00:00,0.0,0.34619647541530363,0.3583954550705775,0.3666255582259426,-0.05749483022965941,-0.10499265938658223,1.0,0.0
Milwaukee,2000-09-29 16:00:00,0.0,0.34619647541530363,0.3583954550705775,0.3666255582259426,-0.05749483022965941,-0.10499265938658223,1.0,0.0
Milwaukee,2000-09-29 17:00:00,0.0,0.34619647541530363,0.3583954550705775,0.3666255582259426,-0.05749483022965941,-0.10499265938658223,1.0,0.0
Milwaukee,2000-09-29 18:00:00,0.0,0.34619647541530363,0.3583954550705775,0.3666255582259426,-0.05749483022965941,-0.10499265938658223,1.0,0.0
Milwaukee,2000-09-29 19:00:00,0.0,0.34619647541530363,0.3583954550705775,0.3666255582259426,-0.05749483022965941,-0.10499265938658223,1.0,0.0
Milwaukee,2000-09-29 20:00:00,0.0,0.34619647541530363,0.3583954550705775,0.3666255582259426,-0.05749483022965941,-0.10499265938658223,1.0,0.0
Milwaukee,2000-09-29 21:00:00,0.0,0.34619647541530363,0.3583954550705775,0.3666255582259426,-0.05749483022965941,-0.10499265938658223,1.0,0.0
Milwaukee,2000-09-29 22:00:00,0.0,0.34619647541530363,0.3583954550705775,0.3666255582259426,-0.05749483022965941,-0.10499265938658223,1.0,0.0
Milwaukee,2000-09-29 23:00:00,0.0,0.34619647541530363,0.3583954550705775,0.3666255582259426,-0.05749483022965941,-0.10499265938658223,1.0,0.0
Milwaukee,2000-09-30 00:00:00,0.0,0.34619647541530363,0.3583954550705775,0.3666255582259426,-0.05749483022965941,-0.10499265938658223,1.0,0.0
Milwaukee,2000-09-30 01:00:00,0.0,0.34619647541530363,0.3583954550705775,0.3666255582259426,-0.05749483022965941,-0.10499265938658223,1.0,0.0
Milwaukee,2000-09-30 02:00:00,0.0,0.34619647541530363,0.3583954550705775,0.3666255582259426,-0.05749483022965941,-0.10499265938658223,1.0,0.0
Milwaukee,2000-09-30 03:00:00,0.0,0.34619647541530363,0.3583954550705775,0.3666255582259426,-0.05749483022965941,-0.10499265938658223,1.0,0.0
Milwaukee,2000-09-30 04:00:00,0.0,0.34619647541530363,0.3583954550705775,0.3666255582259426,-0.05749483022965941,-0.10499265938658223,1.0,0.0
Milwaukee,2000-09-30 05:00:00,0.0,0.34619647541530363,0.3583954550705775,0.3666255582259426,-0.05749483022965941,-0.10499265938658223,1.0,0.0
Milwaukee,2000-09-30 06:00:00,0.0,0.34619647541530363,0.3583954550705775,0.3666255582259426,-0.05749483022965941,-0.10499265938658223,1.0,0.0
Milwaukee,2000-09-30 07:00:00,0.0,0.34619647541530363,0.3583954550705775,0.3666255582259426,-0.05749483022965941,-0.10499265938658223,1.0,0.0
Milwaukee,2000-09-30 08:00:00,0.0,0.34619647541530363,0.3583954550705775,0.3666255582259426,-0.05749483022965941,-0.10499265938658223,1.0,0.0
Milwaukee,2000-09-30 09:00:00,0.0,0.34619647541530363,0.3583954550705775,0.3666255582259426,-0.05749483022965941,-0.10499265938658223,1.0,0.0
Milwaukee,2000-09-30 10:00:00,0.0,0.34619647541530363,0.3583954550705775,0.3666255582259426,-0.05749483022965941,-0.10499265938658223,1.0,0.0
Milwaukee,2000-09-30 11:00:00,0.0,0.34619647541530363,0.3583954550705775,0.3666255582259426,-0.05749483022965941,-0.10499265938658223,1.0,0.0
Milwaukee,2000-09-30 12:00:00,0.0,0.34619647541530363,0.3583954550705775,0.3666255582259426,-0.05749483022965941,-0.10499265938658223,1.0,0.0
Milwaukee,2000-09-30 13:00:00,0.0,0.34619647541530363,0.3583954550705775,0.3666255582259426,-0.05749483022965941,-0.10499265938658223,1.0,0.0
Milwaukee,2000-09-30 14:00:00,0.0,0.34619647541530363,0.3583954550705775,0.3666255582259426,-0.05749483022965941,-0.10499265938658223,1.0,0.0
Milwaukee,2000-09-30 15:00:00,0.0,0.34619647541530363,0.3583954550705775,0.3666255582259426,-0.05749483022965941,-0.10499265938658223,1.0,0.0
Milwaukee,2000-09-30 16:00:00,0.0,0.34619647541530363,0.3583954550705775,0.3666255582259426,-0.05749483022965941,-0.10499265938658223,1.0,0.0
Milwaukee,2000-09-30 17:00:00,0.0,0.34619647541530363,0.3583954550705775,0.3666255582259426,-0.05749483022965941,-0.10499265938658223,1.0,0.0
Milwaukee,2000-09-30 18:00:00,0.0,0.34619647541530363,0.3583954550705775,0.3666255582259426,-0.05749483022965941,-0.10499265938658223,1.0,0.0
Milwaukee,2000-09-30 19:00:00,0.0,0.34619647541530363,0.3583954550705775,0.3666255582259426,-0.05749483022965941,-0.10499265938658223,1.0,0.0
Milwaukee,2000-09-30 20:00:00,0.0,0.34619647541530363,0.3583954550705775,0.3666255582259426,-0.05749483022965941,-0.10499265938658223,1.0,0.0
Milwaukee,2000-09-30 21:00:00,0.0,0.34619647541530363,0.3583954550705775,0.3666255582259426,-0.05749483022965941,-0.10499265938658223,1.0,0.0
Milwaukee,2000-09-30 22:00:00,0.0,0.34619647541530363,0.3583954550705775,0.3666255582259426,-0.05749483022965941,-0.10499265938658223,1.0,0.0
Milwaukee,2000-09-30 23:00:00,0.0,0.34619647541530363,0.3583954550705775,0.3666255582259426,-0.05749483022965941,-0.10499265938658223,1.0,0.0
Milwaukee,2000-10-01 00:00:00,0.0,0.34619647541530363,0.3583954550705775,0.3666255582259426,-0.05749483022965941,-0.10499265938658223,1.0,0.0
Milwaukee,2000-10-01 01:00:00,0.0,0.34619647541530363,0.3583954550705775,0.3666255582259426,-0.05749483022965941,-0.10499265938658223,1.0,0.0
Milwaukee,2000-10-01 02:00:00,0.0,0.34619647541530363,0.3583954550705775,0.3666255582259426,-0.05749483022965941,-0.10499265938658223,1.0,0.0
Milwaukee,2000-10-01 03:00:00,0.0,0.34619647541530363,0.3583954550705775,0.3666255582259426,-0.05749483022965941,-0.10499265938658223,1.0,0.0
Milwaukee,2000-10-01 04:00:00,0.0,0.34619647541530363,0.3583954550705775,0.3666255582259426,-0.05749483022965941,-0.10499265938658223,1.0,0.0
Milwaukee,2000-10-01 05:00:00,0.0,0.34619647541530363,0.3583954550705775,0.3666255582259426,-0.05749483022965941,-0.10499265938658223,1.0,0.0
Milwaukee,2000-10-01 06:00:00,0.0,0.34619647541530363,0.3583954550705775,0.3666255582259426,-0.05749483022965941,-0.10499265938658223,1.0,0.0
Milwaukee,2000-10-01 07:00:00,0.0,0.34619647541530363,0.3583954550705775,0.3666255582259426,-0.05749483022965941,-0.10499265938658223,1.0,0.0
Milwaukee,2000-10-01 08:00:00,0.0,0.34619647541530363,0.3583954550705775,0.3666255582259426,-0.05749483022965941,-0.10499265938658223,1.0,0.0
Milwaukee,2000-10-01 09:00:00,0.0,0.34619647541530363,0.3583954550705775,0.3666255582259426,-0.05749483022965941,-0.10499265938658223,1.0,0.0
Milwaukee,2000-10-01 10:00:00,0.0,0.34619647541530363,0.3583954550705775,0.3666255582259426,-0.05749483022965941,-0.10499265938658223,1.0,0.0
Milwaukee,2000-10-01 11:00:00,0.0,0.34619647541530363,0.3583954550705775,0.3666255582259426,-0.05749483022965941,-0.10499265938658223,1.0,0.0
Milwaukee,2000-10-01 12:00:00,0.0,0.34619647541530363,0.3583954550705775,0.3666255582259426,-0.05749483022965941,-0.10499265938658223,1.0,0.0
Milwaukee,2000-10-01 13:00:00,0.0,0.34619647541530363,0.3583954550705775,0.3666255582259426,-0.05749483022965941,-0.10499265938658223,1.0,0.0
Milwaukee,2000-10-01 14:00:00,0.0,0.34619647541530363,0.3583954550705775,0.3666255582259426,-0.05749483022965941,-0.10499265938658223,1.0,0.0
Milwaukee,2000-10-01 15:00:00,0.0,0.34619647541530363,0.3583954550705775,0.3666255582259426,-0.05749483022965941,-0.10499265938658223,1.0,0.0
Milwaukee,2000-10-01 16:00:00,0.0,0.34619647541530363,0.3583954550705775,0.3666255582259426,-0.05749483022965941,-0.10499265938658223,1.0,0.0
Milwaukee,2000-10-01 17:00:00,0.0,0.34619647541530363,0.3583954550705775,0.3666255582259426,-0.05749483022965941,-0.10499265938658223,1.0,0.0
Milwaukee,2000-10-01 18:00:00,0.0,0.34619647541530363,0.3583954550705775,0.3666255582259426,-0.05749483022965941,-0.10499265938658223,1.0,0.0
Milwaukee,2000-10-01 19:00:00,0.0,0.34619647541530363,0.3583954550705775,0.3666255582259426,-0.05749483022965941,-0.10499265938658223,1.0,0.0
Milwaukee,2000-10-01 20:00:00,0.0,0.34619647541530363,0.3583954550705775,0.3666255582259426,-0.05749483022965941,-0.10499265938658223,1.0,0.0
Milwaukee,2000-10-01 21:00:00,0.0,0.34619647541530363,0.3583954550705775,0.3666255582259426,-0.05749483022965941,-0.10499265938658223,1.0,0.0
Milwaukee,2000-10-01 22:00:00,0.0,0.34619647541530363,0.3583954550705775,0.3666255582259426,-0.05749483022965941,-0.10499265938658223,1.0,0.0
Milwaukee,2000-10-01 23:00:00,0.0,0.34619647541530363,0.3583954550705775,0.3666255582259426,-0.05749483022965941,-0.10499265938658223,1.0,0.0
Milwaukee,2000-10-02 00:00:00,0.0,0.34619647541530363,0.3583954550705775,0.3666255582259426,-0.05749483022965941,-0.10499265938658223,1.0,0.0
Milwaukee,2000-10-02 01:00:00,0.0,0.34619647541530363,0.3583954550705775,0.3666255582259426,-0.05749483022965941,-0.10499265938658223,1.0,0.0
Milwaukee,2000-10-02 02:00:00,0.0,0.34619647541530363,0.3583954550705775,0.3666255582259426,-0.05749483022965941,-0.10499265938658223,1.0,0.0
Milwaukee,2000-10-02 03:00:00,0.0,0.34619647541530363,0.3583954550705775,0.3666255582259426,-0.05749483022965941,-0.10499265938658223,1.0,0.0
Milwaukee,2000-10-02 04:00:00,0.10000000149011612,0.37493462778701603,0.37963028842970437,0.38608798432978486,0.077882847413793,0.04267897886966643,0.5479894519381427,0.05479894601038219
Milwaukee,2000-10-02 05:00:00,0.0,0.34619647541530363,0.3583954550705775,0.3666255582259426,-0.05749483022965941,-0.10499265938658223,1.0,0.0
Milwaukee,2000-10-02 06:00:00,0.0,0.34619647541530363,0.3583954550705775,0.3666255582259426,-0.05749483022965941,-0.10499265938658223,1.0,0.0
Milwaukee,2000-10-02 07:00:00,0.10000000149011612,0.37493462778701603,0.37963028842970437,0.38608798432978486,0.077882847413793,0.04267897886966643,0.5479894519381427,0.05479894601038219
Milwaukee,2000-10-02 08:00:00,0.10000000149011612,0.37493462778701603,0.37963028842970437,0.38608798432978486,0.077882847413793,0.04267897886966643,0.5479894519381427,0.05479894601038219
Milwaukee,2000-10-02 09:00:00,0.0,0.34619647541530363,0.3583954550705775,0.3666255582259426,-0.05749483022965941,-0.10499265938658223,1.0,0.0
Milwaukee,2000-10-02 10:00:00,0.0,0.34619647541530363,0.3583954550705775,0.3666255582259426,-0.05749483022965941,-0.10499265938658223,1.0,0.0
Milwaukee,2000-10-02 11:00:00,0.0,0.34619647541530363,0.3583954550705775,0.3666255582259426,-0.05749483022965941,-0.10499265938658223,1.0,0.0
Milwaukee,2000-10-02 12:00:00,0.0,0.34619647541530363,0.3583954550705775,0.3666255582259426,-0.05749483022965941,-0.10499265938658223,1.0,0.0
Milwaukee,2000-10-02 13:00:00,0.0,0.34619647541530363,0.3583954550705775,0.3666255582259426,-0.05749483022965941,-0.10499265938658223,1.0,0.0
Milwaukee,2000-10-02 14:00:00,0.0,0.34619647541530363,0.3583954550705775,0.3666255582259426,-0.05749483022965941,-0.10499265938658223,1.0,0.0
Milwaukee,2000-10-02 15:00:00,0.0,0.34619647541530363,0.3583954550705775,0.3666255582259426,-0.05749483022965941,-0.10499265938658223,1.0,0.0
Milwaukee,2000-10-02 16:00:00,0.0,0.34619647541530363,0.3583954550705775,0.3666255582259426,-0.05749483022965941,-0.10499265938658223,1.0,0.0
Milwaukee,2000-10-02 17:00:00,0.0,0.34619647541530363,0.3583954550705775,0.3666255582259426,-0.05749483022965941,-0.10499265938658223,1.0,0.0
Milwaukee,2000-10-02 18:00:00,0.0,0.34619647541530363,0.3583954550705775,0.3666255582259426,-0.05749483022965941,-0.10499265938658223,1.0,0.0
Milwaukee,2000-10-02 19:00:00,0.0,0.34619647541530363,0.3583954550705775,0.3666255582259426,-0.05749483022965941,-0.10499265938658223,1.0,0.0
Milwaukee,2000-10-02 20:00:00,0.0,0.34619647541530363,0.3583954550705775,0.3666255582259426,-0.05749483022965941,-0.10499265938658223,1.0,0.0
Milwaukee,2000-10-02 21:00:00,0.0,0.34619647541530363,0.3583954550705775,0.3666255582259426,-0.05749483022965941,-0.10499265938658223,1.0,0.0
Milwaukee,2000-10-02 22:00:00,0.0,0.34619647541530363,0.3583954550705775,0.3666255582259426,-0.05749483022965941,-0.10499265938658223,1.0,0.0
Milwaukee,2000-10-02 23:00:00,0.0,0.34619647541530363,0.3583954550705775,0.3666255582259426,-0.05749483022965941,-0.10499265938658223,1.0,0.0
Milwaukee,2000-10-03 00:00:00,0.0,0.34619647541530363,0.3583954550705775,0.3666255582259426,-0.05749483022965941,-0.10499265938658223,1.0,0.0
Milwaukee,2000-10-03 01:00:00,0.0,0.34619647541530363,0.3583954550705775,0.3666255582259426,-0.05749483022965941,-0.10499265938658223,1.0,0.0
Milwaukee,2000-10-03 02:00:00,0.0,0.34619647541530363,0.3583954550705775,0.3666255582259426,-0.05749483022965941,-0.10499265938658223,1.0,0.0
Milwaukee,2000-10-03 03:00:00,0.0,0.34619647541530363,0.3583954550705775,0.3666255582259426,-0.05749483022965941,-0.10499265938658223,1.0,0.0
Milwaukee,2000-10-03 04:00:00,0.0,0.34619647541530363,0.3583954550705775,0.3666255582259426,-0.05749483022965941,-0.10499265938658223,1.0,0.0
Milwaukee,2000-10-03 05:00:00,0.0,0.34619647541530363,0.3583954550705775,0.3666255582259426,-0.05749483022965941,-0.10499265938658223,1.0,0.0
Milwaukee,2000-10-03 06:00:00,0.0,0.34619647541530363,0.3583954550705775,0.3666255582259426,-0.05749483022965941,-0.10499265938658223,1.0,0.0
Milwaukee,2000-10-03 07:00:00,0.0,0.34619647541530363,0.3583954550705775,0.3666255582259426,-0.05749483022965941,-0.10499265938658223,1.0,0.0
Milwaukee,2000-10-03 08:00:00,0.0,0.34619647541530363,0.3583954550705775,0.3666255582259426,-0.05749483022965941,-0.10499265938658223,1.0,0.0
Milwaukee,2000-10-03 09:00:00,0.0,0.34619647541530363,0.3583954550705775,0.3666255582259426,-0.05749483022965941,-0.10499265938658223,1.0,0.0
Milwaukee,2000-10-03 10:00:00,0.0,0.34619647541530363,0.3583954550705775,0.3666255582259426,-0.05749483022965941,-0.10499265938658223,1.0,0.0
Milwaukee,2000-10-03 11:00:00,0.0,0.34619647541530363,0.3583954550705775,0.3666255582259426,-0.05749483022965941,-0.10499265938658223,1.0,0.0
Milwaukee,2000-10-03 12:00:00,0.0,0.34619647541530363,0.3583954550705775,0.3666255582259426,-0.05749483022965941,-0.10499265938658223,1.0,0.0
Milwaukee,2000-10-03 13:00:00,0.0,0.34619647541530363,0.3583954550705775,0.3666255582259426,-0.05749483022965941,-0.10499265938658223,1.0,0.0
Milwaukee,2000-10-03 14:00:00,0.0,0.34619647541530363,0.3583954550705775,0.3666255582259426,-0.05749483022965941,-0.10499265938658223,1.0,0.0
Milwaukee,2000-10-03 15:00:00,0.0,0.34619647541530363,0.3583954550705775,0.3666255582259426,-0.05749483022965941,-0.10499265938658223,1.0,0.0
Milwaukee,2000-10-03 16:00:00,0.0,0.34619647541530363,0.3583954550705775,0.3666255582259426,-0.05749483022965941,-0.10499265938658223,1.0,0.0
Milwaukee,2000-10-03 17:00:00,0.0,0.34619647541530363,0.3583954550705775,0.3666255582259426,-0.05749483022965941,-0.10499265938658223,1.0,0.0
Milwaukee,2000-10-03 18:00:00,0.0,0.34619647541530363,0.3583954550705775,0.3666255582259426,-0.05749483022965941,-0.10499265938658223,1.0,0.0
Milwaukee,2000-10-03 19:00:00,0.0,0.34619647541530363,0.3583954550705775,0.3666255582259426,-0.05749483022965941,-0.10499265938658223,1.0,0.0
Milwaukee,2000-10-03 20:00:00,0.0,0.34619647541530363,0.3583954550705775,0.3666255582259426,-0.05749483022965941,-0.10499265938658223,1.0,0.0
Milwaukee,2000-10-03 21:00:00,0.0,0.34619647541530363,0.3583954550705775,0.3666255582259426,-0.05749483022965941,-0.10499265938658223,1.0,0.0
Milwaukee,2000-10-03 22:00:00,0.0,0.34619647541530363,0.3583954550705775,0.3666255582259426,-0.05749483022965941,-0.10499265938658223,1.0,0.0
Milwaukee,2000-10-03 23:00:00,0.0,0.34619647541530363,0.3583954550705775,0.3666255582259426,-0.05749483022965941,-0.10499265938658223,1.0,0.0
Milwaukee,2000-10-04 00:00:00,0.0,0.34619647541530363,0.3583954550705775,0.3666255582259426,-0.05749483022965941,-0.10499265938658223,1.0,0.0
Milwaukee,2000-10-04 01:00:00,0.0,0.34619647541530363,0.3583954550705775,0.3666255582259426,-0.05749483022965941,-0.10499265938658223,1.0,0.0
Milwaukee,2000-10-04 02:00:00,0.30000000447034836,0.4321218104209064,0.4219192462835154,0.42481437583882836,0.3486382027006978,0.3380222553821637,0.9695502465412611,0.2908650782966057
Milwaukee,2000-10-04 03:00:00,0.20000000298023224,0.4036312859866724,0.40082695074191593,0.4055009521190948,0.2132605250572452,0.1903506171259148,0.8925731429893989,0.17851463125795505
Milwaukee,2000-10-04 04:00:00,0.4000000059604645,0.4602572840073257,0.44284563734884813,0.44398150563378375,0.4840158803441499,0.4856938936384119,1.0034668558665243,0.40138674832773824
Milwaukee,2000-10-04 05:00:00,0.800000011920929,0.5668587624286637,0.5238351948323483,0.518375294178048,1.0255265909179592,1.0763804466634062,1.0495880420808272,0.8396704461767263
Milwaukee,2000-10-04 06:00:00,1.1000000163912773,0.6382630095217223,0.5805629597505817,0.5708701973896023,1.4316596238483161,1.5193953614321518,1.0612825395941536,1.1674108109493455
Milwaukee,2000-10-04 07:00:00,1.5000000223517418,0.7200313458541969,0.6494463612445387,0.6353129630463814,1.9731703344221256,2.110081914457146,1.0693865996496026,1.604079923377057
Milwaukee,2000-10-04 08:00:00,0.6000000089406967,0.5149511800867037,0.4839791863801989,0.48170736485828647,0.7547712356310545,0.7810371701509091,1.0347998615738105,0.6208799261961181
Milwaukee,2000-10-04 09:00:00,0.10000000149011612,0.37493462778701603,0.37963028842970437,0.38608798432978486,0.077882847413793,0.04267897886966643,0.5479894519381427,0.05479894601038219
Milwaukee,2000-10-04 10:00:00,0.0,0.34619647541530363,0.3583954550705775,0.3666255582259426,-0.05749483022965941,-0.10499265938658223,1.0,0.0
Milwaukee,2000-10-04 11:00:00,0.0,0.34619647541530363,0.3583954550705775,0.3666255582259426,-0.05749483022965941,-0.10499265938658223,1.0,0.0
Milwaukee,2000-10-04 12:00:00,0.0,0.34619647541530363,0.3583954550705775,0.3666255582259426,-0.05749483022965941,-0.10499265938658223,1.0,0.0
Milwaukee,2000-10-04 13:00:00,0.0,0.34619647541530363,0.3583954550705775,0.3666255582259426,-0.05749483022965941,-0.10499265938658223,1.0,0.0
Milwaukee,2000-10-04 14:00:00,0.0,0.34619647541530363,0.3583954550705775,0.3666255582259426,-0.05749483022965941,-0.10499265938658223,1.0,0.0
Milwaukee,2000-10-04 15:00:00,0.0,0.34619647541530363,0.3583954550705775,0.3666255582259426,-0.05749483022965941,-0.10499265938658223,1.0,0.0
Milwaukee,2000-10-04 16:00:00,0.0,0.34619647541530363,0.3583954550705775,0.3666255582259426,-0.05749483022965941,-0.10499265938658223,1.0,0.0
Milwaukee,2000-10-04 17:00:00,0.0,0.34619647541530363,0.3583954550705775,0.3666255582259426,-0.05749483022965941,-0.10499265938658223,1.0,0.0
Milwaukee,2000-10-04 18:00:00,0.0,0.34619647541530363,0.3583954550705775,0.3666255582259426,-0.05749483022965941,-0.10499265938658223,1.0,0.0
Milwaukee,2000-10-04 19:00:00,0.0,0.34619647541530363,0.3583954550705775,0.3666255582259426,-0.05749483022965941,-0.10499265938658223,1.0,0.0
Milwaukee,2000-10-04 20:00:00,0.0,0.34619647541530363,0.3583954550705775,0.3666255582259426,-0.05749483022965941,-0.10499265938658223,1.0,0.0
Milwaukee,2000-10-04 21:00:00,0.0,0.34619647541530363,0.3583954550705775,0.3666255582259426,-0.05749483022965941,-0.10499265938658223,1.0,0.0
Milwaukee,2000-10-04 22:00:00,0.0,0.34619647541530363,0.3583954550705775,0.3666255582259426,-0.05749483022965941,-0.10499265938658223,1.0,0.0
Milwaukee,2000-10-04 23:00:00,0.0,0.34619647541530363,0.3583954550705775,0.3666255582259426,-0.05749483022965941,-0.10499265938658223,1.0,0.0
Milwaukee,2000-10-05 00:00:00,0.0,0.34619647541530363,0.3583954550705775,0.3666255582259426,-0.05749483022965941,-0.10499265938658223,1.0,0.0
Milwaukee,2000-10-05 01:00:00,0.0,0.34619647541530363,0.3583954550705775,0.3666255582259426,-0.05749483022965941,-0.10499265938658223,1.0,0.0
Milwaukee,2000-10-05 02:00:00,0.0,0.34619647541530363,0.3583954550705775,0.3666255582259426,-0.05749483022965941,-0.10499265938658223,1.0,0.0
Milwaukee,2000-10-05 03:00:00,0.0,0.34619647541530363,0.3583954550705775,0.3666255582259426,-0.05749483022965941,-0.10499265938658223,1.0,0.0
Milwaukee,2000-10-05 04:00:00,0.0,0.34619647541530363,0.3583954550705775,0.3666255582259426,-0.05749483022965941,-0.10499265938658223,1.0,0.0
Milwaukee,2000-10-05 05:00:00,0.0,0.34619647541530363,0.3583954550705775,0.3666255582259426,-0.05749483022965941,-0.10499265938658223,1.0,0.0
Milwaukee,2000-10-05 06:00:00,0.0,0.34619647541530363,0.3583954550705775,0.3666255582259426,-0.05749483022965941,-0.10499265938658223,1.0,0.0
Milwaukee,2000-10-05 07:00:00,0.0,0.34619647541530363,0.3583954550705775,0.3666255582259426,-0.05749483022965941,-0.10499265938658223,1.0,0.0
Milwaukee,2000-10-05 08:00:00,0.0,0.34619647541530363,0.3583954550705775,0.3666255582259426,-0.05749483022965941,-0.10499265938658223,1.0,0.0
Milwaukee,2000-10-05 09:00:00,0.0,0.34619647541530363,0.3583954550705775,0.3666255582259426,-0.05749483022965941,-0.10499265938658223,1.0,0.0
Milwaukee,2000-10-05 10:00:00,0.0,0.34619647541530363,0.3583954550705775,0.3666255582259426,-0.05749483022965941,-0.10499265938658223,1.0,0.0
Milwaukee,2000-10-05 11:00:00,0.0,0.34619647541530363,0.3583954550705775,0.3666255582259426,-0.05749483022965941,-0.10499265938658223,1.0,0.0
Milwaukee,2000-10-05 12:00:00,0.0,0.34619647541530363,0.3583954550705775,0.3666255582259426,-0.05749483022965941,-0.10499265938658223,1.0,0.0
Milwaukee,2000-10-05 13:00:00,0.0,0.34619647541530363,0.3583954550705775,0.3666255582259426,-0.05749483022965941,-0.10499265938658223,1.0,0.0
Milwaukee,2000-10-05 14:00:00,0.0,0.34619647541530363,0.3583954550705775,0.3666255582259426,-0.05749483022965941,-0.10499265938658223,1.0,0.0
Milwaukee,2000-10-05 15:00:00,0.0,0.34619647541530363,0.3583954550705775,0.3666255582259426,-0.05749483022965941,-0.10499265938658223,1.0,0.0
Milwaukee,2000-10-05 16:00:00,0.0,0.34619647541530363,0.3583954550705775,0.3666255582259426,-0.05749483022965941,-0.10499265938658223,1.0,0.0
Milwaukee,2000-10-05 17:00:00,0.0,0.34619647541530363,0.3583954550705775,0.3666255582259426,-0.05749483022965941,-0.10499265938658223,1.0,0.0
Milwaukee,2000-10-05 18:00:00,0.0,0.34619647541530363,0.3583954550705775,0.3666255582259426,-0.05749483022965941,-0.10499265938658223,1.0,0.0
Milwaukee,2000-10-05 19:00:00,0.0,0.34619647541530363,0.3583954550705775,0.3666255582259426,-0.05749483022965941,-0.10499265938658223,1.0,0.0
Milwaukee,2000-10-05 20:00:00,0.10000000149011612,0.37493462778701603,0.37963028842970437,0.38608798432978486,0.077882847413793,0.04267897886966643,0.5479894519381427,0.05479894601038219
Milwaukee,2000-10-05 21:00:00,0.30000000447034836,0.4321218104209064,0.4219192462835154,0.42481437583882836,0.3486382027006978,0.3380222553821637,0.9695502465412611,0.2908650782966057
Milwaukee,2000-10-05 22:00:00,0.7000000104308128,0.5412961978369442,0.5040882360000163,0.5001902799477915,0.8901489132745067,0.9287088084071575,1.0433184768948425,0.7303229447090495
Milwaukee,2000-10-05 23:00:00,1.0000000149011612,0.6153868482101035,0.562101850089929,0.5537391217635472,1.296281946204864,1.3717237231759034,1.0581985864972592,1.0581986022656469
Milwaukee,2000-10-06 00:00:00,1.1000000163912773,0.6382630095217223,0.5805629597505817,0.5708701973896023,1.4316596238483161,1.5193953614321518,1.0612825395941536,1.1674108109493455
Milwaukee,2000-10-06 01:00:00,1.3000000193715096,0.6811098161440119,0.6160277990081728,0.6039355221962737,1.7024149791352212,1.8147386379446493,1.0659790122773034,1.3857727366101171
Milwaukee,2000-10-06 02:00:00,1.0000000149011612,0.6153868482101035,0.562101850089929,0.5537391217635472,1.296281946204864,1.3717237231759034,1.0581985864972592,1.0581986022656469
Milwaukee,2000-10-06 03:00:00,0.9000000134110451,0.5915727882419518,0.543183605811401,0.5362334205342039,1.1609042685614115,1.2240520849196546,1.05439536925512,0.9489558464701519
Milwaukee,2000-10-06 04:00:00,0.20000000298023224,0.4036312859866724,0.40082695074191593,0.4055009521190948,0.2132605250572452,0.1903506171259148,0.8925731429893989,0.17851463125795505
Milwaukee,2000-10-06 05:00:00,0.0,0.34619647541530363,0.3583954550705775,0.3666255582259426,-0.05749483022965941,-0.10499265938658223,1.0,0.0
Milwaukee,2000-10-06 06:00:00,0.0,0.34619647541530363,0.3583954550705775,0.3666255582259426,-0.05749483022965941,-0.10499265938658223,1.0,0.0
Milwaukee,2000-10-06 07:00:00,0.0,0.34619647541530363,0.3583954550705775,0.3666255582259426,-0.05749483022965941,-0.10499265938658223,1.0,0.0
Milwaukee,2000-10-06 08:00:00,0.0,0.34619647541530363,0.3583954550705775,0.3666255582259426,-0.05749483022965941,-0.10499265938658223,1.0,0.0
Milwaukee,2000-10-06 09:00:00,0.0,0.34619647541530363,0.3583954550705775,0.3666255582259426,-0.05749483022965941,-0.10499265938658223,1.0,0.0
Milwaukee,2000-10-06 10:00:00,0.0,0.34619647541530363,0.3583954550705775,0.3666255582259426,-0.05749483022965941,-0.10499265938658223,1.0,0.0
Milwaukee,2000-10-06 11:00:00,0.0,0.34619647541530363,0.3583954550705775,0.3666255582259426,-0.05749483022965941,-0.10499265938658223,1.0,0.0
Milwaukee,2000-10-06 12:00:00,0.0,0.34619647541530363,0.3583954550705775,0.3666255582259426,-0.05749483022965941,-0.10499265938658223,1.0,0.0
Milwaukee,2000-10-06 13:00:00,0.0,0.34619647541530363,0.3583954550705775,0.3666255582259426,-0.05749483022965941,-0.10499265938658223,1.0,0.0
Milwaukee,2000-10-06 14:00:00,0.0,0.34619647541530363,0.3583954550705775,0.3666255582259426,-0.05749483022965941,-0.10499265938658223,1.0,0.0
Milwaukee,2000-10-06 15:00:00,0.0,0.34619647541530363,0.3583954550705775,0.3666255582259426,-0.05749483022965941,-0.10499265938658223,1.0,0.0
Milwaukee,2000-10-06 16:00:00,0.0,0.34619647541530363,0.3583954550705775,0.3666255582259426,-0.05749483022965941,-0.10499265938658223,1.0,0.0
Milwaukee,2000-10-06 17:00:00,0.0,0.34619647541530363,0.3583954550705775,0.3666255582259426,-0.05749483022965941,-0.10499265938658223,1.0,0.0
Milwaukee,2000-10-06 18:00:00,0.0,0.34619647541530363,0.3583954550705775,0.3666255582259426,-0.05749483022965941,-0.10499265938658223,1.0,0.0
Milwaukee,2000-10-06 19:00:00,0.0,0.34619647541530363,0.3583954550705775,0.3666255582259426,-0.05749483022965941,-0.10499265938658223,1.0,0.0
Milwaukee,2000-10-06 20:00:00,0.0,0.34619647541530363,0.3583954550705775,0.3666255582259426,-0.05749483022965941,-0.10499265938658223,1.0,0.0
Milwaukee,2000-10-06 21:00:00,0.0,0.34619647541530363,0.3583954550705775,0.3666255582259426,-0.05749483022965941,-0.10499265938658223,1.0,0.0
Milwaukee,2000-10-06 22:00:00,0.0,0.34619647541530363,0.3583954550705775,0.3666255582259426,-0.05749483022965941,-0.10499265938658223,1.0,0.0
Milwaukee,2000-10-06 23:00:00,0.0,0.34619647541530363,0.3583954550705775,0.3666255582259426,-0.05749483022965941,-0.10499265938658223,1.0,0.0
Milwaukee,2000-10-07 00:00:00,0.0,0.34619647541530363,0.3583954550705775,0.3666255582259426,-0.05749483022965941,-0.10499265938658223,1.0,0.0
Milwaukee,2000-10-07 01:00:00,0.0,0.34619647541530363,0.3583954550705775,0.3666255582259426,-0.05749483022965941,-0.10499265938658223,1.0,0.0
Milwaukee,2000-10-07 02:00:00,0.0,0.34619647541530363,0.3583954550705775,0.3666255582259426,-0.05749483022965941,-0.10499265938658223,1.0,0.0
Milwaukee,2000-10-07 03:00:00,0.0,0.34619647541530363,0.3583954550705775,0.3666255582259426,-0.05749483022965941,-0.10499265938658223,1.0,0.0
Milwaukee,2000-10-07 04:00:00,0.0,0.34619647541530363,0.3583954550705775,0.3666255582259426,-0.05749483022965941,-0.10499265938658223,1.0,0.0
Milwaukee,2000-10-07 05:00:00,0.0,0.34619647541530363,0.3583954550705775,0.3666255582259426,-0.05749483022965941,-0.10499265938658223,1.0,0.0
Milwaukee,2000-10-07 06:00:00,0.0,0.34619647541530363,0.3583954550705775,0.3666255582259426,-0.05749483022965941,-0.10499265938658223,1.0,0.0
Milwaukee,2000-10-07 07:00:00,0.0,0.34619647541530363,0.3583954550705775,0.3666255582259426,-0.05749483022965941,-0.10499265938658223,1.0,0.0
Milwaukee,2000-10-07 08:00:00,0.0,0.34619647541530363,0.3583954550705775,0.3666255582259426,-0.05749483022965941,-0.10499265938658223,1.0,0.0
Milwaukee,2000-10-07 09:00:00,0.0,0.34619647541530363,0.3583954550705775,0.3666255582259426,-0.05749483022965941,-0.10499265938658223,1.0,0.0
Milwaukee,2000-10-07 10:00:00,0.0,0.34619647541530363,0.3583954550705775,0.3666255582259426,-0.05749483022965941,-0.10499265938658223,1.0,0.0
Milwaukee,2000-10-07 11:00:00,0.0,0.34619647541530363,0.3583954550705775,0.3666255582259426,-0.05749483022965941,-0.10499265938658223,1.0,0.0
Milwaukee,2000-10-07 12:00:00,0.0,0.34619647541530363,0.3583954550705775,0.3666255582259426,-0.05749483022965941,-0.10499265938658223,1.0,0.0
Milwaukee,2000-10-07 13:00:00,0.0,0.34619647541530363,0.3583954550705775,0.3666255582259426,-0.05749483022965941,-0.10499265938658223,1.0,0.0
Milwaukee,2000-10-07 14:00:00,0.0,0.34619647541530363,0.3583954550705775,0.3666255582259426,-0.05749483022965941,-0.10499265938658223,1.0,0.0
Milwaukee,2000-10-07 15:00:00,0.0,0.34619647541530363,0.3583954550705775,0.3666255582259426,-0.05749483022965941,-0.10499265938658223,1.0,0.0
Milwaukee,2000-10-07 16:00:00,0.0,0.34619647541530363,0.3583954550705775,0.3666255582259426,-0.05749483022965941,-0.10499265938658223,1.0,0.0
Milwaukee,2000-10-07 17:00:00,0.0,0.34619647541530363,0.3583954550705775,0.3666255582259426,-0.05749483022965941,-0.10499265938658223,1.0,0.0
Milwaukee,2000-10-07 18:00:00,0.0,0.34619647541530363,0.3583954550705775,0.3666255582259426,-0.05749483022965941,-0.10499265938658223,1.0,0.0
Milwaukee,2000-10-07 19:00:00,0.0,0.34619647541530363,0.3583954550705775,0.3666255582259426,-0.05749483022965941,-0.10499265938658223,1.0,0.0
Milwaukee,2000-10-07 20:00:00,0.0,0.34619647541530363,0.3583954550705775,0.3666255582259426,-0.05749483022965941,-0.10499265938658223,1.0,0.0
Milwaukee,2000-10-07 21:00:00,0.0,0.34619647541530363,0.3583954550705775,0.3666255582259426,-0.05749483022965941,-0.10499265938658223,1.0,0.0
Milwaukee,2000-10-07 22:00:00,0.0,0.34619647541530363,0.3583954550705775,0.3666255582259426,-0.05749483022965941,-0.10499265938658223,1.0,0.0
Milwaukee,2000-10-07 23:00:00,0.10000000149011612,0.37493462778701603,0.37963028842970437,0.38608798432978486,0.077882847413793,0.04267897886966643,0.5479894519381427,0.05479894601038219
Milwaukee,2000-10-08 00:00:00,0.30000000447034836,0.4321218104209064,0.4219192462835154,0.42481437583882836,0.3486382027006978,0.3380222553821637,0.9695502465412611,0.2908650782966057
Milwaukee,2000-10-08 01:00:00,0.4000000059604645,0.4602572840073257,0.44284563734884813,0.44398150563378375,0.4840158803441499,0.4856938936384119,1.0034668558665243,0.40138674832773824
Milwaukee,2000-10-08 02:00:00,0.800000011920929,0.5668587624286637,0.5238351948323483,0.518375294178048,1.0255265909179592,1.0763804466634062,1.0495880420808272,0.8396704461767263
Milwaukee,2000-10-08 03:00:00,0.7000000104308128,0.5412961978369442,0.5040882360000163,0.5001902799477915,0.8901489132745067,0.9287088084071575,1.0433184768948425,0.7303229447090495
Milwaukee,2000-10-08 04:00:00,0.20000000298023224,0.4036312859866724,0.40082695074191593,0.4055009521190948,0.2132605250572452,0.1903506171259148,0.8925731429893989,0.17851463125795505
Milwaukee,2000-10-08 05:00:00,0.10000000149011612,0.37493462778701603,0.37963028842970437,0.38608798432978486,0.077882847413793,0.04267897886966643,0.5479894519381427,0.05479894601038219
Milwaukee,2000-10-08 06:00:00,0.0,0.34619647541530363,0.3583954550705775,0.3666255582259426,-0.05749483022965941,-0.10499265938658223,1.0,0.0
Milwaukee,2000-10-08 07:00:00,0.0,0.34619647541530363,0.3583954550705775,0.3666255582259426,-0.05749483022965941,-0.10499265938658223,1.0,0.0
Milwaukee,2000-10-08 08:00:00,0.0,0.34619647541530363,0.3583954550705775,0.3666255582259426,-0.05749483022965941,-0.10499265938658223,1.0,0.0
Milwaukee,2000-10-08 09:00:00,0.0,0.34619647541530363,0.3583954550705775,0.3666255582259426,-0.05749483022965941,-0.10499265938658223,1.0,0.0
Milwaukee,2000-10-08 10:00:00,0.0,0.34619647541530363,0.3583954550705775,0.3666255582259426,-0.05749483022965941,-0.10499265938658223,1.0,0.0
Milwaukee,2000-10-08 11:00:00,0.0,0.34619647541530363,0.3583954550705775,0.3666255582259426,-0.05749483022965941,-0.10499265938658223,1.0,0.0
Milwaukee,2000-10-08 12:00:00,0.0,0.34619647541530363,0.3583954550705775,0.3666255582259426,-0.05749483022965941,-0.10499265938658223,1.0,0.0
Milwaukee,2000-10-08 13:00:00,0.0,0.34619647541530363,0.3583954550705775,0.3666255582259426,-0.05749483022965941,-0.10499265938658223,1.0,0.0
Milwaukee,2000-10-08 14:00:00,0.0,0.34619647541530363,0.3583954550705775,0.3666255582259426,-0.05749483022965941,-0.10499265938658223,1.0,0.0
Milwaukee,2000-10-08 15:00:00,0.0,0.34619647541530363,0.3583954550705775,0.3666255582259426,-0.05749483022965941,-0.10499265938658223,1.0,0.0
Milwaukee,2000-10-08 16:00:00,0.0,0.34619647541530363,0.3583954550705775,0.3666255582259426,-0.05749483022965941,-0.10499265938658223,1.0,0.0
Milwaukee,2000-10-08 17:00:00,0.0,0.34619647541530363,0.3583954550705775,0.3666255582259426,-0.05749483022965941,-0.10499265938658223,1.0,0.0
Milwaukee,2000-10-08 18:00:00,0.0,0.34619647541530363,0.3583954550705775,0.3666255582259426,-0.05749483022965941,-0.10499265938658223,1.0,0.0
Milwaukee,2000-10-08 19:00:00,0.0,0.34619647541530363,0.3583954550705775,0.3666255582259426,-0.05749483022965941,-0.10499265938658223,1.0,0.0
Milwaukee,2000-10-08 20:00:00,0.0,0.34619647541530363,0.3583954550705775,0.3666255582259426,-0.05749483022965941,-0.10499265938658223,1.0,0.0
Milwaukee,2000-10-08 21:00:00,0.0,0.34619647541530363,0.3583954550705775,0.3666255582259426,-0.05749483022965941,-0.10499265938658223,1.0,0.0
Milwaukee,2000-10-08 22:00:00,0.0,0.34619647541530363,0.3583954550705775,0.3666255582259426,-0.05749483022965941,-0.10499265938658223,1.0,0.0
Milwaukee,2000-10-08 23:00:00,0.0,0.34619647541530363,0.3583954550705775,0.3666255582259426,-0.05749483022965941,-0.10499265938658223,1.0,0.0
Milwaukee,2000-10-09 00:00:00,0.0,0.34619647541530363,0.3583954550705775,0.3666255582259426,-0.05749483022965941,-0.10499265938658223,1.0,0.0
Milwaukee,2000-10-09 01:00:00,0.0,0.34619647541530363,0.3583954550705775,0.3666255582259426,-0.05749483022965941,-0.10499265938658223,1.0,0.0
Milwaukee,2000-10-09 02:00:00,0.0,0.34619647541530363,0.3583954550705775,0.3666255582259426,-0.05749483022965941,-0.10499265938658223,1.0,0.0
Milwaukee,2000-10-09 03:00:00,0.0,0.34619647541530363,0.3583954550705775,0.3666255582259426,-0.05749483022965941,-0.10499265938658223,1.0,0.0
Milwaukee,2000-10-09 04:00:00,0.0,0.34619647541530363,0.3583954550705775,0.3666255582259426,-0.05749483022965941,-0.10499265938658223,1.0,0.0
Milwaukee,2000-10-09 05:00:00,0.0,0.34619647541530363,0.3583954550705775,0.3666255582259426,-0.05749483022965941,-0.10499265938658223,1.0,0.0
Milwaukee,2000-10-09 06:00:00,0.0,0.34619647541530363,0.3583954550705775,0.3666255582259426,-0.05749483022965941,-0.10499265938658223,1.0,0.0
Milwaukee,2000-10-09 07:00:00,0.0,0.34619647541530363,0.3583954550705775,0.3666255582259426,-0.05749483022965941,-0.10499265938658223,1.0,0.0
Milwaukee,2000-10-09 08:00:00,0.0,0.34619647541530363,0.3583954550705775,0.3666255582259426,-0.05749483022965941,-0.10499265938658223,1.0,0.0
Milwaukee,2000-10-09 09:00:00,0.0,0.34619647541530363,0.3583954550705775,0.3666255582259426,-0.05749483022965941,-0.10499265938658223,1.0,0.0
Milwaukee,2000-10-09 10:00:00,0.0,0.34619647541530363,0.3583954550705775,0.3666255582259426,-0.05749483022965941,-0.10499265938658223,1.0,0.0
Milwaukee,2000-10-09 11:00:00,0.0,0.34619647541530363,0.3583954550705775,0.3666255582259426,-0.05749483022965941,-0.10499265938658223,1.0,0.0
Milwaukee,2000-10-09 12:00:00,0.0,0.34619647541530363,0.3583954550705775,0.3666255582259426,-0.05749483022965941,-0.10499265938658223,1.0,0.0
Milwaukee,2000-10-09 13:00:00,0.0,0.34619647541530363,0.3583954550705775,0.3666255582259426,-0.05749483022965941,-0.10499265938658223,1.0,0.0
Milwaukee,2000-10-09 14:00:00,0.0,0.34619647541530363,0.3583954550705775,0.3666255582259426,-0.05749483022965941,-0.10499265938658223,1.0,0.0
Milwaukee,2000-10-09 15:00:00,0.0,0.34619647541530363,0.3583954550705775,0.3666255582259426,-0.05749483022965941,-0.10499265938658223,1.0,0.0
Milwaukee,2000-10-09 16:00:00,0.0,0.34619647541530363,0.3583954550705775,0.3666255582259426,-0.05749483022965941,-0.10499265938658223,1.0,0.0
Milwaukee,2000-10-09 17:00:00,0.0,0.34619647541530363,0.3583954550705775,0.3666255582259426,-0.05749483022965941,-0.10499265938658223,1.0,0.0
Milwaukee,2000-10-09 18:00:00,0.0,0.34619647541530363,0.3583954550705775,0.3666255582259426,-0.05749483022965941,-0.10499265938658223,1.0,0.0
Milwaukee,2000-10-09 19:00:00,0.0,0.34619647541530363,0.3583954550705775,0.3666255582259426,-0.05749483022965941,-0.10499265938658223,1.0,0.0
Milwaukee,2000-10-09 20:00:00,0.0,0.34619647541530363,0.3583954550705775,0.3666255582259426,-0.05749483022965941,-0.10499265938658223,1.0,0.0
Milwaukee,2000-10-09 21:00:00,0.0,0.34619647541530363,0.3583954550705775,0.3666255582259426,-0.05749483022965941,-0.10499265938658223,1.0,0.0
Milwaukee,2000-10-09 22:00:00,0.0,0.34619647541530363,0.3583954550705775,0.3666255582259426,-0.05749483022965941,-0.10499265938658223,1.0,0.0
Milwaukee,2000-10-09 23:00:00,0.0,0.34619647541530363,0.3583954550705775,0.3666255582259426,-0.05749483022965941,-0.10499265938658223,1.0,0.0
Milwaukee,2000-10-10 00:00:00,0.0,0.34619647541530363,0.3583954550705775,0.3666255582259426,-0.05749483022965941,-0.10499265938658223,1.0,0.0
Milwaukee,2000-10-10 01:00:00,0.0,0.34619647541530363,0.3583954550705775,0.3666255582259426,-0.05749483022965941,-0.10499265938658223,1.0,0.0
Milwaukee,2000-10-10 02:00:00,0.0,0.34619647541530363,0.3583954550705775,0.3666255582259426,-0.05749483022965941,-0.10499265938658223,1.0,0.0
Milwaukee,2000-10-10 03:00:00,0.0,0.34619647541530363,0.3583954550705775,0.3666255582259426,-0.05749483022965941,-0.10499265938658223,1.0,0.0
Milwaukee,2000-10-10 04:00:00,0.0,0.34619647541530363,0.3583954550705775,0.3666255582259426,-0.05749483022965941,-0.10499265938658223,1.0,0.0
Milwaukee,2000-10-10 05:00:00,0.0,0.34619647541530363,0.3583954550705775,0.3666255582259426,-0.05749483022965941,-0.10499265938658223,1.0,0.0
Milwaukee,2000-10-10 06:00:00,0.0,0.34619647541530363,0.3583954550705775,0.3666255582259426,-0.05749483022965941,-0.10499265938658223,1.0,0.0
Milwaukee,2000-10-10 07:00:00,0.0,0.34619647541530363,0.3583954550705775,0.3666255582259426,-0.05749483022965941,-0.10499265938658223,1.0,0.0
Milwaukee,2000-10-10 08:00:00,0.0,0.34619647541530363,0.3583954550705775,0.3666255582259426,-0.05749483022965941,-0.10499265938658223,1.0,0.0
Milwaukee,2000-10-10 09:00:00,0.0,0.34619647541530363,0.3583954550705775,0.3666255582259426,-0.05749483022965941,-0.10499265938658223,1.0,0.0
Milwaukee,2000-10-10 10:00:00,0.0,0.34619647541530363,0.3583954550705775,0.3666255582259426,-0.05749483022965941,-0.10499265938658223,1.0,0.0
Milwaukee,2000-10-10 11:00:00,0.0,0.34619647541530363,0.3583954550705775,0.3666255582259426,-0.05749483022965941,-0.10499265938658223,1.0,0.0
Milwaukee,2000-10-10 12:00:00,0.0,0.34619647541530363,0.3583954550705775,0.3666255582259426,-0.05749483022965941,-0.10499265938658223,1.0,0.0
Milwaukee,2000-10-10 13:00:00,0.0,0.34619647541530363,0.3583954550705775,0.3666255582259426,-0.05749483022965941,-0.10499265938658223,1.0,0.0
Milwaukee,2000-10-10 14:00:00,0.0,0.34619647541530363,0.3583954550705775,0.3666255582259426,-0.05749483022965941,-0.10499265938658223,1.0,0.0
Milwaukee,2000-10-10 15:00:00,0.0,0.34619647541530363,0.3583954550705775,0.3666255582259426,-0.05749483022965941,-0.10499265938658223,1.0,0.0
Milwaukee,2000-10-10 16:00:00,0.0,0.34619647541530363,0.3583954550705775,0.3666255582259426,-0.05749483022965941,-0.10499265938658223,1.0,0.0
Milwaukee,2000-10-10 17:00:00,0.0,0.34619647541530363,0.3583954550705775,0.3666255582259426,-0.05749483022965941,-0.10499265938658223,1.0,0.0
Milwaukee,2000-10-10 18:00:00,0.0,0.34619647541530363,0.3583954550705775,0.3666255582259426,-0.05749483022965941,-0.10499265938658223,1.0,0.0
Milwaukee,2000-10-10 19:00:00,0.0,0.34619647541530363,0.3583954550705775,0.3666255582259426,-0.05749483022965941,-0.10499265938658223,1.0,0.0
Milwaukee,2000-10-10 20:00:00,0.0,0.34619647541530363,0.3583954550705775,0.3666255582259426,-0.05749483022965941,-0.10499265938658223,1.0,0.0
Milwaukee,2000-10-10 21:00:00,0.0,0.34619647541530363,0.3583954550705775,0.3666255582259426,-0.05749483022965941,-0.10499265938658223,1.0,0.0
Milwaukee,2000-10-10 22:00:00,0.0,0.34619647541530363,0.3583954550705775,0.3666255582259426,-0.05749483022965941,-0.10499265938658223,1.0,0.0
Milwaukee,2000-10-10 23:00:00,0.0,0.34619647541530363,0.3583954550705775,0.3666255582259426,-0.05749483022965941,-0.10499265938658223,1.0,0.0
Milwaukee,2000-10-11 00:00:00,0.0,0.34619647541530363,0.3583954550705775,0.3666255582259426,-0.05749483022965941,-0.10499265938658223,1.0,0.0
Milwaukee,2000-10-11 01:00:00,0.0,0.34619647541530363,0.3583954550705775,0.3666255582259426,-0.05749483022965941,-0.10499265938658223,1.0,0.0
Milwaukee,2000-10-11 02:00:00,0.0,0.34619647541530363,0.3583954550705775,0.3666255582259426,-0.05749483022965941,-0.10499265938658223,1.0,0.0
Milwaukee,2000-10-11 03:00:00,0.0,0.34619647541530363,0.3583954550705775,0.3666255582259426,-0.05749483022965941,-0.10499265938658223,1.0,0.0
Milwaukee,2000-10-11 04:00:00,0.0,0.34619647541530363,0.3583954550705775,0.3666255582259426,-0.05749483022965941,-0.10499265938658223,1.0,0.0
Milwaukee,2000-10-11 05:00:00,0.0,0.34619647541530363,0.3583954550705775,0.3666255582259426,-0.05749483022965941,-0.10499265938658223,1.0,0.0
Milwaukee,2000-10-11 06:00:00,0.0,0.34619647541530363,0.3583954550705775,0.3666255582259426,-0.05749483022965941,-0.10499265938658223,1.0,0.0
Milwaukee,2000-10-11 07:00:00,0.0,0.34619647541530363,0.3583954550705775,0.3666255582259426,-0.05749483022965941,-0.10499265938658223,1.0,0.0
Milwaukee,2000-10-11 08:00:00,0.0,0.34619647541530363,0.3583954550705775,0.3666255582259426,-0.05749483022965941,-0.10499265938658223,1.0,0.0
Milwaukee,2000-10-11 09:00:00,0.0,0.34619647541530363,0.3583954550705775,0.3666255582259426,-0.05749483022965941,-0.10499265938658223,1.0,0.0
Milwaukee,2000-10-11 10:00:00,0.0,0.34619647541530363,0.3583954550705775,0.3666255582259426,-0.05749483022965941,-0.10499265938658223,1.0,0.0
Milwaukee,2000-10-11 11:00:00,0.0,0.34619647541530363,0.3583954550705775,0.3666255582259426,-0.05749483022965941,-0.10499265938658223,1.0,0.0
Milwaukee,2000-10-11 12:00:00,0.0,0.34619647541530363,0.3583954550705775,0.3666255582259426,-0.05749483022965941,-0.10499265938658223,1.0,0.0
Milwaukee,2000-10-11 13:00:00,0.0,0.34619647541530363,0.3583954550705775,0.3666255582259426,-0.05749483022965941,-0.10499265938658223,1.0,0.0
Milwaukee,2000-10-11 14:00:00,0.0,0.34619647541530363,0.3583954550705775,0.3666255582259426,-0.05749483022965941,-0.10499265938658223,1.0,0.0
Milwaukee,2000-10-11 15:00:00,0.0,0.34619647541530363,0.3583954550705775,0.3666255582259426,-0.05749483022965941,-0.10499265938658223,1.0,0.0
Milwaukee,2000-10-11 16:00:00,0.0,0.34619647541530363,0.3583954550705775,0.3666255582259426,-0.05749483022965941,-0.10499265938658223,1.0,0.0
Milwaukee,2000-10-11 17:00:00,0.0,0.34619647541530363,0.3583954550705775,0.3666255582259426,-0.05749483022965941,-0.10499265938658223,1.0,0.0
Milwaukee,2000-10-11 18:00:00,0.0,0.34619647541530363,0.3583954550705775,0.3666255582259426,-0.05749483022965941,-0.10499265938658223,1.0,0.0
Milwaukee,2000-10-11 19:00:00,0.0,0.34619647541530363,0.3583954550705775,0.3666255582259426,-0.05749483022965941,-0.10499265938658223,1.0,0.0
Milwaukee,2000-10-11 20:00:00,0.0,0.34619647541530363,0.3583954550705775,0.3666255582259426,-0.05749483022965941,-0.10499265938658223,1.0,0.0
Milwaukee,2000-10-11 21:00:00,0.0,0.34619647541530363,0.3583954550705775,0.3666255582259426,-0.05749483022965941,-0.10499265938658223,1.0,0.0
Milwaukee,2000-10-11 22:00:00,0.0,0.34619647541530363,0.3583954550705775,0.3666255582259426,-0.05749483022965941,-0.10499265938658223,1.0,0.0
Milwaukee,2000-10-11 23:00:00,0.0,0.34619647541530363,0.3583954550705775,0.3666255582259426,-0.05749483022965941,-0.10499265938658223,1.0,0.0
Milwaukee,2000-10-12 00:00:00,0.0,0.34619647541530363,0.3583954550705775,0.3666255582259426,-0.05749483022965941,-0.10499265938658223,1.0,0.0
Milwaukee,2000-10-12 01:00:00,0.0,0.34619647541530363,0.3583954550705775,0.3666255582259426,-0.05749483022965941,-0.10499265938658223,1.0,0.0
Milwaukee,2000-10-12 02:00:00,0.0,0.34619647541530363,0.3583954550705775,0.3666255582259426,-0.05749483022965941,-0.10499265938658223,1.0,0.0
Milwaukee,2000-10-12 03:00:00,0.0,0.34619647541530363,0.3583954550705775,0.3666255582259426,-0.05749483022965941,-0.10499265938658223,1.0,0.0
Milwaukee,2000-10-12 04:00:00,0.0,0.34619647541530363,0.3583954550705775,0.3666255582259426,-0.05749483022965941,-0.10499265938658223,1.0,0.0
Milwaukee,2000-10-12 05:00:00,0.0,0.34619647541530363,0.3583954550705775,0.3666255582259426,-0.05749483022965941,-0.10499265938658223,1.0,0.0
Milwaukee,2000-10-12 06:00:00,0.0,0.34619647541530363,0.3583954550705775,0.3666255582259426,-0.05749483022965941,-0.10499265938658223,1.0,0.0
Milwaukee,2000-10-12 07:00:00,0.0,0.34619647541530363,0.3583954550705775,0.3666255582259426,-0.05749483022965941,-0.10499265938658223,1.0,0.0
Milwaukee,2000-10-12 08:00:00,0.0,0.34619647541530363,0.3583954550705775,0.3666255582259426,-0.05749483022965941,-0.10499265938658223,1.0,0.0
Milwaukee,2000-10-12 09:00:00,0.0,0.34619647541530363,0.3583954550705775,0.3666255582259426,-0.05749483022965941,-0.10499265938658223,1.0,0.0
Milwaukee,2000-10-12 10:00:00,0.0,0.34619647541530363,0.3583954550705775,0.3666255582259426,-0.05749483022965941,-0.10499265938658223,1.0,0.0
Milwaukee,2000-10-12 11:00:00,0.0,0.34619647541530363,0.3583954550705775,0.3666255582259426,-0.05749483022965941,-0.10499265938658223,1.0,0.0
Milwaukee,2000-10-12 12:00:00,0.0,0.34619647541530363,0.3583954550705775,0.3666255582259426,-0.05749483022965941,-0.10499265938658223,1.0,0.0
Milwaukee,2000-10-12 13:00:00,0.0,0.34619647541530363,0.3583954550705775,0.3666255582259426,-0.05749483022965941,-0.10499265938658223,1.0,0.0
Milwaukee,2000-10-12 14:00:00,0.0,0.34619647541530363,0.3583954550705775,0.3666255582259426,-0.05749483022965941,-0.10499265938658223,1.0,0.0
Milwaukee,2000-10-12 15:00:00,0.0,0.34619647541530363,0.3583954550705775,0.3666255582259426,-0.05749483022965941,-0.10499265938658223,1.0,0.0
Milwaukee,2000-10-12 16:00:00,0.0,0.34619647541530363,0.3583954550705775,0.3666255582259426,-0.05749483022965941,-0.10499265938658223,1.0,0.0
Milwaukee,2000-10-12 17:00:00,0.0,0.34619647541530363,0.3583954550705775,0.3666255582259426,-0.05749483022965941,-0.10499265938658223,1.0,0.0
Milwaukee,2000-10-12 18:00:00,0.0,0.34619647541530363,0.3583954550705775,0.3666255582259426,-0.05749483022965941,-0.10499265938658223,1.0,0.0
Milwaukee,2000-10-12 19:00:00,0.0,0.34619647541530363,0.3583954550705775,0.3666255582259426,-0.05749483022965941,-0.10499265938658223,1.0,0.0
Milwaukee,2000-10-12 20:00:00,0.0,0.34619647541530363,0.3583954550705775,0.3666255582259426,-0.05749483022965941,-0.10499265938658223,1.0,0.0
Milwaukee,2000-10-12 21:00:00,0.0,0.34619647541530363,0.3583954550705775,0.3666255582259426,-0.05749483022965941,-0.10499265938658223,1.0,0.0
Milwaukee,2000-10-12 22:00:00,0.0,0.34619647541530363,0.3583954550705775,0.3666255582259426,-0.05749483022965941,-0.10499265938658223,1.0,0.0
Milwaukee,2000-10-12 23:00:00,0.0,0.34619647541530363,0.3583954550705775,0.3666255582259426,-0.05749483022965941,-0.10499265938658223,1.0,0.0
Milwaukee,2000-10-13 00:00:00,0.0,0.34619647541530363,0.3583954550705775,0.3666255582259426,-0.05749483022965941,-0.10499265938658223,1.0,0.0
Milwaukee,2000-10-13 01:00:00,0.0,0.34619647541530363,0.3583954550705775,0.3666255582259426,-0.05749483022965941,-0.10499265938658223,1.0,0.0
Milwaukee,2000-10-13 02:00:00,0.0,0.34619647541530363,0.3583954550705775,0.3666255582259426,-0.05749483022965941,-0.10499265938658223,1.0,0.0
Milwaukee,2000-10-13 03:00:00,0.0,0.34619647541530363,0.3583954550705775,0.3666255582259426,-0.05749483022965941,-0.10499265938658223,1.0,0.0
Milwaukee,2000-10-13 04:00:00,0.0,0.34619647541530363,0.3583954550705775,0.3666255582259426,-0.05749483022965941,-0.10499265938658223,1.0,0.0
Milwaukee,2000-10-13 05:00:00,0.0,0.34619647541530363,0.3583954550705775,0.3666255582259426,-0.05749483022965941,-0.10499265938658223,1.0,0.0
Milwaukee,2000-10-13 06:00:00,0.0,0.34619647541530363,0.3583954550705775,0.3666255582259426,-0.05749483022965941,-0.10499265938658223,1.0,0.0
Milwaukee,2000-10-13 07:00:00,0.0,0.34619647541530363,0.3583954550705775,0.3666255582259426,-0.05749483022965941,-0.10499265938658223,1.0,0.0
Milwaukee,2000-10-13 08:00:00,0.0,0.34619647541530363,0.3583954550705775,0.3666255582259426,-0.05749483022965941,-0.10499265938658223,1.0,0.0
Milwaukee,2000-10-13 09:00:00,0.0,0.34619647541530363,0.3583954550705775,0.3666255582259426,-0.05749483022965941,-0.10499265938658223,1.0,0.0
Milwaukee,2000-10-13 10:00:00,0.0,0.34619647541530363,0.3583954550705775,0.3666255582259426,-0.05749483022965941,-0.10499265938658223,1.0,0.0
Milwaukee,2000-10-13 11:00:00,0.0,0.34619647541530363,0.3583954550705775,0.3666255582259426,-0.05749483022965941,-0.10499265938658223,1.0,0.0
Milwaukee,2000-10-13 12:00:00,0.0,0.34619647541530363,0.3583954550705775,0.3666255582259426,-0.05749483022965941,-0.10499265938658223,1.0,0.0
Milwaukee,2000-10-13 13:00:00,0.0,0.34619647541530363,0.3583954550705775,0.3666255582259426,-0.05749483022965941,-0.10499265938658223,1.0,0.0
Milwaukee,2000-10-13 14:00:00,0.0,0.34619647541530363,0.3583954550705775,0.3666255582259426,-0.05749483022965941,-0.10499265938658223,1.0,0.0
Milwaukee,2000-10-13 15:00:00,0.0,0.34619647541530363,0.3583954550705775,0.3666255582259426,-0.05749483022965941,-0.10499265938658223,1.0,0.0
Milwaukee,2000-10-13 16:00:00,0.0,0.34619647541530363,0.3583954550705775,0.3666255582259426,-0.05749483022965941,-0.10499265938658223,1.0,0.0
Milwaukee,2000-10-13 17:00:00,0.0,0.34619647541530363,0.3583954550705775,0.3666255582259426,-0.05749483022965941,-0.10499265938658223,1.0,0.0
Milwaukee,2000-10-13 18:00:00,0.0,0.34619647541530363,0.3583954550705775,0.3666255582259426,-0.05749483022965941,-0.10499265938658223,1.0,0.0
Milwaukee,2000-10-13 19:00:00,0.0,0.34619647541530363,0.3583954550705775,0.3666255582259426,-0.05749483022965941,-0.10499265938658223,1.0,0.0
Milwaukee,2000-10-13 20:00:00,0.0,0.34619647541530363,0.3583954550705775,0.3666255582259426,-0.05749483022965941,-0.10499265938658223,1.0,0.0
Milwaukee,2000-10-13 21:00:00,0.0,0.34619647541530363,0.3583954550705775,0.3666255582259426,-0.05749483022965941,-0.10499265938658223,1.0,0.0
Milwaukee,2000-10-13 22:00:00,0.0,0.34619647541530363,0.3583954550705775,0.3666255582259426,-0.05749483022965941,-0.10499265938658223,1.0,0.0
Milwaukee,2000-10-13 23:00:00,0.0,0.34619647541530363,0.3583954550705775,0.3666255582259426,-0.05749483022965941,-0.10499265938658223,1.0,0.0
Milwaukee,2000-10-14 00:00:00,0.0,0.34619647541530363,0.3583954550705775,0.3666255582259426,-0.05749483022965941,-0.10499265938658223,1.0,0.0
Milwaukee,2000-10-14 01:00:00,0.0,0.34619647541530363,0.3583954550705775,0.3666255582259426,-0.05749483022965941,-0.10499265938658223,1.0,0.0
Milwaukee,2000-10-14 02:00:00,0.0,0.34619647541530363,0.3583954550705775,0.3666255582259426,-0.05749483022965941,-0.10499265938658223,1.0,0.0
Milwaukee,2000-10-14 03:00:00,0.0,0.34619647541530363,0.3583954550705775,0.3666255582259426,-0.05749483022965941,-0.10499265938658223,1.0,0.0
Milwaukee,2000-10-14 04:00:00,0.0,0.34619647541530363,0.3583954550705775,0.3666255582259426,-0.05749483022965941,-0.10499265938658223,1.0,0.0
Milwaukee,2000-10-14 05:00:00,0.0,0.34619647541530363,0.3583954550705775,0.3666255582259426,-0.05749483022965941,-0.10499265938658223,1.0,0.0
Milwaukee,2000-10-14 06:00:00,0.0,0.34619647541530363,0.3583954550705775,0.3666255582259426,-0.05749483022965941,-0.10499265938658223,1.0,0.0
Milwaukee,2000-10-14 07:00:00,0.0,0.34619647541530363,0.3583954550705775,0.3666255582259426,-0.05749483022965941,-0.10499265938658223,1.0,0.0
Milwaukee,2000-10-14 08:00:00,0.0,0.34619647541530363,0.3583954550705775,0.3666255582259426,-0.05749483022965941,-0.10499265938658223,1.0,0.0
Milwaukee,2000-10-14 09:00:00,0.0,0.34619647541530363,0.3583954550705775,0.3666255582259426,-0.05749483022965941,-0.10499265938658223,1.0,0.0
Milwaukee,2000-10-14 10:00:00,0.0,0.34619647541530363,0.3583954550705775,0.3666255582259426,-0.05749483022965941,-0.10499265938658223,1.0,0.0
Milwaukee,2000-10-14 11:00:00,0.0,0.34619647541530363,0.3583954550705775,0.3666255582259426,-0.05749483022965941,-0.10499265938658223,1.0,0.0
Milwaukee,2000-10-14 12:00:00,0.0,0.34619647541530363,0.3583954550705775,0.3666255582259426,-0.05749483022965941,-0.10499265938658223,1.0,0.0
Milwaukee,2000-10-14 13:00:00,0.0,0.34619647541530363,0.3583954550705775,0.3666255582259426,-0.05749483022965941,-0.10499265938658223,1.0,0.0
Milwaukee,2000-10-14 14:00:00,0.0,0.34619647541530363,0.3583954550705775,0.3666255582259426,-0.05749483022965941,-0.10499265938658223,1.0,0.0
Milwaukee,2000-10-14 15:00:00,0.0,0.34619647541530363,0.3583954550705775,0.3666255582259426,-0.05749483022965941,-0.10499265938658223,1.0,0.0
Milwaukee,2000-10-14 16:00:00,0.0,0.34619647541530363,0.3583954550705775,0.3666255582259426,-0.05749483022965941,-0.10499265938658223,1.0,0.0
Milwaukee,2000-10-14 17:00:00,0.0,0.34619647541530363,0.3583954550705775,0.3666255582259426,-0.05749483022965941,-0.10499265938658223,1.0,0.0
Milwaukee,2000-10-14 18:00:00,0.0,0.34619647541530363,0.3583954550705775,0.3666255582259426,-0.05749483022965941,-0.10499265938658223,1.0,0.0
Milwaukee,2000-10-14 19:00:00,0.0,0.34619647541530363,0.3583954550705775,0.3666255582259426,-0.05749483022965941,-0.10499265938658223,1.0,0.0
Milwaukee,2000-10-14 20:00:00,0.0,0.34619647541530363,0.3583954550705775,0.3666255582259426,-0.05749483022965941,-0.10499265938658223,1.0,0.0
Milwaukee,2000-10-14 21:00:00,0.0,0.34619647541530363,0.3583954550705775,0.3666255582259426,-0.05749483022965941,-0.10499265938658223,1.0,0.0
Milwaukee,2000-10-14 22:00:00,0.0,0.34619647541530363,0.3583954550705775,0.3666255582259426,-0.05749483022965941,-0.10499265938658223,1.0,0.0
Milwaukee,2000-10-14 23:00:00,0.0,0.34619647541530363,0.3583954550705775,0.3666255582259426,-0.05749483022965941,-0.10499265938658223,1.0,0.0
Milwaukee,2000-10-15 00:00:00,0.0,0.34619647541530363,0.3583954550705775,0.3666255582259426,-0.05749483022965941,-0.10499265938658223,1.0,0.0
Milwaukee,2000-10-15 01:00:00,0.0,0.34619647541530363,0.3583954550705775,0.3666255582259426,-0.05749483022965941,-0.10499265938658223,1.0,0.0
Milwaukee,2000-10-15 02:00:00,0.0,0.34619647541530363,0.3583954550705775,0.3666255582259426,-0.05749483022965941,-0.10499265938658223,1.0,0.0
Milwaukee,2000-10-15 03:00:00,0.0,0.34619647541530363,0.3583954550705775,0.3666255582259426,-0.05749483022965941,-0.10499265938658223,1.0,0.0
Milwaukee,2000-10-15 04:00:00,0.0,0.34619647541530363,0.3583954550705775,0.3666255582259426,-0.05749483022965941,-0.10499265938658223,1.0,0.0
Milwaukee,2000-10-15 05:00:00,0.0,0.34619647541530363,0.3583954550705775,0.3666255582259426,-0.05749483022965941,-0.10499265938658223,1.0,0.0
Milwaukee,2000-10-15 06:00:00,0.0,0.34619647541530363,0.3583954550705775,0.3666255582259426,-0.05749483022965941,-0.10499265938658223,1.0,0.0
Milwaukee,2000-10-15 07:00:00,0.0,0.34619647541530363,0.3583954550705775,0.3666255582259426,-0.05749483022965941,-0.10499265938658223,1.0,0.0
Milwaukee,2000-10-15 08:00:00,0.0,0.34619647541530363,0.3583954550705775,0.3666255582259426,-0.05749483022965941,-0.10499265938658223,1.0,0.0
Milwaukee,2000-10-15 09:00:00,0.0,0.34619647541530363,0.3583954550705775,0.3666255582259426,-0.05749483022965941,-0.10499265938658223,1.0,0.0
Milwaukee,2000-10-15 10:00:00,0.0,0.34619647541530363,0.3583954550705775,0.3666255582259426,-0.05749483022965941,-0.10499265938658223,1.0,0.0
Milwaukee,2000-10-15 11:00:00,0.0,0.34619647541530363,0.3583954550705775,0.3666255582259426,-0.05749483022965941,-0.10499265938658223,1.0,0.0
Milwaukee,2000-10-15 12:00:00,0.0,0.34619647541530363,0.3583954550705775,0.3666255582259426,-0.05749483022965941,-0.10499265938658223,1.0,0.0
Milwaukee,2000-10-15 13:00:00,0.0,0.34619647541530363,0.3583954550705775,0.3666255582259426,-0.05749483022965941,-0.10499265938658223,1.0,0.0
Milwaukee,2000-10-15 14:00:00,0.0,0.34619647541530363,0.3583954550705775,0.3666255582259426,-0.05749483022965941,-0.10499265938658223,1.0,0.0
Milwaukee,2000-10-15 15:00:00,0.0,0.34619647541530363,0.3583954550705775,0.3666255582259426,-0.05749483022965941,-0.10499265938658223,1.0,0.0
Milwaukee,2000-10-15 16:00:00,0.0,0.34619647541530363,0.3583954550705775,0.3666255582259426,-0.05749483022965941,-0.10499265938658223,1.0,0.0
Milwaukee,2000-10-15 17:00:00,0.0,0.34619647541530363,0.3583954550705775,0.3666255582259426,-0.05749483022965941,-0.10499265938658223,1.0,0.0
Milwaukee,2000-10-15 18:00:00,0.0,0.34619647541530363,0.3583954550705775,0.3666255582259426,-0.05749483022965941,-0.10499265938658223,1.0,0.0
Milwaukee,2000-10-15 19:00:00,0.0,0.34619647541530363,0.3583954550705775,0.3666255582259426,-0.05749483022965941,-0.10499265938658223,1.0,0.0
Milwaukee,2000-10-15 20:00:00,0.0,0.34619647541530363,0.3583954550705775,0.3666255582259426,-0.05749483022965941,-0.10499265938658223,1.0,0.0
Milwaukee,2000-10-15 21:00:00,0.0,0.34619647541530363,0.3583954550705775,0.3666255582259426,-0.05749483022965941,-0.10499265938658223,1.0,0.0
Milwaukee,2000-10-15 22:00:00,0.0,0.34619647541530363,0.3583954550705775,0.3666255582259426,-0.05749483022965941,-0.10499265938658223,1.0,0.0
Milwaukee,2000-10-15 23:00:00,0.0,0.34619647541530363,0.3583954550705775,0.3666255582259426,-0.05749483022965941,-0.10499265938658223,1.0,0.0
Milwaukee,2000-10-16 00:00:00,0.0,0.34619647541530363,0.3583954550705775,0.3666255582259426,-0.05749483022965941,-0.10499265938658223,1.0,0.0
Milwaukee,2000-10-16 01:00:00,0.0,0.34619647541530363,0.3583954550705775,0.3666255582259426,-0.05749483022965941,-0.10499265938658223,1.0,0.0
Milwaukee,2000-10-16 02:00:00,0.0,0.34619647541530363,0.3583954550705775,0.3666255582259426,-0.05749483022965941,-0.10499265938658223,1.0,0.0
Milwaukee,2000-10-16 03:00:00,0.0,0.34619647541530363,0.3583954550705775,0.3666255582259426,-0.05749483022965941,-0.10499265938658223,1.0,0.0
Milwaukee,2000-10-16 04:00:00,0.0,0.34619647541530363,0.3583954550705775,0.3666255582259426,-0.05749483022965941,-0.10499265938658223,1.0,0.0
Milwaukee,2000-10-16 05:00:00,0.0,0.34619647541530363,0.3583954550705775,0.3666255582259426,-0.05749483022965941,-0.10499265938658223,1.0,0.0
Milwaukee,2000-10-16 06:00:00,0.0,0.34619647541530363,0.3583954550705775,0.3666255582259426,-0.05749483022965941,-0.10499265938658223,1.0,0.0
Milwaukee,2000-10-16 07:00:00,0.0,0.34619647541530363,0.3583954550705775,0.3666255582259426,-0.05749483022965941,-0.10499265938658223,1.0,0.0
Milwaukee,2000-10-16 08:00:00,0.0,0.34619647541530363,0.3583954550705775,0.3666255582259426,-0.05749483022965941,-0.10499265938658223,1.0,0.0
Milwaukee,2000-10-16 09:00:00,0.0,0.34619647541530363,0.3583954550705775,0.3666255582259426,-0.05749483022965941,-0.10499265938658223,1.0,0.0
Milwaukee,2000-10-16 10:00:00,0.0,0.34619647541530363,0.3583954550705775,0.3666255582259426,-0.05749483022965941,-0.10499265938658223,1.0,0.0
Milwaukee,2000-10-16 11:00:00,0.0,0.34619647541530363,0.3583954550705775,0.3666255582259426,-0.05749483022965941,-0.10499265938658223,1.0,0.0
Milwaukee,2000-10-16 12:00:00,0.0,0.34619647541530363,0.3583954550705775,0.3666255582259426,-0.05749483022965941,-0.10499265938658223,1.0,0.0
Milwaukee,2000-10-16 13:00:00,0.0,0.34619647541530363,0.3583954550705775,0.3666255582259426,-0.05749483022965941,-0.10499265938658223,1.0,0.0
Milwaukee,2000-10-16 14:00:00,0.0,0.34619647541530363,0.3583954550705775,0.3666255582259426,-0.05749483022965941,-0.10499265938658223,1.0,0.0
Milwaukee,2000-10-16 15:00:00,0.0,0.34619647541530363,0.3583954550705775,0.3666255582259426,-0.05749483022965941,-0.10499265938658223,1.0,0.0
Milwaukee,2000-10-16 16:00:00,0.0,0.34619647541530363,0.3583954550705775,0.3666255582259426,-0.05749483022965941,-0.10499265938658223,1.0,0.0
Milwaukee,2000-10-16 17:00:00,0.0,0.34619647541530363,0.3583954550705775,0.3666255582259426,-0.05749483022965941,-0.10499265938658223,1.0,0.0
Milwaukee,2000-10-16 18:00:00,0.0,0.34619647541530363,0.3583954550705775,0.3666255582259426,-0.05749483022965941,-0.10499265938658223,1.0,0.0
Milwaukee,2000-10-16 19:00:00,0.0,0.34619647541530363,0.3583954550705775,0.3666255582259426,-0.05749483022965941,-0.10499265938658223,1.0,0.0
Milwaukee,2000-10-16 20:00:00,0.0,0.34619647541530363,0.3583954550705775,0.3666255582259426,-0.05749483022965941,-0.10499265938658223,1.0,0.0
Milwaukee,2000-10-16 21:00:00,0.0,0.34619647541530363,0.3583954550705775,0.3666255582259426,-0.05749483022965941,-0.10499265938658223,1.0,0.0
Milwaukee,2000-10-16 22:00:00,0.0,0.34619647541530363,0.3583954550705775,0.3666255582259426,-0.05749483022965941,-0.10499265938658223,1.0,0.0
Milwaukee,2000-10-16 23:00:00,0.0,0.34619647541530363,0.3583954550705775,0.3666255582259426,-0.05749483022965941,-0.10499265938658223,1.0,0.0
Milwaukee,2000-10-17 00:00:00,0.0,0.34619647541530363,0.3583954550705775,0.3666255582259426,-0.05749483022965941,-0.10499265938658223,1.0,0.0
Milwaukee,2000-10-17 01:00:00,0.0,0.34619647541530363,0.3583954550705775,0.3666255582259426,-0.05749483022965941,-0.10499265938658223,1.0,0.0
Milwaukee,2000-10-17 02:00:00,0.0,0.34619647541530363,0.3583954550705775,0.3666255582259426,-0.05749483022965941,-0.10499265938658223,1.0,0.0
Milwaukee,2000-10-17 03:00:00,0.0,0.34619647541530363,0.3583954550705775,0.3666255582259426,-0.05749483022965941,-0.10499265938658223,1.0,0.0
Milwaukee,2000-10-17 04:00:00,0.0,0.34619647541530363,0.3583954550705775,0.3666255582259426,-0.05749483022965941,-0.10499265938658223,1.0,0.0
Milwaukee,2000-10-17 05:00:00,0.0,0.34619647541530363,0.3583954550705775,0.3666255582259426,-0.05749483022965941,-0.10499265938658223,1.0,0.0
Milwaukee,2000-10-17 06:00:00,0.0,0.34619647541530363,0.3583954550705775,0.3666255582259426,-0.05749483022965941,-0.10499265938658223,1.0,0.0
Milwaukee,2000-10-17 07:00:00,0.0,0.34619647541530363,0.3583954550705775,0.3666255582259426,-0.05749483022965941,-0.10499265938658223,1.0,0.0
Milwaukee,2000-10-17 08:00:00,0.0,0.34619647541530363,0.3583954550705775,0.3666255582259426,-0.05749483022965941,-0.10499265938658223,1.0,0.0
Milwaukee,2000-10-17 09:00:00,0.0,0.34619647541530363,0.3583954550705775,0.3666255582259426,-0.05749483022965941,-0.10499265938658223,1.0,0.0
Milwaukee,2000-10-17 10:00:00,0.0,0.34619647541530363,0.3583954550705775,0.3666255582259426,-0.05749483022965941,-0.10499265938658223,1.0,0.0
Milwaukee,2000-10-17 11:00:00,0.0,0.34619647541530363,0.3583954550705775,0.3666255582259426,-0.05749483022965941,-0.10499265938658223,1.0,0.0
Milwaukee,2000-10-17 12:00:00,0.0,0.34619647541530363,0.3583954550705775,0.3666255582259426,-0.05749483022965941,-0.10499265938658223,1.0,0.0
Milwaukee,2000-10-17 13:00:00,0.0,0.34619647541530363,0.3583954550705775,0.3666255582259426,-0.05749483022965941,-0.10499265938658223,1.0,0.0
Milwaukee,2000-10-17 14:00:00,0.0,0.34619647541530363,0.3583954550705775,0.3666255582259426,-0.05749483022965941,-0.10499265938658223,1.0,0.0
Milwaukee,2000-10-17 15:00:00,0.0,0.34619647541530363,0.3583954550705775,0.3666255582259426,-0.05749483022965941,-0.10499265938658223,1.0,0.0
Milwaukee,2000-10-17 16:00:00,0.0,0.34619647541530363,0.3583954550705775,0.3666255582259426,-0.05749483022965941,-0.10499265938658223,1.0,0.0
Milwaukee,2000-10-17 17:00:00,0.0,0.34619647541530363,0.3583954550705775,0.3666255582259426,-0.05749483022965941,-0.10499265938658223,1.0,0.0
Milwaukee,2000-10-17 18:00:00,0.0,0.34619647541530363,0.3583954550705775,0.3666255582259426,-0.05749483022965941,-0.10499265938658223,1.0,0.0
Milwaukee,2000-10-17 19:00:00,0.0,0.34619647541530363,0.3583954550705775,0.3666255582259426,-0.05749483022965941,-0.10499265938658223,1.0,0.0
Milwaukee,2000-10-17 20:00:00,0.0,0.34619647541530363,0.3583954550705775,0.3666255582259426,-0.05749483022965941,-0.10499265938658223,1.0,0.0
Milwaukee,2000-10-17 21:00:00,0.0,0.34619647541530363,0.3583954550705775,0.3666255582259426,-0.05749483022965941,-0.10499265938658223,1.0,0.0
Milwaukee,2000-10-17 22:00:00,0.0,0.34619647541530363,0.3583954550705775,0.3666255582259426,-0.05749483022965941,-0.10499265938658223,1.0,0.0
Milwaukee,2000-10-17 23:00:00,0.0,0.34619647541530363,0.3583954550705775,0.3666255582259426,-0.05749483022965941,-0.10499265938658223,1.0,0.0
Milwaukee,2000-10-18 00:00:00,0.0,0.34619647541530363,0.3583954550705775,0.3666255582259426,-0.05749483022965941,-0.10499265938658223,1.0,0.0
Milwaukee,2000-10-18 01:00:00,0.0,0.34619647541530363,0.3583954550705775,0.3666255582259426,-0.05749483022965941,-0.10499265938658223,1.0,0.0
Milwaukee,2000-10-18 02:00:00,0.0,0.34619647541530363,0.3583954550705775,0.3666255582259426,-0.05749483022965941,-0.10499265938658223,1.0,0.0
Milwaukee,2000-10-18 03:00:00,0.0,0.34619647541530363,0.3583954550705775,0.3666255582259426,-0.05749483022965941,-0.10499265938658223,1.0,0.0
Milwaukee,2000-10-18 04:00:00,0.0,0.34619647541530363,0.3583954550705775,0.3666255582259426,-0.05749483022965941,-0.10499265938658223,1.0,0.0
Milwaukee,2000-10-18 05:00:00,0.0,0.34619647541530363,0.3583954550705775,0.3666255582259426,-0.05749483022965941,-0.10499265938658223,1.0,0.0
Milwaukee,2000-10-18 06:00:00,0.0,0.34619647541530363,0.3583954550705775,0.3666255582259426,-0.05749483022965941,-0.10499265938658223,1.0,0.0
Milwaukee,2000-10-18 07:00:00,0.0,0.34619647541530363,0.3583954550705775,0.3666255582259426,-0.05749483022965941,-0.10499265938658223,1.0,0.0
Milwaukee,2000-10-18 08:00:00,0.0,0.34619647541530363,0.3583954550705775,0.3666255582259426,-0.05749483022965941,-0.10499265938658223,1.0,0.0
Milwaukee,2000-10-18 09:00:00,0.0,0.34619647541530363,0.3583954550705775,0.3666255582259426,-0.05749483022965941,-0.10499265938658223,1.0,0.0
Milwaukee,2000-10-18 10:00:00,0.0,0.34619647541530363,0.3583954550705775,0.3666255582259426,-0.05749483022965941,-0.10499265938658223,1.0,0.0
Milwaukee,2000-10-18 11:00:00,0.0,0.34619647541530363,0.3583954550705775,0.3666255582259426,-0.05749483022965941,-0.10499265938658223,1.0,0.0
Milwaukee,2000-10-18 12:00:00,0.0,0.34619647541530363,0.3583954550705775,0.3666255582259426,-0.05749483022965941,-0.10499265938658223,1.0,0.0
Milwaukee,2000-10-18 13:00:00,0.0,0.34619647541530363,0.3583954550705775,0.3666255582259426,-0.05749483022965941,-0.10499265938658223,1.0,0.0
Milwaukee,2000-10-18 14:00:00,0.0,0.34619647541530363,0.3583954550705775,0.3666255582259426,-0.05749483022965941,-0.10499265938658223,1.0,0.0
Milwaukee,2000-10-18 15:00:00,0.0,0.34619647541530363,0.3583954550705775,0.3666255582259426,-0.05749483022965941,-0.10499265938658223,1.0,0.0
Milwaukee,2000-10-18 16:00:00,0.0,0.34619647541530363,0.3583954550705775,0.3666255582259426,-0.05749483022965941,-0.10499265938658223,1.0,0.0
Milwaukee,2000-10-18 17:00:00,0.0,0.34619647541530363,0.3583954550705775,0.3666255582259426,-0.05749483022965941,-0.10499265938658223,1.0,0.0
Milwaukee,2000-10-18 18:00:00,0.0,0.34619647541530363,0.3583954550705775,0.3666255582259426,-0.05749483022965941,-0.10499265938658223,1.0,0.0
Milwaukee,2000-10-18 19:00:00,0.0,0.34619647541530363,0.3583954550705775,0.3666255582259426,-0.05749483022965941,-0.10499265938658223,1.0,0.0
Milwaukee,2000-10-18 20:00:00,0.0,0.34619647541530363,0.3583954550705775,0.3666255582259426,-0.05749483022965941,-0.10499265938658223,1.0,0.0
Milwaukee,2000-10-18 21:00:00,0.0,0.34619647541530363,0.3583954550705775,0.3666255582259426,-0.05749483022965941,-0.10499265938658223,1.0,0.0
Milwaukee,2000-10-18 22:00:00,0.0,0.34619647541530363,0.3583954550705775,0.3666255582259426,-0.05749483022965941,-0.10499265938658223,1.0,0.0
Milwaukee,2000-10-18 23:00:00,0.0,0.34619647541530363,0.3583954550705775,0.3666255582259426,-0.05749483022965941,-0.10499265938658223,1.0,0.0
Milwaukee,2000-10-19 00:00:00,0.0,0.34619647541530363,0.3583954550705775,0.3666255582259426,-0.05749483022965941,-0.10499265938658223,1.0,0.0
Milwaukee,2000-10-19 01:00:00,0.0,0.34619647541530363,0.3583954550705775,0.3666255582259426,-0.05749483022965941,-0.10499265938658223,1.0,0.0
Milwaukee,2000-10-19 02:00:00,0.0,0.34619647541530363,0.3583954550705775,0.3666255582259426,-0.05749483022965941,-0.10499265938658223,1.0,0.0
Milwaukee,2000-10-19 03:00:00,0.0,0.34619647541530363,0.3583954550705775,0.3666255582259426,-0.05749483022965941,-0.10499265938658223,1.0,0.0
Milwaukee,2000-10-19 04:00:00,0.0,0.34619647541530363,0.3583954550705775,0.3666255582259426,-0.05749483022965941,-0.10499265938658223,1.0,0.0
Milwaukee,2000-10-19 05:00:00,0.0,0.34619647541530363,0.3583954550705775,0.3666255582259426,-0.05749483022965941,-0.10499265938658223,1.0,0.0
Milwaukee,2000-10-19 06:00:00,0.0,0.34619647541530363,0.3583954550705775,0.3666255582259426,-0.05749483022965941,-0.10499265938658223,1.0,0.0
Milwaukee,2000-10-19 07:00:00,0.0,0.34619647541530363,0.3583954550705775,0.3666255582259426,-0.05749483022965941,-0.10499265938658223,1.0,0.0
Milwaukee,2000-10-19 08:00:00,0.0,0.34619647541530363,0.3583954550705775,0.3666255582259426,-0.05749483022965941,-0.10499265938658223,1.0,0.0
Milwaukee,2000-10-19 09:00:00,0.0,0.34619647541530363,0.3583954550705775,0.3666255582259426,-0.05749483022965941,-0.10499265938658223,1.0,0.0
Milwaukee,2000-10-19 10:00:00,0.0,0.34619647541530363,0.3583954550705775,0.3666255582259426,-0.05749483022965941,-0.10499265938658223,1.0,0.0
Milwaukee,2000-10-19 11:00:00,0.0,0.34619647541530363,0.3583954550705775,0.3666255582259426,-0.05749483022965941,-0.10499265938658223,1.0,0.0
Milwaukee,2000-10-19 12:00:00,0.0,0.34619647541530363,0.3583954550705775,0.3666255582259426,-0.05749483022965941,-0.10499265938658223,1.0,0.0
Milwaukee,2000-10-19 13:00:00,0.0,0.34619647541530363,0.3583954550705775,0.3666255582259426,-0.05749483022965941,-0.10499265938658223,1.0,0.0
Milwaukee,2000-10-19 14:00:00,0.0,0.34619647541530363,0.3583954550705775,0.3666255582259426,-0.05749483022965941,-0.10499265938658223,1.0,0.0
Milwaukee,2000-10-19 15:00:00,0.0,0.34619647541530363,0.3583954550705775,0.3666255582259426,-0.05749483022965941,-0.10499265938658223,1.0,0.0
Milwaukee,2000-10-19 16:00:00,0.0,0.34619647541530363,0.3583954550705775,0.3666255582259426,-0.05749483022965941,-0.10499265938658223,1.0,0.0
Milwaukee,2000-10-19 17:00:00,0.0,0.34619647541530363,0.3583954550705775,0.3666255582259426,-0.05749483022965941,-0.10499265938658223,1.0,0.0
Milwaukee,2000-10-19 18:00:00,0.0,0.34619647541530363,0.3583954550705775,0.3666255582259426,-0.05749483022965941,-0.10499265938658223,1.0,0.0
Milwaukee,2000-10-19 19:00:00,0.0,0.34619647541530363,0.3583954550705775,0.3666255582259426,-0.05749483022965941,-0.10499265938658223,1.0,0.0
Milwaukee,2000-10-19 20:00:00,0.0,0.34619647541530363,0.3583954550705775,0.3666255582259426,-0.05749483022965941,-0.10499265938658223,1.0,0.0
Milwaukee,2000-10-19 21:00:00,0.0,0.34619647541530363,0.3583954550705775,0.3666255582259426,-0.05749483022965941,-0.10499265938658223,1.0,0.0
Milwaukee,2000-10-19 22:00:00,0.0,0.34619647541530363,0.3583954550705775,0.3666255582259426,-0.05749483022965941,-0.10499265938658223,1.0,0.0
Milwaukee,2000-10-19 23:00:00,0.0,0.34619647541530363,0.3583954550705775,0.3666255582259426,-0.05749483022965941,-0.10499265938658223,1.0,0.0
Milwaukee,2000-10-20 00:00:00,0.0,0.34619647541530363,0.3583954550705775,0.3666255582259426,-0.05749483022965941,-0.10499265938658223,1.0,0.0
Milwaukee,2000-10-20 01:00:00,0.0,0.34619647541530363,0.3583954550705775,0.3666255582259426,-0.05749483022965941,-0.10499265938658223,1.0,0.0
Milwaukee,2000-10-20 02:00:00,0.0,0.34619647541530363,0.3583954550705775,0.3666255582259426,-0.05749483022965941,-0.10499265938658223,1.0,0.0
Milwaukee,2000-10-20 03:00:00,0.0,0.34619647541530363,0.3583954550705775,0.3666255582259426,-0.05749483022965941,-0.10499265938658223,1.0,0.0
Milwaukee,2000-10-20 04:00:00,0.0,0.34619647541530363,0.3583954550705775,0.3666255582259426,-0.05749483022965941,-0.10499265938658223,1.0,0.0
Milwaukee,2000-10-20 05:00:00,0.0,0.34619647541530363,0.3583954550705775,0.3666255582259426,-0.05749483022965941,-0.10499265938658223,1.0,0.0
Milwaukee,2000-10-20 06:00:00,0.0,0.34619647541530363,0.3583954550705775,0.3666255582259426,-0.05749483022965941,-0.10499265938658223,1.0,0.0
Milwaukee,2000-10-20 07:00:00,0.0,0.34619647541530363,0.3583954550705775,0.3666255582259426,-0.05749483022965941,-0.10499265938658223,1.0,0.0
Milwaukee,2000-10-20 08:00:00,0.0,0.34619647541530363,0.3583954550705775,0.3666255582259426,-0.05749483022965941,-0.10499265938658223,1.0,0.0
Milwaukee,2000-10-20 09:00:00,0.0,0.34619647541530363,0.3583954550705775,0.3666255582259426,-0.05749483022965941,-0.10499265938658223,1.0,0.0
Milwaukee,2000-10-20 10:00:00,0.0,0.34619647541530363,0.3583954550705775,0.3666255582259426,-0.05749483022965941,-0.10499265938658223,1.0,0.0
Milwaukee,2000-10-20 11:00:00,0.0,0.34619647541530363,0.3583954550705775,0.3666255582259426,-0.05749483022965941,-0.10499265938658223,1.0,0.0
Milwaukee,2000-10-20 12:00:00,0.0,0.34619647541530363,0.3583954550705775,0.3666255582259426,-0.05749483022965941,-0.10499265938658223,1.0,0.0
Milwaukee,2000-10-20 13:00:00,0.0,0.34619647541530363,0.3583954550705775,0.3666255582259426,-0.05749483022965941,-0.10499265938658223,1.0,0.0
Milwaukee,2000-10-20 14:00:00,0.0,0.34619647541530363,0.3583954550705775,0.3666255582259426,-0.05749483022965941,-0.10499265938658223,1.0,0.0
Milwaukee,2000-10-20 15:00:00,0.0,0.34619647541530363,0.3583954550705775,0.3666255582259426,-0.05749483022965941,-0.10499265938658223,1.0,0.0
Milwaukee,2000-10-20 16:00:00,0.0,0.34619647541530363,0.3583954550705775,0.3666255582259426,-0.05749483022965941,-0.10499265938658223,1.0,0.0
Milwaukee,2000-10-20 17:00:00,0.0,0.34619647541530363,0.3583954550705775,0.3666255582259426,-0.05749483022965941,-0.10499265938658223,1.0,0.0
Milwaukee,2000-10-20 18:00:00,0.0,0.34619647541530363,0.3583954550705775,0.3666255582259426,-0.05749483022965941,-0.10499265938658223,1.0,0.0
Milwaukee,2000-10-20 19:00:00,0.0,0.34619647541530363,0.3583954550705775,0.3666255582259426,-0.05749483022965941,-0.10499265938658223,1.0,0.0
Milwaukee,2000-10-20 20:00:00,0.0,0.34619647541530363,0.3583954550705775,0.3666255582259426,-0.05749483022965941,-0.10499265938658223,1.0,0.0
Milwaukee,2000-10-20 21:00:00,0.0,0.34619647541530363,0.3583954550705775,0.3666255582259426,-0.05749483022965941,-0.10499265938658223,1.0,0.0
Milwaukee,2000-10-20 22:00:00,0.0,0.34619647541530363,0.3583954550705775,0.3666255582259426,-0.05749483022965941,-0.10499265938658223,1.0,0.0
Milwaukee,2000-10-20 23:00:00,0.0,0.34619647541530363,0.3583954550705775,0.3666255582259426,-0.05749483022965941,-0.10499265938658223,1.0,0.0
Milwaukee,2000-10-21 00:00:00,0.0,0.34619647541530363,0.3583954550705775,0.3666255582259426,-0.05749483022965941,-0.10499265938658223,1.0,0.0
Milwaukee,2000-10-21 01:00:00,0.0,0.34619647541530363,0.3583954550705775,0.3666255582259426,-0.05749483022965941,-0.10499265938658223,1.0,0.0
Milwaukee,2000-10-21 02:00:00,0.0,0.34619647541530363,0.3583954550705775,0.3666255582259426,-0.05749483022965941,-0.10499265938658223,1.0,0.0
Milwaukee,2000-10-21 03:00:00,0.0,0.34619647541530363,0.3583954550705775,0.3666255582259426,-0.05749483022965941,-0.10499265938658223,1.0,0.0
Milwaukee,2000-10-21 04:00:00,0.0,0.34619647541530363,0.3583954550705775,0.3666255582259426,-0.05749483022965941,-0.10499265938658223,1.0,0.0
Milwaukee,2000-10-21 05:00:00,0.0,0.34619647541530363,0.3583954550705775,0.3666255582259426,-0.05749483022965941,-0.10499265938658223,1.0,0.0
Milwaukee,2000-10-21 06:00:00,0.0,0.34619647541530363,0.3583954550705775,0.3666255582259426,-0.05749483022965941,-0.10499265938658223,1.0,0.0
Milwaukee,2000-10-21 07:00:00,0.0,0.34619647541530363,0.3583954550705775,0.3666255582259426,-0.05749483022965941,-0.10499265938658223,1.0,0.0
Milwaukee,2000-10-21 08:00:00,0.0,0.34619647541530363,0.3583954550705775,0.3666255582259426,-0.05749483022965941,-0.10499265938658223,1.0,0.0
Milwaukee,2000-10-21 09:00:00,0.0,0.34619647541530363,0.3583954550705775,0.3666255582259426,-0.05749483022965941,-0.10499265938658223,1.0,0.0
Milwaukee,2000-10-21 10:00:00,0.0,0.34619647541530363,0.3583954550705775,0.3666255582259426,-0.05749483022965941,-0.10499265938658223,1.0,0.0
Milwaukee,2000-10-21 11:00:00,0.0,0.34619647541530363,0.3583954550705775,0.3666255582259426,-0.05749483022965941,-0.10499265938658223,1.0,0.0
Milwaukee,2000-10-21 12:00:00,0.0,0.34619647541530363,0.3583954550705775,0.3666255582259426,-0.05749483022965941,-0.10499265938658223,1.0,0.0
Milwaukee,2000-10-21 13:00:00,0.0,0.34619647541530363,0.3583954550705775,0.3666255582259426,-0.05749483022965941,-0.10499265938658223,1.0,0.0
Milwaukee,2000-10-21 14:00:00,0.0,0.34619647541530363,0.3583954550705775,0.3666255582259426,-0.05749483022965941,-0.10499265938658223,1.0,0.0
Milwaukee,2000-10-21 15:00:00,0.0,0.34619647541530363,0.3583954550705775,0.3666255582259426,-0.05749483022965941,-0.10499265938658223,1.0,0.0
Milwaukee,2000-10-21 16:00:00,0.0,0.34619647541530363,0.3583954550705775,0.3666255582259426,-0.05749483022965941,-0.10499265938658223,1.0,0.0
Milwaukee,2000-10-21 17:00:00,0.0,0.34619647541530363,0.3583954550705775,0.3666255582259426,-0.05749483022965941,-0.10499265938658223,1.0,0.0
Milwaukee,2000-10-21 18:00:00,0.0,0.34619647541530363,0.3583954550705775,0.3666255582259426,-0.05749483022965941,-0.10499265938658223,1.0,0.0
Milwaukee,2000-10-21 19:00:00,0.0,0.34619647541530363,0.3583954550705775,0.3666255582259426,-0.05749483022965941,-0.10499265938658223,1.0,0.0
Milwaukee,2000-10-21 20:00:00,0.0,0.34619647541530363,0.3583954550705775,0.3666255582259426,-0.05749483022965941,-0.10499265938658223,1.0,0.0
Milwaukee,2000-10-21 21:00:00,0.0,0.34619647541530363,0.3583954550705775,0.3666255582259426,-0.05749483022965941,-0.10499265938658223,1.0,0.0
Milwaukee,2000-10-21 22:00:00,0.0,0.34619647541530363,0.3583954550705775,0.3666255582259426,-0.05749483022965941,-0.10499265938658223,1.0,0.0
Milwaukee,2000-10-21 23:00:00,0.0,0.34619647541530363,0.3583954550705775,0.3666255582259426,-0.05749483022965941,-0.10499265938658223,1.0,0.0
Milwaukee,2000-10-22 00:00:00,0.0,0.34619647541530363,0.3583954550705775,0.3666255582259426,-0.05749483022965941,-0.10499265938658223,1.0,0.0
Milwaukee,2000-10-22 01:00:00,0.0,0.34619647541530363,0.3583954550705775,0.3666255582259426,-0.05749483022965941,-0.10499265938658223,1.0,0.0
Milwaukee,2000-10-22 02:00:00,0.0,0.34619647541530363,0.3583954550705775,0.3666255582259426,-0.05749483022965941,-0.10499265938658223,1.0,0.0
Milwaukee,2000-10-22 03:00:00,0.0,0.34619647541530363,0.3583954550705775,0.3666255582259426,-0.05749483022965941,-0.10499265938658223,1.0,0.0
Milwaukee,2000-10-22 04:00:00,0.0,0.34619647541530363,0.3583954550705775,0.3666255582259426,-0.05749483022965941,-0.10499265938658223,1.0,0.0
Milwaukee,2000-10-22 05:00:00,0.0,0.34619647541530363,0.3583954550705775,0.3666255582259426,-0.05749483022965941,-0.10499265938658223,1.0,0.0
Milwaukee,2000-10-22 06:00:00,0.0,0.34619647541530363,0.3583954550705775,0.3666255582259426,-0.05749483022965941,-0.10499265938658223,1.0,0.0
Milwaukee,2000-10-22 07:00:00,0.0,0.34619647541530363,0.3583954550705775,0.3666255582259426,-0.05749483022965941,-0.10499265938658223,1.0,0.0
Milwaukee,2000-10-22 08:00:00,0.0,0.34619647541530363,0.3583954550705775,0.3666255582259426,-0.05749483022965941,-0.10499265938658223,1.0,0.0
Milwaukee,2000-10-22 09:00:00,0.0,0.34619647541530363,0.3583954550705775,0.3666255582259426,-0.05749483022965941,-0.10499265938658223,1.0,0.0
Milwaukee,2000-10-22 10:00:00,0.0,0.34619647541530363,0.3583954550705775,0.3666255582259426,-0.05749483022965941,-0.10499265938658223,1.0,0.0
Milwaukee,2000-10-22 11:00:00,0.0,0.34619647541530363,0.3583954550705775,0.3666255582259426,-0.05749483022965941,-0.10499265938658223,1.0,0.0
Milwaukee,2000-10-22 12:00:00,0.0,0.34619647541530363,0.3583954550705775,0.3666255582259426,-0.05749483022965941,-0.10499265938658223,1.0,0.0
Milwaukee,2000-10-22 13:00:00,0.0,0.34619647541530363,0.3583954550705775,0.3666255582259426,-0.05749483022965941,-0.10499265938658223,1.0,0.0
Milwaukee,2000-10-22 14:00:00,0.0,0.34619647541530363,0.3583954550705775,0.3666255582259426,-0.05749483022965941,-0.10499265938658223,1.0,0.0
Milwaukee,2000-10-22 15:00:00,0.0,0.34619647541530363,0.3583954550705775,0.3666255582259426,-0.05749483022965941,-0.10499265938658223,1.0,0.0
Milwaukee,2000-10-22 16:00:00,0.0,0.34619647541530363,0.3583954550705775,0.3666255582259426,-0.05749483022965941,-0.10499265938658223,1.0,0.0
Milwaukee,2000-10-22 17:00:00,0.0,0.34619647541530363,0.3583954550705775,0.3666255582259426,-0.05749483022965941,-0.10499265938658223,1.0,0.0
Milwaukee,2000-10-22 18:00:00,0.0,0.34619647541530363,0.3583954550705775,0.3666255582259426,-0.05749483022965941,-0.10499265938658223,1.0,0.0
Milwaukee,2000-10-22 19:00:00,0.0,0.34619647541530363,0.3583954550705775,0.3666255582259426,-0.05749483022965941,-0.10499265938658223,1.0,0.0
Milwaukee,2000-10-22 20:00:00,0.0,0.34619647541530363,0.3583954550705775,0.3666255582259426,-0.05749483022965941,-0.10499265938658223,1.0,0.0
Milwaukee,2000-10-22 21:00:00,0.0,0.34619647541530363,0.3583954550705775,0.3666255582259426,-0.05749483022965941,-0.10499265938658223,1.0,0.0
Milwaukee,2000-10-22 22:00:00,0.0,0.34619647541530363,0.3583954550705775,0.3666255582259426,-0.05749483022965941,-0.10499265938658223,1.0,0.0
Milwaukee,2000-10-22 23:00:00,0.0,0.34619647541530363,0.3583954550705775,0.3666255582259426,-0.05749483022965941,-0.10499265938658223,1.0,0.0
Milwaukee,2000-10-23 00:00:00,0.0,0.34619647541530363,0.3583954550705775,0.3666255582259426,-0.05749483022965941,-0.10499265938658223,1.0,0.0
Milwaukee,2000-10-23 01:00:00,0.0,0.34619647541530363,0.3583954550705775,0.3666255582259426,-0.05749483022965941,-0.10499265938658223,1.0,0.0
Milwaukee,2000-10-23 02:00:00,0.0,0.34619647541530363,0.3583954550705775,0.3666255582259426,-0.05749483022965941,-0.10499265938658223,1.0,0.0
Milwaukee,2000-10-23 03:00:00,0.0,0.34619647541530363,0.3583954550705775,0.3666255582259426,-0.05749483022965941,-0.10499265938658223,1.0,0.0
Milwaukee,2000-10-23 04:00:00,0.0,0.34619647541530363,0.3583954550705775,0.3666255582259426,-0.05749483022965941,-0.10499265938658223,1.0,0.0
Milwaukee,2000-10-23 05:00:00,0.0,0.34619647541530363,0.3583954550705775,0.3666255582259426,-0.05749483022965941,-0.10499265938658223,1.0,0.0
Milwaukee,2000-10-23 06:00:00,0.0,0.34619647541530363,0.3583954550705775,0.3666255582259426,-0.05749483022965941,-0.10499265938658223,1.0,0.0
Milwaukee,2000-10-23 07:00:00,0.0,0.34619647541530363,0.3583954550705775,0.3666255582259426,-0.05749483022965941,-0.10499265938658223,1.0,0.0
Milwaukee,2000-10-23 08:00:00,0.0,0.34619647541530363,0.3583954550705775,0.3666255582259426,-0.05749483022965941,-0.10499265938658223,1.0,0.0
Milwaukee,2000-10-23 09:00:00,0.0,0.34619647541530363,0.3583954550705775,0.3666255582259426,-0.05749483022965941,-0.10499265938658223,1.0,0.0
Milwaukee,2000-10-23 10:00:00,0.10000000149011612,0.37493462778701603,0.37963028842970437,0.38608798432978486,0.077882847413793,0.04267897886966643,0.5479894519381427,0.05479894601038219
Milwaukee,2000-10-23 11:00:00,0.20000000298023224,0.4036312859866724,0.40082695074191593,0.4055009521190948,0.2132605250572452,0.1903506171259148,0.8925731429893989,0.17851463125795505
Milwaukee,2000-10-23 12:00:00,0.0,0.34619647541530363,0.3583954550705775,0.3666255582259426,-0.05749483022965941,-0.10499265938658223,1.0,0.0
Milwaukee,2000-10-23 13:00:00,0.0,0.34619647541530363,0.3583954550705775,0.3666255582259426,-0.05749483022965941,-0.10499265938658223,1.0,0.0
Milwaukee,2000-10-23 14:00:00,0.10000000149011612,0.37493462778701603,0.37963028842970437,0.38608798432978486,0.077882847413793,0.04267897886966643,0.5479894519381427,0.05479894601038219
Milwaukee,2000-10-23 15:00:00,0.20000000298023224,0.4036312859866724,0.40082695074191593,0.4055009521190948,0.2132605250572452,0.1903506171259148,0.8925731429893989,0.17851463125795505
Milwaukee,2000-10-23 16:00:00,0.20000000298023224,0.4036312859866724,0.40082695074191593,0.4055009521190948,0.2132605250572452,0.1903506171259148,0.8925731429893989,0.17851463125795505
Milwaukee,2000-10-23 17:00:00,0.30000000447034836,0.4321218104209064,0.4219192462835154,0.42481437583882836,0.3486382027006978,0.3380222553821637,0.9695502465412611,0.2908650782966057
Milwaukee,2000-10-23 18:00:00,1.1000000163912773,0.6382630095217223,0.5805629597505817,0.5708701973896023,1.4316596238483161,1.5193953614321518,1.0612825395941536,1.1674108109493455
Milwaukee,2000-10-23 19:00:00,0.9000000134110451,0.5915727882419518,0.543183605811401,0.5362334205342039,1.1609042685614115,1.2240520849196546,1.05439536925512,0.9489558464701519
Milwaukee,2000-10-23 20:00:00,0.7000000104308128,0.5412961978369442,0.5040882360000163,0.5001902799477915,0.8901489132745067,0.9287088084071575,1.0433184768948425,0.7303229447090495
Milwaukee,2000-10-23 21:00:00,0.5000000074505806,0.4879054674974853,0.4635494842166189,0.4629590707286823,0.6193935579876022,0.6333655318946606,1.0225575060103194,0.5112787606238068
Milwaukee,2000-10-23 22:00:00,0.20000000298023224,0.4036312859866724,0.40082695074191593,0.4055009521190948,0.2132605250572452,0.1903506171259148,0.8925731429893989,0.17851463125795505
Milwaukee,2000-10-23 23:00:00,0.0,0.34619647541530363,0.3583954550705775,0.3666255582259426,-0.05749483022965941,-0.10499265938658223,1.0,0.0
Milwaukee,2000-10-24 00:00:00,0.0,0.34619647541530363,0.3583954550705775,0.3666255582259426,-0.05749483022965941,-0.10499265938658223,1.0,0.0
Milwaukee,2000-10-24 01:00:00,0.0,0.34619647541530363,0.3583954550705775,0.3666255582259426,-0.05749483022965941,-0.10499265938658223,1.0,0.0
Milwaukee,2000-10-24 02:00:00,0.0,0.34619647541530363,0.3583954550705775,0.3666255582259426,-0.05749483022965941,-0.10499265938658223,1.0,0.0
Milwaukee,2000-10-24 03:00:00,0.9000000134110451,0.5915727882419518,0.543183605811401,0.5362334205342039,1.1609042685614115,1.2240520849196546,1.05439536925512,0.9489558464701519
Milwaukee,2000-10-24 04:00:00,0.0,0.34619647541530363,0.3583954550705775,0.3666255582259426,-0.05749483022965941,-0.10499265938658223,1.0,0.0
Milwaukee,2000-10-24 05:00:00,0.0,0.34619647541530363,0.3583954550705775,0.3666255582259426,-0.05749483022965941,-0.10499265938658223,1.0,0.0
Milwaukee,2000-10-24 06:00:00,0.0,0.34619647541530363,0.3583954550705775,0.3666255582259426,-0.05749483022965941,-0.10499265938658223,1.0,0.0
Milwaukee,2000-10-24 07:00:00,0.0,0.34619647541530363,0.3583954550705775,0.3666255582259426,-0.05749483022965941,-0.10499265938658223,1.0,0.0
Milwaukee,2000-10-24 08:00:00,0.0,0.34619647541530363,0.3583954550705775,0.3666255582259426,-0.05749483022965941,-0.10499265938658223,1.0,0.0
Milwaukee,2000-10-24 09:00:00,0.0,0.34619647541530363,0.3583954550705775,0.3666255582259426,-0.05749483022965941,-0.10499265938658223,1.0,0.0
Milwaukee,2000-10-24 10:00:00,0.0,0.34619647541530363,0.3583954550705775,0.3666255582259426,-0.05749483022965941,-0.10499265938658223,1.0,0.0
Milwaukee,2000-10-24 11:00:00,0.0,0.34619647541530363,0.3583954550705775,0.3666255582259426,-0.05749483022965941,-0.10499265938658223,1.0,0.0
Milwaukee,2000-10-24 12:00:00,0.0,0.34619647541530363,0.3583954550705775,0.3666255582259426,-0.05749483022965941,-0.10499265938658223,1.0,0.0
Milwaukee,2000-10-24 13:00:00,0.0,0.34619647541530363,0.3583954550705775,0.3666255582259426,-0.05749483022965941,-0.10499265938658223,1.0,0.0
Milwaukee,2000-10-24 14:00:00,0.0,0.34619647541530363,0.3583954550705775,0.3666255582259426,-0.05749483022965941,-0.10499265938658223,1.0,0.0
Milwaukee,2000-10-24 15:00:00,0.0,0.34619647541530363,0.3583954550705775,0.3666255582259426,-0.05749483022965941,-0.10499265938658223,1.0,0.0
Milwaukee,2000-10-24 16:00:00,0.0,0.34619647541530363,0.3583954550705775,0.3666255582259426,-0.05749483022965941,-0.10499265938658223,1.0,0.0
Milwaukee,2000-10-24 17:00:00,0.0,0.34619647541530363,0.3583954550705775,0.3666255582259426,-0.05749483022965941,-0.10499265938658223,1.0,0.0
Milwaukee,2000-10-24 18:00:00,0.0,0.34619647541530363,0.3583954550705775,0.3666255582259426,-0.05749483022965941,-0.10499265938658223,1.0,0.0
Milwaukee,2000-10-24 19:00:00,0.0,0.34619647541530363,0.3583954550705775,0.3666255582259426,-0.05749483022965941,-0.10499265938658223,1.0,0.0
Milwaukee,2000-10-24 20:00:00,0.0,0.34619647541530363,0.3583954550705775,0.3666255582259426,-0.05749483022965941,-0.10499265938658223,1.0,0.0
Milwaukee,2000-10-24 21:00:00,0.0,0.34619647541530363,0.3583954550705775,0.3666255582259426,-0.05749483022965941,-0.10499265938658223,1.0,0.0
Milwaukee,2000-10-24 22:00:00,0.0,0.34619647541530363,0.3583954550705775,0.3666255582259426,-0.05749483022965941,-0.10499265938658223,1.0,0.0
Milwaukee,2000-10-24 23:00:00,0.0,0.34619647541530363,0.3583954550705775,0.3666255582259426,-0.05749483022965941,-0.10499265938658223,1.0,0.0
Milwaukee,2000-10-25 00:00:00,0.0,0.34619647541530363,0.3583954550705775,0.3666255582259426,-0.05749483022965941,-0.10499265938658223,1.0,0.0
Milwaukee,2000-10-25 01:00:00,0.0,0.34619647541530363,0.3583954550705775,0.3666255582259426,-0.05749483022965941,-0.10499265938658223,1.0,0.0
Milwaukee,2000-10-25 02:00:00,0.0,0.34619647541530363,0.3583954550705775,0.3666255582259426,-0.05749483022965941,-0.10499265938658223,1.0,0.0
Milwaukee,2000-10-25 03:00:00,0.0,0.34619647541530363,0.3583954550705775,0.3666255582259426,-0.05749483022965941,-0.10499265938658223,1.0,0.0
Milwaukee,2000-10-25 04:00:00,0.0,0.34619647541530363,0.3583954550705775,0.3666255582259426,-0.05749483022965941,-0.10499265938658223,1.0,0.0
Milwaukee,2000-10-25 05:00:00,0.0,0.34619647541530363,0.3583954550705775,0.3666255582259426,-0.05749483022965941,-0.10499265938658223,1.0,0.0
Milwaukee,2000-10-25 06:00:00,0.0,0.34619647541530363,0.3583954550705775,0.3666255582259426,-0.05749483022965941,-0.10499265938658223,1.0,0.0
Milwaukee,2000-10-25 07:00:00,0.0,0.34619647541530363,0.3583954550705775,0.3666255582259426,-0.05749483022965941,-0.10499265938658223,1.0,0.0
Milwaukee,2000-10-25 08:00:00,0.0,0.34619647541530363,0.3583954550705775,0.3666255582259426,-0.05749483022965941,-0.10499265938658223,1.0,0.0
Milwaukee,2000-10-25 09:00:00,0.0,0.34619647541530363,0.3583954550705775,0.3666255582259426,-0.05749483022965941,-0.10499265938658223,1.0,0.0
Milwaukee,2000-10-25 10:00:00,0.0,0.34619647541530363,0.3583954550705775,0.3666255582259426,-0.05749483022965941,-0.10499265938658223,1.0,0.0
Milwaukee,2000-10-25 11:00:00,0.0,0.34619647541530363,0.3583954550705775,0.3666255582259426,-0.05749483022965941,-0.10499265938658223,1.0,0.0
Milwaukee,2000-10-25 12:00:00,0.0,0.34619647541530363,0.3583954550705775,0.3666255582259426,-0.05749483022965941,-0.10499265938658223,1.0,0.0
Milwaukee,2000-10-25 13:00:00,0.0,0.34619647541530363,0.3583954550705775,0.3666255582259426,-0.05749483022965941,-0.10499265938658223,1.0,0.0
Milwaukee,2000-10-25 14:00:00,0.0,0.34619647541530363,0.3583954550705775,0.3666255582259426,-0.05749483022965941,-0.10499265938658223,1.0,0.0
Milwaukee,2000-10-25 15:00:00,0.0,0.34619647541530363,0.3583954550705775,0.3666255582259426,-0.05749483022965941,-0.10499265938658223,1.0,0.0
Milwaukee,2000-10-25 16:00:00,0.0,0.34619647541530363,0.3583954550705775,0.3666255582259426,-0.05749483022965941,-0.10499265938658223,1.0,0.0
Milwaukee,2000-10-25 17:00:00,0.0,0.34619647541530363,0.3583954550705775,0.3666255582259426,-0.05749483022965941,-0.10499265938658223,1.0,0.0
Milwaukee,2000-10-25 18:00:00,0.0,0.34619647541530363,0.3583954550705775,0.3666255582259426,-0.05749483022965941,-0.10499265938658223,1.0,0.0
Milwaukee,2000-10-25 19:00:00,0.0,0.34619647541530363,0.3583954550705775,0.3666255582259426,-0.05749483022965941,-0.10499265938658223,1.0,0.0
Milwaukee,2000-10-25 20:00:00,0.0,0.34619647541530363,0.3583954550705775,0.3666255582259426,-0.05749483022965941,-0.10499265938658223,1.0,0.0
Milwaukee,2000-10-25 21:00:00,0.0,0.34619647541530363,0.3583954550705775,0.3666255582259426,-0.05749483022965941,-0.10499265938658223,1.0,0.0
Milwaukee,2000-10-25 22:00:00,0.0,0.34619647541530363,0.3583954550705775,0.3666255582259426,-0.05749483022965941,-0.10499265938658223,1.0,0.0
Milwaukee,2000-10-25 23:00:00,0.0,0.34619647541530363,0.3583954550705775,0.3666255582259426,-0.05749483022965941,-0.10499265938658223,1.0,0.0
Milwaukee,2000-10-26 00:00:00,0.0,0.34619647541530363,0.3583954550705775,0.3666255582259426,-0.05749483022965941,-0.10499265938658223,1.0,0.0
Milwaukee,2000-10-26 01:00:00,0.0,0.34619647541530363,0.3583954550705775,0.3666255582259426,-0.05749483022965941,-0.10499265938658223,1.0,0.0
Milwaukee,2000-10-26 02:00:00,0.0,0.34619647541530363,0.3583954550705775,0.3666255582259426,-0.05749483022965941,-0.10499265938658223,1.0,0.0
Milwaukee,2000-10-26 03:00:00,0.0,0.34619647541530363,0.3583954550705775,0.3666255582259426,-0.05749483022965941,-0.10499265938658223,1.0,0.0
Milwaukee,2000-10-26 04:00:00,0.0,0.34619647541530363,0.3583954550705775,0.3666255582259426,-0.05749483022965941,-0.10499265938658223,1.0,0.0
Milwaukee,2000-10-26 05:00:00,0.0,0.34619647541530363,0.3583954550705775,0.3666255582259426,-0.05749483022965941,-0.10499265938658223,1.0,0.0
Milwaukee,2000-10-26 06:00:00,0.0,0.34619647541530363,0.3583954550705775,0.3666255582259426,-0.05749483022965941,-0.10499265938658223,1.0,0.0
Milwaukee,2000-10-26 07:00:00,0.0,0.34619647541530363,0.3583954550705775,0.3666255582259426,-0.05749483022965941,-0.10499265938658223,1.0,0.0
Milwaukee,2000-10-26 08:00:00,0.0,0.34619647541530363,0.3583954550705775,0.3666255582259426,-0.05749483022965941,-0.10499265938658223,1.0,0.0
Milwaukee,2000-10-26 09:00:00,0.0,0.34619647541530363,0.3583954550705775,0.3666255582259426,-0.05749483022965941,-0.10499265938658223,1.0,0.0
Milwaukee,2000-10-26 10:00:00,0.0,0.34619647541530363,0.3583954550705775,0.3666255582259426,-0.05749483022965941,-0.10499265938658223,1.0,0.0
Milwaukee,2000-10-26 11:00:00,0.0,0.34619647541530363,0.3583954550705775,0.3666255582259426,-0.05749483022965941,-0.10499265938658223,1.0,0.0
Milwaukee,2000-10-26 12:00:00,0.0,0.34619647541530363,0.3583954550705775,0.3666255582259426,-0.05749483022965941,-0.10499265938658223,1.0,0.0
Milwaukee,2000-10-26 13:00:00,0.0,0.34619647541530363,0.3583954550705775,0.3666255582259426,-0.05749483022965941,-0.10499265938658223,1.0,0.0
Milwaukee,2000-10-26 14:00:00,0.0,0.34619647541530363,0.3583954550705775,0.3666255582259426,-0.05749483022965941,-0.10499265938658223,1.0,0.0
Milwaukee,2000-10-26 15:00:00,0.0,0.34619647541530363,0.3583954550705775,0.3666255582259426,-0.05749483022965941,-0.10499265938658223,1.0,0.0
Milwaukee,2000-10-26 16:00:00,0.0,0.34619647541530363,0.3583954550705775,0.3666255582259426,-0.05749483022965941,-0.10499265938658223,1.0,0.0
Milwaukee,2000-10-26 17:00:00,0.0,0.34619647541530363,0.3583954550705775,0.3666255582259426,-0.05749483022965941,-0.10499265938658223,1.0,0.0
Milwaukee,2000-10-26 18:00:00,0.0,0.34619647541530363,0.3583954550705775,0.3666255582259426,-0.05749483022965941,-0.10499265938658223,1.0,0.0
Milwaukee,2000-10-26 19:00:00,0.0,0.34619647541530363,0.3583954550705775,0.3666255582259426,-0.05749483022965941,-0.10499265938658223,1.0,0.0
Milwaukee,2000-10-26 20:00:00,0.0,0.34619647541530363,0.3583954550705775,0.3666255582259426,-0.05749483022965941,-0.10499265938658223,1.0,0.0
Milwaukee,2000-10-26 21:00:00,0.0,0.34619647541530363,0.3583954550705775,0.3666255582259426,-0.05749483022965941,-0.10499265938658223,1.0,0.0
Milwaukee,2000-10-26 22:00:00,0.0,0.34619647541530363,0.3583954550705775,0.3666255582259426,-0.05749483022965941,-0.10499265938658223,1.0,0.0
Milwaukee,2000-10-26 23:00:00,0.0,0.34619647541530363,0.3583954550705775,0.3666255582259426,-0.05749483022965941,-0.10499265938658223,1.0,0.0
Milwaukee,2000-10-27 00:00:00,0.0,0.34619647541530363,0.3583954550705775,0.3666255582259426,-0.05749483022965941,-0.10499265938658223,1.0,0.0
Milwaukee,2000-10-27 01:00:00,0.0,0.34619647541530363,0.3583954550705775,0.3666255582259426,-0.05749483022965941,-0.10499265938658223,1.0,0.0
Milwaukee,2000-10-27 02:00:00,0.0,0.34619647541530363,0.3583954550705775,0.3666255582259426,-0.05749483022965941,-0.10499265938658223,1.0,0.0
Milwaukee,2000-10-27 03:00:00,0.0,0.34619647541530363,0.3583954550705775,0.3666255582259426,-0.05749483022965941,-0.10499265938658223,1.0,0.0
Milwaukee,2000-10-27 04:00:00,0.0,0.34619647541530363,0.3583954550705775,0.3666255582259426,-0.05749483022965941,-0.10499265938658223,1.0,0.0
Milwaukee,2000-10-27 05:00:00,0.0,0.34619647541530363,0.3583954550705775,0.3666255582259426,-0.05749483022965941,-0.10499265938658223,1.0,0.0
Milwaukee,2000-10-27 06:00:00,0.0,0.34619647541530363,0.3583954550705775,0.3666255582259426,-0.05749483022965941,-0.10499265938658223,1.0,0.0
Milwaukee,2000-10-27 07:00:00,0.0,0.34619647541530363,0.3583954550705775,0.3666255582259426,-0.05749483022965941,-0.10499265938658223,1.0,0.0
Milwaukee,2000-10-27 08:00:00,0.0,0.34619647541530363,0.3583954550705775,0.3666255582259426,-0.05749483022965941,-0.10499265938658223,1.0,0.0
Milwaukee,2000-10-27 09:00:00,0.0,0.34619647541530363,0.3583954550705775,0.3666255582259426,-0.05749483022965941,-0.10499265938658223,1.0,0.0
Milwaukee,2000-10-27 10:00:00,0.0,0.34619647541530363,0.3583954550705775,0.3666255582259426,-0.05749483022965941,-0.10499265938658223,1.0,0.0
Milwaukee,2000-10-27 11:00:00,0.0,0.34619647541530363,0.3583954550705775,0.3666255582259426,-0.05749483022965941,-0.10499265938658223,1.0,0.0
Milwaukee,2000-10-27 12:00:00,0.0,0.34619647541530363,0.3583954550705775,0.3666255582259426,-0.05749483022965941,-0.10499265938658223,1.0,0.0
Milwaukee,2000-10-27 13:00:00,0.0,0.34619647541530363,0.3583954550705775,0.3666255582259426,-0.05749483022965941,-0.10499265938658223,1.0,0.0
Milwaukee,2000-10-27 14:00:00,0.0,0.34619647541530363,0.3583954550705775,0.3666255582259426,-0.05749483022965941,-0.10499265938658223,1.0,0.0
Milwaukee,2000-10-27 15:00:00,0.0,0.34619647541530363,0.3583954550705775,0.3666255582259426,-0.05749483022965941,-0.10499265938658223,1.0,0.0
Milwaukee,2000-10-27 16:00:00,0.0,0.34619647541530363,0.3583954550705775,0.3666255582259426,-0.05749483022965941,-0.10499265938658223,1.0,0.0
Milwaukee,2000-10-27 17:00:00,0.0,0.34619647541530363,0.3583954550705775,0.3666255582259426,-0.05749483022965941,-0.10499265938658223,1.0,0.0
Milwaukee,2000-10-27 18:00:00,0.0,0.34619647541530363,0.3583954550705775,0.3666255582259426,-0.05749483022965941,-0.10499265938658223,1.0,0.0
Milwaukee,2000-10-27 19:00:00,0.0,0.34619647541530363,0.3583954550705775,0.3666255582259426,-0.05749483022965941,-0.10499265938658223,1.0,0.0
Milwaukee,2000-10-27 20:00:00,0.20000000298023224,0.4036312859866724,0.40082695074191593,0.4055009521190948,0.2132605250572452,0.1903506171259148,0.8925731429893989,0.17851463125795505
Milwaukee,2000-10-27 21:00:00,0.4000000059604645,0.4602572840073257,0.44284563734884813,0.44398150563378375,0.4840158803441499,0.4856938936384119,1.0034668558665243,0.40138674832773824
Milwaukee,2000-10-27 22:00:00,0.20000000298023224,0.4036312859866724,0.40082695074191593,0.4055009521190948,0.2132605250572452,0.1903506171259148,0.8925731429893989,0.17851463125795505
Milwaukee,2000-10-27 23:00:00,0.20000000298023224,0.4036312859866724,0.40082695074191593,0.4055009521190948,0.2132605250572452,0.1903506171259148,0.8925731429893989,0.17851463125795505
Milwaukee,2000-10-28 00:00:00,0.0,0.34619647541530363,0.3583954550705775,0.3666255582259426,-0.05749483022965941,-0.10499265938658223,1.0,0.0
Milwaukee,2000-10-28 01:00:00,0.0,0.34619647541530363,0.3583954550705775,0.3666255582259426,-0.05749483022965941,-0.10499265938658223,1.0,0.0
Milwaukee,2000-10-28 02:00:00,0.0,0.34619647541530363,0.3583954550705775,0.3666255582259426,-0.05749483022965941,-0.10499265938658223,1.0,0.0
Milwaukee,2000-10-28 03:00:00,0.10000000149011612,0.37493462778701603,0.37963028842970437,0.38608798432978486,0.077882847413793,0.04267897886966643,0.5479894519381427,0.05479894601038219
Milwaukee,2000-10-28 04:00:00,0.0,0.34619647541530363,0.3583954550705775,0.3666255582259426,-0.05749483022965941,-0.10499265938658223,1.0,0.0
Milwaukee,2000-10-28 05:00:00,0.0,0.34619647541530363,0.3583954550705775,0.3666255582259426,-0.05749483022965941,-0.10499265938658223,1.0,0.0
Milwaukee,2000-10-28 06:00:00,0.30000000447034836,0.4321218104209064,0.4219192462835154,0.42481437583882836,0.3486382027006978,0.3380222553821637,0.9695502465412611,0.2908650782966057
Milwaukee,2000-10-28 07:00:00,0.0,0.34619647541530363,0.3583954550705775,0.3666255582259426,-0.05749483022965941,-0.10499265938658223,1.0,0.0
Milwaukee,2000-10-28 08:00:00,0.0,0.34619647541530363,0.3583954550705775,0.3666255582259426,-0.05749483022965941,-0.10499265938658223,1.0,0.0
Milwaukee,2000-10-28 09:00:00,0.0,0.34619647541530363,0.3583954550705775,0.3666255582259426,-0.05749483022965941,-0.10499265938658223,1.0,0.0
Milwaukee,2000-10-28 10:00:00,0.0,0.34619647541530363,0.3583954550705775,0.3666255582259426,-0.05749483022965941,-0.10499265938658223,1.0,0.0
Milwaukee,2000-10-28 11:00:00,0.0,0.34619647541530363,0.3583954550705775,0.3666255582259426,-0.05749483022965941,-0.10499265938658223,1.0,0.0
Milwaukee,2000-10-28 12:00:00,0.0,0.34619647541530363,0.3583954550705775,0.3666255582259426,-0.05749483022965941,-0.10499265938658223,1.0,0.0
Milwaukee,2000-10-28 13:00:00,0.0,0.34619647541530363,0.3583954550705775,0.3666255582259426,-0.05749483022965941,-0.10499265938658223,1.0,0.0
Milwaukee,2000-10-28 14:00:00,0.0,0.34619647541530363,0.3583954550705775,0.3666255582259426,-0.05749483022965941,-0.10499265938658223,1.0,0.0
Milwaukee,2000-10-28 15:00:00,0.0,0.34619647541530363,0.3583954550705775,0.3666255582259426,-0.05749483022965941,-0.10499265938658223,1.0,0.0
Milwaukee,2000-10-28 16:00:00,0.0,0.34619647541530363,0.3583954550705775,0.3666255582259426,-0.05749483022965941,-0.10499265938658223,1.0,0.0
Milwaukee,2000-10-28 17:00:00,0.0,0.34619647541530363,0.3583954550705775,0.3666255582259426,-0.05749483022965941,-0.10499265938658223,1.0,0.0
Milwaukee,2000-10-28 18:00:00,0.0,0.34619647541530363,0.3583954550705775,0.3666255582259426,-0.05749483022965941,-0.10499265938658223,1.0,0.0
Milwaukee,2000-10-28 19:00:00,0.0,0.34619647541530363,0.3583954550705775,0.3666255582259426,-0.05749483022965941,-0.10499265938658223,1.0,0.0
Milwaukee,2000-10-28 20:00:00,0.0,0.34619647541530363,0.3583954550705775,0.3666255582259426,-0.05749483022965941,-0.10499265938658223,1.0,0.0
Milwaukee,2000-10-28 21:00:00,0.0,0.34619647541530363,0.3583954550705775,0.3666255582259426,-0.05749483022965941,-0.10499265938658223,1.0,0.0
Milwaukee,2000-10-28 22:00:00,0.0,0.34619647541530363,0.3583954550705775,0.3666255582259426,-0.05749483022965941,-0.10499265938658223,1.0,0.0
Milwaukee,2000-10-28 23:00:00,0.0,0.34619647541530363,0.3583954550705775,0.3666255582259426,-0.05749483022965941,-0.10499265938658223,1.0,0.0
Milwaukee,2000-10-29 00:00:00,0.0,0.34619647541530363,0.3583954550705775,0.3666255582259426,-0.05749483022965941,-0.10499265938658223,1.0,0.0
Milwaukee,2000-10-29 01:00:00,0.0,0.34619647541530363,0.3583954550705775,0.3666255582259426,-0.05749483022965941,-0.10499265938658223,1.0,0.0
Milwaukee,2000-10-29 02:00:00,0.0,0.34619647541530363,0.3583954550705775,0.3666255582259426,-0.05749483022965941,-0.10499265938658223,1.0,0.0
Milwaukee,2000-10-29 03:00:00,0.0,0.34619647541530363,0.3583954550705775,0.3666255582259426,-0.05749483022965941,-0.10499265938658223,1.0,0.0
Milwaukee,2000-10-29 04:00:00,0.0,0.34619647541530363,0.3583954550705775,0.3666255582259426,-0.05749483022965941,-0.10499265938658223,1.0,0.0
Milwaukee,2000-10-29 05:00:00,0.0,0.34619647541530363,0.3583954550705775,0.3666255582259426,-0.05749483022965941,-0.10499265938658223,1.0,0.0
Milwaukee,2000-10-29 06:00:00,0.0,0.34619647541530363,0.3583954550705775,0.3666255582259426,-0.05749483022965941,-0.10499265938658223,1.0,0.0
Milwaukee,2000-10-29 07:00:00,0.0,0.34619647541530363,0.3583954550705775,0.3666255582259426,-0.05749483022965941,-0.10499265938658223,1.0,0.0
Milwaukee,2000-10-29 08:00:00,0.0,0.34619647541530363,0.3583954550705775,0.3666255582259426,-0.05749483022965941,-0.10499265938658223,1.0,0.0
Milwaukee,2000-10-29 09:00:00,0.0,0.34619647541530363,0.3583954550705775,0.3666255582259426,-0.05749483022965941,-0.10499265938658223,1.0,0.0
Milwaukee,2000-10-29 10:00:00,0.0,0.34619647541530363,0.3583954550705775,0.3666255582259426,-0.05749483022965941,-0.10499265938658223,1.0,0.0
Milwaukee,2000-10-29 11:00:00,0.0,0.34619647541530363,0.3583954550705775,0.3666255582259426,-0.05749483022965941,-0.10499265938658223,1.0,0.0
Milwaukee,2000-10-29 12:00:00,0.0,0.34619647541530363,0.3583954550705775,0.3666255582259426,-0.05749483022965941,-0.10499265938658223,1.0,0.0
Milwaukee,2000-10-29 13:00:00,0.0,0.34619647541530363,0.3583954550705775,0.3666255582259426,-0.05749483022965941,-0.10499265938658223,1.0,0.0
Milwaukee,2000-10-29 14:00:00,0.0,0.34619647541530363,0.3583954550705775,0.3666255582259426,-0.05749483022965941,-0.10499265938658223,1.0,0.0
Milwaukee,2000-10-29 15:00:00,0.0,0.34619647541530363,0.3583954550705775,0.3666255582259426,-0.05749483022965941,-0.10499265938658223,1.0,0.0
Milwaukee,2000-10-29 16:00:00,0.0,0.34619647541530363,0.3583954550705775,0.3666255582259426,-0.05749483022965941,-0.10499265938658223,1.0,0.0
Milwaukee,2000-10-29 17:00:00,0.0,0.34619647541530363,0.3583954550705775,0.3666255582259426,-0.05749483022965941,-0.10499265938658223,1.0,0.0
Milwaukee,2000-10-29 18:00:00,0.0,0.34619647541530363,0.3583954550705775,0.3666255582259426,-0.05749483022965941,-0.10499265938658223,1.0,0.0
Milwaukee,2000-10-29 19:00:00,0.0,0.34619647541530363,0.3583954550705775,0.3666255582259426,-0.05749483022965941,-0.10499265938658223,1.0,0.0
Milwaukee,2000-10-29 20:00:00,0.0,0.34619647541530363,0.3583954550705775,0.3666255582259426,-0.05749483022965941,-0.10499265938658223,1.0,0.0
Milwaukee,2000-10-29 21:00:00,0.0,0.34619647541530363,0.3583954550705775,0.3666255582259426,-0.05749483022965941,-0.10499265938658223,1.0,0.0
Milwaukee,2000-10-29 22:00:00,0.0,0.34619647541530363,0.3583954550705775,0.3666255582259426,-0.05749483022965941,-0.10499265938658223,1.0,0.0
Milwaukee,2000-10-29 23:00:00,0.0,0.34619647541530363,0.3583954550705775,0.3666255582259426,-0.05749483022965941,-0.10499265938658223,1.0,0.0
Milwaukee,2000-10-30 00:00:00,0.0,0.34619647541530363,0.3583954550705775,0.3666255582259426,-0.05749483022965941,-0.10499265938658223,1.0,0.0
Milwaukee,2000-10-30 01:00:00,0.0,0.34619647541530363,0.3583954550705775,0.3666255582259426,-0.05749483022965941,-0.10499265938658223,1.0,0.0
Milwaukee,2000-10-30 02:00:00,0.0,0.34619647541530363,0.3583954550705775,0.3666255582259426,-0.05749483022965941,-0.10499265938658223,1.0,0.0
Milwaukee,2000-10-30 03:00:00,0.0,0.34619647541530363,0.3583954550705775,0.3666255582259426,-0.05749483022965941,-0.10499265938658223,1.0,0.0
Milwaukee,2000-10-30 04:00:00,0.0,0.34619647541530363,0.3583954550705775,0.3666255582259426,-0.05749483022965941,-0.10499265938658223,1.0,0.0
Milwaukee,2000-10-30 05:00:00,0.0,0.34619647541530363,0.3583954550705775,0.3666255582259426,-0.05749483022965941,-0.10499265938658223,1.0,0.0
Milwaukee,2000-10-30 06:00:00,0.0,0.34619647541530363,0.3583954550705775,0.3666255582259426,-0.05749483022965941,-0.10499265938658223,1.0,0.0
Milwaukee,2000-10-30 07:00:00,0.0,0.34619647541530363,0.3583954550705775,0.3666255582259426,-0.05749483022965941,-0.10499265938658223,1.0,0.0
Milwaukee,2000-10-30 08:00:00,0.0,0.34619647541530363,0.3583954550705775,0.3666255582259426,-0.05749483022965941,-0.10499265938658223,1.0,0.0
Milwaukee,2000-10-30 09:00:00,0.0,0.34619647541530363,0.3583954550705775,0.3666255582259426,-0.05749483022965941,-0.10499265938658223,1.0,0.0
Milwaukee,2000-10-30 10:00:00,0.0,0.34619647541530363,0.3583954550705775,0.3666255582259426,-0.05749483022965941,-0.10499265938658223,1.0,0.0
Milwaukee,2000-10-30 11:00:00,0.0,0.34619647541530363,0.3583954550705775,0.3666255582259426,-0.05749483022965941,-0.10499265938658223,1.0,0.0
Milwaukee,2000-10-30 12:00:00,0.0,0.34619647541530363,0.3583954550705775,0.3666255582259426,-0.05749483022965941,-0.10499265938658223,1.0,0.0
Milwaukee,2000-10-30 13:00:00,0.0,0.34619647541530363,0.3583954550705775,0.3666255582259426,-0.05749483022965941,-0.10499265938658223,1.0,0.0
Milwaukee,2000-10-30 14:00:00,0.0,0.34619647541530363,0.3583954550705775,0.3666255582259426,-0.05749483022965941,-0.10499265938658223,1.0,0.0
Milwaukee,2000-10-30 15:00:00,0.0,0.34619647541530363,0.3583954550705775,0.3666255582259426,-0.05749483022965941,-0.10499265938658223,1.0,0.0
Milwaukee,2000-10-30 16:00:00,0.0,0.34619647541530363,0.3583954550705775,0.3666255582259426,-0.05749483022965941,-0.10499265938658223,1.0,0.0
Milwaukee,2000-10-30 17:00:00,0.0,0.34619647541530363,0.3583954550705775,0.3666255582259426,-0.05749483022965941,-0.10499265938658223,1.0,0.0
Milwaukee,2000-10-30 18:00:00,0.0,0.34619647541530363,0.3583954550705775,0.3666255582259426,-0.05749483022965941,-0.10499265938658223,1.0,0.0
Milwaukee,2000-10-30 19:00:00,0.0,0.34619647541530363,0.3583954550705775,0.3666255582259426,-0.05749483022965941,-0.10499265938658223,1.0,0.0
Milwaukee,2000-10-30 20:00:00,0.0,0.34619647541530363,0.3583954550705775,0.3666255582259426,-0.05749483022965941,-0.10499265938658223,1.0,0.0
Milwaukee,2000-10-30 21:00:00,0.0,0.34619647541530363,0.3583954550705775,0.3666255582259426,-0.05749483022965941,-0.10499265938658223,1.0,0.0
Milwaukee,2000-10-30 22:00:00,0.0,0.34619647541530363,0.3583954550705775,0.3666255582259426,-0.05749483022965941,-0.10499265938658223,1.0,0.0
Milwaukee,2000-10-30 23:00:00,0.0,0.34619647541530363,0.3583954550705775,0.3666255582259426,-0.05749483022965941,-0.10499265938658223,1.0,0.0
Milwaukee,2000-10-31 00:00:00,0.0,0.34619647541530363,0.3583954550705775,0.3666255582259426,-0.05749483022965941,-0.10499265938658223,1.0,0.0
Milwaukee,2000-10-31 01:00:00,0.0,0.34619647541530363,0.3583954550705775,0.3666255582259426,-0.05749483022965941,-0.10499265938658223,1.0,0.0
Milwaukee,2000-10-31 02:00:00,0.0,0.34619647541530363,0.3583954550705775,0.3666255582259426,-0.05749483022965941,-0.10499265938658223,1.0,0.0
Milwaukee,2000-10-31 03:00:00,0.0,0.34619647541530363,0.3583954550705775,0.3666255582259426,-0.05749483022965941,-0.10499265938658223,1.0,0.0
Milwaukee,2000-10-31 04:00:00,0.0,0.34619647541530363,0.3583954550705775,0.3666255582259426,-0.05749483022965941,-0.10499265938658223,1.0,0.0
Milwaukee,2000-10-31 05:00:00,0.0,0.34619647541530363,0.3583954550705775,0.3666255582259426,-0.05749483022965941,-0.10499265938658223,1.0,0.0
Milwaukee,2000-10-31 06:00:00,0.0,0.34619647541530363,0.3583954550705775,0.3666255582259426,-0.05749483022965941,-0.10499265938658223,1.0,0.0
Milwaukee,2000-10-31 07:00:00,0.0,0.34619647541530363,0.3583954550705775,0.3666255582259426,-0.05749483022965941,-0.10499265938658223,1.0,0.0
Milwaukee,2000-10-31 08:00:00,0.0,0.34619647541530363,0.3583954550705775,0.3666255582259426,-0.05749483022965941,-0.10499265938658223,1.0,0.0
Milwaukee,2000-10-31 09:00:00,0.0,0.34619647541530363,0.3583954550705775,0.3666255582259426,-0.05749483022965941,-0.10499265938658223,1.0,0.0
Milwaukee,2000-10-31 10:00:00,0.0,0.34619647541530363,0.3583954550705775,0.3666255582259426,-0.05749483022965941,-0.10499265938658223,1.0,0.0
Milwaukee,2000-10-31 11:00:00,0.0,0.34619647541530363,0.3583954550705775,0.3666255582259426,-0.05749483022965941,-0.10499265938658223,1.0,0.0
Milwaukee,2000-10-31 12:00:00,0.0,0.34619647541530363,0.3583954550705775,0.3666255582259426,-0.05749483022965941,-0.10499265938658223,1.0,0.0
Milwaukee,2000-10-31 13:00:00,0.0,0.34619647541530363,0.3583954550705775,0.3666255582259426,-0.05749483022965941,-0.10499265938658223,1.0,0.0
Milwaukee,2000-10-31 14:00:00,0.0,0.34619647541530363,0.3583954550705775,0.3666255582259426,-0.05749483022965941,-0.10499265938658223,1.0,0.0
Milwaukee,2000-10-31 15:00:00,0.0,0.34619647541530363,0.3583954550705775,0.3666255582259426,-0.05749483022965941,-0.10499265938658223,1.0,0.0
Milwaukee,2000-10-31 16:00:00,0.0,0.34619647541530363,0.3583954550705775,0.3666255582259426,-0.05749483022965941,-0.10499265938658223,1.0,0.0
Milwaukee,2000-10-31 17:00:00,0.0,0.34619647541530363,0.3583954550705775,0.3666255582259426,-0.05749483022965941,-0.10499265938658223,1.0,0.0
Milwaukee,2000-10-31 18:00:00,0.0,0.34619647541530363,0.3583954550705775,0.3666255582259426,-0.05749483022965941,-0.10499265938658223,1.0,0.0
Milwaukee,2000-10-31 19:00:00,0.0,0.34619647541530363,0.3583954550705775,0.3666255582259426,-0.05749483022965941,-0.10499265938658223,1.0,0.0
Milwaukee,2000-10-31 20:00:00,0.0,0.34619647541530363,0.3583954550705775,0.3666255582259426,-0.05749483022965941,-0.10499265938658223,1.0,0.0
Milwaukee,2000-10-31 21:00:00,0.0,0.34619647541530363,0.3583954550705775,0.3666255582259426,-0.05749483022965941,-0.10499265938658223,1.0,0.0
Milwaukee,2000-10-31 22:00:00,0.0,0.34619647541530363,0.3583954550705775,0.3666255582259426,-0.05749483022965941,-0.10499265938658223,1.0,0.0
Milwaukee,2000-10-31 23:00:00,0.0,0.34619647541530363,0.3583954550705775,0.3666255582259426,-0.05749483022965941,-0.10499265938658223,1.0,0.0
Milwaukee,2000-11-01 00:00:00,0.0,0.34619647541530363,0.3583954550705775,0.3666255582259426,-0.05749483022965941,-0.10499265938658223,1.0,0.0
Milwaukee,2000-11-01 01:00:00,0.0,0.34619647541530363,0.3583954550705775,0.3666255582259426,-0.05749483022965941,-0.10499265938658223,1.0,0.0
Milwaukee,2000-11-01 02:00:00,0.0,0.34619647541530363,0.3583954550705775,0.3666255582259426,-0.05749483022965941,-0.10499265938658223,1.0,0.0
Milwaukee,2000-11-01 03:00:00,0.0,0.34619647541530363,0.3583954550705775,0.3666255582259426,-0.05749483022965941,-0.10499265938658223,1.0,0.0
Milwaukee,2000-11-01 04:00:00,0.0,0.34619647541530363,0.3583954550705775,0.3666255582259426,-0.05749483022965941,-0.10499265938658223,1.0,0.0
Milwaukee,2000-11-01 05:00:00,0.0,0.34619647541530363,0.3583954550705775,0.3666255582259426,-0.05749483022965941,-0.10499265938658223,1.0,0.0
Milwaukee,2000-11-01 06:00:00,0.0,0.34619647541530363,0.3583954550705775,0.3666255582259426,-0.05749483022965941,-0.10499265938658223,1.0,0.0
Milwaukee,2000-11-01 07:00:00,0.0,0.34619647541530363,0.3583954550705775,0.3666255582259426,-0.05749483022965941,-0.10499265938658223,1.0,0.0
Milwaukee,2000-11-01 08:00:00,0.0,0.34619647541530363,0.3583954550705775,0.3666255582259426,-0.05749483022965941,-0.10499265938658223,1.0,0.0
Milwaukee,2000-11-01 09:00:00,0.0,0.34619647541530363,0.3583954550705775,0.3666255582259426,-0.05749483022965941,-0.10499265938658223,1.0,0.0
Milwaukee,2000-11-01 10:00:00,0.0,0.34619647541530363,0.3583954550705775,0.3666255582259426,-0.05749483022965941,-0.10499265938658223,1.0,0.0
Milwaukee,2000-11-01 11:00:00,0.0,0.34619647541530363,0.3583954550705775,0.3666255582259426,-0.05749483022965941,-0.10499265938658223,1.0,0.0
Milwaukee,2000-11-01 12:00:00,0.0,0.34619647541530363,0.3583954550705775,0.3666255582259426,-0.05749483022965941,-0.10499265938658223,1.0,0.0
Milwaukee,2000-11-01 13:00:00,0.0,0.34619647541530363,0.3583954550705775,0.3666255582259426,-0.05749483022965941,-0.10499265938658223,1.0,0.0
Milwaukee,2000-11-01 14:00:00,0.0,0.34619647541530363,0.3583954550705775,0.3666255582259426,-0.05749483022965941,-0.10499265938658223,1.0,0.0
Milwaukee,2000-11-01 15:00:00,0.0,0.34619647541530363,0.3583954550705775,0.3666255582259426,-0.05749483022965941,-0.10499265938658223,1.0,0.0
Milwaukee,2000-11-01 16:00:00,0.0,0.34619647541530363,0.3583954550705775,0.3666255582259426,-0.05749483022965941,-0.10499265938658223,1.0,0.0
Milwaukee,2000-11-01 17:00:00,0.0,0.34619647541530363,0.3583954550705775,0.3666255582259426,-0.05749483022965941,-0.10499265938658223,1.0,0.0
Milwaukee,2000-11-01 18:00:00,0.0,0.34619647541530363,0.3583954550705775,0.3666255582259426,-0.05749483022965941,-0.10499265938658223,1.0,0.0
Milwaukee,2000-11-01 19:00:00,0.0,0.34619647541530363,0.3583954550705775,0.3666255582259426,-0.05749483022965941,-0.10499265938658223,1.0,0.0
Milwaukee,2000-11-01 20:00:00,0.0,0.34619647541530363,0.3583954550705775,0.3666255582259426,-0.05749483022965941,-0.10499265938658223,1.0,0.0
Milwaukee,2000-11-01 21:00:00,0.0,0.34619647541530363,0.3583954550705775,0.3666255582259426,-0.05749483022965941,-0.10499265938658223,1.0,0.0
Milwaukee,2000-11-01 22:00:00,0.0,0.34619647541530363,0.3583954550705775,0.3666255582259426,-0.05749483022965941,-0.10499265938658223,1.0,0.0
Milwaukee,2000-11-01 23:00:00,0.0,0.34619647541530363,0.3583954550705775,0.3666255582259426,-0.05749483022965941,-0.10499265938658223,1.0,0.0
Milwaukee,2000-11-02 00:00:00,0.0,0.34619647541530363,0.3583954550705775,0.3666255582259426,-0.05749483022965941,-0.10499265938658223,1.0,0.0
Milwaukee,2000-11-02 01:00:00,0.0,0.34619647541530363,0.3583954550705775,0.3666255582259426,-0.05749483022965941,-0.10499265938658223,1.0,0.0
Milwaukee,2000-11-02 02:00:00,0.0,0.34619647541530363,0.3583954550705775,0.3666255582259426,-0.05749483022965941,-0.10499265938658223,1.0,0.0
Milwaukee,2000-11-02 03:00:00,0.0,0.34619647541530363,0.3583954550705775,0.3666255582259426,-0.05749483022965941,-0.10499265938658223,1.0,0.0
Milwaukee,2000-11-02 04:00:00,0.0,0.34619647541530363,0.3583954550705775,0.3666255582259426,-0.05749483022965941,-0.10499265938658223,1.0,0.0
Milwaukee,2000-11-02 05:00:00,0.0,0.34619647541530363,0.3583954550705775,0.3666255582259426,-0.05749483022965941,-0.10499265938658223,1.0,0.0
Milwaukee,2000-11-02 06:00:00,0.0,0.34619647541530363,0.3583954550705775,0.3666255582259426,-0.05749483022965941,-0.10499265938658223,1.0,0.0
Milwaukee,2000-11-02 07:00:00,0.0,0.34619647541530363,0.3583954550705775,0.3666255582259426,-0.05749483022965941,-0.10499265938658223,1.0,0.0
Milwaukee,2000-11-02 08:00:00,0.0,0.34619647541530363,0.3583954550705775,0.3666255582259426,-0.05749483022965941,-0.10499265938658223,1.0,0.0
Milwaukee,2000-11-02 09:00:00,0.0,0.34619647541530363,0.3583954550705775,0.3666255582259426,-0.05749483022965941,-0.10499265938658223,1.0,0.0
Milwaukee,2000-11-02 10:00:00,0.20000000298023224,0.4036312859866724,0.40082695074191593,0.4055009521190948,0.2132605250572452,0.1903506171259148,0.8925731429893989,0.17851463125795505
Milwaukee,2000-11-02 11:00:00,0.5000000074505806,0.4879054674974853,0.4635494842166189,0.4629590707286823,0.6193935579876022,0.6333655318946606,1.0225575060103194,0.5112787606238068
Milwaukee,2000-11-02 12:00:00,0.800000011920929,0.5668587624286637,0.5238351948323483,0.518375294178048,1.0255265909179592,1.0763804466634062,1.0495880420808272,0.8396704461767263
Milwaukee,2000-11-02 13:00:00,0.5000000074505806,0.4879054674974853,0.4635494842166189,0.4629590707286823,0.6193935579876022,0.6333655318946606,1.0225575060103194,0.5112787606238068
Milwaukee,2000-11-02 14:00:00,0.20000000298023224,0.4036312859866724,0.40082695074191593,0.4055009521190948,0.2132605250572452,0.1903506171259148,0.8925731429893989,0.17851463125795505
Milwaukee,2000-11-02 15:00:00,0.0,0.34619647541530363,0.3583954550705775,0.3666255582259426,-0.05749483022965941,-0.10499265938658223,1.0,0.0
Milwaukee,2000-11-02 16:00:00,0.0,0.34619647541530363,0.3583954550705775,0.3666255582259426,-0.05749483022965941,-0.10499265938658223,1.0,0.0
Milwaukee,2000-11-02 17:00:00,0.0,0.34619647541530363,0.3583954550705775,0.3666255582259426,-0.05749483022965941,-0.10499265938658223,1.0,0.0
Milwaukee,2000-11-02 18:00:00,0.0,0.34619647541530363,0.3583954550705775,0.3666255582259426,-0.05749483022965941,-0.10499265938658223,1.0,0.0
Milwaukee,2000-11-02 19:00:00,0.0,0.34619647541530363,0.3583954550705775,0.3666255582259426,-0.05749483022965941,-0.10499265938658223,1.0,0.0
Milwaukee,2000-11-02 20:00:00,0.0,0.34619647541530363,0.3583954550705775,0.3666255582259426,-0.05749483022965941,-0.10499265938658223,1.0,0.0
Milwaukee,2000-11-02 21:00:00,0.0,0.34619647541530363,0.3583954550705775,0.3666255582259426,-0.05749483022965941,-0.10499265938658223,1.0,0.0
Milwaukee,2000-11-02 22:00:00,0.0,0.34619647541530363,0.3583954550705775,0.3666255582259426,-0.05749483022965941,-0.10499265938658223,1.0,0.0
Milwaukee,2000-11-02 23:00:00,0.0,0.34619647541530363,0.3583954550705775,0.3666255582259426,-0.05749483022965941,-0.10499265938658223,1.0,0.0
Milwaukee,2000-11-03 00:00:00,0.0,0.34619647541530363,0.3583954550705775,0.3666255582259426,-0.05749483022965941,-0.10499265938658223,1.0,0.0
Milwaukee,2000-11-03 01:00:00,0.0,0.34619647541530363,0.3583954550705775,0.3666255582259426,-0.05749483022965941,-0.10499265938658223,1.0,0.0
Milwaukee,2000-11-03 02:00:00,0.0,0.34619647541530363,0.3583954550705775,0.3666255582259426,-0.05749483022965941,-0.10499265938658223,1.0,0.0
Milwaukee,2000-11-03 03:00:00,0.0,0.34619647541530363,0.3583954550705775,0.3666255582259426,-0.05749483022965941,-0.10499265938658223,1.0,0.0
Milwaukee,2000-11-03 04:00:00,0.0,0.34619647541530363,0.3583954550705775,0.3666255582259426,-0.05749483022965941,-0.10499265938658223,1.0,0.0
Milwaukee,2000-11-03 05:00:00,0.0,0.34619647541530363,0.3583954550705775,0.3666255582259426,-0.05749483022965941,-0.10499265938658223,1.0,0.0
Milwaukee,2000-11-03 06:00:00,0.0,0.34619647541530363,0.3583954550705775,0.3666255582259426,-0.05749483022965941,-0.10499265938658223,1.0,0.0
Milwaukee,2000-11-03 07:00:00,0.0,0.34619647541530363,0.3583954550705775,0.3666255582259426,-0.05749483022965941,-0.10499265938658223,1.0,0.0
Milwaukee,2000-11-03 08:00:00,0.0,0.34619647541530363,0.3583954550705775,0.3666255582259426,-0.05749483022965941,-0.10499265938658223,1.0,0.0
Milwaukee,2000-11-03 09:00:00,0.0,0.34619647541530363,0.3583954550705775,0.3666255582259426,-0.05749483022965941,-0.10499265938658223,1.0,0.0
Milwaukee,2000-11-03 10:00:00,0.0,0.34619647541530363,0.3583954550705775,0.3666255582259426,-0.05749483022965941,-0.10499265938658223,1.0,0.0
Milwaukee,2000-11-03 11:00:00,0.0,0.34619647541530363,0.3583954550705775,0.3666255582259426,-0.05749483022965941,-0.10499265938658223,1.0,0.0
Milwaukee,2000-11-03 12:00:00,0.0,0.34619647541530363,0.3583954550705775,0.3666255582259426,-0.05749483022965941,-0.10499265938658223,1.0,0.0
Milwaukee,2000-11-03 13:00:00,0.0,0.34619647541530363,0.3583954550705775,0.3666255582259426,-0.05749483022965941,-0.10499265938658223,1.0,0.0
Milwaukee,2000-11-03 14:00:00,0.0,0.34619647541530363,0.3583954550705775,0.3666255582259426,-0.05749483022965941,-0.10499265938658223,1.0,0.0
Milwaukee,2000-11-03 15:00:00,0.0,0.34619647541530363,0.3583954550705775,0.3666255582259426,-0.05749483022965941,-0.10499265938658223,1.0,0.0
Milwaukee,2000-11-03 16:00:00,0.0,0.34619647541530363,0.3583954550705775,0.3666255582259426,-0.05749483022965941,-0.10499265938658223,1.0,0.0
Milwaukee,2000-11-03 17:00:00,0.0,0.34619647541530363,0.3583954550705775,0.3666255582259426,-0.05749483022965941,-0.10499265938658223,1.0,0.0
Milwaukee,2000-11-03 18:00:00,0.0,0.34619647541530363,0.3583954550705775,0.3666255582259426,-0.05749483022965941,-0.10499265938658223,1.0,0.0
Milwaukee,2000-11-03 19:00:00,0.0,0.34619647541530363,0.3583954550705775,0.3666255582259426,-0.05749483022965941,-0.10499265938658223,1.0,0.0
Milwaukee,2000-11-03 20:00:00,0.0,0.34619647541530363,0.3583954550705775,0.3666255582259426,-0.05749483022965941,-0.10499265938658223,1.0,0.0
Milwaukee,2000-11-03 21:00:00,0.0,0.34619647541530363,0.3583954550705775,0.3666255582259426,-0.05749483022965941,-0.10499265938658223,1.0,0.0
Milwaukee,2000-11-03 22:00:00,0.0,0.34619647541530363,0.3583954550705775,0.3666255582259426,-0.05749483022965941,-0.10499265938658223,1.0,0.0
Milwaukee,2000-11-03 23:00:00,0.0,0.34619647541530363,0.3583954550705775,0.3666255582259426,-0.05749483022965941,-0.10499265938658223,1.0,0.0
Milwaukee,2000-11-04 00:00:00,0.0,0.34619647541530363,0.3583954550705775,0.3666255582259426,-0.05749483022965941,-0.10499265938658223,1.0,0.0
Milwaukee,2000-11-04 01:00:00,0.0,0.34619647541530363,0.3583954550705775,0.3666255582259426,-0.05749483022965941,-0.10499265938658223,1.0,0.0
Milwaukee,2000-11-04 02:00:00,0.0,0.34619647541530363,0.3583954550705775,0.3666255582259426,-0.05749483022965941,-0.10499265938658223,1.0,0.0
Milwaukee,2000-11-04 03:00:00,0.0,0.34619647541530363,0.3583954550705775,0.3666255582259426,-0.05749483022965941,-0.10499265938658223,1.0,0.0
Milwaukee,2000-11-04 04:00:00,0.0,0.34619647541530363,0.3583954550705775,0.3666255582259426,-0.05749483022965941,-0.10499265938658223,1.0,0.0
Milwaukee,2000-11-04 05:00:00,0.0,0.34619647541530363,0.3583954550705775,0.3666255582259426,-0.05749483022965941,-0.10499265938658223,1.0,0.0
Milwaukee,2000-11-04 06:00:00,0.0,0.34619647541530363,0.3583954550705775,0.3666255582259426,-0.05749483022965941,-0.10499265938658223,1.0,0.0
Milwaukee,2000-11-04 07:00:00,0.0,0.34619647541530363,0.3583954550705775,0.3666255582259426,-0.05749483022965941,-0.10499265938658223,1.0,0.0
Milwaukee,2000-11-04 08:00:00,0.0,0.34619647541530363,0.3583954550705775,0.3666255582259426,-0.05749483022965941,-0.10499265938658223,1.0,0.0
Milwaukee,2000-11-04 09:00:00,0.0,0.34619647541530363,0.3583954550705775,0.3666255582259426,-0.05749483022965941,-0.10499265938658223,1.0,0.0
Milwaukee,2000-11-04 10:00:00,0.0,0.34619647541530363,0.3583954550705775,0.3666255582259426,-0.05749483022965941,-0.10499265938658223,1.0,0.0
Milwaukee,2000-11-04 11:00:00,0.0,0.34619647541530363,0.3583954550705775,0.3666255582259426,-0.05749483022965941,-0.10499265938658223,1.0,0.0
Milwaukee,2000-11-04 12:00:00,0.0,0.34619647541530363,0.3583954550705775,0.3666255582259426,-0.05749483022965941,-0.10499265938658223,1.0,0.0
Milwaukee,2000-11-04 13:00:00,0.0,0.34619647541530363,0.3583954550705775,0.3666255582259426,-0.05749483022965941,-0.10499265938658223,1.0,0.0
Milwaukee,2000-11-04 14:00:00,0.0,0.34619647541530363,0.3583954550705775,0.3666255582259426,-0.05749483022965941,-0.10499265938658223,1.0,0.0
Milwaukee,2000-11-04 15:00:00,0.0,0.34619647541530363,0.3583954550705775,0.3666255582259426,-0.05749483022965941,-0.10499265938658223,1.0,0.0
Milwaukee,2000-11-04 16:00:00,0.0,0.34619647541530363,0.3583954550705775,0.3666255582259426,-0.05749483022965941,-0.10499265938658223,1.0,0.0
Milwaukee,2000-11-04 17:00:00,0.0,0.34619647541530363,0.3583954550705775,0.3666255582259426,-0.05749483022965941,-0.10499265938658223,1.0,0.0
Milwaukee,2000-11-04 18:00:00,0.0,0.34619647541530363,0.3583954550705775,0.3666255582259426,-0.05749483022965941,-0.10499265938658223,1.0,0.0
Milwaukee,2000-11-04 19:00:00,0.0,0.34619647541530363,0.3583954550705775,0.3666255582259426,-0.05749483022965941,-0.10499265938658223,1.0,0.0
Milwaukee,2000-11-04 20:00:00,0.0,0.34619647541530363,0.3583954550705775,0.3666255582259426,-0.05749483022965941,-0.10499265938658223,1.0,0.0
Milwaukee,2000-11-04 21:00:00,0.0,0.34619647541530363,0.3583954550705775,0.3666255582259426,-0.05749483022965941,-0.10499265938658223,1.0,0.0
Milwaukee,2000-11-04 22:00:00,0.0,0.34619647541530363,0.3583954550705775,0.3666255582259426,-0.05749483022965941,-0.10499265938658223,1.0,0.0
Milwaukee,2000-11-04 23:00:00,0.0,0.34619647541530363,0.3583954550705775,0.3666255582259426,-0.05749483022965941,-0.10499265938658223,1.0,0.0
Milwaukee,2000-11-05 00:00:00,0.0,0.34619647541530363,0.3583954550705775,0.3666255582259426,-0.05749483022965941,-0.10499265938658223,1.0,0.0
Milwaukee,2000-11-05 01:00:00,0.0,0.34619647541530363,0.3583954550705775,0.3666255582259426,-0.05749483022965941,-0.10499265938658223,1.0,0.0
Milwaukee,2000-11-05 02:00:00,0.0,0.34619647541530363,0.3583954550705775,0.3666255582259426,-0.05749483022965941,-0.10499265938658223,1.0,0.0
Milwaukee,2000-11-05 03:00:00,0.0,0.34619647541530363,0.3583954550705775,0.3666255582259426,-0.05749483022965941,-0.10499265938658223,1.0,0.0
Milwaukee,2000-11-05 04:00:00,0.0,0.34619647541530363,0.3583954550705775,0.3666255582259426,-0.05749483022965941,-0.10499265938658223,1.0,0.0
Milwaukee,2000-11-05 05:00:00,0.0,0.34619647541530363,0.3583954550705775,0.3666255582259426,-0.05749483022965941,-0.10499265938658223,1.0,0.0
Milwaukee,2000-11-05 06:00:00,0.0,0.34619647541530363,0.3583954550705775,0.3666255582259426,-0.05749483022965941,-0.10499265938658223,1.0,0.0
Milwaukee,2000-11-05 07:00:00,0.0,0.34619647541530363,0.3583954550705775,0.3666255582259426,-0.05749483022965941,-0.10499265938658223,1.0,0.0
Milwaukee,2000-11-05 08:00:00,0.0,0.34619647541530363,0.3583954550705775,0.3666255582259426,-0.05749483022965941,-0.10499265938658223,1.0,0.0
Milwaukee,2000-11-05 09:00:00,0.0,0.34619647541530363,0.3583954550705775,0.3666255582259426,-0.05749483022965941,-0.10499265938658223,1.0,0.0
Milwaukee,2000-11-05 10:00:00,0.0,0.34619647541530363,0.3583954550705775,0.3666255582259426,-0.05749483022965941,-0.10499265938658223,1.0,0.0
Milwaukee,2000-11-05 11:00:00,0.0,0.34619647541530363,0.3583954550705775,0.3666255582259426,-0.05749483022965941,-0.10499265938658223,1.0,0.0
Milwaukee,2000-11-05 12:00:00,0.0,0.34619647541530363,0.3583954550705775,0.3666255582259426,-0.05749483022965941,-0.10499265938658223,1.0,0.0
Milwaukee,2000-11-05 13:00:00,0.0,0.34619647541530363,0.3583954550705775,0.3666255582259426,-0.05749483022965941,-0.10499265938658223,1.0,0.0
Milwaukee,2000-11-05 14:00:00,0.0,0.34619647541530363,0.3583954550705775,0.3666255582259426,-0.05749483022965941,-0.10499265938658223,1.0,0.0
Milwaukee,2000-11-05 15:00:00,0.0,0.34619647541530363,0.3583954550705775,0.3666255582259426,-0.05749483022965941,-0.10499265938658223,1.0,0.0
Milwaukee,2000-11-05 16:00:00,0.0,0.34619647541530363,0.3583954550705775,0.3666255582259426,-0.05749483022965941,-0.10499265938658223,1.0,0.0
Milwaukee,2000-11-05 17:00:00,0.0,0.34619647541530363,0.3583954550705775,0.3666255582259426,-0.05749483022965941,-0.10499265938658223,1.0,0.0
Milwaukee,2000-11-05 18:00:00,0.0,0.34619647541530363,0.3583954550705775,0.3666255582259426,-0.05749483022965941,-0.10499265938658223,1.0,0.0
Milwaukee,2000-11-05 19:00:00,0.0,0.34619647541530363,0.3583954550705775,0.3666255582259426,-0.05749483022965941,-0.10499265938658223,1.0,0.0
Milwaukee,2000-11-05 20:00:00,0.0,0.34619647541530363,0.3583954550705775,0.3666255582259426,-0.05749483022965941,-0.10499265938658223,1.0,0.0
Milwaukee,2000-11-05 21:00:00,0.0,0.34619647541530363,0.3583954550705775,0.3666255582259426,-0.05749483022965941,-0.10499265938658223,1.0,0.0
Milwaukee,2000-11-05 22:00:00,0.0,0.34619647541530363,0.3583954550705775,0.3666255582259426,-0.05749483022965941,-0.10499265938658223,1.0,0.0
Milwaukee,2000-11-05 23:00:00,0.0,0.34619647541530363,0.3583954550705775,0.3666255582259426,-0.05749483022965941,-0.10499265938658223,1.0,0.0
Milwaukee,2000-11-06 00:00:00,0.0,0.34619647541530363,0.3583954550705775,0.3666255582259426,-0.05749483022965941,-0.10499265938658223,1.0,0.0
Milwaukee,2000-11-06 01:00:00,0.0,0.34619647541530363,0.3583954550705775,0.3666255582259426,-0.05749483022965941,-0.10499265938658223,1.0,0.0
Milwaukee,2000-11-06 02:00:00,0.0,0.34619647541530363,0.3583954550705775,0.3666255582259426,-0.05749483022965941,-0.10499265938658223,1.0,0.0
Milwaukee,2000-11-06 03:00:00,0.0,0.34619647541530363,0.3583954550705775,0.3666255582259426,-0.05749483022965941,-0.10499265938658223,1.0,0.0
Milwaukee,2000-11-06 04:00:00,0.0,0.34619647541530363,0.3583954550705775,0.3666255582259426,-0.05749483022965941,-0.10499265938658223,1.0,0.0
Milwaukee,2000-11-06 05:00:00,0.0,0.34619647541530363,0.3583954550705775,0.3666255582259426,-0.05749483022965941,-0.10499265938658223,1.0,0.0
Milwaukee,2000-11-06 06:00:00,0.0,0.34619647541530363,0.3583954550705775,0.3666255582259426,-0.05749483022965941,-0.10499265938658223,1.0,0.0
Milwaukee,2000-11-06 07:00:00,0.0,0.34619647541530363,0.3583954550705775,0.3666255582259426,-0.05749483022965941,-0.10499265938658223,1.0,0.0
Milwaukee,2000-11-06 08:00:00,0.0,0.34619647541530363,0.3583954550705775,0.3666255582259426,-0.05749483022965941,-0.10499265938658223,1.0,0.0
Milwaukee,2000-11-06 09:00:00,0.0,0.34619647541530363,0.3583954550705775,0.3666255582259426,-0.05749483022965941,-0.10499265938658223,1.0,0.0
Milwaukee,2000-11-06 10:00:00,0.0,0.34619647541530363,0.3583954550705775,0.3666255582259426,-0.05749483022965941,-0.10499265938658223,1.0,0.0
Milwaukee,2000-11-06 11:00:00,0.0,0.34619647541530363,0.3583954550705775,0.3666255582259426,-0.05749483022965941,-0.10499265938658223,1.0,0.0
Milwaukee,2000-11-06 12:00:00,0.0,0.34619647541530363,0.3583954550705775,0.3666255582259426,-0.05749483022965941,-0.10499265938658223,1.0,0.0
Milwaukee,2000-11-06 13:00:00,0.0,0.34619647541530363,0.3583954550705775,0.3666255582259426,-0.05749483022965941,-0.10499265938658223,1.0,0.0
Milwaukee,2000-11-06 14:00:00,0.0,0.34619647541530363,0.3583954550705775,0.3666255582259426,-0.05749483022965941,-0.10499265938658223,1.0,0.0
Milwaukee,2000-11-06 15:00:00,0.0,0.34619647541530363,0.3583954550705775,0.3666255582259426,-0.05749483022965941,-0.10499265938658223,1.0,0.0
Milwaukee,2000-11-06 16:00:00,0.0,0.34619647541530363,0.3583954550705775,0.3666255582259426,-0.05749483022965941,-0.10499265938658223,1.0,0.0
Milwaukee,2000-11-06 17:00:00,0.0,0.34619647541530363,0.3583954550705775,0.3666255582259426,-0.05749483022965941,-0.10499265938658223,1.0,0.0
Milwaukee,2000-11-06 18:00:00,0.0,0.34619647541530363,0.3583954550705775,0.3666255582259426,-0.05749483022965941,-0.10499265938658223,1.0,0.0
Milwaukee,2000-11-06 19:00:00,0.0,0.34619647541530363,0.3583954550705775,0.3666255582259426,-0.05749483022965941,-0.10499265938658223,1.0,0.0
Milwaukee,2000-11-06 20:00:00,0.20000000298023224,0.4036312859866724,0.40082695074191593,0.4055009521190948,0.2132605250572452,0.1903506171259148,0.8925731429893989,0.17851463125795505
Milwaukee,2000-11-06 21:00:00,0.4000000059604645,0.4602572840073257,0.44284563734884813,0.44398150563378375,0.4840158803441499,0.4856938936384119,1.0034668558665243,0.40138674832773824
Milwaukee,2000-11-06 22:00:00,0.30000000447034836,0.4321218104209064,0.4219192462835154,0.42481437583882836,0.3486382027006978,0.3380222553821637,0.9695502465412611,0.2908650782966057
Milwaukee,2000-11-06 23:00:00,0.5000000074505806,0.4879054674974853,0.4635494842166189,0.4629590707286823,0.6193935579876022,0.6333655318946606,1.0225575060103194,0.5112787606238068
Milwaukee,2000-11-07 00:00:00,0.6000000089406967,0.5149511800867037,0.4839791863801989,0.48170736485828647,0.7547712356310545,0.7810371701509091,1.0347998615738105,0.6208799261961181
Milwaukee,2000-11-07 01:00:00,1.2000000178813934,0.6601755800539598,0.5985443956502143,0.5876076480726564,1.5670373014917685,1.6670669996884002,1.063833642059067,1.2766003894937084
Milwaukee,2000-11-07 02:00:00,1.3000000193715096,0.6811098161440119,0.6160277990081728,0.6039355221962737,1.7024149791352212,1.8147386379446493,1.0659790122773034,1.3857727366101171
Milwaukee,2000-11-07 03:00:00,1.5000000223517418,0.7200313458541969,0.6494463612445387,0.6353129630463814,1.9731703344221256,2.110081914457146,1.0693865996496026,1.604079923377057
Milwaukee,2000-11-07 04:00:00,5.200000077486038,0.9819415863639875,0.9502919837254442,0.9379921100419069,6.98214440722986,7.573932529938341,1.0847573593716706,5.640738352786237
Milwaukee,2000-11-07 05:00:00,8.50000012665987,0.9986188333918375,0.9924416540662822,0.9888991892383036,11.449607769463741,12.447096592394493,1.087119912141538,9.240519390897541
Milwaukee,2000-11-07 06:00:00,3.8000000566244125,0.9470271918910264,0.8918932473426652,0.8743321310747451,5.08685692022153,5.506529594350864,1.0825013718119396,4.1135052741813745
Milwaukee,2000-11-07 07:00:00,0.7000000104308128,0.5412961978369442,0.5040882360000163,0.5001902799477915,0.8901489132745067,0.9287088084071575,1.0433184768948425,0.7303229447090495
Milwaukee,2000-11-07 08:00:00,0.10000000149011612,0.37493462778701603,0.37963028842970437,0.38608798432978486,0.077882847413793,0.04267897886966643,0.5479894519381427,0.05479894601038219
Milwaukee,2000-11-07 09:00:00,0.30000000447034836,0.4321218104209064,0.4219192462835154,0.42481437583882836,0.3486382027006978,0.3380222553821637,0.9695502465412611,0.2908650782966057
Milwaukee,2000-11-07 10:00:00,0.30000000447034836,0.4321218104209064,0.4219192462835154,0.42481437583882836,0.3486382027006978,0.3380222553821637,0.9695502465412611,0.2908650782966057
Milwaukee,2000-11-07 11:00:00,0.20000000298023224,0.4036312859866724,0.40082695074191593,0.4055009521190948,0.2132605250572452,0.1903506171259148,0.8925731429893989,0.17851463125795505
Milwaukee,2000-11-07 12:00:00,0.20000000298023224,0.4036312859866724,0.40082695074191593,0.4055009521190948,0.2132605250572452,0.1903506171259148,0.8925731429893989,0.17851463125795505
Milwaukee,2000-11-07 13:00:00,0.0,0.34619647541530363,0.3583954550705775,0.3666255582259426,-0.05749483022965941,-0.10499265938658223,1.0,0.0
Milwaukee,2000-11-07 14:00:00,0.0,0.34619647541530363,0.3583954550705775,0.3666255582259426,-0.05749483022965941,-0.10499265938658223,1.0,0.0
Milwaukee,2000-11-07 15:00:00,0.0,0.34619647541530363,0.3583954550705775,0.3666255582259426,-0.05749483022965941,-0.10499265938658223,1.0,0.0
Milwaukee,2000-11-07 16:00:00,0.0,0.34619647541530363,0.3583954550705775,0.3666255582259426,-0.05749483022965941,-0.10499265938658223,1.0,0.0
Milwaukee,2000-11-07 17:00:00,0.0,0.34619647541530363,0.3583954550705775,0.3666255582259426,-0.05749483022965941,-0.10499265938658223,1.0,0.0
Milwaukee,2000-11-07 18:00:00,0.0,0.34619647541530363,0.3583954550705775,0.3666255582259426,-0.05749483022965941,-0.10499265938658223,1.0,0.0
Milwaukee,2000-11-07 19:00:00,0.0,0.34619647541530363,0.3583954550705775,0.3666255582259426,-0.05749483022965941,-0.10499265938658223,1.0,0.0
Milwaukee,2000-11-07 20:00:00,0.0,0.34619647541530363,0.3583954550705775,0.3666255582259426,-0.05749483022965941,-0.10499265938658223,1.0,0.0
Milwaukee,2000-11-07 21:00:00,0.0,0.34619647541530363,0.3583954550705775,0.3666255582259426,-0.05749483022965941,-0.10499265938658223,1.0,0.0
Milwaukee,2000-11-07 22:00:00,0.0,0.34619647541530363,0.3583954550705775,0.3666255582259426,-0.05749483022965941,-0.10499265938658223,1.0,0.0
Milwaukee,2000-11-07 23:00:00,0.0,0.34619647541530363,0.3583954550705775,0.3666255582259426,-0.05749483022965941,-0.10499265938658223,1.0,0.0
Milwaukee,2000-11-08 00:00:00,0.0,0.34619647541530363,0.3583954550705775,0.3666255582259426,-0.05749483022965941,-0.10499265938658223,1.0,0.0
Milwaukee,2000-11-08 01:00:00,0.0,0.34619647541530363,0.3583954550705775,0.3666255582259426,-0.05749483022965941,-0.10499265938658223,1.0,0.0
Milwaukee,2000-11-08 02:00:00,0.0,0.34619647541530363,0.3583954550705775,0.3666255582259426,-0.05749483022965941,-0.10499265938658223,1.0,0.0
Milwaukee,2000-11-08 03:00:00,0.0,0.34619647541530363,0.3583954550705775,0.3666255582259426,-0.05749483022965941,-0.10499265938658223,1.0,0.0
Milwaukee,2000-11-08 04:00:00,0.0,0.34619647541530363,0.3583954550705775,0.3666255582259426,-0.05749483022965941,-0.10499265938658223,1.0,0.0
Milwaukee,2000-11-08 05:00:00,0.0,0.34619647541530363,0.3583954550705775,0.3666255582259426,-0.05749483022965941,-0.10499265938658223,1.0,0.0
Milwaukee,2000-11-08 06:00:00,0.0,0.34619647541530363,0.3583954550705775,0.3666255582259426,-0.05749483022965941,-0.10499265938658223,1.0,0.0
Milwaukee,2000-11-08 07:00:00,0.0,0.34619647541530363,0.3583954550705775,0.3666255582259426,-0.05749483022965941,-0.10499265938658223,1.0,0.0
Milwaukee,2000-11-08 08:00:00,0.0,0.34619647541530363,0.3583954550705775,0.3666255582259426,-0.05749483022965941,-0.10499265938658223,1.0,0.0
Milwaukee,2000-11-08 09:00:00,0.0,0.34619647541530363,0.3583954550705775,0.3666255582259426,-0.05749483022965941,-0.10499265938658223,1.0,0.0
Milwaukee,2000-11-08 10:00:00,0.0,0.34619647541530363,0.3583954550705775,0.3666255582259426,-0.05749483022965941,-0.10499265938658223,1.0,0.0
Milwaukee,2000-11-08 11:00:00,0.0,0.34619647541530363,0.3583954550705775,0.3666255582259426,-0.05749483022965941,-0.10499265938658223,1.0,0.0
Milwaukee,2000-11-08 12:00:00,0.0,0.34619647541530363,0.3583954550705775,0.3666255582259426,-0.05749483022965941,-0.10499265938658223,1.0,0.0
Milwaukee,2000-11-08 13:00:00,0.0,0.34619647541530363,0.3583954550705775,0.3666255582259426,-0.05749483022965941,-0.10499265938658223,1.0,0.0
Milwaukee,2000-11-08 14:00:00,0.0,0.34619647541530363,0.3583954550705775,0.3666255582259426,-0.05749483022965941,-0.10499265938658223,1.0,0.0
Milwaukee,2000-11-08 15:00:00,0.0,0.34619647541530363,0.3583954550705775,0.3666255582259426,-0.05749483022965941,-0.10499265938658223,1.0,0.0
Milwaukee,2000-11-08 16:00:00,0.0,0.34619647541530363,0.3583954550705775,0.3666255582259426,-0.05749483022965941,-0.10499265938658223,1.0,0.0
Milwaukee,2000-11-08 17:00:00,0.0,0.34619647541530363,0.3583954550705775,0.3666255582259426,-0.05749483022965941,-0.10499265938658223,1.0,0.0
Milwaukee,2000-11-08 18:00:00,0.0,0.34619647541530363,0.3583954550705775,0.3666255582259426,-0.05749483022965941,-0.10499265938658223,1.0,0.0
Milwaukee,2000-11-08 19:00:00,0.0,0.34619647541530363,0.3583954550705775,0.3666255582259426,-0.05749483022965941,-0.10499265938658223,1.0,0.0
Milwaukee,2000-11-08 20:00:00,0.0,0.34619647541530363,0.3583954550705775,0.3666255582259426,-0.05749483022965941,-0.10499265938658223,1.0,0.0
Milwaukee,2000-11-08 21:00:00,0.0,0.34619647541530363,0.3583954550705775,0.3666255582259426,-0.05749483022965941,-0.10499265938658223,1.0,0.0
Milwaukee,2000-11-08 22:00:00,0.0,0.34619647541530363,0.3583954550705775,0.3666255582259426,-0.05749483022965941,-0.10499265938658223,1.0,0.0
Milwaukee,2000-11-08 23:00:00,0.0,0.34619647541530363,0.3583954550705775,0.3666255582259426,-0.05749483022965941,-0.10499265938658223,1.0,0.0
Milwaukee,2000-11-09 00:00:00,0.0,0.34619647541530363,0.3583954550705775,0.3666255582259426,-0.05749483022965941,-0.10499265938658223,1.0,0.0
Milwaukee,2000-11-09 01:00:00,0.0,0.34619647541530363,0.3583954550705775,0.3666255582259426,-0.05749483022965941,-0.10499265938658223,1.0,0.0
Milwaukee,2000-11-09 02:00:00,0.10000000149011612,0.37493462778701603,0.37963028842970437,0.38608798432978486,0.077882847413793,0.04267897886966643,0.5479894519381427,0.05479894601038219
Milwaukee,2000-11-09 03:00:00,0.30000000447034836,0.4321218104209064,0.4219192462835154,0.42481437583882836,0.3486382027006978,0.3380222553821637,0.9695502465412611,0.2908650782966057
Milwaukee,2000-11-09 04:00:00,0.4000000059604645,0.4602572840073257,0.44284563734884813,0.44398150563378375,0.4840158803441499,0.4856938936384119,1.0034668558665243,0.40138674832773824
Milwaukee,2000-11-09 05:00:00,0.4000000059604645,0.4602572840073257,0.44284563734884813,0.44398150563378375,0.4840158803441499,0.4856938936384119,1.0034668558665243,0.40138674832773824
Milwaukee,2000-11-09 06:00:00,0.20000000298023224,0.4036312859866724,0.40082695074191593,0.4055009521190948,0.2132605250572452,0.1903506171259148,0.8925731429893989,0.17851463125795505
Milwaukee,2000-11-09 07:00:00,0.20000000298023224,0.4036312859866724,0.40082695074191593,0.4055009521190948,0.2132605250572452,0.1903506171259148,0.8925731429893989,0.17851463125795505
Milwaukee,2000-11-09 08:00:00,0.30000000447034836,0.4321218104209064,0.4219192462835154,0.42481437583882836,0.3486382027006978,0.3380222553821637,0.9695502465412611,0.2908650782966057
Milwaukee,2000-11-09 09:00:00,0.10000000149011612,0.37493462778701603,0.37963028842970437,0.38608798432978486,0.077882847413793,0.04267897886966643,0.5479894519381427,0.05479894601038219
Milwaukee,2000-11-09 10:00:00,0.30000000447034836,0.4321218104209064,0.4219192462835154,0.42481437583882836,0.3486382027006978,0.3380222553821637,0.9695502465412611,0.2908650782966057
Milwaukee,2000-11-09 11:00:00,0.7000000104308128,0.5412961978369442,0.5040882360000163,0.5001902799477915,0.8901489132745067,0.9287088084071575,1.0433184768948425,0.7303229447090495
Milwaukee,2000-11-09 12:00:00,1.0000000149011612,0.6153868482101035,0.562101850089929,0.5537391217635472,1.296281946204864,1.3717237231759034,1.0581985864972592,1.0581986022656469
Milwaukee,2000-11-09 13:00:00,0.20000000298023224,0.4036312859866724,0.40082695074191593,0.4055009521190948,0.2132605250572452,0.1903506171259148,0.8925731429893989,0.17851463125795505
Milwaukee,2000-11-09 14:00:00,0.20000000298023224,0.4036312859866724,0.40082695074191593,0.4055009521190948,0.2132605250572452,0.1903506171259148,0.8925731429893989,0.17851463125795505
Milwaukee,2000-11-09 15:00:00,1.2000000178813934,0.6601755800539598,0.5985443956502143,0.5876076480726564,1.5670373014917685,1.6670669996884002,1.063833642059067,1.2766003894937084
Milwaukee,2000-11-09 16:00:00,2.9000000432133675,0.8958561197330512,0.8250122870779494,0.8055473839823588,3.868457821430459,4.177484850044627,1.0798837787250057,3.131663004967931
Milwaukee,2000-11-09 17:00:00,3.6000000536441803,0.9383466042539913,0.8794914643517111,0.8613197381217397,4.816101564934626,5.211186317838368,1.0820341405962657,3.895322964191391
Milwaukee,2000-11-09 18:00:00,3.500000052154064,0.9335051409454329,0.8728052384858033,0.8543593819860247,4.680723887291172,5.063514679582117,1.081780254829873,3.786230948323792
Milwaukee,2000-11-09 19:00:00,2.1000000312924385,0.8142325351336319,0.7369242424364661,0.7187671645309853,2.785436400282839,2.996111743994637,1.07563459129435,2.258832675377364
Milwaukee,2000-11-09 20:00:00,1.1000000163912773,0.6382630095217223,0.5805629597505817,0.5708701973896023,1.4316596238483161,1.5193953614321518,1.0612825395941536,1.1674108109493455
Milwaukee,2000-11-09 21:00:00,1.0000000149011612,0.6153868482101035,0.562101850089929,0.5537391217635472,1.296281946204864,1.3717237231759034,1.0581985864972592,1.0581986022656469
Milwaukee,2000-11-09 22:00:00,0.800000011920929,0.5668587624286637,0.5238351948323483,0.518375294178048,1.0255265909179592,1.0763804466634062,1.0495880420808272,0.8396704461767263
Milwaukee,2000-11-09 23:00:00,0.5000000074505806,0.4879054674974853,0.4635494842166189,0.4629590707286823,0.6193935579876022,0.6333655318946606,1.0225575060103194,0.5112787606238068
Milwaukee,2000-11-10 00:00:00,0.20000000298023224,0.4036312859866724,0.40082695074191593,0.4055009521190948,0.2132605250572452,0.1903506171259148,0.8925731429893989,0.17851463125795505
Milwaukee,2000-11-10 01:00:00,0.0,0.34619647541530363,0.3583954550705775,0.3666255582259426,-0.05749483022965941,-0.10499265938658223,1.0,0.0
Milwaukee,2000-11-10 02:00:00,0.0,0.34619647541530363,0.3583954550705775,0.3666255582259426,-0.05749483022965941,-0.10499265938658223,1.0,0.0
Milwaukee,2000-11-10 03:00:00,0.0,0.34619647541530363,0.3583954550705775,0.3666255582259426,-0.05749483022965941,-0.10499265938658223,1.0,0.0
Milwaukee,2000-11-10 04:00:00,0.0,0.34619647541530363,0.3583954550705775,0.3666255582259426,-0.05749483022965941,-0.10499265938658223,1.0,0.0
Milwaukee,2000-11-10 05:00:00,0.0,0.34619647541530363,0.3583954550705775,0.3666255582259426,-0.05749483022965941,-0.10499265938658223,1.0,0.0
Milwaukee,2000-11-10 06:00:00,0.0,0.34619647541530363,0.3583954550705775,0.3666255582259426,-0.05749483022965941,-0.10499265938658223,1.0,0.0
Milwaukee,2000-11-10 07:00:00,0.0,0.34619647541530363,0.3583954550705775,0.3666255582259426,-0.05749483022965941,-0.10499265938658223,1.0,0.0
Milwaukee,2000-11-10 08:00:00,0.0,0.34619647541530363,0.3583954550705775,0.3666255582259426,-0.05749483022965941,-0.10499265938658223,1.0,0.0
Milwaukee,2000-11-10 09:00:00,0.0,0.34619647541530363,0.3583954550705775,0.3666255582259426,-0.05749483022965941,-0.10499265938658223,1.0,0.0
Milwaukee,2000-11-10 10:00:00,0.0,0.34619647541530363,0.3583954550705775,0.3666255582259426,-0.05749483022965941,-0.10499265938658223,1.0,0.0
Milwaukee,2000-11-10 11:00:00,0.0,0.34619647541530363,0.3583954550705775,0.3666255582259426,-0.05749483022965941,-0.10499265938658223,1.0,0.0
Milwaukee,2000-11-10 12:00:00,0.0,0.34619647541530363,0.3583954550705775,0.3666255582259426,-0.05749483022965941,-0.10499265938658223,1.0,0.0
Milwaukee,2000-11-10 13:00:00,0.0,0.34619647541530363,0.3583954550705775,0.3666255582259426,-0.05749483022965941,-0.10499265938658223,1.0,0.0
Milwaukee,2000-11-10 14:00:00,0.0,0.34619647541530363,0.3583954550705775,0.3666255582259426,-0.05749483022965941,-0.10499265938658223,1.0,0.0
Milwaukee,2000-11-10 15:00:00,0.0,0.34619647541530363,0.3583954550705775,0.3666255582259426,-0.05749483022965941,-0.10499265938658223,1.0,0.0
Milwaukee,2000-11-10 16:00:00,0.0,0.34619647541530363,0.3583954550705775,0.3666255582259426,-0.05749483022965941,-0.10499265938658223,1.0,0.0
Milwaukee,2000-11-10 17:00:00,0.0,0.34619647541530363,0.3583954550705775,0.3666255582259426,-0.05749483022965941,-0.10499265938658223,1.0,0.0
Milwaukee,2000-11-10 18:00:00,0.0,0.34619647541530363,0.3583954550705775,0.3666255582259426,-0.05749483022965941,-0.10499265938658223,1.0,0.0
Milwaukee,2000-11-10 19:00:00,0.0,0.34619647541530363,0.3583954550705775,0.3666255582259426,-0.05749483022965941,-0.10499265938658223,1.0,0.0
Milwaukee,2000-11-10 20:00:00,0.0,0.34619647541530363,0.3583954550705775,0.3666255582259426,-0.05749483022965941,-0.10499265938658223,1.0,0.0
Milwaukee,2000-11-10 21:00:00,0.0,0.34619647541530363,0.3583954550705775,0.3666255582259426,-0.05749483022965941,-0.10499265938658223,1.0,0.0
Milwaukee,2000-11-10 22:00:00,0.0,0.34619647541530363,0.3583954550705775,0.3666255582259426,-0.05749483022965941,-0.10499265938658223,1.0,0.0
Milwaukee,2000-11-10 23:00:00,0.0,0.34619647541530363,0.3583954550705775,0.3666255582259426,-0.05749483022965941,-0.10499265938658223,1.0,0.0
Milwaukee,2000-11-11 00:00:00,0.0,0.34619647541530363,0.3583954550705775,0.3666255582259426,-0.05749483022965941,-0.10499265938658223,1.0,0.0
Milwaukee,2000-11-11 01:00:00,0.0,0.34619647541530363,0.3583954550705775,0.3666255582259426,-0.05749483022965941,-0.10499265938658223,1.0,0.0
Milwaukee,2000-11-11 02:00:00,0.0,0.34619647541530363,0.3583954550705775,0.3666255582259426,-0.05749483022965941,-0.10499265938658223,1.0,0.0
Milwaukee,2000-11-11 03:00:00,0.0,0.34619647541530363,0.3583954550705775,0.3666255582259426,-0.05749483022965941,-0.10499265938658223,1.0,0.0
Milwaukee,2000-11-11 04:00:00,0.0,0.34619647541530363,0.3583954550705775,0.3666255582259426,-0.05749483022965941,-0.10499265938658223,1.0,0.0
Milwaukee,2000-11-11 05:00:00,0.0,0.34619647541530363,0.3583954550705775,0.3666255582259426,-0.05749483022965941,-0.10499265938658223,1.0,0.0
Milwaukee,2000-11-11 06:00:00,0.0,0.34619647541530363,0.3583954550705775,0.3666255582259426,-0.05749483022965941,-0.10499265938658223,1.0,0.0
Milwaukee,2000-11-11 07:00:00,0.0,0.34619647541530363,0.3583954550705775,0.3666255582259426,-0.05749483022965941,-0.10499265938658223,1.0,0.0
Milwaukee,2000-11-11 08:00:00,0.0,0.34619647541530363,0.3583954550705775,0.3666255582259426,-0.05749483022965941,-0.10499265938658223,1.0,0.0
Milwaukee,2000-11-11 09:00:00,0.0,0.34619647541530363,0.3583954550705775,0.3666255582259426,-0.05749483022965941,-0.10499265938658223,1.0,0.0
Milwaukee,2000-11-11 10:00:00,0.0,0.34619647541530363,0.3583954550705775,0.3666255582259426,-0.05749483022965941,-0.10499265938658223,1.0,0.0
Milwaukee,2000-11-11 11:00:00,0.0,0.34619647541530363,0.3583954550705775,0.3666255582259426,-0.05749483022965941,-0.10499265938658223,1.0,0.0
Milwaukee,2000-11-11 12:00:00,0.0,0.34619647541530363,0.3583954550705775,0.3666255582259426,-0.05749483022965941,-0.10499265938658223,1.0,0.0
Milwaukee,2000-11-11 13:00:00,0.0,0.34619647541530363,0.3583954550705775,0.3666255582259426,-0.05749483022965941,-0.10499265938658223,1.0,0.0
Milwaukee,2000-11-11 14:00:00,0.0,0.34619647541530363,0.3583954550705775,0.3666255582259426,-0.05749483022965941,-0.10499265938658223,1.0,0.0
Milwaukee,2000-11-11 15:00:00,0.0,0.34619647541530363,0.3583954550705775,0.3666255582259426,-0.05749483022965941,-0.10499265938658223,1.0,0.0
Milwaukee,2000-11-11 16:00:00,0.0,0.34619647541530363,0.3583954550705775,0.3666255582259426,-0.05749483022965941,-0.10499265938658223,1.0,0.0
Milwaukee,2000-11-11 17:00:00,0.0,0.34619647541530363,0.3583954550705775,0.3666255582259426,-0.05749483022965941,-0.10499265938658223,1.0,0.0
Milwaukee,2000-11-11 18:00:00,0.0,0.34619647541530363,0.3583954550705775,0.3666255582259426,-0.05749483022965941,-0.10499265938658223,1.0,0.0
Milwaukee,2000-11-11 19:00:00,0.0,0.34619647541530363,0.3583954550705775,0.3666255582259426,-0.05749483022965941,-0.10499265938658223,1.0,0.0
Milwaukee,2000-11-11 20:00:00,0.0,0.34619647541530363,0.3583954550705775,0.3666255582259426,-0.05749483022965941,-0.10499265938658223,1.0,0.0
Milwaukee,2000-11-11 21:00:00,0.0,0.34619647541530363,0.3583954550705775,0.3666255582259426,-0.05749483022965941,-0.10499265938658223,1.0,0.0
Milwaukee,2000-11-11 22:00:00,0.0,0.34619647541530363,0.3583954550705775,0.3666255582259426,-0.05749483022965941,-0.10499265938658223,1.0,0.0
Milwaukee,2000-11-11 23:00:00,0.0,0.34619647541530363,0.3583954550705775,0.3666255582259426,-0.05749483022965941,-0.10499265938658223,1.0,0.0
Milwaukee,2000-11-12 00:00:00,0.0,0.34619647541530363,0.3583954550705775,0.3666255582259426,-0.05749483022965941,-0.10499265938658223,1.0,0.0
Milwaukee,2000-11-12 01:00:00,0.0,0.34619647541530363,0.3583954550705775,0.3666255582259426,-0.05749483022965941,-0.10499265938658223,1.0,0.0
Milwaukee,2000-11-12 02:00:00,0.0,0.34619647541530363,0.3583954550705775,0.3666255582259426,-0.05749483022965941,-0.10499265938658223,1.0,0.0
Milwaukee,2000-11-12 03:00:00,0.0,0.34619647541530363,0.3583954550705775,0.3666255582259426,-0.05749483022965941,-0.10499265938658223,1.0,0.0
Milwaukee,2000-11-12 04:00:00,0.0,0.34619647541530363,0.3583954550705775,0.3666255582259426,-0.05749483022965941,-0.10499265938658223,1.0,0.0
Milwaukee,2000-11-12 05:00:00,0.0,0.34619647541530363,0.3583954550705775,0.3666255582259426,-0.05749483022965941,-0.10499265938658223,1.0,0.0
Milwaukee,2000-11-12 06:00:00,0.0,0.34619647541530363,0.3583954550705775,0.3666255582259426,-0.05749483022965941,-0.10499265938658223,1.0,0.0
Milwaukee,2000-11-12 07:00:00,0.0,0.34619647541530363,0.3583954550705775,0.3666255582259426,-0.05749483022965941,-0.10499265938658223,1.0,0.0
Milwaukee,2000-11-12 08:00:00,0.0,0.34619647541530363,0.3583954550705775,0.3666255582259426,-0.05749483022965941,-0.10499265938658223,1.0,0.0
Milwaukee,2000-11-12 09:00:00,0.0,0.34619647541530363,0.3583954550705775,0.3666255582259426,-0.05749483022965941,-0.10499265938658223,1.0,0.0
Milwaukee,2000-11-12 10:00:00,0.0,0.34619647541530363,0.3583954550705775,0.3666255582259426,-0.05749483022965941,-0.10499265938658223,1.0,0.0
Milwaukee,2000-11-12 11:00:00,0.0,0.34619647541530363,0.3583954550705775,0.3666255582259426,-0.05749483022965941,-0.10499265938658223,1.0,0.0
Milwaukee,2000-11-12 12:00:00,0.0,0.34619647541530363,0.3583954550705775,0.3666255582259426,-0.05749483022965941,-0.10499265938658223,1.0,0.0
Milwaukee,2000-11-12 13:00:00,0.0,0.34619647541530363,0.3583954550705775,0.3666255582259426,-0.05749483022965941,-0.10499265938658223,1.0,0.0
Milwaukee,2000-11-12 14:00:00,0.0,0.34619647541530363,0.3583954550705775,0.3666255582259426,-0.05749483022965941,-0.10499265938658223,1.0,0.0
Milwaukee,2000-11-12 15:00:00,0.0,0.34619647541530363,0.3583954550705775,0.3666255582259426,-0.05749483022965941,-0.10499265938658223,1.0,0.0
Milwaukee,2000-11-12 16:00:00,0.0,0.34619647541530363,0.3583954550705775,0.3666255582259426,-0.05749483022965941,-0.10499265938658223,1.0,0.0
Milwaukee,2000-11-12 17:00:00,0.0,0.34619647541530363,0.3583954550705775,0.3666255582259426,-0.05749483022965941,-0.10499265938658223,1.0,0.0
Milwaukee,2000-11-12 18:00:00,0.0,0.34619647541530363,0.3583954550705775,0.3666255582259426,-0.05749483022965941,-0.10499265938658223,1.0,0.0
Milwaukee,2000-11-12 19:00:00,0.0,0.34619647541530363,0.3583954550705775,0.3666255582259426,-0.05749483022965941,-0.10499265938658223,1.0,0.0
Milwaukee,2000-11-12 20:00:00,0.0,0.34619647541530363,0.3583954550705775,0.3666255582259426,-0.05749483022965941,-0.10499265938658223,1.0,0.0
Milwaukee,2000-11-12 21:00:00,0.0,0.34619647541530363,0.3583954550705775,0.3666255582259426,-0.05749483022965941,-0.10499265938658223,1.0,0.0
Milwaukee,2000-11-12 22:00:00,0.0,0.34619647541530363,0.3583954550705775,0.3666255582259426,-0.05749483022965941,-0.10499265938658223,1.0,0.0
Milwaukee,2000-11-12 23:00:00,0.0,0.34619647541530363,0.3583954550705775,0.3666255582259426,-0.05749483022965941,-0.10499265938658223,1.0,0.0
Milwaukee,2000-11-13 00:00:00,0.0,0.34619647541530363,0.3583954550705775,0.3666255582259426,-0.05749483022965941,-0.10499265938658223,1.0,0.0
Milwaukee,2000-11-13 01:00:00,0.0,0.34619647541530363,0.3583954550705775,0.3666255582259426,-0.05749483022965941,-0.10499265938658223,1.0,0.0
Milwaukee,2000-11-13 02:00:00,0.0,0.34619647541530363,0.3583954550705775,0.3666255582259426,-0.05749483022965941,-0.10499265938658223,1.0,0.0
Milwaukee,2000-11-13 03:00:00,0.0,0.34619647541530363,0.3583954550705775,0.3666255582259426,-0.05749483022965941,-0.10499265938658223,1.0,0.0
Milwaukee,2000-11-13 04:00:00,0.0,0.34619647541530363,0.3583954550705775,0.3666255582259426,-0.05749483022965941,-0.10499265938658223,1.0,0.0
Milwaukee,2000-11-13 05:00:00,0.0,0.34619647541530363,0.3583954550705775,0.3666255582259426,-0.05749483022965941,-0.10499265938658223,1.0,0.0
Milwaukee,2000-11-13 06:00:00,0.0,0.34619647541530363,0.3583954550705775,0.3666255582259426,-0.05749483022965941,-0.10499265938658223,1.0,0.0
Milwaukee,2000-11-13 07:00:00,0.0,0.34619647541530363,0.3583954550705775,0.3666255582259426,-0.05749483022965941,-0.10499265938658223,1.0,0.0
Milwaukee,2000-11-13 08:00:00,0.0,0.34619647541530363,0.3583954550705775,0.3666255582259426,-0.05749483022965941,-0.10499265938658223,1.0,0.0
Milwaukee,2000-11-13 09:00:00,0.0,0.34619647541530363,0.3583954550705775,0.3666255582259426,-0.05749483022965941,-0.10499265938658223,1.0,0.0
Milwaukee,2000-11-13 10:00:00,0.0,0.34619647541530363,0.3583954550705775,0.3666255582259426,-0.05749483022965941,-0.10499265938658223,1.0,0.0
Milwaukee,2000-11-13 11:00:00,0.0,0.34619647541530363,0.3583954550705775,0.3666255582259426,-0.05749483022965941,-0.10499265938658223,1.0,0.0
Milwaukee,2000-11-13 12:00:00,0.0,0.34619647541530363,0.3583954550705775,0.3666255582259426,-0.05749483022965941,-0.10499265938658223,1.0,0.0
Milwaukee,2000-11-13 13:00:00,0.0,0.34619647541530363,0.3583954550705775,0.3666255582259426,-0.05749483022965941,-0.10499265938658223,1.0,0.0
Milwaukee,2000-11-13 14:00:00,0.0,0.34619647541530363,0.3583954550705775,0.3666255582259426,-0.05749483022965941,-0.10499265938658223,1.0,0.0
Milwaukee,2000-11-13 15:00:00,0.0,0.34619647541530363,0.3583954550705775,0.3666255582259426,-0.05749483022965941,-0.10499265938658223,1.0,0.0
Milwaukee,2000-11-13 16:00:00,0.0,0.34619647541530363,0.3583954550705775,0.3666255582259426,-0.05749483022965941,-0.10499265938658223,1.0,0.0
Milwaukee,2000-11-13 17:00:00,0.0,0.34619647541530363,0.3583954550705775,0.3666255582259426,-0.05749483022965941,-0.10499265938658223,1.0,0.0
Milwaukee,2000-11-13 18:00:00,0.0,0.34619647541530363,0.3583954550705775,0.3666255582259426,-0.05749483022965941,-0.10499265938658223,1.0,0.0
Milwaukee,2000-11-13 19:00:00,0.0,0.34619647541530363,0.3583954550705775,0.3666255582259426,-0.05749483022965941,-0.10499265938658223,1.0,0.0
Milwaukee,2000-11-13 20:00:00,0.0,0.34619647541530363,0.3583954550705775,0.3666255582259426,-0.05749483022965941,-0.10499265938658223,1.0,0.0
Milwaukee,2000-11-13 21:00:00,0.0,0.34619647541530363,0.3583954550705775,0.3666255582259426,-0.05749483022965941,-0.10499265938658223,1.0,0.0
Milwaukee,2000-11-13 22:00:00,0.0,0.34619647541530363,0.3583954550705775,0.3666255582259426,-0.05749483022965941,-0.10499265938658223,1.0,0.0
Milwaukee,2000-11-13 23:00:00,0.0,0.34619647541530363,0.3583954550705775,0.3666255582259426,-0.05749483022965941,-0.10499265938658223,1.0,0.0
Milwaukee,2000-11-14 00:00:00,0.0,0.34619647541530363,0.3583954550705775,0.3666255582259426,-0.05749483022965941,-0.10499265938658223,1.0,0.0
Milwaukee,2000-11-14 01:00:00,0.0,0.34619647541530363,0.3583954550705775,0.3666255582259426,-0.05749483022965941,-0.10499265938658223,1.0,0.0
Milwaukee,2000-11-14 02:00:00,0.0,0.34619647541530363,0.3583954550705775,0.3666255582259426,-0.05749483022965941,-0.10499265938658223,1.0,0.0
Milwaukee,2000-11-14 03:00:00,0.0,0.34619647541530363,0.3583954550705775,0.3666255582259426,-0.05749483022965941,-0.10499265938658223,1.0,0.0
Milwaukee,2000-11-14 04:00:00,0.0,0.34619647541530363,0.3583954550705775,0.3666255582259426,-0.05749483022965941,-0.10499265938658223,1.0,0.0
Milwaukee,2000-11-14 05:00:00,0.0,0.34619647541530363,0.3583954550705775,0.3666255582259426,-0.05749483022965941,-0.10499265938658223,1.0,0.0
Milwaukee,2000-11-14 06:00:00,0.0,0.34619647541530363,0.3583954550705775,0.3666255582259426,-0.05749483022965941,-0.10499265938658223,1.0,0.0
Milwaukee,2000-11-14 07:00:00,0.0,0.34619647541530363,0.3583954550705775,0.3666255582259426,-0.05749483022965941,-0.10499265938658223,1.0,0.0
Milwaukee,2000-11-14 08:00:00,0.0,0.34619647541530363,0.3583954550705775,0.3666255582259426,-0.05749483022965941,-0.10499265938658223,1.0,0.0
Milwaukee,2000-11-14 09:00:00,0.0,0.34619647541530363,0.3583954550705775,0.3666255582259426,-0.05749483022965941,-0.10499265938658223,1.0,0.0
Milwaukee,2000-11-14 10:00:00,0.0,0.34619647541530363,0.3583954550705775,0.3666255582259426,-0.05749483022965941,-0.10499265938658223,1.0,0.0
Milwaukee,2000-11-14 11:00:00,0.0,0.34619647541530363,0.3583954550705775,0.3666255582259426,-0.05749483022965941,-0.10499265938658223,1.0,0.0
Milwaukee,2000-11-14 12:00:00,0.0,0.34619647541530363,0.3583954550705775,0.3666255582259426,-0.05749483022965941,-0.10499265938658223,1.0,0.0
Milwaukee,2000-11-14 13:00:00,0.0,0.34619647541530363,0.3583954550705775,0.3666255582259426,-0.05749483022965941,-0.10499265938658223,1.0,0.0
Milwaukee,2000-11-14 14:00:00,0.0,0.34619647541530363,0.3583954550705775,0.3666255582259426,-0.05749483022965941,-0.10499265938658223,1.0,0.0
Milwaukee,2000-11-14 15:00:00,0.0,0.34619647541530363,0.3583954550705775,0.3666255582259426,-0.05749483022965941,-0.10499265938658223,1.0,0.0
Milwaukee,2000-11-14 16:00:00,0.0,0.34619647541530363,0.3583954550705775,0.3666255582259426,-0.05749483022965941,-0.10499265938658223,1.0,0.0
Milwaukee,2000-11-14 17:00:00,0.0,0.34619647541530363,0.3583954550705775,0.3666255582259426,-0.05749483022965941,-0.10499265938658223,1.0,0.0
Milwaukee,2000-11-14 18:00:00,0.0,0.34619647541530363,0.3583954550705775,0.3666255582259426,-0.05749483022965941,-0.10499265938658223,1.0,0.0
Milwaukee,2000-11-14 19:00:00,0.0,0.34619647541530363,0.3583954550705775,0.3666255582259426,-0.05749483022965941,-0.10499265938658223,1.0,0.0
Milwaukee,2000-11-14 20:00:00,0.0,0.34619647541530363,0.3583954550705775,0.3666255582259426,-0.05749483022965941,-0.10499265938658223,1.0,0.0
Milwaukee,2000-11-14 21:00:00,0.0,0.34619647541530363,0.3583954550705775,0.3666255582259426,-0.05749483022965941,-0.10499265938658223,1.0,0.0
Milwaukee,2000-11-14 22:00:00,0.0,0.34619647541530363,0.3583954550705775,0.3666255582259426,-0.05749483022965941,-0.10499265938658223,1.0,0.0
Milwaukee,2000-11-14 23:00:00,0.0,0.34619647541530363,0.3583954550705775,0.3666255582259426,-0.05749483022965941,-0.10499265938658223,1.0,0.0
Milwaukee,2000-11-15 00:00:00,0.0,0.34619647541530363,0.3583954550705775,0.3666255582259426,-0.05749483022965941,-0.10499265938658223,1.0,0.0
Milwaukee,2000-11-15 01:00:00,0.0,0.34619647541530363,0.3583954550705775,0.3666255582259426,-0.05749483022965941,-0.10499265938658223,1.0,0.0
Milwaukee,2000-11-15 02:00:00,0.0,0.34619647541530363,0.3583954550705775,0.3666255582259426,-0.05749483022965941,-0.10499265938658223,1.0,0.0
Milwaukee,2000-11-15 03:00:00,0.0,0.34619647541530363,0.3583954550705775,0.3666255582259426,-0.05749483022965941,-0.10499265938658223,1.0,0.0
Milwaukee,2000-11-15 04:00:00,0.0,0.34619647541530363,0.3583954550705775,0.3666255582259426,-0.05749483022965941,-0.10499265938658223,1.0,0.0
Milwaukee,2000-11-15 05:00:00,0.0,0.34619647541530363,0.3583954550705775,0.3666255582259426,-0.05749483022965941,-0.10499265938658223,1.0,0.0
Milwaukee,2000-11-15 06:00:00,0.0,0.34619647541530363,0.3583954550705775,0.3666255582259426,-0.05749483022965941,-0.10499265938658223,1.0,0.0
Milwaukee,2000-11-15 07:00:00,0.0,0.34619647541530363,0.3583954550705775,0.3666255582259426,-0.05749483022965941,-0.10499265938658223,1.0,0.0
Milwaukee,2000-11-15 08:00:00,0.0,0.34619647541530363,0.3583954550705775,0.3666255582259426,-0.05749483022965941,-0.10499265938658223,1.0,0.0
Milwaukee,2000-11-15 09:00:00,0.0,0.34619647541530363,0.3583954550705775,0.3666255582259426,-0.05749483022965941,-0.10499265938658223,1.0,0.0
Milwaukee,2000-11-15 10:00:00,0.0,0.34619647541530363,0.3583954550705775,0.3666255582259426,-0.05749483022965941,-0.10499265938658223,1.0,0.0
Milwaukee,2000-11-15 11:00:00,0.0,0.34619647541530363,0.3583954550705775,0.3666255582259426,-0.05749483022965941,-0.10499265938658223,1.0,0.0
Milwaukee,2000-11-15 12:00:00,0.0,0.34619647541530363,0.3583954550705775,0.3666255582259426,-0.05749483022965941,-0.10499265938658223,1.0,0.0
Milwaukee,2000-11-15 13:00:00,0.0,0.34619647541530363,0.3583954550705775,0.3666255582259426,-0.05749483022965941,-0.10499265938658223,1.0,0.0
Milwaukee,2000-11-15 14:00:00,0.0,0.34619647541530363,0.3583954550705775,0.3666255582259426,-0.05749483022965941,-0.10499265938658223,1.0,0.0
Milwaukee,2000-11-15 15:00:00,0.0,0.34619647541530363,0.3583954550705775,0.3666255582259426,-0.05749483022965941,-0.10499265938658223,1.0,0.0
Milwaukee,2000-11-15 16:00:00,0.0,0.34619647541530363,0.3583954550705775,0.3666255582259426,-0.05749483022965941,-0.10499265938658223,1.0,0.0
Milwaukee,2000-11-15 17:00:00,0.0,0.34619647541530363,0.3583954550705775,0.3666255582259426,-0.05749483022965941,-0.10499265938658223,1.0,0.0
Milwaukee,2000-11-15 18:00:00,0.0,0.34619647541530363,0.3583954550705775,0.3666255582259426,-0.05749483022965941,-0.10499265938658223,1.0,0.0
Milwaukee,2000-11-15 19:00:00,0.0,0.34619647541530363,0.3583954550705775,0.3666255582259426,-0.05749483022965941,-0.10499265938658223,1.0,0.0
Milwaukee,2000-11-15 20:00:00,0.0,0.34619647541530363,0.3583954550705775,0.3666255582259426,-0.05749483022965941,-0.10499265938658223,1.0,0.0
Milwaukee,2000-11-15 21:00:00,0.0,0.34619647541530363,0.3583954550705775,0.3666255582259426,-0.05749483022965941,-0.10499265938658223,1.0,0.0
Milwaukee,2000-11-15 22:00:00,0.0,0.34619647541530363,0.3583954550705775,0.3666255582259426,-0.05749483022965941,-0.10499265938658223,1.0,0.0
Milwaukee,2000-11-15 23:00:00,0.0,0.34619647541530363,0.3583954550705775,0.3666255582259426,-0.05749483022965941,-0.10499265938658223,1.0,0.0
Milwaukee,2000-11-16 00:00:00,0.0,0.34619647541530363,0.3583954550705775,0.3666255582259426,-0.05749483022965941,-0.10499265938658223,1.0,0.0
Milwaukee,2000-11-16 01:00:00,0.0,0.34619647541530363,0.3583954550705775,0.3666255582259426,-0.05749483022965941,-0.10499265938658223,1.0,0.0
Milwaukee,2000-11-16 02:00:00,0.0,0.34619647541530363,0.3583954550705775,0.3666255582259426,-0.05749483022965941,-0.10499265938658223,1.0,0.0
Milwaukee,2000-11-16 03:00:00,0.0,0.34619647541530363,0.3583954550705775,0.3666255582259426,-0.05749483022965941,-0.10499265938658223,1.0,0.0
Milwaukee,2000-11-16 04:00:00,0.0,0.34619647541530363,0.3583954550705775,0.3666255582259426,-0.05749483022965941,-0.10499265938658223,1.0,0.0
Milwaukee,2000-11-16 05:00:00,0.0,0.34619647541530363,0.3583954550705775,0.3666255582259426,-0.05749483022965941,-0.10499265938658223,1.0,0.0
Milwaukee,2000-11-16 06:00:00,0.10000000149011612,0.37493462778701603,0.37963028842970437,0.38608798432978486,0.077882847413793,0.04267897886966643,0.5479894519381427,0.05479894601038219
Milwaukee,2000-11-16 07:00:00,0.10000000149011612,0.37493462778701603,0.37963028842970437,0.38608798432978486,0.077882847413793,0.04267897886966643,0.5479894519381427,0.05479894601038219
Milwaukee,2000-11-16 08:00:00,0.20000000298023224,0.4036312859866724,0.40082695074191593,0.4055009521190948,0.2132605250572452,0.1903506171259148,0.8925731429893989,0.17851463125795505
Milwaukee,2000-11-16 09:00:00,0.10000000149011612,0.37493462778701603,0.37963028842970437,0.38608798432978486,0.077882847413793,0.04267897886966643,0.5479894519381427,0.05479894601038219
Milwaukee,2000-11-16 10:00:00,0.0,0.34619647541530363,0.3583954550705775,0.3666255582259426,-0.05749483022965941,-0.10499265938658223,1.0,0.0
Milwaukee,2000-11-16 11:00:00,0.0,0.34619647541530363,0.3583954550705775,0.3666255582259426,-0.05749483022965941,-0.10499265938658223,1.0,0.0
Milwaukee,2000-11-16 12:00:00,0.10000000149011612,0.37493462778701603,0.37963028842970437,0.38608798432978486,0.077882847413793,0.04267897886966643,0.5479894519381427,0.05479894601038219
Milwaukee,2000-11-16 13:00:00,0.30000000447034836,0.4321218104209064,0.4219192462835154,0.42481437583882836,0.3486382027006978,0.3380222553821637,0.9695502465412611,0.2908650782966057
Milwaukee,2000-11-16 14:00:00,0.5000000074505806,0.4879054674974853,0.4635494842166189,0.4629590707286823,0.6193935579876022,0.6333655318946606,1.0225575060103194,0.5112787606238068
Milwaukee,2000-11-16 15:00:00,0.0,0.34619647541530363,0.3583954550705775,0.3666255582259426,-0.05749483022965941,-0.10499265938658223,1.0,0.0
Milwaukee,2000-11-16 16:00:00,0.30000000447034836,0.4321218104209064,0.4219192462835154,0.42481437583882836,0.3486382027006978,0.3380222553821637,0.9695502465412611,0.2908650782966057
Milwaukee,2000-11-16 17:00:00,0.30000000447034836,0.4321218104209064,0.4219192462835154,0.42481437583882836,0.3486382027006978,0.3380222553821637,0.9695502465412611,0.2908650782966057
Milwaukee,2000-11-16 18:00:00,0.20000000298023224,0.4036312859866724,0.40082695074191593,0.4055009521190948,0.2132605250572452,0.1903506171259148,0.8925731429893989,0.17851463125795505
Milwaukee,2000-11-16 19:00:00,0.0,0.34619647541530363,0.3583954550705775,0.3666255582259426,-0.05749483022965941,-0.10499265938658223,1.0,0.0
Milwaukee,2000-11-16 20:00:00,0.0,0.34619647541530363,0.3583954550705775,0.3666255582259426,-0.05749483022965941,-0.10499265938658223,1.0,0.0
Milwaukee,2000-11-16 21:00:00,0.10000000149011612,0.37493462778701603,0.37963028842970437,0.38608798432978486,0.077882847413793,0.04267897886966643,0.5479894519381427,0.05479894601038219
Milwaukee,2000-11-16 22:00:00,0.30000000447034836,0.4321218104209064,0.4219192462835154,0.42481437583882836,0.3486382027006978,0.3380222553821637,0.9695502465412611,0.2908650782966057
Milwaukee,2000-11-16 23:00:00,0.0,0.34619647541530363,0.3583954550705775,0.3666255582259426,-0.05749483022965941,-0.10499265938658223,1.0,0.0
Milwaukee,2000-11-17 00:00:00,0.0,0.34619647541530363,0.3583954550705775,0.3666255582259426,-0.05749483022965941,-0.10499265938658223,1.0,0.0
Milwaukee,2000-11-17 01:00:00,0.0,0.34619647541530363,0.3583954550705775,0.3666255582259426,-0.05749483022965941,-0.10499265938658223,1.0,0.0
Milwaukee,2000-11-17 02:00:00,0.0,0.34619647541530363,0.3583954550705775,0.3666255582259426,-0.05749483022965941,-0.10499265938658223,1.0,0.0
Milwaukee,2000-11-17 03:00:00,0.0,0.34619647541530363,0.3583954550705775,0.3666255582259426,-0.05749483022965941,-0.10499265938658223,1.0,0.0
Milwaukee,2000-11-17 04:00:00,0.0,0.34619647541530363,0.3583954550705775,0.3666255582259426,-0.05749483022965941,-0.10499265938658223,1.0,0.0
Milwaukee,2000-11-17 05:00:00,0.0,0.34619647541530363,0.3583954550705775,0.3666255582259426,-0.05749483022965941,-0.10499265938658223,1.0,0.0
Milwaukee,2000-11-17 06:00:00,0.0,0.34619647541530363,0.3583954550705775,0.3666255582259426,-0.05749483022965941,-0.10499265938658223,1.0,0.0
Milwaukee,2000-11-17 07:00:00,0.0,0.34619647541530363,0.3583954550705775,0.3666255582259426,-0.05749483022965941,-0.10499265938658223,1.0,0.0
Milwaukee,2000-11-17 08:00:00,0.0,0.34619647541530363,0.3583954550705775,0.3666255582259426,-0.05749483022965941,-0.10499265938658223,1.0,0.0
Milwaukee,2000-11-17 09:00:00,0.0,0.34619647541530363,0.3583954550705775,0.3666255582259426,-0.05749483022965941,-0.10499265938658223,1.0,0.0
Milwaukee,2000-11-17 10:00:00,0.0,0.34619647541530363,0.3583954550705775,0.3666255582259426,-0.05749483022965941,-0.10499265938658223,1.0,0.0
Milwaukee,2000-11-17 11:00:00,0.0,0.34619647541530363,0.3583954550705775,0.3666255582259426,-0.05749483022965941,-0.10499265938658223,1.0,0.0
Milwaukee,2000-11-17 12:00:00,0.0,0.34619647541530363,0.3583954550705775,0.3666255582259426,-0.05749483022965941,-0.10499265938658223,1.0,0.0
Milwaukee,2000-11-17 13:00:00,0.0,0.34619647541530363,0.3583954550705775,0.3666255582259426,-0.05749483022965941,-0.10499265938658223,1.0,0.0
Milwaukee,2000-11-17 14:00:00,0.0,0.34619647541530363,0.3583954550705775,0.3666255582259426,-0.05749483022965941,-0.10499265938658223,1.0,0.0
Milwaukee,2000-11-17 15:00:00,0.0,0.34619647541530363,0.3583954550705775,0.3666255582259426,-0.05749483022965941,-0.10499265938658223,1.0,0.0
Milwaukee,2000-11-17 16:00:00,0.0,0.34619647541530363,0.3583954550705775,0.3666255582259426,-0.05749483022965941,-0.10499265938658223,1.0,0.0
Milwaukee,2000-11-17 17:00:00,0.0,0.34619647541530363,0.3583954550705775,0.3666255582259426,-0.05749483022965941,-0.10499265938658223,1.0,0.0
Milwaukee,2000-11-17 18:00:00,0.0,0.34619647541530363,0.3583954550705775,0.3666255582259426,-0.05749483022965941,-0.10499265938658223,1.0,0.0
Milwaukee,2000-11-17 19:00:00,0.0,0.34619647541530363,0.3583954550705775,0.3666255582259426,-0.05749483022965941,-0.10499265938658223,1.0,0.0
Milwaukee,2000-11-17 20:00:00,0.0,0.34619647541530363,0.3583954550705775,0.3666255582259426,-0.05749483022965941,-0.10499265938658223,1.0,0.0
Milwaukee,2000-11-17 21:00:00,0.0,0.34619647541530363,0.3583954550705775,0.3666255582259426,-0.05749483022965941,-0.10499265938658223,1.0,0.0
Milwaukee,2000-11-17 22:00:00,0.0,0.34619647541530363,0.3583954550705775,0.3666255582259426,-0.05749483022965941,-0.10499265938658223,1.0,0.0
Milwaukee,2000-11-17 23:00:00,0.0,0.34619647541530363,0.3583954550705775,0.3666255582259426,-0.05749483022965941,-0.10499265938658223,1.0,0.0
Milwaukee,2000-11-18 00:00:00,0.0,0.34619647541530363,0.3583954550705775,0.3666255582259426,-0.05749483022965941,-0.10499265938658223,1.0,0.0
Milwaukee,2000-11-18 01:00:00,0.0,0.34619647541530363,0.3583954550705775,0.3666255582259426,-0.05749483022965941,-0.10499265938658223,1.0,0.0
Milwaukee,2000-11-18 02:00:00,0.0,0.34619647541530363,0.3583954550705775,0.3666255582259426,-0.05749483022965941,-0.10499265938658223,1.0,0.0
Milwaukee,2000-11-18 03:00:00,0.0,0.34619647541530363,0.3583954550705775,0.3666255582259426,-0.05749483022965941,-0.10499265938658223,1.0,0.0
Milwaukee,2000-11-18 04:00:00,0.0,0.34619647541530363,0.3583954550705775,0.3666255582259426,-0.05749483022965941,-0.10499265938658223,1.0,0.0
Milwaukee,2000-11-18 05:00:00,0.0,0.34619647541530363,0.3583954550705775,0.3666255582259426,-0.05749483022965941,-0.10499265938658223,1.0,0.0
Milwaukee,2000-11-18 06:00:00,0.0,0.34619647541530363,0.3583954550705775,0.3666255582259426,-0.05749483022965941,-0.10499265938658223,1.0,0.0
Milwaukee,2000-11-18 07:00:00,0.0,0.34619647541530363,0.3583954550705775,0.3666255582259426,-0.05749483022965941,-0.10499265938658223,1.0,0.0
Milwaukee,2000-11-18 08:00:00,0.0,0.34619647541530363,0.3583954550705775,0.3666255582259426,-0.05749483022965941,-0.10499265938658223,1.0,0.0
Milwaukee,2000-11-18 09:00:00,0.0,0.34619647541530363,0.3583954550705775,0.3666255582259426,-0.05749483022965941,-0.10499265938658223,1.0,0.0
Milwaukee,2000-11-18 10:00:00,0.0,0.34619647541530363,0.3583954550705775,0.3666255582259426,-0.05749483022965941,-0.10499265938658223,1.0,0.0
Milwaukee,2000-11-18 11:00:00,0.0,0.34619647541530363,0.3583954550705775,0.3666255582259426,-0.05749483022965941,-0.10499265938658223,1.0,0.0
Milwaukee,2000-11-18 12:00:00,0.0,0.34619647541530363,0.3583954550705775,0.3666255582259426,-0.05749483022965941,-0.10499265938658223,1.0,0.0
Milwaukee,2000-11-18 13:00:00,0.0,0.34619647541530363,0.3583954550705775,0.3666255582259426,-0.05749483022965941,-0.10499265938658223,1.0,0.0
Milwaukee,2000-11-18 14:00:00,0.0,0.34619647541530363,0.3583954550705775,0.3666255582259426,-0.05749483022965941,-0.10499265938658223,1.0,0.0
Milwaukee,2000-11-18 15:00:00,0.0,0.34619647541530363,0.3583954550705775,0.3666255582259426,-0.05749483022965941,-0.10499265938658223,1.0,0.0
Milwaukee,2000-11-18 16:00:00,0.0,0.34619647541530363,0.3583954550705775,0.3666255582259426,-0.05749483022965941,-0.10499265938658223,1.0,0.0
Milwaukee,2000-11-18 17:00:00,0.0,0.34619647541530363,0.3583954550705775,0.3666255582259426,-0.05749483022965941,-0.10499265938658223,1.0,0.0
Milwaukee,2000-11-18 18:00:00,0.0,0.34619647541530363,0.3583954550705775,0.3666255582259426,-0.05749483022965941,-0.10499265938658223,1.0,0.0
Milwaukee,2000-11-18 19:00:00,0.0,0.34619647541530363,0.3583954550705775,0.3666255582259426,-0.05749483022965941,-0.10499265938658223,1.0,0.0
Milwaukee,2000-11-18 20:00:00,0.0,0.34619647541530363,0.3583954550705775,0.3666255582259426,-0.05749483022965941,-0.10499265938658223,1.0,0.0
Milwaukee,2000-11-18 21:00:00,0.0,0.34619647541530363,0.3583954550705775,0.3666255582259426,-0.05749483022965941,-0.10499265938658223,1.0,0.0
Milwaukee,2000-11-18 22:00:00,0.0,0.34619647541530363,0.3583954550705775,0.3666255582259426,-0.05749483022965941,-0.10499265938658223,1.0,0.0
Milwaukee,2000-11-18 23:00:00,0.0,0.34619647541530363,0.3583954550705775,0.3666255582259426,-0.05749483022965941,-0.10499265938658223,1.0,0.0
Milwaukee,2000-11-19 00:00:00,0.0,0.34619647541530363,0.3583954550705775,0.3666255582259426,-0.05749483022965941,-0.10499265938658223,1.0,0.0
Milwaukee,2000-11-19 01:00:00,0.0,0.34619647541530363,0.3583954550705775,0.3666255582259426,-0.05749483022965941,-0.10499265938658223,1.0,0.0
Milwaukee,2000-11-19 02:00:00,0.0,0.34619647541530363,0.3583954550705775,0.3666255582259426,-0.05749483022965941,-0.10499265938658223,1.0,0.0
Milwaukee,2000-11-19 03:00:00,0.0,0.34619647541530363,0.3583954550705775,0.3666255582259426,-0.05749483022965941,-0.10499265938658223,1.0,0.0
Milwaukee,2000-11-19 04:00:00,0.0,0.34619647541530363,0.3583954550705775,0.3666255582259426,-0.05749483022965941,-0.10499265938658223,1.0,0.0
Milwaukee,2000-11-19 05:00:00,0.0,0.34619647541530363,0.3583954550705775,0.3666255582259426,-0.05749483022965941,-0.10499265938658223,1.0,0.0
Milwaukee,2000-11-19 06:00:00,0.0,0.34619647541530363,0.3583954550705775,0.3666255582259426,-0.05749483022965941,-0.10499265938658223,1.0,0.0
Milwaukee,2000-11-19 07:00:00,0.0,0.34619647541530363,0.3583954550705775,0.3666255582259426,-0.05749483022965941,-0.10499265938658223,1.0,0.0
Milwaukee,2000-11-19 08:00:00,0.0,0.34619647541530363,0.3583954550705775,0.3666255582259426,-0.05749483022965941,-0.10499265938658223,1.0,0.0
Milwaukee,2000-11-19 09:00:00,0.0,0.34619647541530363,0.3583954550705775,0.3666255582259426,-0.05749483022965941,-0.10499265938658223,1.0,0.0
Milwaukee,2000-11-19 10:00:00,0.0,0.34619647541530363,0.3583954550705775,0.3666255582259426,-0.05749483022965941,-0.10499265938658223,1.0,0.0
Milwaukee,2000-11-19 11:00:00,0.0,0.34619647541530363,0.3583954550705775,0.3666255582259426,-0.05749483022965941,-0.10499265938658223,1.0,0.0
Milwaukee,2000-11-19 12:00:00,0.0,0.34619647541530363,0.3583954550705775,0.3666255582259426,-0.05749483022965941,-0.10499265938658223,1.0,0.0
Milwaukee,2000-11-19 13:00:00,0.0,0.34619647541530363,0.3583954550705775,0.3666255582259426,-0.05749483022965941,-0.10499265938658223,1.0,0.0
Milwaukee,2000-11-19 14:00:00,0.30000000447034836,0.4321218104209064,0.4219192462835154,0.42481437583882836,0.3486382027006978,0.3380222553821637,0.9695502465412611,0.2908650782966057
Milwaukee,2000-11-19 15:00:00,0.0,0.34619647541530363,0.3583954550705775,0.3666255582259426,-0.05749483022965941,-0.10499265938658223,1.0,0.0
Milwaukee,2000-11-19 16:00:00,0.0,0.34619647541530363,0.3583954550705775,0.3666255582259426,-0.05749483022965941,-0.10499265938658223,1.0,0.0
Milwaukee,2000-11-19 17:00:00,0.0,0.34619647541530363,0.3583954550705775,0.3666255582259426,-0.05749483022965941,-0.10499265938658223,1.0,0.0
Milwaukee,2000-11-19 18:00:00,0.0,0.34619647541530363,0.3583954550705775,0.3666255582259426,-0.05749483022965941,-0.10499265938658223,1.0,0.0
Milwaukee,2000-11-19 19:00:00,0.0,0.34619647541530363,0.3583954550705775,0.3666255582259426,-0.05749483022965941,-0.10499265938658223,1.0,0.0
Milwaukee,2000-11-19 20:00:00,0.0,0.34619647541530363,0.3583954550705775,0.3666255582259426,-0.05749483022965941,-0.10499265938658223,1.0,0.0
Milwaukee,2000-11-19 21:00:00,0.0,0.34619647541530363,0.3583954550705775,0.3666255582259426,-0.05749483022965941,-0.10499265938658223,1.0,0.0
Milwaukee,2000-11-19 22:00:00,0.0,0.34619647541530363,0.3583954550705775,0.3666255582259426,-0.05749483022965941,-0.10499265938658223,1.0,0.0
Milwaukee,2000-11-19 23:00:00,0.0,0.34619647541530363,0.3583954550705775,0.3666255582259426,-0.05749483022965941,-0.10499265938658223,1.0,0.0
Milwaukee,2000-11-20 00:00:00,0.4000000059604645,0.4602572840073257,0.44284563734884813,0.44398150563378375,0.4840158803441499,0.4856938936384119,1.0034668558665243,0.40138674832773824
Milwaukee,2000-11-20 01:00:00,0.0,0.34619647541530363,0.3583954550705775,0.3666255582259426,-0.05749483022965941,-0.10499265938658223,1.0,0.0
Milwaukee,2000-11-20 02:00:00,0.0,0.34619647541530363,0.3583954550705775,0.3666255582259426,-0.05749483022965941,-0.10499265938658223,1.0,0.0
Milwaukee,2000-11-20 03:00:00,0.0,0.34619647541530363,0.3583954550705775,0.3666255582259426,-0.05749483022965941,-0.10499265938658223,1.0,0.0
Milwaukee,2000-11-20 04:00:00,0.0,0.34619647541530363,0.3583954550705775,0.3666255582259426,-0.05749483022965941,-0.10499265938658223,1.0,0.0
Milwaukee,2000-11-20 05:00:00,0.0,0.34619647541530363,0.3583954550705775,0.3666255582259426,-0.05749483022965941,-0.10499265938658223,1.0,0.0
Milwaukee,2000-11-20 06:00:00,0.0,0.34619647541530363,0.3583954550705775,0.3666255582259426,-0.05749483022965941,-0.10499265938658223,1.0,0.0
Milwaukee,2000-11-20 07:00:00,0.0,0.34619647541530363,0.3583954550705775,0.3666255582259426,-0.05749483022965941,-0.10499265938658223,1.0,0.0
Milwaukee,2000-11-20 08:00:00,0.0,0.34619647541530363,0.3583954550705775,0.3666255582259426,-0.05749483022965941,-0.10499265938658223,1.0,0.0
Milwaukee,2000-11-20 09:00:00,0.0,0.34619647541530363,0.3583954550705775,0.3666255582259426,-0.05749483022965941,-0.10499265938658223,1.0,0.0
Milwaukee,2000-11-20 10:00:00,0.0,0.34619647541530363,0.3583954550705775,0.3666255582259426,-0.05749483022965941,-0.10499265938658223,1.0,0.0
Milwaukee,2000-11-20 11:00:00,0.0,0.34619647541530363,0.3583954550705775,0.3666255582259426,-0.05749483022965941,-0.10499265938658223,1.0,0.0
Milwaukee,2000-11-20 12:00:00,0.0,0.34619647541530363,0.3583954550705775,0.3666255582259426,-0.05749483022965941,-0.10499265938658223,1.0,0.0
Milwaukee,2000-11-20 13:00:00,0.0,0.34619647541530363,0.3583954550705775,0.3666255582259426,-0.05749483022965941,-0.10499265938658223,1.0,0.0
Milwaukee,2000-11-20 14:00:00,0.0,0.34619647541530363,0.3583954550705775,0.3666255582259426,-0.05749483022965941,-0.10499265938658223,1.0,0.0
Milwaukee,2000-11-20 15:00:00,0.0,0.34619647541530363,0.3583954550705775,0.3666255582259426,-0.05749483022965941,-0.10499265938658223,1.0,0.0
Milwaukee,2000-11-20 16:00:00,0.0,0.34619647541530363,0.3583954550705775,0.3666255582259426,-0.05749483022965941,-0.10499265938658223,1.0,0.0
Milwaukee,2000-11-20 17:00:00,0.0,0.34619647541530363,0.3583954550705775,0.3666255582259426,-0.05749483022965941,-0.10499265938658223,1.0,0.0
Milwaukee,2000-11-20 18:00:00,0.0,0.34619647541530363,0.3583954550705775,0.3666255582259426,-0.05749483022965941,-0.10499265938658223,1.0,0.0
Milwaukee,2000-11-20 19:00:00,0.0,0.34619647541530363,0.3583954550705775,0.3666255582259426,-0.05749483022965941,-0.10499265938658223,1.0,0.0
Milwaukee,2000-11-20 20:00:00,0.0,0.34619647541530363,0.3583954550705775,0.3666255582259426,-0.05749483022965941,-0.10499265938658223,1.0,0.0
Milwaukee,2000-11-20 21:00:00,0.0,0.34619647541530363,0.3583954550705775,0.3666255582259426,-0.05749483022965941,-0.10499265938658223,1.0,0.0
Milwaukee,2000-11-20 22:00:00,0.0,0.34619647541530363,0.3583954550705775,0.3666255582259426,-0.05749483022965941,-0.10499265938658223,1.0,0.0
Milwaukee,2000-11-20 23:00:00,0.0,0.34619647541530363,0.3583954550705775,0.3666255582259426,-0.05749483022965941,-0.10499265938658223,1.0,0.0
Milwaukee,2000-11-21 00:00:00,0.0,0.34619647541530363,0.3583954550705775,0.3666255582259426,-0.05749483022965941,-0.10499265938658223,1.0,0.0
Milwaukee,2000-11-21 01:00:00,0.0,0.34619647541530363,0.3583954550705775,0.3666255582259426,-0.05749483022965941,-0.10499265938658223,1.0,0.0
Milwaukee,2000-11-21 02:00:00,0.0,0.34619647541530363,0.3583954550705775,0.3666255582259426,-0.05749483022965941,-0.10499265938658223,1.0,0.0
Milwaukee,2000-11-21 03:00:00,0.0,0.34619647541530363,0.3583954550705775,0.3666255582259426,-0.05749483022965941,-0.10499265938658223,1.0,0.0
Milwaukee,2000-11-21 04:00:00,0.0,0.34619647541530363,0.3583954550705775,0.3666255582259426,-0.05749483022965941,-0.10499265938658223,1.0,0.0
Milwaukee,2000-11-21 05:00:00,0.0,0.34619647541530363,0.3583954550705775,0.3666255582259426,-0.05749483022965941,-0.10499265938658223,1.0,0.0
Milwaukee,2000-11-21 06:00:00,0.0,0.34619647541530363,0.3583954550705775,0.3666255582259426,-0.05749483022965941,-0.10499265938658223,1.0,0.0
Milwaukee,2000-11-21 07:00:00,0.0,0.34619647541530363,0.3583954550705775,0.3666255582259426,-0.05749483022965941,-0.10499265938658223,1.0,0.0
Milwaukee,2000-11-21 08:00:00,0.0,0.34619647541530363,0.3583954550705775,0.3666255582259426,-0.05749483022965941,-0.10499265938658223,1.0,0.0
Milwaukee,2000-11-21 09:00:00,0.0,0.34619647541530363,0.3583954550705775,0.3666255582259426,-0.05749483022965941,-0.10499265938658223,1.0,0.0
Milwaukee,2000-11-21 10:00:00,0.0,0.34619647541530363,0.3583954550705775,0.3666255582259426,-0.05749483022965941,-0.10499265938658223,1.0,0.0
Milwaukee,2000-11-21 11:00:00,0.0,0.34619647541530363,0.3583954550705775,0.3666255582259426,-0.05749483022965941,-0.10499265938658223,1.0,0.0
Milwaukee,2000-11-21 12:00:00,0.0,0.34619647541530363,0.3583954550705775,0.3666255582259426,-0.05749483022965941,-0.10499265938658223,1.0,0.0
Milwaukee,2000-11-21 13:00:00,0.0,0.34619647541530363,0.3583954550705775,0.3666255582259426,-0.05749483022965941,-0.10499265938658223,1.0,0.0
Milwaukee,2000-11-21 14:00:00,0.0,0.34619647541530363,0.3583954550705775,0.3666255582259426,-0.05749483022965941,-0.10499265938658223,1.0,0.0
Milwaukee,2000-11-21 15:00:00,0.0,0.34619647541530363,0.3583954550705775,0.3666255582259426,-0.05749483022965941,-0.10499265938658223,1.0,0.0
Milwaukee,2000-11-21 16:00:00,0.0,0.34619647541530363,0.3583954550705775,0.3666255582259426,-0.05749483022965941,-0.10499265938658223,1.0,0.0
Milwaukee,2000-11-21 17:00:00,0.0,0.34619647541530363,0.3583954550705775,0.3666255582259426,-0.05749483022965941,-0.10499265938658223,1.0,0.0
Milwaukee,2000-11-21 18:00:00,0.0,0.34619647541530363,0.3583954550705775,0.3666255582259426,-0.05749483022965941,-0.10499265938658223,1.0,0.0
Milwaukee,2000-11-21 19:00:00,0.0,0.34619647541530363,0.3583954550705775,0.3666255582259426,-0.05749483022965941,-0.10499265938658223,1.0,0.0
Milwaukee,2000-11-21 20:00:00,0.0,0.34619647541530363,0.3583954550705775,0.3666255582259426,-0.05749483022965941,-0.10499265938658223,1.0,0.0
Milwaukee,2000-11-21 21:00:00,0.0,0.34619647541530363,0.3583954550705775,0.3666255582259426,-0.05749483022965941,-0.10499265938658223,1.0,0.0
Milwaukee,2000-11-21 22:00:00,0.0,0.34619647541530363,0.3583954550705775,0.3666255582259426,-0.05749483022965941,-0.10499265938658223,1.0,0.0
Milwaukee,2000-11-21 23:00:00,0.0,0.34619647541530363,0.3583954550705775,0.3666255582259426,-0.05749483022965941,-0.10499265938658223,1.0,0.0
Milwaukee,2000-11-22 00:00:00,0.0,0.34619647541530363,0.3583954550705775,0.3666255582259426,-0.05749483022965941,-0.10499265938658223,1.0,0.0
Milwaukee,2000-11-22 01:00:00,0.0,0.34619647541530363,0.3583954550705775,0.3666255582259426,-0.05749483022965941,-0.10499265938658223,1.0,0.0
Milwaukee,2000-11-22 02:00:00,0.0,0.34619647541530363,0.3583954550705775,0.3666255582259426,-0.05749483022965941,-0.10499265938658223,1.0,0.0
Milwaukee,2000-11-22 03:00:00,0.0,0.34619647541530363,0.3583954550705775,0.3666255582259426,-0.05749483022965941,-0.10499265938658223,1.0,0.0
Milwaukee,2000-11-22 04:00:00,0.0,0.34619647541530363,0.3583954550705775,0.3666255582259426,-0.05749483022965941,-0.10499265938658223,1.0,0.0
Milwaukee,2000-11-22 05:00:00,0.0,0.34619647541530363,0.3583954550705775,0.3666255582259426,-0.05749483022965941,-0.10499265938658223,1.0,0.0
Milwaukee,2000-11-22 06:00:00,0.0,0.34619647541530363,0.3583954550705775,0.3666255582259426,-0.05749483022965941,-0.10499265938658223,1.0,0.0
Milwaukee,2000-11-22 07:00:00,0.0,0.34619647541530363,0.3583954550705775,0.3666255582259426,-0.05749483022965941,-0.10499265938658223,1.0,0.0
Milwaukee,2000-11-22 08:00:00,0.0,0.34619647541530363,0.3583954550705775,0.3666255582259426,-0.05749483022965941,-0.10499265938658223,1.0,0.0
Milwaukee,2000-11-22 09:00:00,0.0,0.34619647541530363,0.3583954550705775,0.3666255582259426,-0.05749483022965941,-0.10499265938658223,1.0,0.0
Milwaukee,2000-11-22 10:00:00,0.0,0.34619647541530363,0.3583954550705775,0.3666255582259426,-0.05749483022965941,-0.10499265938658223,1.0,0.0
Milwaukee,2000-11-22 11:00:00,0.0,0.34619647541530363,0.3583954550705775,0.3666255582259426,-0.05749483022965941,-0.10499265938658223,1.0,0.0
Milwaukee,2000-11-22 12:00:00,0.0,0.34619647541530363,0.3583954550705775,0.3666255582259426,-0.05749483022965941,-0.10499265938658223,1.0,0.0
Milwaukee,2000-11-22 13:00:00,0.0,0.34619647541530363,0.3583954550705775,0.3666255582259426,-0.05749483022965941,-0.10499265938658223,1.0,0.0
Milwaukee,2000-11-22 14:00:00,0.0,0.34619647541530363,0.3583954550705775,0.3666255582259426,-0.05749483022965941,-0.10499265938658223,1.0,0.0
Milwaukee,2000-11-22 15:00:00,0.0,0.34619647541530363,0.3583954550705775,0.3666255582259426,-0.05749483022965941,-0.10499265938658223,1.0,0.0
Milwaukee,2000-11-22 16:00:00,0.0,0.34619647541530363,0.3583954550705775,0.3666255582259426,-0.05749483022965941,-0.10499265938658223,1.0,0.0
Milwaukee,2000-11-22 17:00:00,0.0,0.34619647541530363,0.3583954550705775,0.3666255582259426,-0.05749483022965941,-0.10499265938658223,1.0,0.0
Milwaukee,2000-11-22 18:00:00,0.0,0.34619647541530363,0.3583954550705775,0.3666255582259426,-0.05749483022965941,-0.10499265938658223,1.0,0.0
Milwaukee,2000-11-22 19:00:00,0.0,0.34619647541530363,0.3583954550705775,0.3666255582259426,-0.05749483022965941,-0.10499265938658223,1.0,0.0
Milwaukee,2000-11-22 20:00:00,0.0,0.34619647541530363,0.3583954550705775,0.3666255582259426,-0.05749483022965941,-0.10499265938658223,1.0,0.0
Milwaukee,2000-11-22 21:00:00,0.0,0.34619647541530363,0.3583954550705775,0.3666255582259426,-0.05749483022965941,-0.10499265938658223,1.0,0.0
Milwaukee,2000-11-22 22:00:00,0.0,0.34619647541530363,0.3583954550705775,0.3666255582259426,-0.05749483022965941,-0.10499265938658223,1.0,0.0
Milwaukee,2000-11-22 23:00:00,0.0,0.34619647541530363,0.3583954550705775,0.3666255582259426,-0.05749483022965941,-0.10499265938658223,1.0,0.0
Milwaukee,2000-11-23 00:00:00,0.0,0.34619647541530363,0.3583954550705775,0.3666255582259426,-0.05749483022965941,-0.10499265938658223,1.0,0.0
Milwaukee,2000-11-23 01:00:00,0.0,0.34619647541530363,0.3583954550705775,0.3666255582259426,-0.05749483022965941,-0.10499265938658223,1.0,0.0
Milwaukee,2000-11-23 02:00:00,0.0,0.34619647541530363,0.3583954550705775,0.3666255582259426,-0.05749483022965941,-0.10499265938658223,1.0,0.0
Milwaukee,2000-11-23 03:00:00,0.0,0.34619647541530363,0.3583954550705775,0.3666255582259426,-0.05749483022965941,-0.10499265938658223,1.0,0.0
Milwaukee,2000-11-23 04:00:00,0.0,0.34619647541530363,0.3583954550705775,0.3666255582259426,-0.05749483022965941,-0.10499265938658223,1.0,0.0
Milwaukee,2000-11-23 05:00:00,0.0,0.34619647541530363,0.3583954550705775,0.3666255582259426,-0.05749483022965941,-0.10499265938658223,1.0,0.0
Milwaukee,2000-11-23 06:00:00,0.0,0.34619647541530363,0.3583954550705775,0.3666255582259426,-0.05749483022965941,-0.10499265938658223,1.0,0.0
Milwaukee,2000-11-23 07:00:00,0.0,0.34619647541530363,0.3583954550705775,0.3666255582259426,-0.05749483022965941,-0.10499265938658223,1.0,0.0
Milwaukee,2000-11-23 08:00:00,0.0,0.34619647541530363,0.3583954550705775,0.3666255582259426,-0.05749483022965941,-0.10499265938658223,1.0,0.0
Milwaukee,2000-11-23 09:00:00,0.0,0.34619647541530363,0.3583954550705775,0.3666255582259426,-0.05749483022965941,-0.10499265938658223,1.0,0.0
Milwaukee,2000-11-23 10:00:00,0.0,0.34619647541530363,0.3583954550705775,0.3666255582259426,-0.05749483022965941,-0.10499265938658223,1.0,0.0
Milwaukee,2000-11-23 11:00:00,0.0,0.34619647541530363,0.3583954550705775,0.3666255582259426,-0.05749483022965941,-0.10499265938658223,1.0,0.0
Milwaukee,2000-11-23 12:00:00,0.0,0.34619647541530363,0.3583954550705775,0.3666255582259426,-0.05749483022965941,-0.10499265938658223,1.0,0.0
Milwaukee,2000-11-23 13:00:00,0.0,0.34619647541530363,0.3583954550705775,0.3666255582259426,-0.05749483022965941,-0.10499265938658223,1.0,0.0
Milwaukee,2000-11-23 14:00:00,0.0,0.34619647541530363,0.3583954550705775,0.3666255582259426,-0.05749483022965941,-0.10499265938658223,1.0,0.0
Milwaukee,2000-11-23 15:00:00,0.0,0.34619647541530363,0.3583954550705775,0.3666255582259426,-0.05749483022965941,-0.10499265938658223,1.0,0.0
Milwaukee,2000-11-23 16:00:00,0.0,0.34619647541530363,0.3583954550705775,0.3666255582259426,-0.05749483022965941,-0.10499265938658223,1.0,0.0
Milwaukee,2000-11-23 17:00:00,0.0,0.34619647541530363,0.3583954550705775,0.3666255582259426,-0.05749483022965941,-0.10499265938658223,1.0,0.0
Milwaukee,2000-11-23 18:00:00,0.0,0.34619647541530363,0.3583954550705775,0.3666255582259426,-0.05749483022965941,-0.10499265938658223,1.0,0.0
Milwaukee,2000-11-23 19:00:00,0.0,0.34619647541530363,0.3583954550705775,0.3666255582259426,-0.05749483022965941,-0.10499265938658223,1.0,0.0
Milwaukee,2000-11-23 20:00:00,0.0,0.34619647541530363,0.3583954550705775,0.3666255582259426,-0.05749483022965941,-0.10499265938658223,1.0,0.0
Milwaukee,2000-11-23 21:00:00,0.0,0.34619647541530363,0.3583954550705775,0.3666255582259426,-0.05749483022965941,-0.10499265938658223,1.0,0.0
Milwaukee,2000-11-23 22:00:00,0.0,0.34619647541530363,0.3583954550705775,0.3666255582259426,-0.05749483022965941,-0.10499265938658223,1.0,0.0
Milwaukee,2000-11-23 23:00:00,0.0,0.34619647541530363,0.3583954550705775,0.3666255582259426,-0.05749483022965941,-0.10499265938658223,1.0,0.0
Milwaukee,2000-11-24 00:00:00,0.0,0.34619647541530363,0.3583954550705775,0.3666255582259426,-0.05749483022965941,-0.10499265938658223,1.0,0.0
Milwaukee,2000-11-24 01:00:00,0.0,0.34619647541530363,0.3583954550705775,0.3666255582259426,-0.05749483022965941,-0.10499265938658223,1.0,0.0
Milwaukee,2000-11-24 02:00:00,0.0,0.34619647541530363,0.3583954550705775,0.3666255582259426,-0.05749483022965941,-0.10499265938658223,1.0,0.0
Milwaukee,2000-11-24 03:00:00,0.0,0.34619647541530363,0.3583954550705775,0.3666255582259426,-0.05749483022965941,-0.10499265938658223,1.0,0.0
Milwaukee,2000-11-24 04:00:00,0.0,0.34619647541530363,0.3583954550705775,0.3666255582259426,-0.05749483022965941,-0.10499265938658223,1.0,0.0
Milwaukee,2000-11-24 05:00:00,0.0,0.34619647541530363,0.3583954550705775,0.3666255582259426,-0.05749483022965941,-0.10499265938658223,1.0,0.0
Milwaukee,2000-11-24 06:00:00,0.0,0.34619647541530363,0.3583954550705775,0.3666255582259426,-0.05749483022965941,-0.10499265938658223,1.0,0.0
Milwaukee,2000-11-24 07:00:00,0.0,0.34619647541530363,0.3583954550705775,0.3666255582259426,-0.05749483022965941,-0.10499265938658223,1.0,0.0
Milwaukee,2000-11-24 08:00:00,0.0,0.34619647541530363,0.3583954550705775,0.3666255582259426,-0.05749483022965941,-0.10499265938658223,1.0,0.0
Milwaukee,2000-11-24 09:00:00,0.0,0.34619647541530363,0.3583954550705775,0.3666255582259426,-0.05749483022965941,-0.10499265938658223,1.0,0.0
Milwaukee,2000-11-24 10:00:00,0.0,0.34619647541530363,0.3583954550705775,0.3666255582259426,-0.05749483022965941,-0.10499265938658223,1.0,0.0
Milwaukee,2000-11-24 11:00:00,0.0,0.34619647541530363,0.3583954550705775,0.3666255582259426,-0.05749483022965941,-0.10499265938658223,1.0,0.0
Milwaukee,2000-11-24 12:00:00,0.0,0.34619647541530363,0.3583954550705775,0.3666255582259426,-0.05749483022965941,-0.10499265938658223,1.0,0.0
Milwaukee,2000-11-24 13:00:00,0.0,0.34619647541530363,0.3583954550705775,0.3666255582259426,-0.05749483022965941,-0.10499265938658223,1.0,0.0
Milwaukee,2000-11-24 14:00:00,0.0,0.34619647541530363,0.3583954550705775,0.3666255582259426,-0.05749483022965941,-0.10499265938658223,1.0,0.0
Milwaukee,2000-11-24 15:00:00,0.0,0.34619647541530363,0.3583954550705775,0.3666255582259426,-0.05749483022965941,-0.10499265938658223,1.0,0.0
Milwaukee,2000-11-24 16:00:00,0.0,0.34619647541530363,0.3583954550705775,0.3666255582259426,-0.05749483022965941,-0.10499265938658223,1.0,0.0
Milwaukee,2000-11-24 17:00:00,0.0,0.34619647541530363,0.3583954550705775,0.3666255582259426,-0.05749483022965941,-0.10499265938658223,1.0,0.0
Milwaukee,2000-11-24 18:00:00,0.0,0.34619647541530363,0.3583954550705775,0.3666255582259426,-0.05749483022965941,-0.10499265938658223,1.0,0.0
Milwaukee,2000-11-24 19:00:00,0.0,0.34619647541530363,0.3583954550705775,0.3666255582259426,-0.05749483022965941,-0.10499265938658223,1.0,0.0
Milwaukee,2000-11-24 20:00:00,0.0,0.34619647541530363,0.3583954550705775,0.3666255582259426,-0.05749483022965941,-0.10499265938658223,1.0,0.0
Milwaukee,2000-11-24 21:00:00,0.0,0.34619647541530363,0.3583954550705775,0.3666255582259426,-0.05749483022965941,-0.10499265938658223,1.0,0.0
Milwaukee,2000-11-24 22:00:00,0.0,0.34619647541530363,0.3583954550705775,0.3666255582259426,-0.05749483022965941,-0.10499265938658223,1.0,0.0
Milwaukee,2000-11-24 23:00:00,0.0,0.34619647541530363,0.3583954550705775,0.3666255582259426,-0.05749483022965941,-0.10499265938658223,1.0,0.0
Milwaukee,2000-11-25 00:00:00,0.0,0.34619647541530363,0.3583954550705775,0.3666255582259426,-0.05749483022965941,-0.10499265938658223,1.0,0.0
Milwaukee,2000-11-25 01:00:00,0.0,0.34619647541530363,0.3583954550705775,0.3666255582259426,-0.05749483022965941,-0.10499265938658223,1.0,0.0
Milwaukee,2000-11-25 02:00:00,0.0,0.34619647541530363,0.3583954550705775,0.3666255582259426,-0.05749483022965941,-0.10499265938658223,1.0,0.0
Milwaukee,2000-11-25 03:00:00,0.0,0.34619647541530363,0.3583954550705775,0.3666255582259426,-0.05749483022965941,-0.10499265938658223,1.0,0.0
Milwaukee,2000-11-25 04:00:00,0.0,0.34619647541530363,0.3583954550705775,0.3666255582259426,-0.05749483022965941,-0.10499265938658223,1.0,0.0
Milwaukee,2000-11-25 05:00:00,0.0,0.34619647541530363,0.3583954550705775,0.3666255582259426,-0.05749483022965941,-0.10499265938658223,1.0,0.0
Milwaukee,2000-11-25 06:00:00,0.0,0.34619647541530363,0.3583954550705775,0.3666255582259426,-0.05749483022965941,-0.10499265938658223,1.0,0.0
Milwaukee,2000-11-25 07:00:00,0.0,0.34619647541530363,0.3583954550705775,0.3666255582259426,-0.05749483022965941,-0.10499265938658223,1.0,0.0
Milwaukee,2000-11-25 08:00:00,0.0,0.34619647541530363,0.3583954550705775,0.3666255582259426,-0.05749483022965941,-0.10499265938658223,1.0,0.0
Milwaukee,2000-11-25 09:00:00,0.0,0.34619647541530363,0.3583954550705775,0.3666255582259426,-0.05749483022965941,-0.10499265938658223,1.0,0.0
Milwaukee,2000-11-25 10:00:00,0.0,0.34619647541530363,0.3583954550705775,0.3666255582259426,-0.05749483022965941,-0.10499265938658223,1.0,0.0
Milwaukee,2000-11-25 11:00:00,0.0,0.34619647541530363,0.3583954550705775,0.3666255582259426,-0.05749483022965941,-0.10499265938658223,1.0,0.0
Milwaukee,2000-11-25 12:00:00,0.0,0.34619647541530363,0.3583954550705775,0.3666255582259426,-0.05749483022965941,-0.10499265938658223,1.0,0.0
Milwaukee,2000-11-25 13:00:00,0.0,0.34619647541530363,0.3583954550705775,0.3666255582259426,-0.05749483022965941,-0.10499265938658223,1.0,0.0
Milwaukee,2000-11-25 14:00:00,0.0,0.34619647541530363,0.3583954550705775,0.3666255582259426,-0.05749483022965941,-0.10499265938658223,1.0,0.0
Milwaukee,2000-11-25 15:00:00,0.0,0.34619647541530363,0.3583954550705775,0.3666255582259426,-0.05749483022965941,-0.10499265938658223,1.0,0.0
Milwaukee,2000-11-25 16:00:00,0.0,0.34619647541530363,0.3583954550705775,0.3666255582259426,-0.05749483022965941,-0.10499265938658223,1.0,0.0
Milwaukee,2000-11-25 17:00:00,0.0,0.34619647541530363,0.3583954550705775,0.3666255582259426,-0.05749483022965941,-0.10499265938658223,1.0,0.0
Milwaukee,2000-11-25 18:00:00,0.0,0.34619647541530363,0.3583954550705775,0.3666255582259426,-0.05749483022965941,-0.10499265938658223,1.0,0.0
Milwaukee,2000-11-25 19:00:00,0.0,0.34619647541530363,0.3583954550705775,0.3666255582259426,-0.05749483022965941,-0.10499265938658223,1.0,0.0
Milwaukee,2000-11-25 20:00:00,0.0,0.34619647541530363,0.3583954550705775,0.3666255582259426,-0.05749483022965941,-0.10499265938658223,1.0,0.0
Milwaukee,2000-11-25 21:00:00,0.0,0.34619647541530363,0.3583954550705775,0.3666255582259426,-0.05749483022965941,-0.10499265938658223,1.0,0.0
Milwaukee,2000-11-25 22:00:00,0.0,0.34619647541530363,0.3583954550705775,0.3666255582259426,-0.05749483022965941,-0.10499265938658223,1.0,0.0
Milwaukee,2000-11-25 23:00:00,0.0,0.34619647541530363,0.3583954550705775,0.3666255582259426,-0.05749483022965941,-0.10499265938658223,1.0,0.0
Milwaukee,2000-11-26 00:00:00,0.0,0.34619647541530363,0.3583954550705775,0.3666255582259426,-0.05749483022965941,-0.10499265938658223,1.0,0.0
Milwaukee,2000-11-26 01:00:00,0.0,0.34619647541530363,0.3583954550705775,0.3666255582259426,-0.05749483022965941,-0.10499265938658223,1.0,0.0
Milwaukee,2000-11-26 02:00:00,0.10000000149011612,0.37493462778701603,0.37963028842970437,0.38608798432978486,0.077882847413793,0.04267897886966643,0.5479894519381427,0.05479894601038219
Milwaukee,2000-11-26 03:00:00,0.20000000298023224,0.4036312859866724,0.40082695074191593,0.4055009521190948,0.2132605250572452,0.1903506171259148,0.8925731429893989,0.17851463125795505
Milwaukee,2000-11-26 04:00:00,0.30000000447034836,0.4321218104209064,0.4219192462835154,0.42481437583882836,0.3486382027006978,0.3380222553821637,0.9695502465412611,0.2908650782966057
Milwaukee,2000-11-26 05:00:00,0.30000000447034836,0.4321218104209064,0.4219192462835154,0.42481437583882836,0.3486382027006978,0.3380222553821637,0.9695502465412611,0.2908650782966057
Milwaukee,2000-11-26 06:00:00,0.5000000074505806,0.4879054674974853,0.4635494842166189,0.4629590707286823,0.6193935579876022,0.6333655318946606,1.0225575060103194,0.5112787606238068
Milwaukee,2000-11-26 07:00:00,0.5000000074505806,0.4879054674974853,0.4635494842166189,0.4629590707286823,0.6193935579876022,0.6333655318946606,1.0225575060103194,0.5112787606238068
Milwaukee,2000-11-26 08:00:00,0.30000000447034836,0.4321218104209064,0.4219192462835154,0.42481437583882836,0.3486382027006978,0.3380222553821637,0.9695502465412611,0.2908650782966057
Milwaukee,2000-11-26 09:00:00,0.30000000447034836,0.4321218104209064,0.4219192462835154,0.42481437583882836,0.3486382027006978,0.3380222553821637,0.9695502465412611,0.2908650782966057
Milwaukee,2000-11-26 10:00:00,0.30000000447034836,0.4321218104209064,0.4219192462835154,0.42481437583882836,0.3486382027006978,0.3380222553821637,0.9695502465412611,0.2908650782966057
Milwaukee,2000-11-26 11:00:00,0.30000000447034836,0.4321218104209064,0.4219192462835154,0.42481437583882836,0.3486382027006978,0.3380222553821637,0.9695502465412611,0.2908650782966057
Milwaukee,2000-11-26 12:00:00,0.30000000447034836,0.4321218104209064,0.4219192462835154,0.42481437583882836,0.3486382027006978,0.3380222553821637,0.9695502465412611,0.2908650782966057
Milwaukee,2000-11-26 13:00:00,0.0,0.34619647541530363,0.3583954550705775,0.3666255582259426,-0.05749483022965941,-0.10499265938658223,1.0,0.0
Milwaukee,2000-11-26 14:00:00,0.0,0.34619647541530363,0.3583954550705775,0.3666255582259426,-0.05749483022965941,-0.10499265938658223,1.0,0.0
Milwaukee,2000-11-26 15:00:00,0.0,0.34619647541530363,0.3583954550705775,0.3666255582259426,-0.05749483022965941,-0.10499265938658223,1.0,0.0
Milwaukee,2000-11-26 16:00:00,0.0,0.34619647541530363,0.3583954550705775,0.3666255582259426,-0.05749483022965941,-0.10499265938658223,1.0,0.0
Milwaukee,2000-11-26 17:00:00,0.0,0.34619647541530363,0.3583954550705775,0.3666255582259426,-0.05749483022965941,-0.10499265938658223,1.0,0.0
Milwaukee,2000-11-26 18:00:00,0.0,0.34619647541530363,0.3583954550705775,0.3666255582259426,-0.05749483022965941,-0.10499265938658223,1.0,0.0
Milwaukee,2000-11-26 19:00:00,0.0,0.34619647541530363,0.3583954550705775,0.3666255582259426,-0.05749483022965941,-0.10499265938658223,1.0,0.0
Milwaukee,2000-11-26 20:00:00,0.0,0.34619647541530363,0.3583954550705775,0.3666255582259426,-0.05749483022965941,-0.10499265938658223,1.0,0.0
Milwaukee,2000-11-26 21:00:00,0.0,0.34619647541530363,0.3583954550705775,0.3666255582259426,-0.05749483022965941,-0.10499265938658223,1.0,0.0
Milwaukee,2000-11-26 22:00:00,0.0,0.34619647541530363,0.3583954550705775,0.3666255582259426,-0.05749483022965941,-0.10499265938658223,1.0,0.0
Milwaukee,2000-11-26 23:00:00,0.0,0.34619647541530363,0.3583954550705775,0.3666255582259426,-0.05749483022965941,-0.10499265938658223,1.0,0.0
Milwaukee,2000-11-27 00:00:00,0.0,0.34619647541530363,0.3583954550705775,0.3666255582259426,-0.05749483022965941,-0.10499265938658223,1.0,0.0
Milwaukee,2000-11-27 01:00:00,0.0,0.34619647541530363,0.3583954550705775,0.3666255582259426,-0.05749483022965941,-0.10499265938658223,1.0,0.0
Milwaukee,2000-11-27 02:00:00,0.0,0.34619647541530363,0.3583954550705775,0.3666255582259426,-0.05749483022965941,-0.10499265938658223,1.0,0.0
Milwaukee,2000-11-27 03:00:00,0.0,0.34619647541530363,0.3583954550705775,0.3666255582259426,-0.05749483022965941,-0.10499265938658223,1.0,0.0
Milwaukee,2000-11-27 04:00:00,0.800000011920929,0.5668587624286637,0.5238351948323483,0.518375294178048,1.0255265909179592,1.0763804466634062,1.0495880420808272,0.8396704461767263
Milwaukee,2000-11-27 05:00:00,0.0,0.34619647541530363,0.3583954550705775,0.3666255582259426,-0.05749483022965941,-0.10499265938658223,1.0,0.0
Milwaukee,2000-11-27 06:00:00,0.0,0.34619647541530363,0.3583954550705775,0.3666255582259426,-0.05749483022965941,-0.10499265938658223,1.0,0.0
Milwaukee,2000-11-27 07:00:00,0.0,0.34619647541530363,0.3583954550705775,0.3666255582259426,-0.05749483022965941,-0.10499265938658223,1.0,0.0
Milwaukee,2000-11-27 08:00:00,0.0,0.34619647541530363,0.3583954550705775,0.3666255582259426,-0.05749483022965941,-0.10499265938658223,1.0,0.0
Milwaukee,2000-11-27 09:00:00,0.0,0.34619647541530363,0.3583954550705775,0.3666255582259426,-0.05749483022965941,-0.10499265938658223,1.0,0.0
Milwaukee,2000-11-27 10:00:00,0.0,0.34619647541530363,0.3583954550705775,0.3666255582259426,-0.05749483022965941,-0.10499265938658223,1.0,0.0
Milwaukee,2000-11-27 11:00:00,0.0,0.34619647541530363,0.3583954550705775,0.3666255582259426,-0.05749483022965941,-0.10499265938658223,1.0,0.0
Milwaukee,2000-11-27 12:00:00,0.0,0.34619647541530363,0.3583954550705775,0.3666255582259426,-0.05749483022965941,-0.10499265938658223,1.0,0.0
Milwaukee,2000-11-27 13:00:00,0.0,0.34619647541530363,0.3583954550705775,0.3666255582259426,-0.05749483022965941,-0.10499265938658223,1.0,0.0
Milwaukee,2000-11-27 14:00:00,0.0,0.34619647541530363,0.3583954550705775,0.3666255582259426,-0.05749483022965941,-0.10499265938658223,1.0,0.0
Milwaukee,2000-11-27 15:00:00,0.0,0.34619647541530363,0.3583954550705775,0.3666255582259426,-0.05749483022965941,-0.10499265938658223,1.0,0.0
Milwaukee,2000-11-27 16:00:00,0.0,0.34619647541530363,0.3583954550705775,0.3666255582259426,-0.05749483022965941,-0.10499265938658223,1.0,0.0
Milwaukee,2000-11-27 17:00:00,0.0,0.34619647541530363,0.3583954550705775,0.3666255582259426,-0.05749483022965941,-0.10499265938658223,1.0,0.0
Milwaukee,2000-11-27 18:00:00,0.0,0.34619647541530363,0.3583954550705775,0.3666255582259426,-0.05749483022965941,-0.10499265938658223,1.0,0.0
Milwaukee,2000-11-27 19:00:00,0.0,0.34619647541530363,0.3583954550705775,0.3666255582259426,-0.05749483022965941,-0.10499265938658223,1.0,0.0
Milwaukee,2000-11-27 20:00:00,0.0,0.34619647541530363,0.3583954550705775,0.3666255582259426,-0.05749483022965941,-0.10499265938658223,1.0,0.0
Milwaukee,2000-11-27 21:00:00,0.0,0.34619647541530363,0.3583954550705775,0.3666255582259426,-0.05749483022965941,-0.10499265938658223,1.0,0.0
Milwaukee,2000-11-27 22:00:00,0.0,0.34619647541530363,0.3583954550705775,0.3666255582259426,-0.05749483022965941,-0.10499265938658223,1.0,0.0
Milwaukee,2000-11-27 23:00:00,0.0,0.34619647541530363,0.3583954550705775,0.3666255582259426,-0.05749483022965941,-0.10499265938658223,1.0,0.0
Milwaukee,2000-11-28 00:00:00,0.0,0.34619647541530363,0.3583954550705775,0.3666255582259426,-0.05749483022965941,-0.10499265938658223,1.0,0.0
Milwaukee,2000-11-28 01:00:00,0.30000000447034836,0.4321218104209064,0.4219192462835154,0.42481437583882836,0.3486382027006978,0.3380222553821637,0.9695502465412611,0.2908650782966057
Milwaukee,2000-11-28 02:00:00,0.0,0.34619647541530363,0.3583954550705775,0.3666255582259426,-0.05749483022965941,-0.10499265938658223,1.0,0.0
Milwaukee,2000-11-28 03:00:00,0.0,0.34619647541530363,0.3583954550705775,0.3666255582259426,-0.05749483022965941,-0.10499265938658223,1.0,0.0
Milwaukee,2000-11-28 04:00:00,0.0,0.34619647541530363,0.3583954550705775,0.3666255582259426,-0.05749483022965941,-0.10499265938658223,1.0,0.0
Milwaukee,2000-11-28 05:00:00,0.0,0.34619647541530363,0.3583954550705775,0.3666255582259426,-0.05749483022965941,-0.10499265938658223,1.0,0.0
Milwaukee,2000-11-28 06:00:00,0.0,0.34619647541530363,0.3583954550705775,0.3666255582259426,-0.05749483022965941,-0.10499265938658223,1.0,0.0
Milwaukee,2000-11-28 07:00:00,0.0,0.34619647541530363,0.3583954550705775,0.3666255582259426,-0.05749483022965941,-0.10499265938658223,1.0,0.0
Milwaukee,2000-11-28 08:00:00,0.0,0.34619647541530363,0.3583954550705775,0.3666255582259426,-0.05749483022965941,-0.10499265938658223,1.0,0.0
Milwaukee,2000-11-28 09:00:00,0.0,0.34619647541530363,0.3583954550705775,0.3666255582259426,-0.05749483022965941,-0.10499265938658223,1.0,0.0
Milwaukee,2000-11-28 10:00:00,0.0,0.34619647541530363,0.3583954550705775,0.3666255582259426,-0.05749483022965941,-0.10499265938658223,1.0,0.0
Milwaukee,2000-11-28 11:00:00,0.0,0.34619647541530363,0.3583954550705775,0.3666255582259426,-0.05749483022965941,-0.10499265938658223,1.0,0.0
Milwaukee,2000-11-28 12:00:00,0.0,0.34619647541530363,0.3583954550705775,0.3666255582259426,-0.05749483022965941,-0.10499265938658223,1.0,0.0
Milwaukee,2000-11-28 13:00:00,0.0,0.34619647541530363,0.3583954550705775,0.3666255582259426,-0.05749483022965941,-0.10499265938658223,1.0,0.0
Milwaukee,2000-11-28 14:00:00,0.0,0.34619647541530363,0.3583954550705775,0.3666255582259426,-0.05749483022965941,-0.10499265938658223,1.0,0.0
Milwaukee,2000-11-28 15:00:00,0.0,0.34619647541530363,0.3583954550705775,0.3666255582259426,-0.05749483022965941,-0.10499265938658223,1.0,0.0
Milwaukee,2000-11-28 16:00:00,0.0,0.34619647541530363,0.3583954550705775,0.3666255582259426,-0.05749483022965941,-0.10499265938658223,1.0,0.0
Milwaukee,2000-11-28 17:00:00,0.0,0.34619647541530363,0.3583954550705775,0.3666255582259426,-0.05749483022965941,-0.10499265938658223,1.0,0.0
Milwaukee,2000-11-28 18:00:00,0.0,0.34619647541530363,0.3583954550705775,0.3666255582259426,-0.05749483022965941,-0.10499265938658223,1.0,0.0
Milwaukee,2000-11-28 19:00:00,0.0,0.34619647541530363,0.3583954550705775,0.3666255582259426,-0.05749483022965941,-0.10499265938658223,1.0,0.0
Milwaukee,2000-11-28 20:00:00,0.0,0.34619647541530363,0.3583954550705775,0.3666255582259426,-0.05749483022965941,-0.10499265938658223,1.0,0.0
Milwaukee,2000-11-28 21:00:00,0.0,0.34619647541530363,0.3583954550705775,0.3666255582259426,-0.05749483022965941,-0.10499265938658223,1.0,0.0
Milwaukee,2000-11-28 22:00:00,0.0,0.34619647541530363,0.3583954550705775,0.3666255582259426,-0.05749483022965941,-0.10499265938658223,1.0,0.0
Milwaukee,2000-11-28 23:00:00,0.0,0.34619647541530363,0.3583954550705775,0.3666255582259426,-0.05749483022965941,-0.10499265938658223,1.0,0.0
Milwaukee,2000-11-29 00:00:00,0.0,0.34619647541530363,0.3583954550705775,0.3666255582259426,-0.05749483022965941,-0.10499265938658223,1.0,0.0
Milwaukee,2000-11-29 01:00:00,0.0,0.34619647541530363,0.3583954550705775,0.3666255582259426,-0.05749483022965941,-0.10499265938658223,1.0,0.0
Milwaukee,2000-11-29 02:00:00,0.0,0.34619647541530363,0.3583954550705775,0.3666255582259426,-0.05749483022965941,-0.10499265938658223,1.0,0.0
Milwaukee,2000-11-29 03:00:00,0.0,0.34619647541530363,0.3583954550705775,0.3666255582259426,-0.05749483022965941,-0.10499265938658223,1.0,0.0
Milwaukee,2000-11-29 04:00:00,0.0,0.34619647541530363,0.3583954550705775,0.3666255582259426,-0.05749483022965941,-0.10499265938658223,1.0,0.0
Milwaukee,2000-11-29 05:00:00,0.0,0.34619647541530363,0.3583954550705775,0.3666255582259426,-0.05749483022965941,-0.10499265938658223,1.0,0.0
Milwaukee,2000-11-29 06:00:00,0.10000000149011612,0.37493462778701603,0.37963028842970437,0.38608798432978486,0.077882847413793,0.04267897886966643,0.5479894519381427,0.05479894601038219
Milwaukee,2000-11-29 07:00:00,0.6000000089406967,0.5149511800867037,0.4839791863801989,0.48170736485828647,0.7547712356310545,0.7810371701509091,1.0347998615738105,0.6208799261961181
Milwaukee,2000-11-29 08:00:00,1.0000000149011612,0.6153868482101035,0.562101850089929,0.5537391217635472,1.296281946204864,1.3717237231759034,1.0581985864972592,1.0581986022656469
Milwaukee,2000-11-29 09:00:00,1.3000000193715096,0.6811098161440119,0.6160277990081728,0.6039355221962737,1.7024149791352212,1.8147386379446493,1.0659790122773034,1.3857727366101171
Milwaukee,2000-11-29 10:00:00,0.6000000089406967,0.5149511800867037,0.4839791863801989,0.48170736485828647,0.7547712356310545,0.7810371701509091,1.0347998615738105,0.6208799261961181
Milwaukee,2000-11-29 11:00:00,0.800000011920929,0.5668587624286637,0.5238351948323483,0.518375294178048,1.0255265909179592,1.0763804466634062,1.0495880420808272,0.8396704461767263
Milwaukee,2000-11-29 12:00:00,0.800000011920929,0.5668587624286637,0.5238351948323483,0.518375294178048,1.0255265909179592,1.0763804466634062,1.0495880420808272,0.8396704461767263
Milwaukee,2000-11-29 13:00:00,0.6000000089406967,0.5149511800867037,0.4839791863801989,0.48170736485828647,0.7547712356310545,0.7810371701509091,1.0347998615738105,0.6208799261961181
Milwaukee,2000-11-29 14:00:00,0.5000000074505806,0.4879054674974853,0.4635494842166189,0.4629590707286823,0.6193935579876022,0.6333655318946606,1.0225575060103194,0.5112787606238068
Milwaukee,2000-11-29 15:00:00,0.30000000447034836,0.4321218104209064,0.4219192462835154,0.42481437583882836,0.3486382027006978,0.3380222553821637,0.9695502465412611,0.2908650782966057
Milwaukee,2000-11-29 16:00:00,0.20000000298023224,0.4036312859866724,0.40082695074191593,0.4055009521190948,0.2132605250572452,0.1903506171259148,0.8925731429893989,0.17851463125795505
Milwaukee,2000-11-29 17:00:00,0.20000000298023224,0.4036312859866724,0.40082695074191593,0.4055009521190948,0.2132605250572452,0.1903506171259148,0.8925731429893989,0.17851463125795505
Milwaukee,2000-11-29 18:00:00,0.20000000298023224,0.4036312859866724,0.40082695074191593,0.4055009521190948,0.2132605250572452,0.1903506171259148,0.8925731429893989,0.17851463125795505
Milwaukee,2000-11-29 19:00:00,0.20000000298023224,0.4036312859866724,0.40082695074191593,0.4055009521190948,0.2132605250572452,0.1903506171259148,0.8925731429893989,0.17851463125795505
Milwaukee,2000-11-29 20:00:00,0.4000000059604645,0.4602572840073257,0.44284563734884813,0.44398150563378375,0.4840158803441499,0.4856938936384119,1.0034668558665243,0.40138674832773824
Milwaukee,2000-11-29 21:00:00,0.4000000059604645,0.4602572840073257,0.44284563734884813,0.44398150563378375,0.4840158803441499,0.4856938936384119,1.0034668558665243,0.40138674832773824
Milwaukee,2000-11-29 22:00:00,0.30000000447034836,0.4321218104209064,0.4219192462835154,0.42481437583882836,0.3486382027006978,0.3380222553821637,0.9695502465412611,0.2908650782966057
Milwaukee,2000-11-29 23:00:00,0.10000000149011612,0.37493462778701603,0.37963028842970437,0.38608798432978486,0.077882847413793,0.04267897886966643,0.5479894519381427,0.05479894601038219
Milwaukee,2000-11-30 00:00:00,0.10000000149011612,0.37493462778701603,0.37963028842970437,0.38608798432978486,0.077882847413793,0.04267897886966643,0.5479894519381427,0.05479894601038219
Milwaukee,2000-11-30 01:00:00,0.0,0.34619647541530363,0.3583954550705775,0.3666255582259426,-0.05749483022965941,-0.10499265938658223,1.0,0.0
Milwaukee,2000-11-30 02:00:00,0.10000000149011612,0.37493462778701603,0.37963028842970437,0.38608798432978486,0.077882847413793,0.04267897886966643,0.5479894519381427,0.05479894601038219
Milwaukee,2000-11-30 03:00:00,0.10000000149011612,0.37493462778701603,0.37963028842970437,0.38608798432978486,0.077882847413793,0.04267897886966643,0.5479894519381427,0.05479894601038219
Milwaukee,2000-11-30 04:00:00,0.10000000149011612,0.37493462778701603,0.37963028842970437,0.38608798432978486,0.077882847413793,0.04267897886966643,0.5479894519381427,0.05479894601038219
Milwaukee,2000-11-30 05:00:00,0.10000000149011612,0.37493462778701603,0.37963028842970437,0.38608798432978486,0.077882847413793,0.04267897886966643,0.5479894519381427,0.05479894601038219
Milwaukee,2000-11-30 06:00:00,0.10000000149011612,0.37493462778701603,0.37963028842970437,0.38608798432978486,0.077882847413793,0.04267897886966643,0.5479894519381427,0.05479894601038219
Milwaukee,2000-11-30 07:00:00,0.10000000149011612,0.37493462778701603,0.37963028842970437,0.38608798432978486,0.077882847413793,0.04267897886966643,0.5479894519381427,0.05479894601038219
Milwaukee,2000-11-30 08:00:00,0.10000000149011612,0.37493462778701603,0.37963028842970437,0.38608798432978486,0.077882847413793,0.04267897886966643,0.5479894519381427,0.05479894601038219
Milwaukee,2000-11-30 09:00:00,0.10000000149011612,0.37493462778701603,0.37963028842970437,0.38608798432978486,0.077882847413793,0.04267897886966643,0.5479894519381427,0.05479894601038219
Milwaukee,2000-11-30 10:00:00,0.10000000149011612,0.37493462778701603,0.37963028842970437,0.38608798432978486,0.077882847413793,0.04267897886966643,0.5479894519381427,0.05479894601038219
Milwaukee,2000-11-30 11:00:00,0.0,0.34619647541530363,0.3583954550705775,0.3666255582259426,-0.05749483022965941,-0.10499265938658223,1.0,0.0
Milwaukee,2000-11-30 12:00:00,0.0,0.34619647541530363,0.3583954550705775,0.3666255582259426,-0.05749483022965941,-0.10499265938658223,1.0,0.0
Milwaukee,2000-11-30 13:00:00,0.0,0.34619647541530363,0.3583954550705775,0.3666255582259426,-0.05749483022965941,-0.10499265938658223,1.0,0.0
Milwaukee,2000-11-30 14:00:00,0.0,0.34619647541530363,0.3583954550705775,0.3666255582259426,-0.05749483022965941,-0.10499265938658223,1.0,0.0
Milwaukee,2000-11-30 15:00:00,0.10000000149011612,0.37493462778701603,0.37963028842970437,0.38608798432978486,0.077882847413793,0.04267897886966643,0.5479894519381427,0.05479894601038219
Milwaukee,2000-11-30 16:00:00,0.0,0.34619647541530363,0.3583954550705775,0.3666255582259426,-0.05749483022965941,-0.10499265938658223,1.0,0.0
Milwaukee,2000-11-30 17:00:00,0.0,0.34619647541530363,0.3583954550705775,0.3666255582259426,-0.05749483022965941,-0.10499265938658223,1.0,0.0
Milwaukee,2000-11-30 18:00:00,0.0,0.34619647541530363,0.3583954550705775,0.3666255582259426,-0.05749483022965941,-0.10499265938658223,1.0,0.0
Milwaukee,2000-11-30 19:00:00,0.0,0.34619647541530363,0.3583954550705775,0.3666255582259426,-0.05749483022965941,-0.10499265938658223,1.0,0.0
Milwaukee,2000-11-30 20:00:00,0.0,0.34619647541530363,0.3583954550705775,0.3666255582259426,-0.05749483022965941,-0.10499265938658223,1.0,0.0
Milwaukee,2000-11-30 21:00:00,0.0,0.34619647541530363,0.3583954550705775,0.3666255582259426,-0.05749483022965941,-0.10499265938658223,1.0,0.0
Milwaukee,2000-11-30 22:00:00,0.0,0.34619647541530363,0.3583954550705775,0.3666255582259426,-0.05749483022965941,-0.10499265938658223,1.0,0.0
Milwaukee,2000-11-30 23:00:00,0.0,0.34619647541530363,0.3583954550705775,0.3666255582259426,-0.05749483022965941,-0.10499265938658223,1.0,0.0
Milwaukee,2000-12-01 00:00:00,0.0,0.34619647541530363,0.3583954550705775,0.3666255582259426,-0.05749483022965941,-0.10499265938658223,1.0,0.0
Milwaukee,2000-12-01 01:00:00,0.0,0.34619647541530363,0.3583954550705775,0.3666255582259426,-0.05749483022965941,-0.10499265938658223,1.0,0.0
Milwaukee,2000-12-01 02:00:00,0.0,0.34619647541530363,0.3583954550705775,0.3666255582259426,-0.05749483022965941,-0.10499265938658223,1.0,0.0
Milwaukee,2000-12-01 03:00:00,0.0,0.34619647541530363,0.3583954550705775,0.3666255582259426,-0.05749483022965941,-0.10499265938658223,1.0,0.0
Milwaukee,2000-12-01 04:00:00,0.0,0.34619647541530363,0.3583954550705775,0.3666255582259426,-0.05749483022965941,-0.10499265938658223,1.0,0.0
Milwaukee,2000-12-01 05:00:00,0.0,0.34619647541530363,0.3583954550705775,0.3666255582259426,-0.05749483022965941,-0.10499265938658223,1.0,0.0
Milwaukee,2000-12-01 06:00:00,0.0,0.34619647541530363,0.3583954550705775,0.3666255582259426,-0.05749483022965941,-0.10499265938658223,1.0,0.0
Milwaukee,2000-12-01 07:00:00,0.10000000149011612,0.37493462778701603,0.37963028842970437,0.38608798432978486,0.077882847413793,0.04267897886966643,0.5479894519381427,0.05479894601038219
Milwaukee,2000-12-01 08:00:00,0.30000000447034836,0.4321218104209064,0.4219192462835154,0.42481437583882836,0.3486382027006978,0.3380222553821637,0.9695502465412611,0.2908650782966057
Milwaukee,2000-12-01 09:00:00,0.5000000074505806,0.4879054674974853,0.4635494842166189,0.4629590707286823,0.6193935579876022,0.6333655318946606,1.0225575060103194,0.5112787606238068
Milwaukee,2000-12-01 10:00:00,0.9000000134110451,0.5915727882419518,0.543183605811401,0.5362334205342039,1.1609042685614115,1.2240520849196546,1.05439536925512,0.9489558464701519
Milwaukee,2000-12-01 11:00:00,0.7000000104308128,0.5412961978369442,0.5040882360000163,0.5001902799477915,0.8901489132745067,0.9287088084071575,1.0433184768948425,0.7303229447090495
Milwaukee,2000-12-01 12:00:00,0.4000000059604645,0.4602572840073257,0.44284563734884813,0.44398150563378375,0.4840158803441499,0.4856938936384119,1.0034668558665243,0.40138674832773824
Milwaukee,2000-12-01 13:00:00,0.10000000149011612,0.37493462778701603,0.37963028842970437,0.38608798432978486,0.077882847413793,0.04267897886966643,0.5479894519381427,0.05479894601038219
Milwaukee,2000-12-01 14:00:00,0.10000000149011612,0.37493462778701603,0.37963028842970437,0.38608798432978486,0.077882847413793,0.04267897886966643,0.5479894519381427,0.05479894601038219
Milwaukee,2000-12-01 15:00:00,0.0,0.34619647541530363,0.3583954550705775,0.3666255582259426,-0.05749483022965941,-0.10499265938658223,1.0,0.0
Milwaukee,2000-12-01 16:00:00,0.0,0.34619647541530363,0.3583954550705775,0.3666255582259426,-0.05749483022965941,-0.10499265938658223,1.0,0.0
Milwaukee,2000-12-01 17:00:00,0.0,0.34619647541530363,0.3583954550705775,0.3666255582259426,-0.05749483022965941,-0.10499265938658223,1.0,0.0
Milwaukee,2000-12-01 18:00:00,0.0,0.34619647541530363,0.3583954550705775,0.3666255582259426,-0.05749483022965941,-0.10499265938658223,1.0,0.0
Milwaukee,2000-12-01 19:00:00,0.0,0.34619647541530363,0.3583954550705775,0.3666255582259426,-0.05749483022965941,-0.10499265938658223,1.0,0.0
Milwaukee,2000-12-01 20:00:00,0.20000000298023224,0.4036312859866724,0.40082695074191593,0.4055009521190948,0.2132605250572452,0.1903506171259148,0.8925731429893989,0.17851463125795505
Milwaukee,2000-12-01 21:00:00,0.5000000074505806,0.4879054674974853,0.4635494842166189,0.4629590707286823,0.6193935579876022,0.6333655318946606,1.0225575060103194,0.5112787606238068
Milwaukee,2000-12-01 22:00:00,0.30000000447034836,0.4321218104209064,0.4219192462835154,0.42481437583882836,0.3486382027006978,0.3380222553821637,0.9695502465412611,0.2908650782966057
Milwaukee,2000-12-01 23:00:00,0.10000000149011612,0.37493462778701603,0.37963028842970437,0.38608798432978486,0.077882847413793,0.04267897886966643,0.5479894519381427,0.05479894601038219
Milwaukee,2000-12-02 00:00:00,0.0,0.34619647541530363,0.3583954550705775,0.3666255582259426,-0.05749483022965941,-0.10499265938658223,1.0,0.0
Milwaukee,2000-12-02 01:00:00,0.0,0.34619647541530363,0.3583954550705775,0.3666255582259426,-0.05749483022965941,-0.10499265938658223,1.0,0.0
Milwaukee,2000-12-02 02:00:00,0.0,0.34619647541530363,0.3583954550705775,0.3666255582259426,-0.05749483022965941,-0.10499265938658223,1.0,0.0
Milwaukee,2000-12-02 03:00:00,0.0,0.34619647541530363,0.3583954550705775,0.3666255582259426,-0.05749483022965941,-0.10499265938658223,1.0,0.0
Milwaukee,2000-12-02 04:00:00,0.0,0.34619647541530363,0.3583954550705775,0.3666255582259426,-0.05749483022965941,-0.10499265938658223,1.0,0.0
Milwaukee,2000-12-02 05:00:00,0.0,0.34619647541530363,0.3583954550705775,0.3666255582259426,-0.05749483022965941,-0.10499265938658223,1.0,0.0
Milwaukee,2000-12-02 06:00:00,0.0,0.34619647541530363,0.3583954550705775,0.3666255582259426,-0.05749483022965941,-0.10499265938658223,1.0,0.0
Milwaukee,2000-12-02 07:00:00,0.0,0.34619647541530363,0.3583954550705775,0.3666255582259426,-0.05749483022965941,-0.10499265938658223,1.0,0.0
Milwaukee,2000-12-02 08:00:00,0.10000000149011612,0.37493462778701603,0.37963028842970437,0.38608798432978486,0.077882847413793,0.04267897886966643,0.5479894519381427,0.05479894601038219
Milwaukee,2000-12-02 09:00:00,0.0,0.34619647541530363,0.3583954550705775,0.3666255582259426,-0.05749483022965941,-0.10499265938658223,1.0,0.0
Milwaukee,2000-12-02 10:00:00,0.0,0.34619647541530363,0.3583954550705775,0.3666255582259426,-0.05749483022965941,-0.10499265938658223,1.0,0.0
Milwaukee,2000-12-02 11:00:00,0.0,0.34619647541530363,0.3583954550705775,0.3666255582259426,-0.05749483022965941,-0.10499265938658223,1.0,0.0
Milwaukee,2000-12-02 12:00:00,0.0,0.34619647541530363,0.3583954550705775,0.3666255582259426,-0.05749483022965941,-0.10499265938658223,1.0,0.0
Milwaukee,2000-12-02 13:00:00,0.0,0.34619647541530363,0.3583954550705775,0.3666255582259426,-0.05749483022965941,-0.10499265938658223,1.0,0.0
Milwaukee,2000-12-02 14:00:00,0.0,0.34619647541530363,0.3583954550705775,0.3666255582259426,-0.05749483022965941,-0.10499265938658223,1.0,0.0
Milwaukee,2000-12-02 15:00:00,0.0,0.34619647541530363,0.3583954550705775,0.3666255582259426,-0.05749483022965941,-0.10499265938658223,1.0,0.0
Milwaukee,2000-12-02 16:00:00,0.0,0.34619647541530363,0.3583954550705775,0.3666255582259426,-0.05749483022965941,-0.10499265938658223,1.0,0.0
Milwaukee,2000-12-02 17:00:00,0.0,0.34619647541530363,0.3583954550705775,0.3666255582259426,-0.05749483022965941,-0.10499265938658223,1.0,0.0
Milwaukee,2000-12-02 18:00:00,0.0,0.34619647541530363,0.3583954550705775,0.3666255582259426,-0.05749483022965941,-0.10499265938658223,1.0,0.0
Milwaukee,2000-12-02 19:00:00,0.0,0.34619647541530363,0.3583954550705775,0.3666255582259426,-0.05749483022965941,-0.10499265938658223,1.0,0.0
Milwaukee,2000-12-02 20:00:00,0.0,0.34619647541530363,0.3583954550705775,0.3666255582259426,-0.05749483022965941,-0.10499265938658223,1.0,0.0
Milwaukee,2000-12-02 21:00:00,0.0,0.34619647541530363,0.3583954550705775,0.3666255582259426,-0.05749483022965941,-0.10499265938658223,1.0,0.0
Milwaukee,2000-12-02 22:00:00,0.0,0.34619647541530363,0.3583954550705775,0.3666255582259426,-0.05749483022965941,-0.10499265938658223,1.0,0.0
Milwaukee,2000-12-02 23:00:00,0.0,0.34619647541530363,0.3583954550705775,0.3666255582259426,-0.05749483022965941,-0.10499265938658223,1.0,0.0
Milwaukee,2000-12-03 00:00:00,0.0,0.34619647541530363,0.3583954550705775,0.3666255582259426,-0.05749483022965941,-0.10499265938658223,1.0,0.0
Milwaukee,2000-12-03 01:00:00,0.0,0.34619647541530363,0.3583954550705775,0.3666255582259426,-0.05749483022965941,-0.10499265938658223,1.0,0.0
Milwaukee,2000-12-03 02:00:00,0.0,0.34619647541530363,0.3583954550705775,0.3666255582259426,-0.05749483022965941,-0.10499265938658223,1.0,0.0
Milwaukee,2000-12-03 03:00:00,0.0,0.34619647541530363,0.3583954550705775,0.3666255582259426,-0.05749483022965941,-0.10499265938658223,1.0,0.0
Milwaukee,2000-12-03 04:00:00,0.0,0.34619647541530363,0.3583954550705775,0.3666255582259426,-0.05749483022965941,-0.10499265938658223,1.0,0.0
Milwaukee,2000-12-03 05:00:00,0.0,0.34619647541530363,0.3583954550705775,0.3666255582259426,-0.05749483022965941,-0.10499265938658223,1.0,0.0
Milwaukee,2000-12-03 06:00:00,0.0,0.34619647541530363,0.3583954550705775,0.3666255582259426,-0.05749483022965941,-0.10499265938658223,1.0,0.0
Milwaukee,2000-12-03 07:00:00,0.0,0.34619647541530363,0.3583954550705775,0.3666255582259426,-0.05749483022965941,-0.10499265938658223,1.0,0.0
Milwaukee,2000-12-03 08:00:00,0.0,0.34619647541530363,0.3583954550705775,0.3666255582259426,-0.05749483022965941,-0.10499265938658223,1.0,0.0
Milwaukee,2000-12-03 09:00:00,0.0,0.34619647541530363,0.3583954550705775,0.3666255582259426,-0.05749483022965941,-0.10499265938658223,1.0,0.0
Milwaukee,2000-12-03 10:00:00,0.0,0.34619647541530363,0.3583954550705775,0.3666255582259426,-0.05749483022965941,-0.10499265938658223,1.0,0.0
Milwaukee,2000-12-03 11:00:00,0.0,0.34619647541530363,0.3583954550705775,0.3666255582259426,-0.05749483022965941,-0.10499265938658223,1.0,0.0
Milwaukee,2000-12-03 12:00:00,0.0,0.34619647541530363,0.3583954550705775,0.3666255582259426,-0.05749483022965941,-0.10499265938658223,1.0,0.0
Milwaukee,2000-12-03 13:00:00,0.0,0.34619647541530363,0.3583954550705775,0.3666255582259426,-0.05749483022965941,-0.10499265938658223,1.0,0.0
Milwaukee,2000-12-03 14:00:00,0.0,0.34619647541530363,0.3583954550705775,0.3666255582259426,-0.05749483022965941,-0.10499265938658223,1.0,0.0
Milwaukee,2000-12-03 15:00:00,0.0,0.34619647541530363,0.3583954550705775,0.3666255582259426,-0.05749483022965941,-0.10499265938658223,1.0,0.0
Milwaukee,2000-12-03 16:00:00,0.0,0.34619647541530363,0.3583954550705775,0.3666255582259426,-0.05749483022965941,-0.10499265938658223,1.0,0.0
Milwaukee,2000-12-03 17:00:00,0.0,0.34619647541530363,0.3583954550705775,0.3666255582259426,-0.05749483022965941,-0.10499265938658223,1.0,0.0
Milwaukee,2000-12-03 18:00:00,0.0,0.34619647541530363,0.3583954550705775,0.3666255582259426,-0.05749483022965941,-0.10499265938658223,1.0,0.0
Milwaukee,2000-12-03 19:00:00,0.0,0.34619647541530363,0.3583954550705775,0.3666255582259426,-0.05749483022965941,-0.10499265938658223,1.0,0.0
Milwaukee,2000-12-03 20:00:00,0.0,0.34619647541530363,0.3583954550705775,0.3666255582259426,-0.05749483022965941,-0.10499265938658223,1.0,0.0
Milwaukee,2000-12-03 21:00:00,0.0,0.34619647541530363,0.3583954550705775,0.3666255582259426,-0.05749483022965941,-0.10499265938658223,1.0,0.0
Milwaukee,2000-12-03 22:00:00,0.0,0.34619647541530363,0.3583954550705775,0.3666255582259426,-0.05749483022965941,-0.10499265938658223,1.0,0.0
Milwaukee,2000-12-03 23:00:00,0.0,0.34619647541530363,0.3583954550705775,0.3666255582259426,-0.05749483022965941,-0.10499265938658223,1.0,0.0
Milwaukee,2000-12-04 00:00:00,0.0,0.34619647541530363,0.3583954550705775,0.3666255582259426,-0.05749483022965941,-0.10499265938658223,1.0,0.0
Milwaukee,2000-12-04 01:00:00,0.0,0.34619647541530363,0.3583954550705775,0.3666255582259426,-0.05749483022965941,-0.10499265938658223,1.0,0.0
Milwaukee,2000-12-04 02:00:00,0.0,0.34619647541530363,0.3583954550705775,0.3666255582259426,-0.05749483022965941,-0.10499265938658223,1.0,0.0
Milwaukee,2000-12-04 03:00:00,0.0,0.34619647541530363,0.3583954550705775,0.3666255582259426,-0.05749483022965941,-0.10499265938658223,1.0,0.0
Milwaukee,2000-12-04 04:00:00,0.0,0.34619647541530363,0.3583954550705775,0.3666255582259426,-0.05749483022965941,-0.10499265938658223,1.0,0.0
Milwaukee,2000-12-04 05:00:00,0.0,0.34619647541530363,0.3583954550705775,0.3666255582259426,-0.05749483022965941,-0.10499265938658223,1.0,0.0
Milwaukee,2000-12-04 06:00:00,0.0,0.34619647541530363,0.3583954550705775,0.3666255582259426,-0.05749483022965941,-0.10499265938658223,1.0,0.0
Milwaukee,2000-12-04 07:00:00,0.0,0.34619647541530363,0.3583954550705775,0.3666255582259426,-0.05749483022965941,-0.10499265938658223,1.0,0.0
Milwaukee,2000-12-04 08:00:00,0.0,0.34619647541530363,0.3583954550705775,0.3666255582259426,-0.05749483022965941,-0.10499265938658223,1.0,0.0
Milwaukee,2000-12-04 09:00:00,0.0,0.34619647541530363,0.3583954550705775,0.3666255582259426,-0.05749483022965941,-0.10499265938658223,1.0,0.0
Milwaukee,2000-12-04 10:00:00,0.0,0.34619647541530363,0.3583954550705775,0.3666255582259426,-0.05749483022965941,-0.10499265938658223,1.0,0.0
Milwaukee,2000-12-04 11:00:00,0.0,0.34619647541530363,0.3583954550705775,0.3666255582259426,-0.05749483022965941,-0.10499265938658223,1.0,0.0
Milwaukee,2000-12-04 12:00:00,0.0,0.34619647541530363,0.3583954550705775,0.3666255582259426,-0.05749483022965941,-0.10499265938658223,1.0,0.0
Milwaukee,2000-12-04 13:00:00,0.0,0.34619647541530363,0.3583954550705775,0.3666255582259426,-0.05749483022965941,-0.10499265938658223,1.0,0.0
Milwaukee,2000-12-04 14:00:00,0.0,0.34619647541530363,0.3583954550705775,0.3666255582259426,-0.05749483022965941,-0.10499265938658223,1.0,0.0
Milwaukee,2000-12-04 15:00:00,0.0,0.34619647541530363,0.3583954550705775,0.3666255582259426,-0.05749483022965941,-0.10499265938658223,1.0,0.0
Milwaukee,2000-12-04 16:00:00,0.0,0.34619647541530363,0.3583954550705775,0.3666255582259426,-0.05749483022965941,-0.10499265938658223,1.0,0.0
Milwaukee,2000-12-04 17:00:00,0.0,0.34619647541530363,0.3583954550705775,0.3666255582259426,-0.05749483022965941,-0.10499265938658223,1.0,0.0
Milwaukee,2000-12-04 18:00:00,0.0,0.34619647541530363,0.3583954550705775,0.3666255582259426,-0.05749483022965941,-0.10499265938658223,1.0,0.0
Milwaukee,2000-12-04 19:00:00,0.0,0.34619647541530363,0.3583954550705775,0.3666255582259426,-0.05749483022965941,-0.10499265938658223,1.0,0.0
Milwaukee,2000-12-04 20:00:00,0.0,0.34619647541530363,0.3583954550705775,0.3666255582259426,-0.05749483022965941,-0.10499265938658223,1.0,0.0
Milwaukee,2000-12-04 21:00:00,0.0,0.34619647541530363,0.3583954550705775,0.3666255582259426,-0.05749483022965941,-0.10499265938658223,1.0,0.0
Milwaukee,2000-12-04 22:00:00,0.0,0.34619647541530363,0.3583954550705775,0.3666255582259426,-0.05749483022965941,-0.10499265938658223,1.0,0.0
Milwaukee,2000-12-04 23:00:00,0.0,0.34619647541530363,0.3583954550705775,0.3666255582259426,-0.05749483022965941,-0.10499265938658223,1.0,0.0
Milwaukee,2000-12-05 00:00:00,0.0,0.34619647541530363,0.3583954550705775,0.3666255582259426,-0.05749483022965941,-0.10499265938658223,1.0,0.0
Milwaukee,2000-12-05 01:00:00,0.0,0.34619647541530363,0.3583954550705775,0.3666255582259426,-0.05749483022965941,-0.10499265938658223,1.0,0.0
Milwaukee,2000-12-05 02:00:00,0.0,0.34619647541530363,0.3583954550705775,0.3666255582259426,-0.05749483022965941,-0.10499265938658223,1.0,0.0
Milwaukee,2000-12-05 03:00:00,0.0,0.34619647541530363,0.3583954550705775,0.3666255582259426,-0.05749483022965941,-0.10499265938658223,1.0,0.0
Milwaukee,2000-12-05 04:00:00,0.0,0.34619647541530363,0.3583954550705775,0.3666255582259426,-0.05749483022965941,-0.10499265938658223,1.0,0.0
Milwaukee,2000-12-05 05:00:00,0.0,0.34619647541530363,0.3583954550705775,0.3666255582259426,-0.05749483022965941,-0.10499265938658223,1.0,0.0
Milwaukee,2000-12-05 06:00:00,0.0,0.34619647541530363,0.3583954550705775,0.3666255582259426,-0.05749483022965941,-0.10499265938658223,1.0,0.0
Milwaukee,2000-12-05 07:00:00,0.0,0.34619647541530363,0.3583954550705775,0.3666255582259426,-0.05749483022965941,-0.10499265938658223,1.0,0.0
Milwaukee,2000-12-05 08:00:00,0.0,0.34619647541530363,0.3583954550705775,0.3666255582259426,-0.05749483022965941,-0.10499265938658223,1.0,0.0
Milwaukee,2000-12-05 09:00:00,0.0,0.34619647541530363,0.3583954550705775,0.3666255582259426,-0.05749483022965941,-0.10499265938658223,1.0,0.0
Milwaukee,2000-12-05 10:00:00,0.0,0.34619647541530363,0.3583954550705775,0.3666255582259426,-0.05749483022965941,-0.10499265938658223,1.0,0.0
Milwaukee,2000-12-05 11:00:00,0.0,0.34619647541530363,0.3583954550705775,0.3666255582259426,-0.05749483022965941,-0.10499265938658223,1.0,0.0
Milwaukee,2000-12-05 12:00:00,0.0,0.34619647541530363,0.3583954550705775,0.3666255582259426,-0.05749483022965941,-0.10499265938658223,1.0,0.0
Milwaukee,2000-12-05 13:00:00,0.0,0.34619647541530363,0.3583954550705775,0.3666255582259426,-0.05749483022965941,-0.10499265938658223,1.0,0.0
Milwaukee,2000-12-05 14:00:00,0.0,0.34619647541530363,0.3583954550705775,0.3666255582259426,-0.05749483022965941,-0.10499265938658223,1.0,0.0
Milwaukee,2000-12-05 15:00:00,0.0,0.34619647541530363,0.3583954550705775,0.3666255582259426,-0.05749483022965941,-0.10499265938658223,1.0,0.0
Milwaukee,2000-12-05 16:00:00,0.0,0.34619647541530363,0.3583954550705775,0.3666255582259426,-0.05749483022965941,-0.10499265938658223,1.0,0.0
Milwaukee,2000-12-05 17:00:00,0.0,0.34619647541530363,0.3583954550705775,0.3666255582259426,-0.05749483022965941,-0.10499265938658223,1.0,0.0
Milwaukee,2000-12-05 18:00:00,0.0,0.34619647541530363,0.3583954550705775,0.3666255582259426,-0.05749483022965941,-0.10499265938658223,1.0,0.0
Milwaukee,2000-12-05 19:00:00,0.0,0.34619647541530363,0.3583954550705775,0.3666255582259426,-0.05749483022965941,-0.10499265938658223,1.0,0.0
Milwaukee,2000-12-05 20:00:00,0.0,0.34619647541530363,0.3583954550705775,0.3666255582259426,-0.05749483022965941,-0.10499265938658223,1.0,0.0
Milwaukee,2000-12-05 21:00:00,0.0,0.34619647541530363,0.3583954550705775,0.3666255582259426,-0.05749483022965941,-0.10499265938658223,1.0,0.0
Milwaukee,2000-12-05 22:00:00,0.0,0.34619647541530363,0.3583954550705775,0.3666255582259426,-0.05749483022965941,-0.10499265938658223,1.0,0.0
Milwaukee,2000-12-05 23:00:00,0.0,0.34619647541530363,0.3583954550705775,0.3666255582259426,-0.05749483022965941,-0.10499265938658223,1.0,0.0
Milwaukee,2000-12-06 00:00:00,0.0,0.34619647541530363,0.3583954550705775,0.3666255582259426,-0.05749483022965941,-0.10499265938658223,1.0,0.0
Milwaukee,2000-12-06 01:00:00,0.0,0.34619647541530363,0.3583954550705775,0.3666255582259426,-0.05749483022965941,-0.10499265938658223,1.0,0.0
Milwaukee,2000-12-06 02:00:00,0.0,0.34619647541530363,0.3583954550705775,0.3666255582259426,-0.05749483022965941,-0.10499265938658223,1.0,0.0
Milwaukee,2000-12-06 03:00:00,0.0,0.34619647541530363,0.3583954550705775,0.3666255582259426,-0.05749483022965941,-0.10499265938658223,1.0,0.0
Milwaukee,2000-12-06 04:00:00,0.0,0.34619647541530363,0.3583954550705775,0.3666255582259426,-0.05749483022965941,-0.10499265938658223,1.0,0.0
Milwaukee,2000-12-06 05:00:00,0.0,0.34619647541530363,0.3583954550705775,0.3666255582259426,-0.05749483022965941,-0.10499265938658223,1.0,0.0
Milwaukee,2000-12-06 06:00:00,0.0,0.34619647541530363,0.3583954550705775,0.3666255582259426,-0.05749483022965941,-0.10499265938658223,1.0,0.0
Milwaukee,2000-12-06 07:00:00,0.0,0.34619647541530363,0.3583954550705775,0.3666255582259426,-0.05749483022965941,-0.10499265938658223,1.0,0.0
Milwaukee,2000-12-06 08:00:00,0.0,0.34619647541530363,0.3583954550705775,0.3666255582259426,-0.05749483022965941,-0.10499265938658223,1.0,0.0
Milwaukee,2000-12-06 09:00:00,0.0,0.34619647541530363,0.3583954550705775,0.3666255582259426,-0.05749483022965941,-0.10499265938658223,1.0,0.0
Milwaukee,2000-12-06 10:00:00,0.0,0.34619647541530363,0.3583954550705775,0.3666255582259426,-0.05749483022965941,-0.10499265938658223,1.0,0.0
Milwaukee,2000-12-06 11:00:00,0.0,0.34619647541530363,0.3583954550705775,0.3666255582259426,-0.05749483022965941,-0.10499265938658223,1.0,0.0
Milwaukee,2000-12-06 12:00:00,0.0,0.34619647541530363,0.3583954550705775,0.3666255582259426,-0.05749483022965941,-0.10499265938658223,1.0,0.0
Milwaukee,2000-12-06 13:00:00,0.0,0.34619647541530363,0.3583954550705775,0.3666255582259426,-0.05749483022965941,-0.10499265938658223,1.0,0.0
Milwaukee,2000-12-06 14:00:00,0.0,0.34619647541530363,0.3583954550705775,0.3666255582259426,-0.05749483022965941,-0.10499265938658223,1.0,0.0
Milwaukee,2000-12-06 15:00:00,0.0,0.34619647541530363,0.3583954550705775,0.3666255582259426,-0.05749483022965941,-0.10499265938658223,1.0,0.0
Milwaukee,2000-12-06 16:00:00,0.0,0.34619647541530363,0.3583954550705775,0.3666255582259426,-0.05749483022965941,-0.10499265938658223,1.0,0.0
Milwaukee,2000-12-06 17:00:00,0.0,0.34619647541530363,0.3583954550705775,0.3666255582259426,-0.05749483022965941,-0.10499265938658223,1.0,0.0
Milwaukee,2000-12-06 18:00:00,0.20000000298023224,0.4036312859866724,0.40082695074191593,0.4055009521190948,0.2132605250572452,0.1903506171259148,0.8925731429893989,0.17851463125795505
Milwaukee,2000-12-06 19:00:00,0.20000000298023224,0.4036312859866724,0.40082695074191593,0.4055009521190948,0.2132605250572452,0.1903506171259148,0.8925731429893989,0.17851463125795505
Milwaukee,2000-12-06 20:00:00,0.20000000298023224,0.4036312859866724,0.40082695074191593,0.4055009521190948,0.2132605250572452,0.1903506171259148,0.8925731429893989,0.17851463125795505
Milwaukee,2000-12-06 21:00:00,0.20000000298023224,0.4036312859866724,0.40082695074191593,0.4055009521190948,0.2132605250572452,0.1903506171259148,0.8925731429893989,0.17851463125795505
Milwaukee,2000-12-06 22:00:00,0.0,0.34619647541530363,0.3583954550705775,0.3666255582259426,-0.05749483022965941,-0.10499265938658223,1.0,0.0
Milwaukee,2000-12-06 23:00:00,0.0,0.34619647541530363,0.3583954550705775,0.3666255582259426,-0.05749483022965941,-0.10499265938658223,1.0,0.0
Milwaukee,2000-12-07 00:00:00,0.0,0.34619647541530363,0.3583954550705775,0.3666255582259426,-0.05749483022965941,-0.10499265938658223,1.0,0.0
Milwaukee,2000-12-07 01:00:00,0.0,0.34619647541530363,0.3583954550705775,0.3666255582259426,-0.05749483022965941,-0.10499265938658223,1.0,0.0
Milwaukee,2000-12-07 02:00:00,0.0,0.34619647541530363,0.3583954550705775,0.3666255582259426,-0.05749483022965941,-0.10499265938658223,1.0,0.0
Milwaukee,2000-12-07 03:00:00,0.0,0.34619647541530363,0.3583954550705775,0.3666255582259426,-0.05749483022965941,-0.10499265938658223,1.0,0.0
Milwaukee,2000-12-07 04:00:00,0.0,0.34619647541530363,0.3583954550705775,0.3666255582259426,-0.05749483022965941,-0.10499265938658223,1.0,0.0
Milwaukee,2000-12-07 05:00:00,0.0,0.34619647541530363,0.3583954550705775,0.3666255582259426,-0.05749483022965941,-0.10499265938658223,1.0,0.0
Milwaukee,2000-12-07 06:00:00,0.0,0.34619647541530363,0.3583954550705775,0.3666255582259426,-0.05749483022965941,-0.10499265938658223,1.0,0.0
Milwaukee,2000-12-07 07:00:00,0.0,0.34619647541530363,0.3583954550705775,0.3666255582259426,-0.05749483022965941,-0.10499265938658223,1.0,0.0
Milwaukee,2000-12-07 08:00:00,0.0,0.34619647541530363,0.3583954550705775,0.3666255582259426,-0.05749483022965941,-0.10499265938658223,1.0,0.0
Milwaukee,2000-12-07 09:00:00,0.0,0.34619647541530363,0.3583954550705775,0.3666255582259426,-0.05749483022965941,-0.10499265938658223,1.0,0.0
Milwaukee,2000-12-07 10:00:00,0.0,0.34619647541530363,0.3583954550705775,0.3666255582259426,-0.05749483022965941,-0.10499265938658223,1.0,0.0
Milwaukee,2000-12-07 11:00:00,0.20000000298023224,0.4036312859866724,0.40082695074191593,0.4055009521190948,0.2132605250572452,0.1903506171259148,0.8925731429893989,0.17851463125795505
Milwaukee,2000-12-07 12:00:00,0.0,0.34619647541530363,0.3583954550705775,0.3666255582259426,-0.05749483022965941,-0.10499265938658223,1.0,0.0
Milwaukee,2000-12-07 13:00:00,0.20000000298023224,0.4036312859866724,0.40082695074191593,0.4055009521190948,0.2132605250572452,0.1903506171259148,0.8925731429893989,0.17851463125795505
Milwaukee,2000-12-07 14:00:00,0.6000000089406967,0.5149511800867037,0.4839791863801989,0.48170736485828647,0.7547712356310545,0.7810371701509091,1.0347998615738105,0.6208799261961181
Milwaukee,2000-12-07 15:00:00,0.5000000074505806,0.4879054674974853,0.4635494842166189,0.4629590707286823,0.6193935579876022,0.6333655318946606,1.0225575060103194,0.5112787606238068
Milwaukee,2000-12-07 16:00:00,0.10000000149011612,0.37493462778701603,0.37963028842970437,0.38608798432978486,0.077882847413793,0.04267897886966643,0.5479894519381427,0.05479894601038219
Milwaukee,2000-12-07 17:00:00,0.0,0.34619647541530363,0.3583954550705775,0.3666255582259426,-0.05749483022965941,-0.10499265938658223,1.0,0.0
Milwaukee,2000-12-07 18:00:00,0.0,0.34619647541530363,0.3583954550705775,0.3666255582259426,-0.05749483022965941,-0.10499265938658223,1.0,0.0
Milwaukee,2000-12-07 19:00:00,0.0,0.34619647541530363,0.3583954550705775,0.3666255582259426,-0.05749483022965941,-0.10499265938658223,1.0,0.0
Milwaukee,2000-12-07 20:00:00,0.0,0.34619647541530363,0.3583954550705775,0.3666255582259426,-0.05749483022965941,-0.10499265938658223,1.0,0.0
Milwaukee,2000-12-07 21:00:00,0.10000000149011612,0.37493462778701603,0.37963028842970437,0.38608798432978486,0.077882847413793,0.04267897886966643,0.5479894519381427,0.05479894601038219
Milwaukee,2000-12-07 22:00:00,0.0,0.34619647541530363,0.3583954550705775,0.3666255582259426,-0.05749483022965941,-0.10499265938658223,1.0,0.0
Milwaukee,2000-12-07 23:00:00,0.0,0.34619647541530363,0.3583954550705775,0.3666255582259426,-0.05749483022965941,-0.10499265938658223,1.0,0.0
Milwaukee,2000-12-08 00:00:00,0.0,0.34619647541530363,0.3583954550705775,0.3666255582259426,-0.05749483022965941,-0.10499265938658223,1.0,0.0
Milwaukee,2000-12-08 01:00:00,0.0,0.34619647541530363,0.3583954550705775,0.3666255582259426,-0.05749483022965941,-0.10499265938658223,1.0,0.0
Milwaukee,2000-12-08 02:00:00,0.0,0.34619647541530363,0.3583954550705775,0.3666255582259426,-0.05749483022965941,-0.10499265938658223,1.0,0.0
Milwaukee,2000-12-08 03:00:00,0.0,0.34619647541530363,0.3583954550705775,0.3666255582259426,-0.05749483022965941,-0.10499265938658223,1.0,0.0
Milwaukee,2000-12-08 04:00:00,0.0,0.34619647541530363,0.3583954550705775,0.3666255582259426,-0.05749483022965941,-0.10499265938658223,1.0,0.0
Milwaukee,2000-12-08 05:00:00,0.0,0.34619647541530363,0.3583954550705775,0.3666255582259426,-0.05749483022965941,-0.10499265938658223,1.0,0.0
Milwaukee,2000-12-08 06:00:00,0.0,0.34619647541530363,0.3583954550705775,0.3666255582259426,-0.05749483022965941,-0.10499265938658223,1.0,0.0
Milwaukee,2000-12-08 07:00:00,0.0,0.34619647541530363,0.3583954550705775,0.3666255582259426,-0.05749483022965941,-0.10499265938658223,1.0,0.0
Milwaukee,2000-12-08 08:00:00,0.0,0.34619647541530363,0.3583954550705775,0.3666255582259426,-0.05749483022965941,-0.10499265938658223,1.0,0.0
Milwaukee,2000-12-08 09:00:00,0.0,0.34619647541530363,0.3583954550705775,0.3666255582259426,-0.05749483022965941,-0.10499265938658223,1.0,0.0
Milwaukee,2000-12-08 10:00:00,0.0,0.34619647541530363,0.3583954550705775,0.3666255582259426,-0.05749483022965941,-0.10499265938658223,1.0,0.0
Milwaukee,2000-12-08 11:00:00,0.0,0.34619647541530363,0.3583954550705775,0.3666255582259426,-0.05749483022965941,-0.10499265938658223,1.0,0.0
Milwaukee,2000-12-08 12:00:00,0.0,0.34619647541530363,0.3583954550705775,0.3666255582259426,-0.05749483022965941,-0.10499265938658223,1.0,0.0
Milwaukee,2000-12-08 13:00:00,0.0,0.34619647541530363,0.3583954550705775,0.3666255582259426,-0.05749483022965941,-0.10499265938658223,1.0,0.0
Milwaukee,2000-12-08 14:00:00,0.0,0.34619647541530363,0.3583954550705775,0.3666255582259426,-0.05749483022965941,-0.10499265938658223,1.0,0.0
Milwaukee,2000-12-08 15:00:00,0.0,0.34619647541530363,0.3583954550705775,0.3666255582259426,-0.05749483022965941,-0.10499265938658223,1.0,0.0
Milwaukee,2000-12-08 16:00:00,0.0,0.34619647541530363,0.3583954550705775,0.3666255582259426,-0.05749483022965941,-0.10499265938658223,1.0,0.0
Milwaukee,2000-12-08 17:00:00,0.0,0.34619647541530363,0.3583954550705775,0.3666255582259426,-0.05749483022965941,-0.10499265938658223,1.0,0.0
Milwaukee,2000-12-08 18:00:00,0.0,0.34619647541530363,0.3583954550705775,0.3666255582259426,-0.05749483022965941,-0.10499265938658223,1.0,0.0
Milwaukee,2000-12-08 19:00:00,0.0,0.34619647541530363,0.3583954550705775,0.3666255582259426,-0.05749483022965941,-0.10499265938658223,1.0,0.0
Milwaukee,2000-12-08 20:00:00,0.0,0.34619647541530363,0.3583954550705775,0.3666255582259426,-0.05749483022965941,-0.10499265938658223,1.0,0.0
Milwaukee,2000-12-08 21:00:00,0.0,0.34619647541530363,0.3583954550705775,0.3666255582259426,-0.05749483022965941,-0.10499265938658223,1.0,0.0
Milwaukee,2000-12-08 22:00:00,0.0,0.34619647541530363,0.3583954550705775,0.3666255582259426,-0.05749483022965941,-0.10499265938658223,1.0,0.0
Milwaukee,2000-12-08 23:00:00,0.0,0.34619647541530363,0.3583954550705775,0.3666255582259426,-0.05749483022965941,-0.10499265938658223,1.0,0.0
Milwaukee,2000-12-09 00:00:00,0.0,0.34619647541530363,0.3583954550705775,0.3666255582259426,-0.05749483022965941,-0.10499265938658223,1.0,0.0
Milwaukee,2000-12-09 01:00:00,0.0,0.34619647541530363,0.3583954550705775,0.3666255582259426,-0.05749483022965941,-0.10499265938658223,1.0,0.0
Milwaukee,2000-12-09 02:00:00,0.0,0.34619647541530363,0.3583954550705775,0.3666255582259426,-0.05749483022965941,-0.10499265938658223,1.0,0.0
Milwaukee,2000-12-09 03:00:00,0.0,0.34619647541530363,0.3583954550705775,0.3666255582259426,-0.05749483022965941,-0.10499265938658223,1.0,0.0
Milwaukee,2000-12-09 04:00:00,0.0,0.34619647541530363,0.3583954550705775,0.3666255582259426,-0.05749483022965941,-0.10499265938658223,1.0,0.0
Milwaukee,2000-12-09 05:00:00,0.0,0.34619647541530363,0.3583954550705775,0.3666255582259426,-0.05749483022965941,-0.10499265938658223,1.0,0.0
Milwaukee,2000-12-09 06:00:00,0.0,0.34619647541530363,0.3583954550705775,0.3666255582259426,-0.05749483022965941,-0.10499265938658223,1.0,0.0
Milwaukee,2000-12-09 07:00:00,0.0,0.34619647541530363,0.3583954550705775,0.3666255582259426,-0.05749483022965941,-0.10499265938658223,1.0,0.0
Milwaukee,2000-12-09 08:00:00,0.0,0.34619647541530363,0.3583954550705775,0.3666255582259426,-0.05749483022965941,-0.10499265938658223,1.0,0.0
Milwaukee,2000-12-09 09:00:00,0.0,0.34619647541530363,0.3583954550705775,0.3666255582259426,-0.05749483022965941,-0.10499265938658223,1.0,0.0
Milwaukee,2000-12-09 10:00:00,0.0,0.34619647541530363,0.3583954550705775,0.3666255582259426,-0.05749483022965941,-0.10499265938658223,1.0,0.0
Milwaukee,2000-12-09 11:00:00,0.0,0.34619647541530363,0.3583954550705775,0.3666255582259426,-0.05749483022965941,-0.10499265938658223,1.0,0.0
Milwaukee,2000-12-09 12:00:00,0.0,0.34619647541530363,0.3583954550705775,0.3666255582259426,-0.05749483022965941,-0.10499265938658223,1.0,0.0
Milwaukee,2000-12-09 13:00:00,0.0,0.34619647541530363,0.3583954550705775,0.3666255582259426,-0.05749483022965941,-0.10499265938658223,1.0,0.0
Milwaukee,2000-12-09 14:00:00,0.0,0.34619647541530363,0.3583954550705775,0.3666255582259426,-0.05749483022965941,-0.10499265938658223,1.0,0.0
Milwaukee,2000-12-09 15:00:00,0.0,0.34619647541530363,0.3583954550705775,0.3666255582259426,-0.05749483022965941,-0.10499265938658223,1.0,0.0
Milwaukee,2000-12-09 16:00:00,0.0,0.34619647541530363,0.3583954550705775,0.3666255582259426,-0.05749483022965941,-0.10499265938658223,1.0,0.0
Milwaukee,2000-12-09 17:00:00,0.0,0.34619647541530363,0.3583954550705775,0.3666255582259426,-0.05749483022965941,-0.10499265938658223,1.0,0.0
Milwaukee,2000-12-09 18:00:00,0.0,0.34619647541530363,0.3583954550705775,0.3666255582259426,-0.05749483022965941,-0.10499265938658223,1.0,0.0
Milwaukee,2000-12-09 19:00:00,0.0,0.34619647541530363,0.3583954550705775,0.3666255582259426,-0.05749483022965941,-0.10499265938658223,1.0,0.0
Milwaukee,2000-12-09 20:00:00,0.0,0.34619647541530363,0.3583954550705775,0.3666255582259426,-0.05749483022965941,-0.10499265938658223,1.0,0.0
Milwaukee,2000-12-09 21:00:00,0.0,0.34619647541530363,0.3583954550705775,0.3666255582259426,-0.05749483022965941,-0.10499265938658223,1.0,0.0
Milwaukee,2000-12-09 22:00:00,0.20000000298023224,0.4036312859866724,0.40082695074191593,0.4055009521190948,0.2132605250572452,0.1903506171259148,0.8925731429893989,0.17851463125795505
Milwaukee,2000-12-09 23:00:00,0.20000000298023224,0.4036312859866724,0.40082695074191593,0.4055009521190948,0.2132605250572452,0.1903506171259148,0.8925731429893989,0.17851463125795505
Milwaukee,2000-12-10 00:00:00,0.20000000298023224,0.4036312859866724,0.40082695074191593,0.4055009521190948,0.2132605250572452,0.1903506171259148,0.8925731429893989,0.17851463125795505
Milwaukee,2000-12-10 01:00:00,0.20000000298023224,0.4036312859866724,0.40082695074191593,0.4055009521190948,0.2132605250572452,0.1903506171259148,0.8925731429893989,0.17851463125795505
Milwaukee,2000-12-10 02:00:00,0.10000000149011612,0.37493462778701603,0.37963028842970437,0.38608798432978486,0.077882847413793,0.04267897886966643,0.5479894519381427,0.05479894601038219
Milwaukee,2000-12-10 03:00:00,0.20000000298023224,0.4036312859866724,0.40082695074191593,0.4055009521190948,0.2132605250572452,0.1903506171259148,0.8925731429893989,0.17851463125795505
Milwaukee,2000-12-10 04:00:00,0.10000000149011612,0.37493462778701603,0.37963028842970437,0.38608798432978486,0.077882847413793,0.04267897886966643,0.5479894519381427,0.05479894601038219
Milwaukee,2000-12-10 05:00:00,0.10000000149011612,0.37493462778701603,0.37963028842970437,0.38608798432978486,0.077882847413793,0.04267897886966643,0.5479894519381427,0.05479894601038219
Milwaukee,2000-12-10 06:00:00,0.30000000447034836,0.4321218104209064,0.4219192462835154,0.42481437583882836,0.3486382027006978,0.3380222553821637,0.9695502465412611,0.2908650782966057
Milwaukee,2000-12-10 07:00:00,0.20000000298023224,0.4036312859866724,0.40082695074191593,0.4055009521190948,0.2132605250572452,0.1903506171259148,0.8925731429893989,0.17851463125795505
Milwaukee,2000-12-10 08:00:00,0.30000000447034836,0.4321218104209064,0.4219192462835154,0.42481437583882836,0.3486382027006978,0.3380222553821637,0.9695502465412611,0.2908650782966057
Milwaukee,2000-12-10 09:00:00,0.20000000298023224,0.4036312859866724,0.40082695074191593,0.4055009521190948,0.2132605250572452,0.1903506171259148,0.8925731429893989,0.17851463125795505
Milwaukee,2000-12-10 10:00:00,0.30000000447034836,0.4321218104209064,0.4219192462835154,0.42481437583882836,0.3486382027006978,0.3380222553821637,0.9695502465412611,0.2908650782966057
Milwaukee,2000-12-10 11:00:00,0.0,0.34619647541530363,0.3583954550705775,0.3666255582259426,-0.05749483022965941,-0.10499265938658223,1.0,0.0
Milwaukee,2000-12-10 12:00:00,0.0,0.34619647541530363,0.3583954550705775,0.3666255582259426,-0.05749483022965941,-0.10499265938658223,1.0,0.0
Milwaukee,2000-12-10 13:00:00,0.0,0.34619647541530363,0.3583954550705775,0.3666255582259426,-0.05749483022965941,-0.10499265938658223,1.0,0.0
Milwaukee,2000-12-10 14:00:00,0.0,0.34619647541530363,0.3583954550705775,0.3666255582259426,-0.05749483022965941,-0.10499265938658223,1.0,0.0
Milwaukee,2000-12-10 15:00:00,0.0,0.34619647541530363,0.3583954550705775,0.3666255582259426,-0.05749483022965941,-0.10499265938658223,1.0,0.0
Milwaukee,2000-12-10 16:00:00,0.0,0.34619647541530363,0.3583954550705775,0.3666255582259426,-0.05749483022965941,-0.10499265938658223,1.0,0.0
Milwaukee,2000-12-10 17:00:00,0.0,0.34619647541530363,0.3583954550705775,0.3666255582259426,-0.05749483022965941,-0.10499265938658223,1.0,0.0
Milwaukee,2000-12-10 18:00:00,0.0,0.34619647541530363,0.3583954550705775,0.3666255582259426,-0.05749483022965941,-0.10499265938658223,1.0,0.0
Milwaukee,2000-12-10 19:00:00,0.0,0.34619647541530363,0.3583954550705775,0.3666255582259426,-0.05749483022965941,-0.10499265938658223,1.0,0.0
Milwaukee,2000-12-10 20:00:00,0.0,0.34619647541530363,0.3583954550705775,0.3666255582259426,-0.05749483022965941,-0.10499265938658223,1.0,0.0
Milwaukee,2000-12-10 21:00:00,0.0,0.34619647541530363,0.3583954550705775,0.3666255582259426,-0.05749483022965941,-0.10499265938658223,1.0,0.0
Milwaukee,2000-12-10 22:00:00,0.0,0.34619647541530363,0.3583954550705775,0.3666255582259426,-0.05749483022965941,-0.10499265938658223,1.0,0.0
Milwaukee,2000-12-10 23:00:00,0.0,0.34619647541530363,0.3583954550705775,0.3666255582259426,-0.05749483022965941,-0.10499265938658223,1.0,0.0
Milwaukee,2000-12-11 00:00:00,0.0,0.34619647541530363,0.3583954550705775,0.3666255582259426,-0.05749483022965941,-0.10499265938658223,1.0,0.0
Milwaukee,2000-12-11 01:00:00,0.0,0.34619647541530363,0.3583954550705775,0.3666255582259426,-0.05749483022965941,-0.10499265938658223,1.0,0.0
Milwaukee,2000-12-11 02:00:00,0.0,0.34619647541530363,0.3583954550705775,0.3666255582259426,-0.05749483022965941,-0.10499265938658223,1.0,0.0
Milwaukee,2000-12-11 03:00:00,0.0,0.34619647541530363,0.3583954550705775,0.3666255582259426,-0.05749483022965941,-0.10499265938658223,1.0,0.0
Milwaukee,2000-12-11 04:00:00,0.0,0.34619647541530363,0.3583954550705775,0.3666255582259426,-0.05749483022965941,-0.10499265938658223,1.0,0.0
Milwaukee,2000-12-11 05:00:00,0.0,0.34619647541530363,0.3583954550705775,0.3666255582259426,-0.05749483022965941,-0.10499265938658223,1.0,0.0
Milwaukee,2000-12-11 06:00:00,0.0,0.34619647541530363,0.3583954550705775,0.3666255582259426,-0.05749483022965941,-0.10499265938658223,1.0,0.0
Milwaukee,2000-12-11 07:00:00,0.10000000149011612,0.37493462778701603,0.37963028842970437,0.38608798432978486,0.077882847413793,0.04267897886966643,0.5479894519381427,0.05479894601038219
Milwaukee,2000-12-11 08:00:00,0.20000000298023224,0.4036312859866724,0.40082695074191593,0.4055009521190948,0.2132605250572452,0.1903506171259148,0.8925731429893989,0.17851463125795505
Milwaukee,2000-12-11 09:00:00,0.4000000059604645,0.4602572840073257,0.44284563734884813,0.44398150563378375,0.4840158803441499,0.4856938936384119,1.0034668558665243,0.40138674832773824
Milwaukee,2000-12-11 10:00:00,0.5000000074505806,0.4879054674974853,0.4635494842166189,0.4629590707286823,0.6193935579876022,0.6333655318946606,1.0225575060103194,0.5112787606238068
Milwaukee,2000-12-11 11:00:00,0.6000000089406967,0.5149511800867037,0.4839791863801989,0.48170736485828647,0.7547712356310545,0.7810371701509091,1.0347998615738105,0.6208799261961181
Milwaukee,2000-12-11 12:00:00,0.800000011920929,0.5668587624286637,0.5238351948323483,0.518375294178048,1.0255265909179592,1.0763804466634062,1.0495880420808272,0.8396704461767263
Milwaukee,2000-12-11 13:00:00,1.3000000193715096,0.6811098161440119,0.6160277990081728,0.6039355221962737,1.7024149791352212,1.8147386379446493,1.0659790122773034,1.3857727366101171
Milwaukee,2000-12-11 14:00:00,1.3000000193715096,0.6811098161440119,0.6160277990081728,0.6039355221962737,1.7024149791352212,1.8147386379446493,1.0659790122773034,1.3857727366101171
Milwaukee,2000-12-11 15:00:00,0.9000000134110451,0.5915727882419518,0.543183605811401,0.5362334205342039,1.1609042685614115,1.2240520849196546,1.05439536925512,0.9489558464701519
Milwaukee,2000-12-11 16:00:00,1.0000000149011612,0.6153868482101035,0.562101850089929,0.5537391217635472,1.296281946204864,1.3717237231759034,1.0581985864972592,1.0581986022656469
Milwaukee,2000-12-11 17:00:00,1.1000000163912773,0.6382630095217223,0.5805629597505817,0.5708701973896023,1.4316596238483161,1.5193953614321518,1.0612825395941536,1.1674108109493455
Milwaukee,2000-12-11 18:00:00,1.2000000178813934,0.6601755800539598,0.5985443956502143,0.5876076480726564,1.5670373014917685,1.6670669996884002,1.063833642059067,1.2766003894937084
Milwaukee,2000-12-11 19:00:00,1.2000000178813934,0.6601755800539598,0.5985443956502143,0.5876076480726564,1.5670373014917685,1.6670669996884002,1.063833642059067,1.2766003894937084
Milwaukee,2000-12-11 20:00:00,0.9000000134110451,0.5915727882419518,0.543183605811401,0.5362334205342039,1.1609042685614115,1.2240520849196546,1.05439536925512,0.9489558464701519
Milwaukee,2000-12-11 21:00:00,0.6000000089406967,0.5149511800867037,0.4839791863801989,0.48170736485828647,0.7547712356310545,0.7810371701509091,1.0347998615738105,0.6208799261961181
Milwaukee,2000-12-11 22:00:00,0.7000000104308128,0.5412961978369442,0.5040882360000163,0.5001902799477915,0.8901489132745067,0.9287088084071575,1.0433184768948425,0.7303229447090495
Milwaukee,2000-12-11 23:00:00,0.800000011920929,0.5668587624286637,0.5238351948323483,0.518375294178048,1.0255265909179592,1.0763804466634062,1.0495880420808272,0.8396704461767263
Milwaukee,2000-12-12 00:00:00,0.800000011920929,0.5668587624286637,0.5238351948323483,0.518375294178048,1.0255265909179592,1.0763804466634062,1.0495880420808272,0.8396704461767263
Milwaukee,2000-12-12 01:00:00,0.9000000134110451,0.5915727882419518,0.543183605811401,0.5362334205342039,1.1609042685614115,1.2240520849196546,1.05439536925512,0.9489558464701519
Milwaukee,2000-12-12 02:00:00,0.9000000134110451,0.5915727882419518,0.543183605811401,0.5362334205342039,1.1609042685614115,1.2240520849196546,1.05439536925512,0.9489558464701519
Milwaukee,2000-12-12 03:00:00,0.6000000089406967,0.5149511800867037,0.4839791863801989,0.48170736485828647,0.7547712356310545,0.7810371701509091,1.0347998615738105,0.6208799261961181
Milwaukee,2000-12-12 04:00:00,0.4000000059604645,0.4602572840073257,0.44284563734884813,0.44398150563378375,0.4840158803441499,0.4856938936384119,1.0034668558665243,0.40138674832773824
Milwaukee,2000-12-12 05:00:00,0.30000000447034836,0.4321218104209064,0.4219192462835154,0.42481437583882836,0.3486382027006978,0.3380222553821637,0.9695502465412611,0.2908650782966057
Milwaukee,2000-12-12 06:00:00,0.20000000298023224,0.4036312859866724,0.40082695074191593,0.4055009521190948,0.2132605250572452,0.1903506171259148,0.8925731429893989,0.17851463125795505
Milwaukee,2000-12-12 07:00:00,0.10000000149011612,0.37493462778701603,0.37963028842970437,0.38608798432978486,0.077882847413793,0.04267897886966643,0.5479894519381427,0.05479894601038219
Milwaukee,2000-12-12 08:00:00,0.0,0.34619647541530363,0.3583954550705775,0.3666255582259426,-0.05749483022965941,-0.10499265938658223,1.0,0.0
Milwaukee,2000-12-12 09:00:00,0.0,0.34619647541530363,0.3583954550705775,0.3666255582259426,-0.05749483022965941,-0.10499265938658223,1.0,0.0
Milwaukee,2000-12-12 10:00:00,0.0,0.34619647541530363,0.3583954550705775,0.3666255582259426,-0.05749483022965941,-0.10499265938658223,1.0,0.0
Milwaukee,2000-12-12 11:00:00,0.0,0.34619647541530363,0.3583954550705775,0.3666255582259426,-0.05749483022965941,-0.10499265938658223,1.0,0.0
Milwaukee,2000-12-12 12:00:00,0.0,0.34619647541530363,0.3583954550705775,0.3666255582259426,-0.05749483022965941,-0.10499265938658223,1.0,0.0
Milwaukee,2000-12-12 13:00:00,0.0,0.34619647541530363,0.3583954550705775,0.3666255582259426,-0.05749483022965941,-0.10499265938658223,1.0,0.0
Milwaukee,2000-12-12 14:00:00,0.0,0.34619647541530363,0.3583954550705775,0.3666255582259426,-0.05749483022965941,-0.10499265938658223,1.0,0.0
Milwaukee,2000-12-12 15:00:00,0.0,0.34619647541530363,0.3583954550705775,0.3666255582259426,-0.05749483022965941,-0.10499265938658223,1.0,0.0
Milwaukee,2000-12-12 16:00:00,0.0,0.34619647541530363,0.3583954550705775,0.3666255582259426,-0.05749483022965941,-0.10499265938658223,1.0,0.0
Milwaukee,2000-12-12 17:00:00,0.0,0.34619647541530363,0.3583954550705775,0.3666255582259426,-0.05749483022965941,-0.10499265938658223,1.0,0.0
Milwaukee,2000-12-12 18:00:00,0.0,0.34619647541530363,0.3583954550705775,0.3666255582259426,-0.05749483022965941,-0.10499265938658223,1.0,0.0
Milwaukee,2000-12-12 19:00:00,0.0,0.34619647541530363,0.3583954550705775,0.3666255582259426,-0.05749483022965941,-0.10499265938658223,1.0,0.0
Milwaukee,2000-12-12 20:00:00,0.0,0.34619647541530363,0.3583954550705775,0.3666255582259426,-0.05749483022965941,-0.10499265938658223,1.0,0.0
Milwaukee,2000-12-12 21:00:00,0.0,0.34619647541530363,0.3583954550705775,0.3666255582259426,-0.05749483022965941,-0.10499265938658223,1.0,0.0
Milwaukee,2000-12-12 22:00:00,0.0,0.34619647541530363,0.3583954550705775,0.3666255582259426,-0.05749483022965941,-0.10499265938658223,1.0,0.0
Milwaukee,2000-12-12 23:00:00,0.0,0.34619647541530363,0.3583954550705775,0.3666255582259426,-0.05749483022965941,-0.10499265938658223,1.0,0.0
Milwaukee,2000-12-13 00:00:00,0.0,0.34619647541530363,0.3583954550705775,0.3666255582259426,-0.05749483022965941,-0.10499265938658223,1.0,0.0
Milwaukee,2000-12-13 01:00:00,0.0,0.34619647541530363,0.3583954550705775,0.3666255582259426,-0.05749483022965941,-0.10499265938658223,1.0,0.0
Milwaukee,2000-12-13 02:00:00,0.0,0.34619647541530363,0.3583954550705775,0.3666255582259426,-0.05749483022965941,-0.10499265938658223,1.0,0.0
Milwaukee,2000-12-13 03:00:00,0.0,0.34619647541530363,0.3583954550705775,0.3666255582259426,-0.05749483022965941,-0.10499265938658223,1.0,0.0
Milwaukee,2000-12-13 04:00:00,0.0,0.34619647541530363,0.3583954550705775,0.3666255582259426,-0.05749483022965941,-0.10499265938658223,1.0,0.0
Milwaukee,2000-12-13 05:00:00,0.0,0.34619647541530363,0.3583954550705775,0.3666255582259426,-0.05749483022965941,-0.10499265938658223,1.0,0.0
Milwaukee,2000-12-13 06:00:00,0.0,0.34619647541530363,0.3583954550705775,0.3666255582259426,-0.05749483022965941,-0.10499265938658223,1.0,0.0
Milwaukee,2000-12-13 07:00:00,0.0,0.34619647541530363,0.3583954550705775,0.3666255582259426,-0.05749483022965941,-0.10499265938658223,1.0,0.0
Milwaukee,2000-12-13 08:00:00,0.0,0.34619647541530363,0.3583954550705775,0.3666255582259426,-0.05749483022965941,-0.10499265938658223,1.0,0.0
Milwaukee,2000-12-13 09:00:00,0.0,0.34619647541530363,0.3583954550705775,0.3666255582259426,-0.05749483022965941,-0.10499265938658223,1.0,0.0
Milwaukee,2000-12-13 10:00:00,0.0,0.34619647541530363,0.3583954550705775,0.3666255582259426,-0.05749483022965941,-0.10499265938658223,1.0,0.0
Milwaukee,2000-12-13 11:00:00,0.0,0.34619647541530363,0.3583954550705775,0.3666255582259426,-0.05749483022965941,-0.10499265938658223,1.0,0.0
Milwaukee,2000-12-13 12:00:00,0.0,0.34619647541530363,0.3583954550705775,0.3666255582259426,-0.05749483022965941,-0.10499265938658223,1.0,0.0
Milwaukee,2000-12-13 13:00:00,0.0,0.34619647541530363,0.3583954550705775,0.3666255582259426,-0.05749483022965941,-0.10499265938658223,1.0,0.0
Milwaukee,2000-12-13 14:00:00,0.0,0.34619647541530363,0.3583954550705775,0.3666255582259426,-0.05749483022965941,-0.10499265938658223,1.0,0.0
Milwaukee,2000-12-13 15:00:00,0.0,0.34619647541530363,0.3583954550705775,0.3666255582259426,-0.05749483022965941,-0.10499265938658223,1.0,0.0
Milwaukee,2000-12-13 16:00:00,0.0,0.34619647541530363,0.3583954550705775,0.3666255582259426,-0.05749483022965941,-0.10499265938658223,1.0,0.0
Milwaukee,2000-12-13 17:00:00,0.0,0.34619647541530363,0.3583954550705775,0.3666255582259426,-0.05749483022965941,-0.10499265938658223,1.0,0.0
Milwaukee,2000-12-13 18:00:00,0.0,0.34619647541530363,0.3583954550705775,0.3666255582259426,-0.05749483022965941,-0.10499265938658223,1.0,0.0
Milwaukee,2000-12-13 19:00:00,0.10000000149011612,0.37493462778701603,0.37963028842970437,0.38608798432978486,0.077882847413793,0.04267897886966643,0.5479894519381427,0.05479894601038219
Milwaukee,2000-12-13 20:00:00,0.30000000447034836,0.4321218104209064,0.4219192462835154,0.42481437583882836,0.3486382027006978,0.3380222553821637,0.9695502465412611,0.2908650782966057
Milwaukee,2000-12-13 21:00:00,0.5000000074505806,0.4879054674974853,0.4635494842166189,0.4629590707286823,0.6193935579876022,0.6333655318946606,1.0225575060103194,0.5112787606238068
Milwaukee,2000-12-13 22:00:00,0.5000000074505806,0.4879054674974853,0.4635494842166189,0.4629590707286823,0.6193935579876022,0.6333655318946606,1.0225575060103194,0.5112787606238068
Milwaukee,2000-12-13 23:00:00,0.5000000074505806,0.4879054674974853,0.4635494842166189,0.4629590707286823,0.6193935579876022,0.6333655318946606,1.0225575060103194,0.5112787606238068
Milwaukee,2000-12-14 00:00:00,0.6000000089406967,0.5149511800867037,0.4839791863801989,0.48170736485828647,0.7547712356310545,0.7810371701509091,1.0347998615738105,0.6208799261961181
Milwaukee,2000-12-14 01:00:00,0.5000000074505806,0.4879054674974853,0.4635494842166189,0.4629590707286823,0.6193935579876022,0.6333655318946606,1.0225575060103194,0.5112787606238068
Milwaukee,2000-12-14 02:00:00,0.4000000059604645,0.4602572840073257,0.44284563734884813,0.44398150563378375,0.4840158803441499,0.4856938936384119,1.0034668558665243,0.40138674832773824
Milwaukee,2000-12-14 03:00:00,0.20000000298023224,0.4036312859866724,0.40082695074191593,0.4055009521190948,0.2132605250572452,0.1903506171259148,0.8925731429893989,0.17851463125795505
Milwaukee,2000-12-14 04:00:00,0.20000000298023224,0.4036312859866724,0.40082695074191593,0.4055009521190948,0.2132605250572452,0.1903506171259148,0.8925731429893989,0.17851463125795505
Milwaukee,2000-12-14 05:00:00,0.10000000149011612,0.37493462778701603,0.37963028842970437,0.38608798432978486,0.077882847413793,0.04267897886966643,0.5479894519381427,0.05479894601038219
Milwaukee,2000-12-14 06:00:00,0.10000000149011612,0.37493462778701603,0.37963028842970437,0.38608798432978486,0.077882847413793,0.04267897886966643,0.5479894519381427,0.05479894601038219
Milwaukee,2000-12-14 07:00:00,0.10000000149011612,0.37493462778701603,0.37963028842970437,0.38608798432978486,0.077882847413793,0.04267897886966643,0.5479894519381427,0.05479894601038219
Milwaukee,2000-12-14 08:00:00,0.10000000149011612,0.37493462778701603,0.37963028842970437,0.38608798432978486,0.077882847413793,0.04267897886966643,0.5479894519381427,0.05479894601038219
Milwaukee,2000-12-14 09:00:00,0.10000000149011612,0.37493462778701603,0.37963028842970437,0.38608798432978486,0.077882847413793,0.04267897886966643,0.5479894519381427,0.05479894601038219
Milwaukee,2000-12-14 10:00:00,0.10000000149011612,0.37493462778701603,0.37963028842970437,0.38608798432978486,0.077882847413793,0.04267897886966643,0.5479894519381427,0.05479894601038219
Milwaukee,2000-12-14 11:00:00,0.0,0.34619647541530363,0.3583954550705775,0.3666255582259426,-0.05749483022965941,-0.10499265938658223,1.0,0.0
Milwaukee,2000-12-14 12:00:00,0.0,0.34619647541530363,0.3583954550705775,0.3666255582259426,-0.05749483022965941,-0.10499265938658223,1.0,0.0
Milwaukee,2000-12-14 13:00:00,0.0,0.34619647541530363,0.3583954550705775,0.3666255582259426,-0.05749483022965941,-0.10499265938658223,1.0,0.0
Milwaukee,2000-12-14 14:00:00,0.0,0.34619647541530363,0.3583954550705775,0.3666255582259426,-0.05749483022965941,-0.10499265938658223,1.0,0.0
Milwaukee,2000-12-14 15:00:00,0.0,0.34619647541530363,0.3583954550705775,0.3666255582259426,-0.05749483022965941,-0.10499265938658223,1.0,0.0
Milwaukee,2000-12-14 16:00:00,0.0,0.34619647541530363,0.3583954550705775,0.3666255582259426,-0.05749483022965941,-0.10499265938658223,1.0,0.0
Milwaukee,2000-12-14 17:00:00,0.0,0.34619647541530363,0.3583954550705775,0.3666255582259426,-0.05749483022965941,-0.10499265938658223,1.0,0.0
Milwaukee,2000-12-14 18:00:00,0.0,0.34619647541530363,0.3583954550705775,0.3666255582259426,-0.05749483022965941,-0.10499265938658223,1.0,0.0
Milwaukee,2000-12-14 19:00:00,0.0,0.34619647541530363,0.3583954550705775,0.3666255582259426,-0.05749483022965941,-0.10499265938658223,1.0,0.0
Milwaukee,2000-12-14 20:00:00,0.0,0.34619647541530363,0.3583954550705775,0.3666255582259426,-0.05749483022965941,-0.10499265938658223,1.0,0.0
Milwaukee,2000-12-14 21:00:00,0.0,0.34619647541530363,0.3583954550705775,0.3666255582259426,-0.05749483022965941,-0.10499265938658223,1.0,0.0
Milwaukee,2000-12-14 22:00:00,0.0,0.34619647541530363,0.3583954550705775,0.3666255582259426,-0.05749483022965941,-0.10499265938658223,1.0,0.0
Milwaukee,2000-12-14 23:00:00,0.0,0.34619647541530363,0.3583954550705775,0.3666255582259426,-0.05749483022965941,-0.10499265938658223,1.0,0.0
Milwaukee,2000-12-15 00:00:00,0.0,0.34619647541530363,0.3583954550705775,0.3666255582259426,-0.05749483022965941,-0.10499265938658223,1.0,0.0
Milwaukee,2000-12-15 01:00:00,0.0,0.34619647541530363,0.3583954550705775,0.3666255582259426,-0.05749483022965941,-0.10499265938658223,1.0,0.0
Milwaukee,2000-12-15 02:00:00,0.0,0.34619647541530363,0.3583954550705775,0.3666255582259426,-0.05749483022965941,-0.10499265938658223,1.0,0.0
Milwaukee,2000-12-15 03:00:00,0.0,0.34619647541530363,0.3583954550705775,0.3666255582259426,-0.05749483022965941,-0.10499265938658223,1.0,0.0
Milwaukee,2000-12-15 04:00:00,0.0,0.34619647541530363,0.3583954550705775,0.3666255582259426,-0.05749483022965941,-0.10499265938658223,1.0,0.0
Milwaukee,2000-12-15 05:00:00,0.0,0.34619647541530363,0.3583954550705775,0.3666255582259426,-0.05749483022965941,-0.10499265938658223,1.0,0.0
Milwaukee,2000-12-15 06:00:00,0.0,0.34619647541530363,0.3583954550705775,0.3666255582259426,-0.05749483022965941,-0.10499265938658223,1.0,0.0
Milwaukee,2000-12-15 07:00:00,0.0,0.34619647541530363,0.3583954550705775,0.3666255582259426,-0.05749483022965941,-0.10499265938658223,1.0,0.0
Milwaukee,2000-12-15 08:00:00,0.0,0.34619647541530363,0.3583954550705775,0.3666255582259426,-0.05749483022965941,-0.10499265938658223,1.0,0.0
Milwaukee,2000-12-15 09:00:00,0.0,0.34619647541530363,0.3583954550705775,0.3666255582259426,-0.05749483022965941,-0.10499265938658223,1.0,0.0
Milwaukee,2000-12-15 10:00:00,0.0,0.34619647541530363,0.3583954550705775,0.3666255582259426,-0.05749483022965941,-0.10499265938658223,1.0,0.0
Milwaukee,2000-12-15 11:00:00,0.0,0.34619647541530363,0.3583954550705775,0.3666255582259426,-0.05749483022965941,-0.10499265938658223,1.0,0.0
Milwaukee,2000-12-15 12:00:00,0.0,0.34619647541530363,0.3583954550705775,0.3666255582259426,-0.05749483022965941,-0.10499265938658223,1.0,0.0
Milwaukee,2000-12-15 13:00:00,0.0,0.34619647541530363,0.3583954550705775,0.3666255582259426,-0.05749483022965941,-0.10499265938658223,1.0,0.0
Milwaukee,2000-12-15 14:00:00,0.0,0.34619647541530363,0.3583954550705775,0.3666255582259426,-0.05749483022965941,-0.10499265938658223,1.0,0.0
Milwaukee,2000-12-15 15:00:00,0.0,0.34619647541530363,0.3583954550705775,0.3666255582259426,-0.05749483022965941,-0.10499265938658223,1.0,0.0
Milwaukee,2000-12-15 16:00:00,0.0,0.34619647541530363,0.3583954550705775,0.3666255582259426,-0.05749483022965941,-0.10499265938658223,1.0,0.0
Milwaukee,2000-12-15 17:00:00,0.0,0.34619647541530363,0.3583954550705775,0.3666255582259426,-0.05749483022965941,-0.10499265938658223,1.0,0.0
Milwaukee,2000-12-15 18:00:00,0.0,0.34619647541530363,0.3583954550705775,0.3666255582259426,-0.05749483022965941,-0.10499265938658223,1.0,0.0
Milwaukee,2000-12-15 19:00:00,0.0,0.34619647541530363,0.3583954550705775,0.3666255582259426,-0.05749483022965941,-0.10499265938658223,1.0,0.0
Milwaukee,2000-12-15 20:00:00,0.0,0.34619647541530363,0.3583954550705775,0.3666255582259426,-0.05749483022965941,-0.10499265938658223,1.0,0.0
Milwaukee,2000-12-15 21:00:00,0.0,0.34619647541530363,0.3583954550705775,0.3666255582259426,-0.05749483022965941,-0.10499265938658223,1.0,0.0
Milwaukee,2000-12-15 22:00:00,0.0,0.34619647541530363,0.3583954550705775,0.3666255582259426,-0.05749483022965941,-0.10499265938658223,1.0,0.0
Milwaukee,2000-12-15 23:00:00,0.0,0.34619647541530363,0.3583954550705775,0.3666255582259426,-0.05749483022965941,-0.10499265938658223,1.0,0.0
Milwaukee,2000-12-16 00:00:00,0.0,0.34619647541530363,0.3583954550705775,0.3666255582259426,-0.05749483022965941,-0.10499265938658223,1.0,0.0
Milwaukee,2000-12-16 01:00:00,0.0,0.34619647541530363,0.3583954550705775,0.3666255582259426,-0.05749483022965941,-0.10499265938658223,1.0,0.0
Milwaukee,2000-12-16 02:00:00,0.4000000059604645,0.4602572840073257,0.44284563734884813,0.44398150563378375,0.4840158803441499,0.4856938936384119,1.0034668558665243,0.40138674832773824
Milwaukee,2000-12-16 03:00:00,0.7000000104308128,0.5412961978369442,0.5040882360000163,0.5001902799477915,0.8901489132745067,0.9287088084071575,1.0433184768948425,0.7303229447090495
Milwaukee,2000-12-16 04:00:00,0.800000011920929,0.5668587624286637,0.5238351948323483,0.518375294178048,1.0255265909179592,1.0763804466634062,1.0495880420808272,0.8396704461767263
Milwaukee,2000-12-16 05:00:00,0.10000000149011612,0.37493462778701603,0.37963028842970437,0.38608798432978486,0.077882847413793,0.04267897886966643,0.5479894519381427,0.05479894601038219
Milwaukee,2000-12-16 06:00:00,0.20000000298023224,0.4036312859866724,0.40082695074191593,0.4055009521190948,0.2132605250572452,0.1903506171259148,0.8925731429893989,0.17851463125795505
Milwaukee,2000-12-16 07:00:00,0.10000000149011612,0.37493462778701603,0.37963028842970437,0.38608798432978486,0.077882847413793,0.04267897886966643,0.5479894519381427,0.05479894601038219
Milwaukee,2000-12-16 08:00:00,0.0,0.34619647541530363,0.3583954550705775,0.3666255582259426,-0.05749483022965941,-0.10499265938658223,1.0,0.0
Milwaukee,2000-12-16 09:00:00,0.10000000149011612,0.37493462778701603,0.37963028842970437,0.38608798432978486,0.077882847413793,0.04267897886966643,0.5479894519381427,0.05479894601038219
Milwaukee,2000-12-16 10:00:00,0.10000000149011612,0.37493462778701603,0.37963028842970437,0.38608798432978486,0.077882847413793,0.04267897886966643,0.5479894519381427,0.05479894601038219
Milwaukee,2000-12-16 11:00:00,0.10000000149011612,0.37493462778701603,0.37963028842970437,0.38608798432978486,0.077882847413793,0.04267897886966643,0.5479894519381427,0.05479894601038219
Milwaukee,2000-12-16 12:00:00,0.10000000149011612,0.37493462778701603,0.37963028842970437,0.38608798432978486,0.077882847413793,0.04267897886966643,0.5479894519381427,0.05479894601038219
Milwaukee,2000-12-16 13:00:00,0.0,0.34619647541530363,0.3583954550705775,0.3666255582259426,-0.05749483022965941,-0.10499265938658223,1.0,0.0
Milwaukee,2000-12-16 14:00:00,0.0,0.34619647541530363,0.3583954550705775,0.3666255582259426,-0.05749483022965941,-0.10499265938658223,1.0,0.0
Milwaukee,2000-12-16 15:00:00,0.0,0.34619647541530363,0.3583954550705775,0.3666255582259426,-0.05749483022965941,-0.10499265938658223,1.0,0.0
Milwaukee,2000-12-16 16:00:00,0.0,0.34619647541530363,0.3583954550705775,0.3666255582259426,-0.05749483022965941,-0.10499265938658223,1.0,0.0
Milwaukee,2000-12-16 17:00:00,0.0,0.34619647541530363,0.3583954550705775,0.3666255582259426,-0.05749483022965941,-0.10499265938658223,1.0,0.0
Milwaukee,2000-12-16 18:00:00,0.0,0.34619647541530363,0.3583954550705775,0.3666255582259426,-0.05749483022965941,-0.10499265938658223,1.0,0.0
Milwaukee,2000-12-16 19:00:00,0.0,0.34619647541530363,0.3583954550705775,0.3666255582259426,-0.05749483022965941,-0.10499265938658223,1.0,0.0
Milwaukee,2000-12-16 20:00:00,0.0,0.34619647541530363,0.3583954550705775,0.3666255582259426,-0.05749483022965941,-0.10499265938658223,1.0,0.0
Milwaukee,2000-12-16 21:00:00,0.0,0.34619647541530363,0.3583954550705775,0.3666255582259426,-0.05749483022965941,-0.10499265938658223,1.0,0.0
Milwaukee,2000-12-16 22:00:00,0.0,0.34619647541530363,0.3583954550705775,0.3666255582259426,-0.05749483022965941,-0.10499265938658223,1.0,0.0
Milwaukee,2000-12-16 23:00:00,0.0,0.34619647541530363,0.3583954550705775,0.3666255582259426,-0.05749483022965941,-0.10499265938658223,1.0,0.0
Milwaukee,2000-12-17 00:00:00,0.0,0.34619647541530363,0.3583954550705775,0.3666255582259426,-0.05749483022965941,-0.10499265938658223,1.0,0.0
Milwaukee,2000-12-17 01:00:00,0.0,0.34619647541530363,0.3583954550705775,0.3666255582259426,-0.05749483022965941,-0.10499265938658223,1.0,0.0
Milwaukee,2000-12-17 02:00:00,0.0,0.34619647541530363,0.3583954550705775,0.3666255582259426,-0.05749483022965941,-0.10499265938658223,1.0,0.0
Milwaukee,2000-12-17 03:00:00,0.0,0.34619647541530363,0.3583954550705775,0.3666255582259426,-0.05749483022965941,-0.10499265938658223,1.0,0.0
Milwaukee,2000-12-17 04:00:00,0.0,0.34619647541530363,0.3583954550705775,0.3666255582259426,-0.05749483022965941,-0.10499265938658223,1.0,0.0
Milwaukee,2000-12-17 05:00:00,0.0,0.34619647541530363,0.3583954550705775,0.3666255582259426,-0.05749483022965941,-0.10499265938658223,1.0,0.0
Milwaukee,2000-12-17 06:00:00,0.0,0.34619647541530363,0.3583954550705775,0.3666255582259426,-0.05749483022965941,-0.10499265938658223,1.0,0.0
Milwaukee,2000-12-17 07:00:00,0.0,0.34619647541530363,0.3583954550705775,0.3666255582259426,-0.05749483022965941,-0.10499265938658223,1.0,0.0
Milwaukee,2000-12-17 08:00:00,0.0,0.34619647541530363,0.3583954550705775,0.3666255582259426,-0.05749483022965941,-0.10499265938658223,1.0,0.0
Milwaukee,2000-12-17 09:00:00,0.0,0.34619647541530363,0.3583954550705775,0.3666255582259426,-0.05749483022965941,-0.10499265938658223,1.0,0.0
Milwaukee,2000-12-17 10:00:00,0.0,0.34619647541530363,0.3583954550705775,0.3666255582259426,-0.05749483022965941,-0.10499265938658223,1.0,0.0
Milwaukee,2000-12-17 11:00:00,0.0,0.34619647541530363,0.3583954550705775,0.3666255582259426,-0.05749483022965941,-0.10499265938658223,1.0,0.0
Milwaukee,2000-12-17 12:00:00,0.0,0.34619647541530363,0.3583954550705775,0.3666255582259426,-0.05749483022965941,-0.10499265938658223,1.0,0.0
Milwaukee,2000-12-17 13:00:00,0.0,0.34619647541530363,0.3583954550705775,0.3666255582259426,-0.05749483022965941,-0.10499265938658223,1.0,0.0
Milwaukee,2000-12-17 14:00:00,0.0,0.34619647541530363,0.3583954550705775,0.3666255582259426,-0.05749483022965941,-0.10499265938658223,1.0,0.0
Milwaukee,2000-12-17 15:00:00,0.0,0.34619647541530363,0.3583954550705775,0.3666255582259426,-0.05749483022965941,-0.10499265938658223,1.0,0.0
Milwaukee,2000-12-17 16:00:00,0.0,0.34619647541530363,0.3583954550705775,0.3666255582259426,-0.05749483022965941,-0.10499265938658223,1.0,0.0
Milwaukee,2000-12-17 17:00:00,0.0,0.34619647541530363,0.3583954550705775,0.3666255582259426,-0.05749483022965941,-0.10499265938658223,1.0,0.0
Milwaukee,2000-12-17 18:00:00,0.0,0.34619647541530363,0.3583954550705775,0.3666255582259426,-0.05749483022965941,-0.10499265938658223,1.0,0.0
Milwaukee,2000-12-17 19:00:00,0.0,0.34619647541530363,0.3583954550705775,0.3666255582259426,-0.05749483022965941,-0.10499265938658223,1.0,0.0
Milwaukee,2000-12-17 20:00:00,0.0,0.34619647541530363,0.3583954550705775,0.3666255582259426,-0.05749483022965941,-0.10499265938658223,1.0,0.0
Milwaukee,2000-12-17 21:00:00,0.0,0.34619647541530363,0.3583954550705775,0.3666255582259426,-0.05749483022965941,-0.10499265938658223,1.0,0.0
Milwaukee,2000-12-17 22:00:00,0.0,0.34619647541530363,0.3583954550705775,0.3666255582259426,-0.05749483022965941,-0.10499265938658223,1.0,0.0
Milwaukee,2000-12-17 23:00:00,0.0,0.34619647541530363,0.3583954550705775,0.3666255582259426,-0.05749483022965941,-0.10499265938658223,1.0,0.0
Milwaukee,2000-12-18 00:00:00,0.0,0.34619647541530363,0.3583954550705775,0.3666255582259426,-0.05749483022965941,-0.10499265938658223,1.0,0.0
Milwaukee,2000-12-18 01:00:00,0.0,0.34619647541530363,0.3583954550705775,0.3666255582259426,-0.05749483022965941,-0.10499265938658223,1.0,0.0
Milwaukee,2000-12-18 02:00:00,0.0,0.34619647541530363,0.3583954550705775,0.3666255582259426,-0.05749483022965941,-0.10499265938658223,1.0,0.0
Milwaukee,2000-12-18 03:00:00,0.0,0.34619647541530363,0.3583954550705775,0.3666255582259426,-0.05749483022965941,-0.10499265938658223,1.0,0.0
Milwaukee,2000-12-18 04:00:00,0.0,0.34619647541530363,0.3583954550705775,0.3666255582259426,-0.05749483022965941,-0.10499265938658223,1.0,0.0
Milwaukee,2000-12-18 05:00:00,0.0,0.34619647541530363,0.3583954550705775,0.3666255582259426,-0.05749483022965941,-0.10499265938658223,1.0,0.0
Milwaukee,2000-12-18 06:00:00,0.0,0.34619647541530363,0.3583954550705775,0.3666255582259426,-0.05749483022965941,-0.10499265938658223,1.0,0.0
Milwaukee,2000-12-18 07:00:00,0.0,0.34619647541530363,0.3583954550705775,0.3666255582259426,-0.05749483022965941,-0.10499265938658223,1.0,0.0
Milwaukee,2000-12-18 08:00:00,0.0,0.34619647541530363,0.3583954550705775,0.3666255582259426,-0.05749483022965941,-0.10499265938658223,1.0,0.0
Milwaukee,2000-12-18 09:00:00,0.0,0.34619647541530363,0.3583954550705775,0.3666255582259426,-0.05749483022965941,-0.10499265938658223,1.0,0.0
Milwaukee,2000-12-18 10:00:00,0.0,0.34619647541530363,0.3583954550705775,0.3666255582259426,-0.05749483022965941,-0.10499265938658223,1.0,0.0
Milwaukee,2000-12-18 11:00:00,0.0,0.34619647541530363,0.3583954550705775,0.3666255582259426,-0.05749483022965941,-0.10499265938658223,1.0,0.0
Milwaukee,2000-12-18 12:00:00,0.0,0.34619647541530363,0.3583954550705775,0.3666255582259426,-0.05749483022965941,-0.10499265938658223,1.0,0.0
Milwaukee,2000-12-18 13:00:00,0.10000000149011612,0.37493462778701603,0.37963028842970437,0.38608798432978486,0.077882847413793,0.04267897886966643,0.5479894519381427,0.05479894601038219
Milwaukee,2000-12-18 14:00:00,0.20000000298023224,0.4036312859866724,0.40082695074191593,0.4055009521190948,0.2132605250572452,0.1903506171259148,0.8925731429893989,0.17851463125795505
Milwaukee,2000-12-18 15:00:00,0.4000000059604645,0.4602572840073257,0.44284563734884813,0.44398150563378375,0.4840158803441499,0.4856938936384119,1.0034668558665243,0.40138674832773824
Milwaukee,2000-12-18 16:00:00,0.4000000059604645,0.4602572840073257,0.44284563734884813,0.44398150563378375,0.4840158803441499,0.4856938936384119,1.0034668558665243,0.40138674832773824
Milwaukee,2000-12-18 17:00:00,0.5000000074505806,0.4879054674974853,0.4635494842166189,0.4629590707286823,0.6193935579876022,0.6333655318946606,1.0225575060103194,0.5112787606238068
Milwaukee,2000-12-18 18:00:00,0.4000000059604645,0.4602572840073257,0.44284563734884813,0.44398150563378375,0.4840158803441499,0.4856938936384119,1.0034668558665243,0.40138674832773824
Milwaukee,2000-12-18 19:00:00,0.5000000074505806,0.4879054674974853,0.4635494842166189,0.4629590707286823,0.6193935579876022,0.6333655318946606,1.0225575060103194,0.5112787606238068
Milwaukee,2000-12-18 20:00:00,0.800000011920929,0.5668587624286637,0.5238351948323483,0.518375294178048,1.0255265909179592,1.0763804466634062,1.0495880420808272,0.8396704461767263
Milwaukee,2000-12-18 21:00:00,0.9000000134110451,0.5915727882419518,0.543183605811401,0.5362334205342039,1.1609042685614115,1.2240520849196546,1.05439536925512,0.9489558464701519
Milwaukee,2000-12-18 22:00:00,0.6000000089406967,0.5149511800867037,0.4839791863801989,0.48170736485828647,0.7547712356310545,0.7810371701509091,1.0347998615738105,0.6208799261961181
Milwaukee,2000-12-18 23:00:00,0.6000000089406967,0.5149511800867037,0.4839791863801989,0.48170736485828647,0.7547712356310545,0.7810371701509091,1.0347998615738105,0.6208799261961181
Milwaukee,2000-12-19 00:00:00,0.5000000074505806,0.4879054674974853,0.4635494842166189,0.4629590707286823,0.6193935579876022,0.6333655318946606,1.0225575060103194,0.5112787606238068
Milwaukee,2000-12-19 01:00:00,0.5000000074505806,0.4879054674974853,0.4635494842166189,0.4629590707286823,0.6193935579876022,0.6333655318946606,1.0225575060103194,0.5112787606238068
Milwaukee,2000-12-19 02:00:00,0.4000000059604645,0.4602572840073257,0.44284563734884813,0.44398150563378375,0.4840158803441499,0.4856938936384119,1.0034668558665243,0.40138674832773824
Milwaukee,2000-12-19 03:00:00,0.30000000447034836,0.4321218104209064,0.4219192462835154,0.42481437583882836,0.3486382027006978,0.3380222553821637,0.9695502465412611,0.2908650782966057
Milwaukee,2000-12-19 04:00:00,0.20000000298023224,0.4036312859866724,0.40082695074191593,0.4055009521190948,0.2132605250572452,0.1903506171259148,0.8925731429893989,0.17851463125795505
Milwaukee,2000-12-19 05:00:00,0.20000000298023224,0.4036312859866724,0.40082695074191593,0.4055009521190948,0.2132605250572452,0.1903506171259148,0.8925731429893989,0.17851463125795505
Milwaukee,2000-12-19 06:00:00,0.20000000298023224,0.4036312859866724,0.40082695074191593,0.4055009521190948,0.2132605250572452,0.1903506171259148,0.8925731429893989,0.17851463125795505
Milwaukee,2000-12-19 07:00:00,0.20000000298023224,0.4036312859866724,0.40082695074191593,0.4055009521190948,0.2132605250572452,0.1903506171259148,0.8925731429893989,0.17851463125795505
Milwaukee,2000-12-19 08:00:00,0.20000000298023224,0.4036312859866724,0.40082695074191593,0.4055009521190948,0.2132605250572452,0.1903506171259148,0.8925731429893989,0.17851463125795505
Milwaukee,2000-12-19 09:00:00,0.20000000298023224,0.4036312859866724,0.40082695074191593,0.4055009521190948,0.2132605250572452,0.1903506171259148,0.8925731429893989,0.17851463125795505
Milwaukee,2000-12-19 10:00:00,0.20000000298023224,0.4036312859866724,0.40082695074191593,0.4055009521190948,0.2132605250572452,0.1903506171259148,0.8925731429893989,0.17851463125795505
Milwaukee,2000-12-19 11:00:00,0.20000000298023224,0.4036312859866724,0.40082695074191593,0.4055009521190948,0.2132605250572452,0.1903506171259148,0.8925731429893989,0.17851463125795505
Milwaukee,2000-12-19 12:00:00,0.20000000298023224,0.4036312859866724,0.40082695074191593,0.4055009521190948,0.2132605250572452,0.1903506171259148,0.8925731429893989,0.17851463125795505
Milwaukee,2000-12-19 13:00:00,0.0,0.34619647541530363,0.3583954550705775,0.3666255582259426,-0.05749483022965941,-0.10499265938658223,1.0,0.0
Milwaukee,2000-12-19 14:00:00,0.0,0.34619647541530363,0.3583954550705775,0.3666255582259426,-0.05749483022965941,-0.10499265938658223,1.0,0.0
Milwaukee,2000-12-19 15:00:00,0.0,0.34619647541530363,0.3583954550705775,0.3666255582259426,-0.05749483022965941,-0.10499265938658223,1.0,0.0
Milwaukee,2000-12-19 16:00:00,0.0,0.34619647541530363,0.3583954550705775,0.3666255582259426,-0.05749483022965941,-0.10499265938658223,1.0,0.0
Milwaukee,2000-12-19 17:00:00,0.0,0.34619647541530363,0.3583954550705775,0.3666255582259426,-0.05749483022965941,-0.10499265938658223,1.0,0.0
Milwaukee,2000-12-19 18:00:00,0.0,0.34619647541530363,0.3583954550705775,0.3666255582259426,-0.05749483022965941,-0.10499265938658223,1.0,0.0
Milwaukee,2000-12-19 19:00:00,0.0,0.34619647541530363,0.3583954550705775,0.3666255582259426,-0.05749483022965941,-0.10499265938658223,1.0,0.0
Milwaukee,2000-12-19 20:00:00,0.0,0.34619647541530363,0.3583954550705775,0.3666255582259426,-0.05749483022965941,-0.10499265938658223,1.0,0.0
Milwaukee,2000-12-19 21:00:00,0.0,0.34619647541530363,0.3583954550705775,0.3666255582259426,-0.05749483022965941,-0.10499265938658223,1.0,0.0
Milwaukee,2000-12-19 22:00:00,0.0,0.34619647541530363,0.3583954550705775,0.3666255582259426,-0.05749483022965941,-0.10499265938658223,1.0,0.0
Milwaukee,2000-12-19 23:00:00,0.0,0.34619647541530363,0.3583954550705775,0.3666255582259426,-0.05749483022965941,-0.10499265938658223,1.0,0.0
Milwaukee,2000-12-20 00:00:00,0.0,0.34619647541530363,0.3583954550705775,0.3666255582259426,-0.05749483022965941,-0.10499265938658223,1.0,0.0
Milwaukee,2000-12-20 01:00:00,0.0,0.34619647541530363,0.3583954550705775,0.3666255582259426,-0.05749483022965941,-0.10499265938658223,1.0,0.0
Milwaukee,2000-12-20 02:00:00,0.0,0.34619647541530363,0.3583954550705775,0.3666255582259426,-0.05749483022965941,-0.10499265938658223,1.0,0.0
Milwaukee,2000-12-20 03:00:00,0.0,0.34619647541530363,0.3583954550705775,0.3666255582259426,-0.05749483022965941,-0.10499265938658223,1.0,0.0
Milwaukee,2000-12-20 04:00:00,0.0,0.34619647541530363,0.3583954550705775,0.3666255582259426,-0.05749483022965941,-0.10499265938658223,1.0,0.0
Milwaukee,2000-12-20 05:00:00,0.0,0.34619647541530363,0.3583954550705775,0.3666255582259426,-0.05749483022965941,-0.10499265938658223,1.0,0.0
Milwaukee,2000-12-20 06:00:00,0.0,0.34619647541530363,0.3583954550705775,0.3666255582259426,-0.05749483022965941,-0.10499265938658223,1.0,0.0
Milwaukee,2000-12-20 07:00:00,0.0,0.34619647541530363,0.3583954550705775,0.3666255582259426,-0.05749483022965941,-0.10499265938658223,1.0,0.0
Milwaukee,2000-12-20 08:00:00,0.0,0.34619647541530363,0.3583954550705775,0.3666255582259426,-0.05749483022965941,-0.10499265938658223,1.0,0.0
Milwaukee,2000-12-20 09:00:00,0.0,0.34619647541530363,0.3583954550705775,0.3666255582259426,-0.05749483022965941,-0.10499265938658223,1.0,0.0
Milwaukee,2000-12-20 10:00:00,0.0,0.34619647541530363,0.3583954550705775,0.3666255582259426,-0.05749483022965941,-0.10499265938658223,1.0,0.0
Milwaukee,2000-12-20 11:00:00,0.0,0.34619647541530363,0.3583954550705775,0.3666255582259426,-0.05749483022965941,-0.10499265938658223,1.0,0.0
Milwaukee,2000-12-20 12:00:00,0.0,0.34619647541530363,0.3583954550705775,0.3666255582259426,-0.05749483022965941,-0.10499265938658223,1.0,0.0
Milwaukee,2000-12-20 13:00:00,0.0,0.34619647541530363,0.3583954550705775,0.3666255582259426,-0.05749483022965941,-0.10499265938658223,1.0,0.0
Milwaukee,2000-12-20 14:00:00,0.0,0.34619647541530363,0.3583954550705775,0.3666255582259426,-0.05749483022965941,-0.10499265938658223,1.0,0.0
Milwaukee,2000-12-20 15:00:00,0.0,0.34619647541530363,0.3583954550705775,0.3666255582259426,-0.05749483022965941,-0.10499265938658223,1.0,0.0
Milwaukee,2000-12-20 16:00:00,0.0,0.34619647541530363,0.3583954550705775,0.3666255582259426,-0.05749483022965941,-0.10499265938658223,1.0,0.0
Milwaukee,2000-12-20 17:00:00,0.0,0.34619647541530363,0.3583954550705775,0.3666255582259426,-0.05749483022965941,-0.10499265938658223,1.0,0.0
Milwaukee,2000-12-20 18:00:00,0.0,0.34619647541530363,0.3583954550705775,0.3666255582259426,-0.05749483022965941,-0.10499265938658223,1.0,0.0
Milwaukee,2000-12-20 19:00:00,0.0,0.34619647541530363,0.3583954550705775,0.3666255582259426,-0.05749483022965941,-0.10499265938658223,1.0,0.0
Milwaukee,2000-12-20 20:00:00,0.10000000149011612,0.37493462778701603,0.37963028842970437,0.38608798432978486,0.077882847413793,0.04267897886966643,0.5479894519381427,0.05479894601038219
Milwaukee,2000-12-20 21:00:00,0.20000000298023224,0.4036312859866724,0.40082695074191593,0.4055009521190948,0.2132605250572452,0.1903506171259148,0.8925731429893989,0.17851463125795505
Milwaukee,2000-12-20 22:00:00,0.30000000447034836,0.4321218104209064,0.4219192462835154,0.42481437583882836,0.3486382027006978,0.3380222553821637,0.9695502465412611,0.2908650782966057
Milwaukee,2000-12-20 23:00:00,0.30000000447034836,0.4321218104209064,0.4219192462835154,0.42481437583882836,0.3486382027006978,0.3380222553821637,0.9695502465412611,0.2908650782966057
Milwaukee,2000-12-21 00:00:00,0.4000000059604645,0.4602572840073257,0.44284563734884813,0.44398150563378375,0.4840158803441499,0.4856938936384119,1.0034668558665243,0.40138674832773824
Milwaukee,2000-12-21 01:00:00,0.5000000074505806,0.4879054674974853,0.4635494842166189,0.4629590707286823,0.6193935579876022,0.6333655318946606,1.0225575060103194,0.5112787606238068
Milwaukee,2000-12-21 02:00:00,0.6000000089406967,0.5149511800867037,0.4839791863801989,0.48170736485828647,0.7547712356310545,0.7810371701509091,1.0347998615738105,0.6208799261961181
Milwaukee,2000-12-21 03:00:00,0.4000000059604645,0.4602572840073257,0.44284563734884813,0.44398150563378375,0.4840158803441499,0.4856938936384119,1.0034668558665243,0.40138674832773824
Milwaukee,2000-12-21 04:00:00,0.4000000059604645,0.4602572840073257,0.44284563734884813,0.44398150563378375,0.4840158803441499,0.4856938936384119,1.0034668558665243,0.40138674832773824
Milwaukee,2000-12-21 05:00:00,0.4000000059604645,0.4602572840073257,0.44284563734884813,0.44398150563378375,0.4840158803441499,0.4856938936384119,1.0034668558665243,0.40138674832773824
Milwaukee,2000-12-21 06:00:00,0.30000000447034836,0.4321218104209064,0.4219192462835154,0.42481437583882836,0.3486382027006978,0.3380222553821637,0.9695502465412611,0.2908650782966057
Milwaukee,2000-12-21 07:00:00,0.30000000447034836,0.4321218104209064,0.4219192462835154,0.42481437583882836,0.3486382027006978,0.3380222553821637,0.9695502465412611,0.2908650782966057
Milwaukee,2000-12-21 08:00:00,0.20000000298023224,0.4036312859866724,0.40082695074191593,0.4055009521190948,0.2132605250572452,0.1903506171259148,0.8925731429893989,0.17851463125795505
Milwaukee,2000-12-21 09:00:00,0.20000000298023224,0.4036312859866724,0.40082695074191593,0.4055009521190948,0.2132605250572452,0.1903506171259148,0.8925731429893989,0.17851463125795505
Milwaukee,2000-12-21 10:00:00,0.20000000298023224,0.4036312859866724,0.40082695074191593,0.4055009521190948,0.2132605250572452,0.1903506171259148,0.8925731429893989,0.17851463125795505
Milwaukee,2000-12-21 11:00:00,0.10000000149011612,0.37493462778701603,0.37963028842970437,0.38608798432978486,0.077882847413793,0.04267897886966643,0.5479894519381427,0.05479894601038219
Milwaukee,2000-12-21 12:00:00,0.10000000149011612,0.37493462778701603,0.37963028842970437,0.38608798432978486,0.077882847413793,0.04267897886966643,0.5479894519381427,0.05479894601038219
Milwaukee,2000-12-21 13:00:00,0.0,0.34619647541530363,0.3583954550705775,0.3666255582259426,-0.05749483022965941,-0.10499265938658223,1.0,0.0
Milwaukee,2000-12-21 14:00:00,0.0,0.34619647541530363,0.3583954550705775,0.3666255582259426,-0.05749483022965941,-0.10499265938658223,1.0,0.0
Milwaukee,2000-12-21 15:00:00,0.0,0.34619647541530363,0.3583954550705775,0.3666255582259426,-0.05749483022965941,-0.10499265938658223,1.0,0.0
Milwaukee,2000-12-21 16:00:00,0.0,0.34619647541530363,0.3583954550705775,0.3666255582259426,-0.05749483022965941,-0.10499265938658223,1.0,0.0
Milwaukee,2000-12-21 17:00:00,0.0,0.34619647541530363,0.3583954550705775,0.3666255582259426,-0.05749483022965941,-0.10499265938658223,1.0,0.0
Milwaukee,2000-12-21 18:00:00,0.0,0.34619647541530363,0.3583954550705775,0.3666255582259426,-0.05749483022965941,-0.10499265938658223,1.0,0.0
Milwaukee,2000-12-21 19:00:00,0.0,0.34619647541530363,0.3583954550705775,0.3666255582259426,-0.05749483022965941,-0.10499265938658223,1.0,0.0
Milwaukee,2000-12-21 20:00:00,0.0,0.34619647541530363,0.3583954550705775,0.3666255582259426,-0.05749483022965941,-0.10499265938658223,1.0,0.0
Milwaukee,2000-12-21 21:00:00,0.0,0.34619647541530363,0.3583954550705775,0.3666255582259426,-0.05749483022965941,-0.10499265938658223,1.0,0.0
Milwaukee,2000-12-21 22:00:00,0.0,0.34619647541530363,0.3583954550705775,0.3666255582259426,-0.05749483022965941,-0.10499265938658223,1.0,0.0
Milwaukee,2000-12-21 23:00:00,0.0,0.34619647541530363,0.3583954550705775,0.3666255582259426,-0.05749483022965941,-0.10499265938658223,1.0,0.0
Milwaukee,2000-12-22 00:00:00,0.0,0.34619647541530363,0.3583954550705775,0.3666255582259426,-0.05749483022965941,-0.10499265938658223,1.0,0.0
Milwaukee,2000-12-22 01:00:00,0.0,0.34619647541530363,0.3583954550705775,0.3666255582259426,-0.05749483022965941,-0.10499265938658223,1.0,0.0
Milwaukee,2000-12-22 02:00:00,0.0,0.34619647541530363,0.3583954550705775,0.3666255582259426,-0.05749483022965941,-0.10499265938658223,1.0,0.0
Milwaukee,2000-12-22 03:00:00,0.0,0.34619647541530363,0.3583954550705775,0.3666255582259426,-0.05749483022965941,-0.10499265938658223,1.0,0.0
Milwaukee,2000-12-22 04:00:00,0.0,0.34619647541530363,0.3583954550705775,0.3666255582259426,-0.05749483022965941,-0.10499265938658223,1.0,0.0
Milwaukee,2000-12-22 05:00:00,0.0,0.34619647541530363,0.3583954550705775,0.3666255582259426,-0.05749483022965941,-0.10499265938658223,1.0,0.0
Milwaukee,2000-12-22 06:00:00,0.0,0.34619647541530363,0.3583954550705775,0.3666255582259426,-0.05749483022965941,-0.10499265938658223,1.0,0.0
Milwaukee,2000-12-22 07:00:00,0.0,0.34619647541530363,0.3583954550705775,0.3666255582259426,-0.05749483022965941,-0.10499265938658223,1.0,0.0
Milwaukee,2000-12-22 08:00:00,0.0,0.34619647541530363,0.3583954550705775,0.3666255582259426,-0.05749483022965941,-0.10499265938658223,1.0,0.0
Milwaukee,2000-12-22 09:00:00,0.0,0.34619647541530363,0.3583954550705775,0.3666255582259426,-0.05749483022965941,-0.10499265938658223,1.0,0.0
Milwaukee,2000-12-22 10:00:00,0.0,0.34619647541530363,0.3583954550705775,0.3666255582259426,-0.05749483022965941,-0.10499265938658223,1.0,0.0
Milwaukee,2000-12-22 11:00:00,0.0,0.34619647541530363,0.3583954550705775,0.3666255582259426,-0.05749483022965941,-0.10499265938658223,1.0,0.0
Milwaukee,2000-12-22 12:00:00,0.0,0.34619647541530363,0.3583954550705775,0.3666255582259426,-0.05749483022965941,-0.10499265938658223,1.0,0.0
Milwaukee,2000-12-22 13:00:00,0.10000000149011612,0.37493462778701603,0.37963028842970437,0.38608798432978486,0.077882847413793,0.04267897886966643,0.5479894519381427,0.05479894601038219
Milwaukee,2000-12-22 14:00:00,0.20000000298023224,0.4036312859866724,0.40082695074191593,0.4055009521190948,0.2132605250572452,0.1903506171259148,0.8925731429893989,0.17851463125795505
Milwaukee,2000-12-22 15:00:00,0.10000000149011612,0.37493462778701603,0.37963028842970437,0.38608798432978486,0.077882847413793,0.04267897886966643,0.5479894519381427,0.05479894601038219
Milwaukee,2000-12-22 16:00:00,0.0,0.34619647541530363,0.3583954550705775,0.3666255582259426,-0.05749483022965941,-0.10499265938658223,1.0,0.0
Milwaukee,2000-12-22 17:00:00,0.0,0.34619647541530363,0.3583954550705775,0.3666255582259426,-0.05749483022965941,-0.10499265938658223,1.0,0.0
Milwaukee,2000-12-22 18:00:00,0.0,0.34619647541530363,0.3583954550705775,0.3666255582259426,-0.05749483022965941,-0.10499265938658223,1.0,0.0
Milwaukee,2000-12-22 19:00:00,0.0,0.34619647541530363,0.3583954550705775,0.3666255582259426,-0.05749483022965941,-0.10499265938658223,1.0,0.0
Milwaukee,2000-12-22 20:00:00,0.0,0.34619647541530363,0.3583954550705775,0.3666255582259426,-0.05749483022965941,-0.10499265938658223,1.0,0.0
Milwaukee,2000-12-22 21:00:00,0.0,0.34619647541530363,0.3583954550705775,0.3666255582259426,-0.05749483022965941,-0.10499265938658223,1.0,0.0
Milwaukee,2000-12-22 22:00:00,0.0,0.34619647541530363,0.3583954550705775,0.3666255582259426,-0.05749483022965941,-0.10499265938658223,1.0,0.0
Milwaukee,2000-12-22 23:00:00,0.0,0.34619647541530363,0.3583954550705775,0.3666255582259426,-0.05749483022965941,-0.10499265938658223,1.0,0.0
Milwaukee,2000-12-23 00:00:00,0.0,0.34619647541530363,0.3583954550705775,0.3666255582259426,-0.05749483022965941,-0.10499265938658223,1.0,0.0
Milwaukee,2000-12-23 01:00:00,0.0,0.34619647541530363,0.3583954550705775,0.3666255582259426,-0.05749483022965941,-0.10499265938658223,1.0,0.0
Milwaukee,2000-12-23 02:00:00,0.0,0.34619647541530363,0.3583954550705775,0.3666255582259426,-0.05749483022965941,-0.10499265938658223,1.0,0.0
Milwaukee,2000-12-23 03:00:00,0.0,0.34619647541530363,0.3583954550705775,0.3666255582259426,-0.05749483022965941,-0.10499265938658223,1.0,0.0
Milwaukee,2000-12-23 04:00:00,0.0,0.34619647541530363,0.3583954550705775,0.3666255582259426,-0.05749483022965941,-0.10499265938658223,1.0,0.0
Milwaukee,2000-12-23 05:00:00,0.0,0.34619647541530363,0.3583954550705775,0.3666255582259426,-0.05749483022965941,-0.10499265938658223,1.0,0.0
Milwaukee,2000-12-23 06:00:00,0.0,0.34619647541530363,0.3583954550705775,0.3666255582259426,-0.05749483022965941,-0.10499265938658223,1.0,0.0
Milwaukee,2000-12-23 07:00:00,0.0,0.34619647541530363,0.3583954550705775,0.3666255582259426,-0.05749483022965941,-0.10499265938658223,1.0,0.0
Milwaukee,2000-12-23 08:00:00,0.0,0.34619647541530363,0.3583954550705775,0.3666255582259426,-0.05749483022965941,-0.10499265938658223,1.0,0.0
Milwaukee,2000-12-23 09:00:00,0.0,0.34619647541530363,0.3583954550705775,0.3666255582259426,-0.05749483022965941,-0.10499265938658223,1.0,0.0
Milwaukee,2000-12-23 10:00:00,0.0,0.34619647541530363,0.3583954550705775,0.3666255582259426,-0.05749483022965941,-0.10499265938658223,1.0,0.0
Milwaukee,2000-12-23 11:00:00,0.20000000298023224,0.4036312859866724,0.40082695074191593,0.4055009521190948,0.2132605250572452,0.1903506171259148,0.8925731429893989,0.17851463125795505
Milwaukee,2000-12-23 12:00:00,0.800000011920929,0.5668587624286637,0.5238351948323483,0.518375294178048,1.0255265909179592,1.0763804466634062,1.0495880420808272,0.8396704461767263
Milwaukee,2000-12-23 13:00:00,0.7000000104308128,0.5412961978369442,0.5040882360000163,0.5001902799477915,0.8901489132745067,0.9287088084071575,1.0433184768948425,0.7303229447090495
Milwaukee,2000-12-23 14:00:00,0.9000000134110451,0.5915727882419518,0.543183605811401,0.5362334205342039,1.1609042685614115,1.2240520849196546,1.05439536925512,0.9489558464701519
Milwaukee,2000-12-23 15:00:00,0.9000000134110451,0.5915727882419518,0.543183605811401,0.5362334205342039,1.1609042685614115,1.2240520849196546,1.05439536925512,0.9489558464701519
Milwaukee,2000-12-23 16:00:00,0.7000000104308128,0.5412961978369442,0.5040882360000163,0.5001902799477915,0.8901489132745067,0.9287088084071575,1.0433184768948425,0.7303229447090495
Milwaukee,2000-12-23 17:00:00,0.5000000074505806,0.4879054674974853,0.4635494842166189,0.4629590707286823,0.6193935579876022,0.6333655318946606,1.0225575060103194,0.5112787606238068
Milwaukee,2000-12-23 18:00:00,0.4000000059604645,0.4602572840073257,0.44284563734884813,0.44398150563378375,0.4840158803441499,0.4856938936384119,1.0034668558665243,0.40138674832773824
Milwaukee,2000-12-23 19:00:00,0.30000000447034836,0.4321218104209064,0.4219192462835154,0.42481437583882836,0.3486382027006978,0.3380222553821637,0.9695502465412611,0.2908650782966057
Milwaukee,2000-12-23 20:00:00,0.7000000104308128,0.5412961978369442,0.5040882360000163,0.5001902799477915,0.8901489132745067,0.9287088084071575,1.0433184768948425,0.7303229447090495
Milwaukee,2000-12-23 21:00:00,0.30000000447034836,0.4321218104209064,0.4219192462835154,0.42481437583882836,0.3486382027006978,0.3380222553821637,0.9695502465412611,0.2908650782966057
Milwaukee,2000-12-23 22:00:00,0.20000000298023224,0.4036312859866724,0.40082695074191593,0.4055009521190948,0.2132605250572452,0.1903506171259148,0.8925731429893989,0.17851463125795505
Milwaukee,2000-12-23 23:00:00,0.10000000149011612,0.37493462778701603,0.37963028842970437,0.38608798432978486,0.077882847413793,0.04267897886966643,0.5479894519381427,0.05479894601038219
Milwaukee,2000-12-24 00:00:00,0.10000000149011612,0.37493462778701603,0.37963028842970437,0.38608798432978486,0.077882847413793,0.04267897886966643,0.5479894519381427,0.05479894601038219
Milwaukee,2000-12-24 01:00:00,0.0,0.34619647541530363,0.3583954550705775,0.3666255582259426,-0.05749483022965941,-0.10499265938658223,1.0,0.0
Milwaukee,2000-12-24 02:00:00,0.0,0.34619647541530363,0.3583954550705775,0.3666255582259426,-0.05749483022965941,-0.10499265938658223,1.0,0.0
Milwaukee,2000-12-24 03:00:00,0.0,0.34619647541530363,0.3583954550705775,0.3666255582259426,-0.05749483022965941,-0.10499265938658223,1.0,0.0
Milwaukee,2000-12-24 04:00:00,0.0,0.34619647541530363,0.3583954550705775,0.3666255582259426,-0.05749483022965941,-0.10499265938658223,1.0,0.0
Milwaukee,2000-12-24 05:00:00,0.0,0.34619647541530363,0.3583954550705775,0.3666255582259426,-0.05749483022965941,-0.10499265938658223,1.0,0.0
Milwaukee,2000-12-24 06:00:00,0.0,0.34619647541530363,0.3583954550705775,0.3666255582259426,-0.05749483022965941,-0.10499265938658223,1.0,0.0
Milwaukee,2000-12-24 07:00:00,0.0,0.34619647541530363,0.3583954550705775,0.3666255582259426,-0.05749483022965941,-0.10499265938658223,1.0,0.0
Milwaukee,2000-12-24 08:00:00,0.0,0.34619647541530363,0.3583954550705775,0.3666255582259426,-0.05749483022965941,-0.10499265938658223,1.0,0.0
Milwaukee,2000-12-24 09:00:00,0.0,0.34619647541530363,0.3583954550705775,0.3666255582259426,-0.05749483022965941,-0.10499265938658223,1.0,0.0
Milwaukee,2000-12-24 10:00:00,0.0,0.34619647541530363,0.3583954550705775,0.3666255582259426,-0.05749483022965941,-0.10499265938658223,1.0,0.0
Milwaukee,2000-12-24 11:00:00,0.0,0.34619647541530363,0.3583954550705775,0.3666255582259426,-0.05749483022965941,-0.10499265938658223,1.0,0.0
Milwaukee,2000-12-24 12:00:00,0.0,0.34619647541530363,0.3583954550705775,0.3666255582259426,-0.05749483022965941,-0.10499265938658223,1.0,0.0
Milwaukee,2000-12-24 13:00:00,0.0,0.34619647541530363,0.3583954550705775,0.3666255582259426,-0.05749483022965941,-0.10499265938658223,1.0,0.0
Milwaukee,2000-12-24 14:00:00,0.0,0.34619647541530363,0.3583954550705775,0.3666255582259426,-0.05749483022965941,-0.10499265938658223,1.0,0.0
Milwaukee,2000-12-24 15:00:00,0.0,0.34619647541530363,0.3583954550705775,0.3666255582259426,-0.05749483022965941,-0.10499265938658223,1.0,0.0
Milwaukee,2000-12-24 16:00:00,0.0,0.34619647541530363,0.3583954550705775,0.3666255582259426,-0.05749483022965941,-0.10499265938658223,1.0,0.0
Milwaukee,2000-12-24 17:00:00,0.0,0.34619647541530363,0.3583954550705775,0.3666255582259426,-0.05749483022965941,-0.10499265938658223,1.0,0.0
Milwaukee,2000-12-24 18:00:00,0.0,0.34619647541530363,0.3583954550705775,0.3666255582259426,-0.05749483022965941,-0.10499265938658223,1.0,0.0
Milwaukee,2000-12-24 19:00:00,0.0,0.34619647541530363,0.3583954550705775,0.3666255582259426,-0.05749483022965941,-0.10499265938658223,1.0,0.0
Milwaukee,2000-12-24 20:00:00,0.0,0.34619647541530363,0.3583954550705775,0.3666255582259426,-0.05749483022965941,-0.10499265938658223,1.0,0.0
Milwaukee,2000-12-24 21:00:00,0.0,0.34619647541530363,0.3583954550705775,0.3666255582259426,-0.05749483022965941,-0.10499265938658223,1.0,0.0
Milwaukee,2000-12-24 22:00:00,0.0,0.34619647541530363,0.3583954550705775,0.3666255582259426,-0.05749483022965941,-0.10499265938658223,1.0,0.0
Milwaukee,2000-12-24 23:00:00,0.0,0.34619647541530363,0.3583954550705775,0.3666255582259426,-0.05749483022965941,-0.10499265938658223,1.0,0.0
Milwaukee,2000-12-25 00:00:00,0.0,0.34619647541530363,0.3583954550705775,0.3666255582259426,-0.05749483022965941,-0.10499265938658223,1.0,0.0
Milwaukee,2000-12-25 01:00:00,0.0,0.34619647541530363,0.3583954550705775,0.3666255582259426,-0.05749483022965941,-0.10499265938658223,1.0,0.0
Milwaukee,2000-12-25 02:00:00,0.0,0.34619647541530363,0.3583954550705775,0.3666255582259426,-0.05749483022965941,-0.10499265938658223,1.0,0.0
Milwaukee,2000-12-25 03:00:00,0.0,0.34619647541530363,0.3583954550705775,0.3666255582259426,-0.05749483022965941,-0.10499265938658223,1.0,0.0
Milwaukee,2000-12-25 04:00:00,0.0,0.34619647541530363,0.3583954550705775,0.3666255582259426,-0.05749483022965941,-0.10499265938658223,1.0,0.0
Milwaukee,2000-12-25 05:00:00,0.0,0.34619647541530363,0.3583954550705775,0.3666255582259426,-0.05749483022965941,-0.10499265938658223,1.0,0.0
Milwaukee,2000-12-25 06:00:00,0.0,0.34619647541530363,0.3583954550705775,0.3666255582259426,-0.05749483022965941,-0.10499265938658223,1.0,0.0
Milwaukee,2000-12-25 07:00:00,0.0,0.34619647541530363,0.3583954550705775,0.3666255582259426,-0.05749483022965941,-0.10499265938658223,1.0,0.0
Milwaukee,2000-12-25 08:00:00,0.0,0.34619647541530363,0.3583954550705775,0.3666255582259426,-0.05749483022965941,-0.10499265938658223,1.0,0.0
Milwaukee,2000-12-25 09:00:00,0.0,0.34619647541530363,0.3583954550705775,0.3666255582259426,-0.05749483022965941,-0.10499265938658223,1.0,0.0
Milwaukee,2000-12-25 10:00:00,0.0,0.34619647541530363,0.3583954550705775,0.3666255582259426,-0.05749483022965941,-0.10499265938658223,1.0,0.0
Milwaukee,2000-12-25 11:00:00,0.0,0.34619647541530363,0.3583954550705775,0.3666255582259426,-0.05749483022965941,-0.10499265938658223,1.0,0.0
Milwaukee,2000-12-25 12:00:00,0.0,0.34619647541530363,0.3583954550705775,0.3666255582259426,-0.05749483022965941,-0.10499265938658223,1.0,0.0
Milwaukee,2000-12-25 13:00:00,0.0,0.34619647541530363,0.3583954550705775,0.3666255582259426,-0.05749483022965941,-0.10499265938658223,1.0,0.0
Milwaukee,2000-12-25 14:00:00,0.0,0.34619647541530363,0.3583954550705775,0.3666255582259426,-0.05749483022965941,-0.10499265938658223,1.0,0.0
Milwaukee,2000-12-25 15:00:00,0.0,0.34619647541530363,0.3583954550705775,0.3666255582259426,-0.05749483022965941,-0.10499265938658223,1.0,0.0
Milwaukee,2000-12-25 16:00:00,0.0,0.34619647541530363,0.3583954550705775,0.3666255582259426,-0.05749483022965941,-0.10499265938658223,1.0,0.0
Milwaukee,2000-12-25 17:00:00,0.0,0.34619647541530363,0.3583954550705775,0.3666255582259426,-0.05749483022965941,-0.10499265938658223,1.0,0.0
Milwaukee,2000-12-25 18:00:00,0.0,0.34619647541530363,0.3583954550705775,0.3666255582259426,-0.05749483022965941,-0.10499265938658223,1.0,0.0
Milwaukee,2000-12-25 19:00:00,0.0,0.34619647541530363,0.3583954550705775,0.3666255582259426,-0.05749483022965941,-0.10499265938658223,1.0,0.0
Milwaukee,2000-12-25 20:00:00,0.0,0.34619647541530363,0.3583954550705775,0.3666255582259426,-0.05749483022965941,-0.10499265938658223,1.0,0.0
Milwaukee,2000-12-25 21:00:00,0.0,0.34619647541530363,0.3583954550705775,0.3666255582259426,-0.05749483022965941,-0.10499265938658223,1.0,0.0
Milwaukee,2000-12-25 22:00:00,0.0,0.34619647541530363,0.3583954550705775,0.3666255582259426,-0.05749483022965941,-0.10499265938658223,1.0,0.0
Milwaukee,2000-12-25 23:00:00,0.0,0.34619647541530363,0.3583954550705775,0.3666255582259426,-0.05749483022965941,-0.10499265938658223,1.0,0.0
Milwaukee,2000-12-26 00:00:00,0.0,0.34619647541530363,0.3583954550705775,0.3666255582259426,-0.05749483022965941,-0.10499265938658223,1.0,0.0
Milwaukee,2000-12-26 01:00:00,0.0,0.34619647541530363,0.3583954550705775,0.3666255582259426,-0.05749483022965941,-0.10499265938658223,1.0,0.0
Milwaukee,2000-12-26 02:00:00,0.0,0.34619647541530363,0.3583954550705775,0.3666255582259426,-0.05749483022965941,-0.10499265938658223,1.0,0.0
Milwaukee,2000-12-26 03:00:00,0.0,0.34619647541530363,0.3583954550705775,0.3666255582259426,-0.05749483022965941,-0.10499265938658223,1.0,0.0
Milwaukee,2000-12-26 04:00:00,0.0,0.34619647541530363,0.3583954550705775,0.3666255582259426,-0.05749483022965941,-0.10499265938658223,1.0,0.0
Milwaukee,2000-12-26 05:00:00,0.0,0.34619647541530363,0.3583954550705775,0.3666255582259426,-0.05749483022965941,-0.10499265938658223,1.0,0.0
Milwaukee,2000-12-26 06:00:00,0.0,0.34619647541530363,0.3583954550705775,0.3666255582259426,-0.05749483022965941,-0.10499265938658223,1.0,0.0
Milwaukee,2000-12-26 07:00:00,0.0,0.34619647541530363,0.3583954550705775,0.3666255582259426,-0.05749483022965941,-0.10499265938658223,1.0,0.0
Milwaukee,2000-12-26 08:00:00,0.0,0.34619647541530363,0.3583954550705775,0.3666255582259426,-0.05749483022965941,-0.10499265938658223,1.0,0.0
Milwaukee,2000-12-26 09:00:00,0.0,0.34619647541530363,0.3583954550705775,0.3666255582259426,-0.05749483022965941,-0.10499265938658223,1.0,0.0
Milwaukee,2000-12-26 10:00:00,0.0,0.34619647541530363,0.3583954550705775,0.3666255582259426,-0.05749483022965941,-0.10499265938658223,1.0,0.0
Milwaukee,2000-12-26 11:00:00,0.0,0.34619647541530363,0.3583954550705775,0.3666255582259426,-0.05749483022965941,-0.10499265938658223,1.0,0.0
Milwaukee,2000-12-26 12:00:00,0.0,0.34619647541530363,0.3583954550705775,0.3666255582259426,-0.05749483022965941,-0.10499265938658223,1.0,0.0
Milwaukee,2000-12-26 13:00:00,0.0,0.34619647541530363,0.3583954550705775,0.3666255582259426,-0.05749483022965941,-0.10499265938658223,1.0,0.0
Milwaukee,2000-12-26 14:00:00,0.0,0.34619647541530363,0.3583954550705775,0.3666255582259426,-0.05749483022965941,-0.10499265938658223,1.0,0.0
Milwaukee,2000-12-26 15:00:00,0.0,0.34619647541530363,0.3583954550705775,0.3666255582259426,-0.05749483022965941,-0.10499265938658223,1.0,0.0
Milwaukee,2000-12-26 16:00:00,0.0,0.34619647541530363,0.3583954550705775,0.3666255582259426,-0.05749483022965941,-0.10499265938658223,1.0,0.0
Milwaukee,2000-12-26 17:00:00,0.0,0.34619647541530363,0.3583954550705775,0.3666255582259426,-0.05749483022965941,-0.10499265938658223,1.0,0.0
Milwaukee,2000-12-26 18:00:00,0.0,0.34619647541530363,0.3583954550705775,0.3666255582259426,-0.05749483022965941,-0.10499265938658223,1.0,0.0
Milwaukee,2000-12-26 19:00:00,0.0,0.34619647541530363,0.3583954550705775,0.3666255582259426,-0.05749483022965941,-0.10499265938658223,1.0,0.0
Milwaukee,2000-12-26 20:00:00,0.0,0.34619647541530363,0.3583954550705775,0.3666255582259426,-0.05749483022965941,-0.10499265938658223,1.0,0.0
Milwaukee,2000-12-26 21:00:00,0.0,0.34619647541530363,0.3583954550705775,0.3666255582259426,-0.05749483022965941,-0.10499265938658223,1.0,0.0
Milwaukee,2000-12-26 22:00:00,0.0,0.34619647541530363,0.3583954550705775,0.3666255582259426,-0.05749483022965941,-0.10499265938658223,1.0,0.0
Milwaukee,2000-12-26 23:00:00,0.0,0.34619647541530363,0.3583954550705775,0.3666255582259426,-0.05749483022965941,-0.10499265938658223,1.0,0.0
Milwaukee,2000-12-27 00:00:00,0.0,0.34619647541530363,0.3583954550705775,0.3666255582259426,-0.05749483022965941,-0.10499265938658223,1.0,0.0
Milwaukee,2000-12-27 01:00:00,0.0,0.34619647541530363,0.3583954550705775,0.3666255582259426,-0.05749483022965941,-0.10499265938658223,1.0,0.0
Milwaukee,2000-12-27 02:00:00,0.0,0.34619647541530363,0.3583954550705775,0.3666255582259426,-0.05749483022965941,-0.10499265938658223,1.0,0.0
Milwaukee,2000-12-27 03:00:00,0.0,0.34619647541530363,0.3583954550705775,0.3666255582259426,-0.05749483022965941,-0.10499265938658223,1.0,0.0
Milwaukee,2000-12-27 04:00:00,0.0,0.34619647541530363,0.3583954550705775,0.3666255582259426,-0.05749483022965941,-0.10499265938658223,1.0,0.0
Milwaukee,2000-12-27 05:00:00,0.0,0.34619647541530363,0.3583954550705775,0.3666255582259426,-0.05749483022965941,-0.10499265938658223,1.0,0.0
Milwaukee,2000-12-27 06:00:00,0.0,0.34619647541530363,0.3583954550705775,0.3666255582259426,-0.05749483022965941,-0.10499265938658223,1.0,0.0
Milwaukee,2000-12-27 07:00:00,0.0,0.34619647541530363,0.3583954550705775,0.3666255582259426,-0.05749483022965941,-0.10499265938658223,1.0,0.0
Milwaukee,2000-12-27 08:00:00,0.0,0.34619647541530363,0.3583954550705775,0.3666255582259426,-0.05749483022965941,-0.10499265938658223,1.0,0.0
Milwaukee,2000-12-27 09:00:00,0.0,0.34619647541530363,0.3583954550705775,0.3666255582259426,-0.05749483022965941,-0.10499265938658223,1.0,0.0
Milwaukee,2000-12-27 10:00:00,0.0,0.34619647541530363,0.3583954550705775,0.3666255582259426,-0.05749483022965941,-0.10499265938658223,1.0,0.0
Milwaukee,2000-12-27 11:00:00,0.0,0.34619647541530363,0.3583954550705775,0.3666255582259426,-0.05749483022965941,-0.10499265938658223,1.0,0.0
Milwaukee,2000-12-27 12:00:00,0.0,0.34619647541530363,0.3583954550705775,0.3666255582259426,-0.05749483022965941,-0.10499265938658223,1.0,0.0
Milwaukee,2000-12-27 13:00:00,0.0,0.34619647541530363,0.3583954550705775,0.3666255582259426,-0.05749483022965941,-0.10499265938658223,1.0,0.0
Milwaukee,2000-12-27 14:00:00,0.0,0.34619647541530363,0.3583954550705775,0.3666255582259426,-0.05749483022965941,-0.10499265938658223,1.0,0.0
Milwaukee,2000-12-27 15:00:00,0.0,0.34619647541530363,0.3583954550705775,0.3666255582259426,-0.05749483022965941,-0.10499265938658223,1.0,0.0
Milwaukee,2000-12-27 16:00:00,0.0,0.34619647541530363,0.3583954550705775,0.3666255582259426,-0.05749483022965941,-0.10499265938658223,1.0,0.0
Milwaukee,2000-12-27 17:00:00,0.0,0.34619647541530363,0.3583954550705775,0.3666255582259426,-0.05749483022965941,-0.10499265938658223,1.0,0.0
Milwaukee,2000-12-27 18:00:00,0.0,0.34619647541530363,0.3583954550705775,0.3666255582259426,-0.05749483022965941,-0.10499265938658223,1.0,0.0
Milwaukee,2000-12-27 19:00:00,0.0,0.34619647541530363,0.3583954550705775,0.3666255582259426,-0.05749483022965941,-0.10499265938658223,1.0,0.0
Milwaukee,2000-12-27 20:00:00,0.0,0.34619647541530363,0.3583954550705775,0.3666255582259426,-0.05749483022965941,-0.10499265938658223,1.0,0.0
Milwaukee,2000-12-27 21:00:00,0.0,0.34619647541530363,0.3583954550705775,0.3666255582259426,-0.05749483022965941,-0.10499265938658223,1.0,0.0
Milwaukee,2000-12-27 22:00:00,0.0,0.34619647541530363,0.3583954550705775,0.3666255582259426,-0.05749483022965941,-0.10499265938658223,1.0,0.0
Milwaukee,2000-12-27 23:00:00,0.0,0.34619647541530363,0.3583954550705775,0.3666255582259426,-0.05749483022965941,-0.10499265938658223,1.0,0.0
Milwaukee,2000-12-28 00:00:00,0.0,0.34619647541530363,0.3583954550705775,0.3666255582259426,-0.05749483022965941,-0.10499265938658223,1.0,0.0
Milwaukee,2000-12-28 01:00:00,0.0,0.34619647541530363,0.3583954550705775,0.3666255582259426,-0.05749483022965941,-0.10499265938658223,1.0,0.0
Milwaukee,2000-12-28 02:00:00,0.0,0.34619647541530363,0.3583954550705775,0.3666255582259426,-0.05749483022965941,-0.10499265938658223,1.0,0.0
Milwaukee,2000-12-28 03:00:00,0.0,0.34619647541530363,0.3583954550705775,0.3666255582259426,-0.05749483022965941,-0.10499265938658223,1.0,0.0
Milwaukee,2000-12-28 04:00:00,0.0,0.34619647541530363,0.3583954550705775,0.3666255582259426,-0.05749483022965941,-0.10499265938658223,1.0,0.0
Milwaukee,2000-12-28 05:00:00,0.0,0.34619647541530363,0.3583954550705775,0.3666255582259426,-0.05749483022965941,-0.10499265938658223,1.0,0.0
Milwaukee,2000-12-28 06:00:00,0.0,0.34619647541530363,0.3583954550705775,0.3666255582259426,-0.05749483022965941,-0.10499265938658223,1.0,0.0
Milwaukee,2000-12-28 07:00:00,0.0,0.34619647541530363,0.3583954550705775,0.3666255582259426,-0.05749483022965941,-0.10499265938658223,1.0,0.0
Milwaukee,2000-12-28 08:00:00,0.0,0.34619647541530363,0.3583954550705775,0.3666255582259426,-0.05749483022965941,-0.10499265938658223,1.0,0.0
Milwaukee,2000-12-28 09:00:00,0.0,0.34619647541530363,0.3583954550705775,0.3666255582259426,-0.05749483022965941,-0.10499265938658223,1.0,0.0
Milwaukee,2000-12-28 10:00:00,0.0,0.34619647541530363,0.3583954550705775,0.3666255582259426,-0.05749483022965941,-0.10499265938658223,1.0,0.0
Milwaukee,2000-12-28 11:00:00,0.0,0.34619647541530363,0.3583954550705775,0.3666255582259426,-0.05749483022965941,-0.10499265938658223,1.0,0.0
Milwaukee,2000-12-28 12:00:00,0.0,0.34619647541530363,0.3583954550705775,0.3666255582259426,-0.05749483022965941,-0.10499265938658223,1.0,0.0
Milwaukee,2000-12-28 13:00:00,0.0,0.34619647541530363,0.3583954550705775,0.3666255582259426,-0.05749483022965941,-0.10499265938658223,1.0,0.0
Milwaukee,2000-12-28 14:00:00,0.0,0.34619647541530363,0.3583954550705775,0.3666255582259426,-0.05749483022965941,-0.10499265938658223,1.0,0.0
Milwaukee,2000-12-28 15:00:00,0.0,0.34619647541530363,0.3583954550705775,0.3666255582259426,-0.05749483022965941,-0.10499265938658223,1.0,0.0
Milwaukee,2000-12-28 16:00:00,0.0,0.34619647541530363,0.3583954550705775,0.3666255582259426,-0.05749483022965941,-0.10499265938658223,1.0,0.0
Milwaukee,2000-12-28 17:00:00,0.0,0.34619647541530363,0.3583954550705775,0.3666255582259426,-0.05749483022965941,-0.10499265938658223,1.0,0.0
Milwaukee,2000-12-28 18:00:00,0.0,0.34619647541530363,0.3583954550705775,0.3666255582259426,-0.05749483022965941,-0.10499265938658223,1.0,0.0
Milwaukee,2000-12-28 19:00:00,0.0,0.34619647541530363,0.3583954550705775,0.3666255582259426,-0.05749483022965941,-0.10499265938658223,1.0,0.0
Milwaukee,2000-12-28 20:00:00,0.0,0.34619647541530363,0.3583954550705775,0.3666255582259426,-0.05749483022965941,-0.10499265938658223,1.0,0.0
Milwaukee,2000-12-28 21:00:00,0.0,0.34619647541530363,0.3583954550705775,0.3666255582259426,-0.05749483022965941,-0.10499265938658223,1.0,0.0
Milwaukee,2000-12-28 22:00:00,0.0,0.34619647541530363,0.3583954550705775,0.3666255582259426,-0.05749483022965941,-0.10499265938658223,1.0,0.0
Milwaukee,2000-12-28 23:00:00,0.10000000149011612,0.37493462778701603,0.37963028842970437,0.38608798432978486,0.077882847413793,0.04267897886966643,0.5479894519381427,0.05479894601038219
Milwaukee,2000-12-29 00:00:00,0.10000000149011612,0.37493462778701603,0.37963028842970437,0.38608798432978486,0.077882847413793,0.04267897886966643,0.5479894519381427,0.05479894601038219
Milwaukee,2000-12-29 01:00:00,0.10000000149011612,0.37493462778701603,0.37963028842970437,0.38608798432978486,0.077882847413793,0.04267897886966643,0.5479894519381427,0.05479894601038219
Milwaukee,2000-12-29 02:00:00,0.10000000149011612,0.37493462778701603,0.37963028842970437,0.38608798432978486,0.077882847413793,0.04267897886966643,0.5479894519381427,0.05479894601038219
Milwaukee,2000-12-29 03:00:00,0.10000000149011612,0.37493462778701603,0.37963028842970437,0.38608798432978486,0.077882847413793,0.04267897886966643,0.5479894519381427,0.05479894601038219
Milwaukee,2000-12-29 04:00:00,0.20000000298023224,0.4036312859866724,0.40082695074191593,0.4055009521190948,0.2132605250572452,0.1903506171259148,0.8925731429893989,0.17851463125795505
Milwaukee,2000-12-29 05:00:00,0.20000000298023224,0.4036312859866724,0.40082695074191593,0.4055009521190948,0.2132605250572452,0.1903506171259148,0.8925731429893989,0.17851463125795505
Milwaukee,2000-12-29 06:00:00,0.30000000447034836,0.4321218104209064,0.4219192462835154,0.42481437583882836,0.3486382027006978,0.3380222553821637,0.9695502465412611,0.2908650782966057
Milwaukee,2000-12-29 07:00:00,0.20000000298023224,0.4036312859866724,0.40082695074191593,0.4055009521190948,0.2132605250572452,0.1903506171259148,0.8925731429893989,0.17851463125795505
Milwaukee,2000-12-29 08:00:00,0.20000000298023224,0.4036312859866724,0.40082695074191593,0.4055009521190948,0.2132605250572452,0.1903506171259148,0.8925731429893989,0.17851463125795505
Milwaukee,2000-12-29 09:00:00,0.30000000447034836,0.4321218104209064,0.4219192462835154,0.42481437583882836,0.3486382027006978,0.3380222553821637,0.9695502465412611,0.2908650782966057
Milwaukee,2000-12-29 10:00:00,0.30000000447034836,0.4321218104209064,0.4219192462835154,0.42481437583882836,0.3486382027006978,0.3380222553821637,0.9695502465412611,0.2908650782966057
Milwaukee,2000-12-29 11:00:00,0.30000000447034836,0.4321218104209064,0.4219192462835154,0.42481437583882836,0.3486382027006978,0.3380222553821637,0.9695502465412611,0.2908650782966057
Milwaukee,2000-12-29 12:00:00,0.30000000447034836,0.4321218104209064,0.4219192462835154,0.42481437583882836,0.3486382027006978,0.3380222553821637,0.9695502465412611,0.2908650782966057
Milwaukee,2000-12-29 13:00:00,0.5000000074505806,0.4879054674974853,0.4635494842166189,0.4629590707286823,0.6193935579876022,0.6333655318946606,1.0225575060103194,0.5112787606238068
Milwaukee,2000-12-29 14:00:00,0.5000000074505806,0.4879054674974853,0.4635494842166189,0.4629590707286823,0.6193935579876022,0.6333655318946606,1.0225575060103194,0.5112787606238068
Milwaukee,2000-12-29 15:00:00,0.4000000059604645,0.4602572840073257,0.44284563734884813,0.44398150563378375,0.4840158803441499,0.4856938936384119,1.0034668558665243,0.40138674832773824
Milwaukee,2000-12-29 16:00:00,0.5000000074505806,0.4879054674974853,0.4635494842166189,0.4629590707286823,0.6193935579876022,0.6333655318946606,1.0225575060103194,0.5112787606238068
Milwaukee,2000-12-29 17:00:00,0.800000011920929,0.5668587624286637,0.5238351948323483,0.518375294178048,1.0255265909179592,1.0763804466634062,1.0495880420808272,0.8396704461767263
Milwaukee,2000-12-29 18:00:00,0.30000000447034836,0.4321218104209064,0.4219192462835154,0.42481437583882836,0.3486382027006978,0.3380222553821637,0.9695502465412611,0.2908650782966057
Milwaukee,2000-12-29 19:00:00,0.5000000074505806,0.4879054674974853,0.4635494842166189,0.4629590707286823,0.6193935579876022,0.6333655318946606,1.0225575060103194,0.5112787606238068
Milwaukee,2000-12-29 20:00:00,0.4000000059604645,0.4602572840073257,0.44284563734884813,0.44398150563378375,0.4840158803441499,0.4856938936384119,1.0034668558665243,0.40138674832773824
Milwaukee,2000-12-29 21:00:00,0.5000000074505806,0.4879054674974853,0.4635494842166189,0.4629590707286823,0.6193935579876022,0.6333655318946606,1.0225575060103194,0.5112787606238068
Milwaukee,2000-12-29 22:00:00,0.4000000059604645,0.4602572840073257,0.44284563734884813,0.44398150563378375,0.4840158803441499,0.4856938936384119,1.0034668558665243,0.40138674832773824
Milwaukee,2000-12-29 23:00:00,0.20000000298023224,0.4036312859866724,0.40082695074191593,0.4055009521190948,0.2132605250572452,0.1903506171259148,0.8925731429893989,0.17851463125795505
Milwaukee,2000-12-30 00:00:00,0.10000000149011612,0.37493462778701603,0.37963028842970437,0.38608798432978486,0.077882847413793,0.04267897886966643,0.5479894519381427,0.05479894601038219
Milwaukee,2000-12-30 01:00:00,0.10000000149011612,0.37493462778701603,0.37963028842970437,0.38608798432978486,0.077882847413793,0.04267897886966643,0.5479894519381427,0.05479894601038219
Milwaukee,2000-12-30 02:00:00,0.10000000149011612,0.37493462778701603,0.37963028842970437,0.38608798432978486,0.077882847413793,0.04267897886966643,0.5479894519381427,0.05479894601038219
Milwaukee,2000-12-30 03:00:00,0.20000000298023224,0.4036312859866724,0.40082695074191593,0.4055009521190948,0.2132605250572452,0.1903506171259148,0.8925731429893989,0.17851463125795505
Milwaukee,2000-12-30 04:00:00,0.4000000059604645,0.4602572840073257,0.44284563734884813,0.44398150563378375,0.4840158803441499,0.4856938936384119,1.0034668558665243,0.40138674832773824
Milwaukee,2000-12-30 05:00:00,0.20000000298023224,0.4036312859866724,0.40082695074191593,0.4055009521190948,0.2132605250572452,0.1903506171259148,0.8925731429893989,0.17851463125795505
Milwaukee,2000-12-30 06:00:00,0.20000000298023224,0.4036312859866724,0.40082695074191593,0.4055009521190948,0.2132605250572452,0.1903506171259148,0.8925731429893989,0.17851463125795505
Milwaukee,2000-12-30 07:00:00,0.20000000298023224,0.4036312859866724,0.40082695074191593,0.4055009521190948,0.2132605250572452,0.1903506171259148,0.8925731429893989,0.17851463125795505
Milwaukee,2000-12-30 08:00:00,0.30000000447034836,0.4321218104209064,0.4219192462835154,0.42481437583882836,0.3486382027006978,0.3380222553821637,0.9695502465412611,0.2908650782966057
Milwaukee,2000-12-30 09:00:00,0.4000000059604645,0.4602572840073257,0.44284563734884813,0.44398150563378375,0.4840158803441499,0.4856938936384119,1.0034668558665243,0.40138674832773824
Milwaukee,2000-12-30 10:00:00,0.7000000104308128,0.5412961978369442,0.5040882360000163,0.5001902799477915,0.8901489132745067,0.9287088084071575,1.0433184768948425,0.7303229447090495
Milwaukee,2000-12-30 11:00:00,0.7000000104308128,0.5412961978369442,0.5040882360000163,0.5001902799477915,0.8901489132745067,0.9287088084071575,1.0433184768948425,0.7303229447090495
Milwaukee,2000-12-30 12:00:00,1.4000000208616257,0.7010606324789257,0.6329987244436568,0.619840749115852,1.8377926567786733,1.9624102762008975,1.067808312848881,1.4949316602646505
Milwaukee,2000-12-30 13:00:00,0.6000000089406967,0.5149511800867037,0.4839791863801989,0.48170736485828647,0.7547712356310545,0.7810371701509091,1.0347998615738105,0.6208799261961181
Milwaukee,2000-12-30 14:00:00,0.5000000074505806,0.4879054674974853,0.4635494842166189,0.4629590707286823,0.6193935579876022,0.6333655318946606,1.0225575060103194,0.5112787606238068
Milwaukee,2000-12-30 15:00:00,0.20000000298023224,0.4036312859866724,0.40082695074191593,0.4055009521190948,0.2132605250572452,0.1903506171259148,0.8925731429893989,0.17851463125795505
Milwaukee,2000-12-30 16:00:00,0.10000000149011612,0.37493462778701603,0.37963028842970437,0.38608798432978486,0.077882847413793,0.04267897886966643,0.5479894519381427,0.05479894601038219
Milwaukee,2000-12-30 17:00:00,0.10000000149011612,0.37493462778701603,0.37963028842970437,0.38608798432978486,0.077882847413793,0.04267897886966643,0.5479894519381427,0.05479894601038219
Milwaukee,2000-12-30 18:00:00,0.20000000298023224,0.4036312859866724,0.40082695074191593,0.4055009521190948,0.2132605250572452,0.1903506171259148,0.8925731429893989,0.17851463125795505
Milwaukee,2000-12-30 19:00:00,0.30000000447034836,0.4321218104209064,0.4219192462835154,0.42481437583882836,0.3486382027006978,0.3380222553821637,0.9695502465412611,0.2908650782966057
Milwaukee,2000-12-30 20:00:00,0.20000000298023224,0.4036312859866724,0.40082695074191593,0.4055009521190948,0.2132605250572452,0.1903506171259148,0.8925731429893989,0.17851463125795505
Milwaukee,2000-12-30 21:00:00,0.0,0.34619647541530363,0.3583954550705775,0.3666255582259426,-0.05749483022965941,-0.10499265938658223,1.0,0.0
Milwaukee,2000-12-30 22:00:00,0.0,0.34619647541530363,0.3583954550705775,0.3666255582259426,-0.05749483022965941,-0.10499265938658223,1.0,0.0
Milwaukee,2000-12-30 23:00:00,0.0,0.34619647541530363,0.3583954550705775,0.3666255582259426,-0.05749483022965941,-0.10499265938658223,1.0,0.0
Milwaukee,2000-12-31 00:00:00,0.0,0.34619647541530363,0.3583954550705775,0.3666255582259426,-0.05749483022965941,-0.10499265938658223,1.0,0.0
Milwaukee,2000-12-31 01:00:00,0.0,0.34619647541530363,0.3583954550705775,0.3666255582259426,-0.05749483022965941,-0.10499265938658223,1.0,0.0
Milwaukee,2000-12-31 02:00:00,0.0,0.34619647541530363,0.3583954550705775,0.3666255582259426,-0.05749483022965941,-0.10499265938658223,1.0,0.0
Milwaukee,2000-12-31 03:00:00,0.0,0.34619647541530363,0.3583954550705775,0.3666255582259426,-0.05749483022965941,-0.10499265938658223,1.0,0.0
Milwaukee,2000-12-31 04:00:00,0.0,0.34619647541530363,0.3583954550705775,0.3666255582259426,-0.05749483022965941,-0.10499265938658223,1.0,0.0
Milwaukee,2000-12-31 05:00:00,0.0,0.34619647541530363,0.3583954550705775,0.3666255582259426,-0.05749483022965941,-0.10499265938658223,1.0,0.0
Milwaukee,2000-12-31 06:00:00,0.0,0.34619647541530363,0.3583954550705775,0.3666255582259426,-0.05749483022965941,-0.10499265938658223,1.0,0.0
Milwaukee,2000-12-31 07:00:00,0.0,0.34619647541530363,0.3583954550705775,0.3666255582259426,-0.05749483022965941,-0.10499265938658223,1.0,0.0
Milwaukee,2000-12-31 08:00:00,0.0,0.34619647541530363,0.3583954550705775,0.3666255582259426,-0.05749483022965941,-0.10499265938658223,1.0,0.0
Milwaukee,2000-12-31 09:00:00,0.0,0.34619647541530363,0.3583954550705775,0.3666255582259426,-0.05749483022965941,-0.10499265938658223,1.0,0.0
Milwaukee,2000-12-31 10:00:00,0.0,0.34619647541530363,0.3583954550705775,0.3666255582259426,-0.05749483022965941,-0.10499265938658223,1.0,0.0
Milwaukee,2000-12-31 11:00:00,0.0,0.34619647541530363,0.3583954550705775,0.3666255582259426,-0.05749483022965941,-0.10499265938658223,1.0,0.0
Milwaukee,2000-12-31 12:00:00,0.0,0.34619647541530363,0.3583954550705775,0.3666255582259426,-0.05749483022965941,-0.10499265938658223,1.0,0.0
Milwaukee,2000-12-31 13:00:00,0.0,0.34619647541530363,0.3583954550705775,0.3666255582259426,-0.05749483022965941,-0.10499265938658223,1.0,0.0
Milwaukee,2000-12-31 14:00:00,0.0,0.34619647541530363,0.3583954550705775,0.3666255582259426,-0.05749483022965941,-0.10499265938658223,1.0,0.0
Milwaukee,2000-12-31 15:00:00,0.0,0.34619647541530363,0.3583954550705775,0.3666255582259426,-0.05749483022965941,-0.10499265938658223,1.0,0.0
Milwaukee,2000-12-31 16:00:00,0.0,0.34619647541530363,0.3583954550705775,0.3666255582259426,-0.05749483022965941,-0.10499265938658223,1.0,0.0
Milwaukee,2000-12-31 17:00:00,0.0,0.34619647541530363,0.3583954550705775,0.3666255582259426,-0.05749483022965941,-0.10499265938658223,1.0,0.0
Milwaukee,2000-12-31 18:00:00,0.0,0.34619647541530363,0.3583954550705775,0.3666255582259426,-0.05749483022965941,-0.10499265938658223,1.0,0.0
Milwaukee,2000-12-31 19:00:00,0.0,0.34619647541530363,0.3583954550705775,0.3666255582259426,-0.05749483022965941,-0.10499265938658223,1.0,0.0
Milwaukee,2000-12-31 20:00:00,0.0,0.34619647541530363,0.3583954550705775,0.3666255582259426,-0.05749483022965941,-0.10499265938658223,1.0,0.0
Milwaukee,2000-12-31 21:00:00,0.0,0.34619647541530363,0.3583954550705775,0.3666255582259426,-0.05749483022965941,-0.10499265938658223,1.0,0.0
Milwaukee,2000-12-31 22:00:00,0.0,0.34619647541530363,0.3583954550705775,0.3666255582259426,-0.05749483022965941,-0.10499265938658223,1.0,0.0
Milwaukee,2000-12-31 23:00:00,0.0,0.34619647541530363,0.3583954550705775,0.3666255582259426,-0.05749483022965941,-0.10499265938658223,1.0,0.0
